# Blender 4.1.1
# www.blender.org
mtllib GameClearScene.mtl
o テキスト.001
v -4.933500 -8.113428 -0.400000
v -4.933500 -9.246428 -0.400000
v -6.468000 -9.246428 -0.399999
v -6.468000 -9.730429 -0.399999
v -4.933500 -9.730429 -0.400000
v -4.933500 -10.896429 -0.400000
v -6.572501 -10.896429 -0.399999
v -6.572501 -11.380428 -0.399999
v -4.394500 -11.380428 -0.400000
v -4.394500 -7.629429 -0.400000
v -6.523001 -7.629429 -0.399999
v -6.523001 -8.113428 -0.399999
v -3.927001 -10.896429 -0.400000
v -3.927001 -11.380428 -0.400000
v -1.694000 -11.380428 -0.400000
v -1.694000 -7.629429 -0.400000
v -2.233001 -7.629429 -0.400000
v -2.233001 -10.896429 -0.400000
v 0.104500 -8.113428 -0.400000
v 0.104500 -11.380428 -0.400000
v 0.643500 -11.380428 -0.400000
v 0.643500 -8.113428 -0.400000
v 1.941500 -8.113428 -0.400000
v 1.941500 -7.629429 -0.400000
v -1.193500 -7.629429 -0.400000
v -1.193500 -8.113428 -0.400000
v 2.992000 -11.380428 -0.400000
v 2.992000 -7.629429 -0.400000
v 2.453000 -7.629429 -0.400000
v 2.453000 -11.380428 -0.400000
v 4.801500 -8.113428 -0.400000
v 4.801500 -11.380428 -0.400000
v 5.340500 -11.380428 -0.400000
v 5.340500 -8.113428 -0.400000
v 6.638500 -8.113428 -0.400001
v 6.638500 -7.629429 -0.400001
v 3.503500 -7.629429 -0.400000
v 3.503500 -8.113428 -0.400000
v -4.933500 -8.113428 0.400000
v -4.933500 -9.246428 0.400000
v -6.468000 -9.246428 0.400001
v -6.468000 -9.730429 0.400001
v -4.933500 -9.730429 0.400000
v -4.933500 -10.896429 0.400000
v -6.572501 -10.896429 0.400001
v -6.572501 -11.380428 0.400001
v -4.394500 -11.380428 0.400000
v -4.394500 -7.629429 0.400000
v -6.523001 -7.629429 0.400001
v -6.523001 -8.113428 0.400001
v -3.927001 -10.896429 0.400000
v -3.927001 -11.380428 0.400000
v -1.694000 -11.380428 0.400000
v -1.694000 -7.629429 0.400000
v -2.233001 -7.629429 0.400000
v -2.233001 -10.896429 0.400000
v 0.104500 -8.113428 0.400000
v 0.104500 -11.380428 0.400000
v 0.643500 -11.380428 0.400000
v 0.643500 -8.113428 0.400000
v 1.941500 -8.113428 0.400000
v 1.941500 -7.629429 0.400000
v -1.193500 -7.629429 0.400000
v -1.193500 -8.113428 0.400000
v 2.992000 -11.380428 0.400000
v 2.992000 -7.629429 0.400000
v 2.453000 -7.629429 0.400000
v 2.453000 -11.380428 0.400000
v 4.801500 -8.113428 0.400000
v 4.801500 -11.380428 0.400000
v 5.340500 -11.380428 0.400000
v 5.340500 -8.113428 0.400000
v 6.638500 -8.113428 0.399999
v 6.638500 -7.629429 0.399999
v 3.503500 -7.629429 0.400000
v 3.503500 -8.113428 0.400000
v 4.801500 -8.113428 0.400000
v 4.801500 -8.113428 -0.400000
v 4.801500 -11.380428 0.400000
v 4.801500 -11.380428 -0.400000
v 5.340500 -11.380428 0.400000
v 5.340500 -11.380428 -0.400000
v 5.340500 -8.113428 0.400000
v 5.340500 -8.113428 -0.400000
v 6.638500 -8.113428 0.399999
v 6.638500 -8.113428 -0.400001
v 6.638500 -7.629429 0.399999
v 6.638500 -7.629429 -0.400001
v 3.503500 -7.629429 0.400000
v 3.503500 -7.629429 -0.400000
v 3.503500 -8.113428 0.400000
v 3.503500 -8.113428 -0.400000
v 2.992000 -11.380428 0.400000
v 2.992000 -11.380428 -0.400000
v 2.992000 -7.629429 0.400000
v 2.992000 -7.629429 -0.400000
v 2.453000 -7.629429 0.400000
v 2.453000 -7.629429 -0.400000
v 2.453000 -11.380428 0.400000
v 2.453000 -11.380428 -0.400000
v 0.104500 -8.113428 0.400000
v 0.104500 -8.113428 -0.400000
v 0.104500 -11.380428 0.400000
v 0.104500 -11.380428 -0.400000
v 0.643500 -11.380428 0.400000
v 0.643500 -11.380428 -0.400000
v 0.643500 -8.113428 0.400000
v 0.643500 -8.113428 -0.400000
v 1.941500 -8.113428 0.400000
v 1.941500 -8.113428 -0.400000
v 1.941500 -7.629429 0.400000
v 1.941500 -7.629429 -0.400000
v -1.193500 -7.629429 0.400000
v -1.193500 -7.629429 -0.400000
v -1.193500 -8.113428 0.400000
v -1.193500 -8.113428 -0.400000
v -3.927001 -10.896429 0.400000
v -3.927001 -10.896429 -0.400000
v -3.927001 -11.380428 0.400000
v -3.927001 -11.380428 -0.400000
v -1.694000 -11.380428 0.400000
v -1.694000 -11.380428 -0.400000
v -1.694000 -7.629429 0.400000
v -1.694000 -7.629429 -0.400000
v -2.233001 -7.629429 0.400000
v -2.233001 -7.629429 -0.400000
v -2.233001 -10.896429 0.400000
v -2.233001 -10.896429 -0.400000
v -4.933500 -8.113428 0.400000
v -4.933500 -8.113428 -0.400000
v -4.933500 -9.246428 0.400000
v -4.933500 -9.246428 -0.400000
v -6.468000 -9.246428 0.400001
v -6.468000 -9.246428 -0.399999
v -6.468000 -9.730429 0.400001
v -6.468000 -9.730429 -0.399999
v -4.933500 -9.730429 0.400000
v -4.933500 -9.730429 -0.400000
v -4.933500 -10.896429 0.400000
v -4.933500 -10.896429 -0.400000
v -6.572501 -10.896429 0.400001
v -6.572501 -10.896429 -0.399999
v -6.572501 -11.380428 0.400001
v -6.572501 -11.380428 -0.399999
v -4.394500 -11.380428 0.400000
v -4.394500 -11.380428 -0.400000
v -4.394500 -7.629429 0.400000
v -4.394500 -7.629429 -0.400000
v -6.523001 -7.629429 0.400001
v -6.523001 -7.629429 -0.399999
v -6.523001 -8.113428 0.400001
v -6.523001 -8.113428 -0.399999
vn -0.0000 -0.0000 -1.0000
vn -0.0000 -0.0000 1.0000
vn -0.7071 -0.7071 -0.0000
vn 0.7071 -0.7071 -0.0000
vn 0.7071 0.7071 -0.0000
vn -0.7071 0.7071 -0.0000
vt 0.727273 0.000000
vt 0.000000 0.000000
vt 0.818182 0.000000
vt 0.909091 0.000000
vt 1.000000 0.000000
vt 0.090909 0.000000
vt 0.363636 0.000000
vt 0.181818 0.000000
vt 0.272727 0.000000
vt 0.454545 0.000000
vt 0.545455 0.000000
vt 0.636364 0.000000
vt 0.400000 0.000000
vt 0.800000 0.000000
vt 0.600000 0.000000
vt 0.200000 0.000000
vt 0.571429 0.000000
vt 0.857143 0.000000
vt 0.714286 0.000000
vt 0.428571 0.000000
vt 0.285714 0.000000
vt 0.142857 0.000000
vt 0.666667 0.000000
vt 0.333333 0.000000
vt 0.000000 1.000000
vt 0.125000 1.000000
vt 0.125000 0.000000
vt 0.250000 1.000000
vt 0.250000 0.000000
vt 0.375000 1.000000
vt 0.375000 0.000000
vt 0.500000 1.000000
vt 0.500000 0.000000
vt 0.625000 1.000000
vt 0.625000 0.000000
vt 0.750000 1.000000
vt 0.750000 0.000000
vt 0.875000 1.000000
vt 0.875000 0.000000
vt 1.000000 1.000000
vt 0.166667 1.000000
vt 0.166667 0.000000
vt 0.333333 1.000000
vt 0.666667 1.000000
vt 0.833333 1.000000
vt 0.833333 0.000000
vt 0.083333 1.000000
vt 0.083333 0.000000
vt 0.416667 1.000000
vt 0.416667 0.000000
vt 0.583333 1.000000
vt 0.583333 0.000000
vt 0.916667 1.000000
vt 0.916667 0.000000
s 0
usemtl マテリアル.001
f 9/1/1 1/2/1 10/3/1
f 1/2/1 11/4/1 10/3/1
f 1/2/1 12/5/1 11/4/1
f 9/1/1 2/6/1 1/2/1
f 9/1/1 5/7/1 2/6/1
f 5/7/1 3/8/1 2/6/1
f 5/7/1 4/9/1 3/8/1
f 9/1/1 6/10/1 5/7/1
f 9/1/1 7/11/1 6/10/1
f 9/1/1 8/12/1 7/11/1
f 15/13/1 17/14/1 16/15/1
f 15/13/1 18/5/1 17/14/1
f 15/13/1 13/2/1 18/5/1
f 15/13/1 14/16/1 13/2/1
f 23/17/1 25/18/1 24/19/1
f 23/17/1 26/5/1 25/18/1
f 22/20/1 26/5/1 23/17/1
f 21/21/1 19/2/1 22/20/1
f 19/2/1 26/5/1 22/20/1
f 21/21/1 20/22/1 19/2/1
f 27/2/1 29/23/1 28/24/1
f 27/2/1 30/5/1 29/23/1
f 35/17/1 37/18/1 36/19/1
f 35/17/1 38/5/1 37/18/1
f 34/20/1 38/5/1 35/17/1
f 33/21/1 31/2/1 34/20/1
f 31/2/1 38/5/1 34/20/1
f 33/21/1 32/22/1 31/2/1
f 47/1/2 48/3/2 39/2/2
f 39/2/2 48/3/2 49/4/2
f 39/2/2 49/4/2 50/5/2
f 47/1/2 39/2/2 40/6/2
f 47/1/2 40/6/2 43/7/2
f 43/7/2 40/6/2 41/8/2
f 43/7/2 41/8/2 42/9/2
f 47/1/2 43/7/2 44/10/2
f 47/1/2 44/10/2 45/11/2
f 47/1/2 45/11/2 46/12/2
f 53/13/2 54/15/2 55/14/2
f 53/13/2 55/14/2 56/5/2
f 53/13/2 56/5/2 51/2/2
f 53/13/2 51/2/2 52/16/2
f 61/17/2 62/19/2 63/18/2
f 61/17/2 63/18/2 64/5/2
f 60/20/2 61/17/2 64/5/2
f 59/21/2 60/20/2 57/2/2
f 57/2/1 60/20/1 64/5/1
f 59/21/2 57/2/2 58/22/2
f 65/2/2 66/24/2 67/23/2
f 65/2/2 67/23/2 68/5/2
f 73/17/2 74/19/2 75/18/2
f 73/17/2 75/18/2 76/5/2
f 72/20/1 73/17/1 76/5/1
f 71/21/2 72/20/2 69/2/2
f 69/2/1 72/20/1 76/5/1
f 71/21/2 69/2/2 70/22/2
s 1
f 78/25/3 80/26/3 79/27/3 77/2/3
f 80/26/3 82/28/4 81/29/4 79/27/3
f 82/28/4 84/30/4 83/31/4 81/29/4
f 84/30/4 86/32/4 85/33/4 83/31/4
f 86/32/4 88/34/5 87/35/5 85/33/4
f 88/34/5 90/36/6 89/37/6 87/35/5
f 90/36/6 92/38/3 91/39/3 89/37/6
f 92/38/3 78/40/3 77/5/3 91/39/3
f 94/25/4 96/28/5 95/29/5 93/2/4
f 96/28/5 98/32/6 97/33/6 95/29/5
f 98/32/6 100/36/3 99/37/3 97/33/6
f 100/36/3 94/40/4 93/5/4 99/37/3
f 102/25/3 104/26/3 103/27/3 101/2/3
f 104/26/3 106/28/4 105/29/4 103/27/3
f 106/28/4 108/30/4 107/31/4 105/29/4
f 108/30/4 110/32/4 109/33/4 107/31/4
f 110/32/4 112/34/5 111/35/5 109/33/4
f 112/34/5 114/36/6 113/37/6 111/35/5
f 114/36/6 116/38/3 115/39/3 113/37/6
f 116/38/3 102/40/3 101/5/3 115/39/3
f 118/25/6 120/41/3 119/42/3 117/2/6
f 120/41/3 122/43/4 121/24/4 119/42/3
f 122/43/4 124/32/5 123/33/5 121/24/4
f 124/32/5 126/44/6 125/23/6 123/33/5
f 126/44/6 128/45/6 127/46/6 125/23/6
f 128/45/6 118/40/6 117/5/6 127/46/6
f 130/25/3 132/47/6 131/48/6 129/2/3
f 132/47/6 134/41/6 133/42/6 131/48/6
f 134/41/6 136/28/3 135/29/3 133/42/6
f 136/28/3 138/43/3 137/24/3 135/29/3
f 138/43/3 140/49/6 139/50/6 137/24/3
f 140/49/6 142/32/6 141/33/6 139/50/6
f 142/32/6 144/51/3 143/52/3 141/33/6
f 144/51/3 146/44/4 145/23/4 143/52/3
f 146/44/4 148/36/5 147/37/5 145/23/4
f 148/36/5 150/45/6 149/46/6 147/37/5
f 150/45/6 152/53/3 151/54/3 149/46/6
f 152/53/3 130/40/3 129/5/3 151/54/3
o テキスト
v -13.344002 10.276000 -0.399999
v -13.356002 10.276000 -0.399999
v -13.423258 10.388795 -0.399999
v -13.490030 10.490361 -0.399999
v -13.556347 10.580969 -0.399999
v -13.622225 10.660889 -0.399999
v -13.687686 10.730392 -0.399999
v -13.752751 10.789750 -0.399999
v -13.817442 10.839232 -0.399999
v -13.881779 10.879111 -0.399999
v -13.945784 10.909657 -0.399999
v -14.009474 10.931139 -0.399999
v -14.072872 10.943830 -0.399999
v -14.136002 10.948000 -0.399999
v -14.189772 10.945871 -0.399999
v -14.243142 10.939472 -0.399999
v -14.296223 10.928782 -0.399999
v -14.349114 10.913778 -0.399999
v -14.401923 10.894441 -0.399999
v -14.454754 10.870750 -0.399999
v -14.507708 10.842684 -0.399999
v -14.560892 10.810223 -0.399999
v -14.614408 10.773344 -0.399999
v -14.668364 10.732028 -0.399999
v -14.722860 10.686254 -0.399999
v -14.778002 10.636000 -0.399999
v -14.496002 10.174000 -0.399999
v -14.454577 10.211966 -0.399999
v -14.411612 10.247723 -0.399999
v -14.367563 10.281062 -0.399999
v -14.322890 10.311778 -0.399999
v -14.278049 10.339660 -0.399999
v -14.233500 10.364500 -0.399999
v -14.189703 10.386090 -0.399999
v -14.147112 10.404222 -0.399999
v -14.106188 10.418688 -0.399999
v -14.067389 10.429277 -0.399999
v -14.031175 10.435785 -0.399999
v -13.998001 10.438000 -0.399999
v -13.908248 10.430532 -0.399999
v -13.822474 10.408750 -0.399999
v -13.741407 10.373593 -0.399999
v -13.665779 10.326000 -0.399999
v -13.596317 10.266906 -0.399999
v -13.533751 10.197250 -0.399999
v -13.478809 10.117969 -0.399999
v -13.432222 10.030000 -0.399999
v -13.394718 9.934281 -0.399999
v -13.367028 9.831750 -0.399999
v -13.349879 9.723344 -0.399999
v -13.344002 9.610000 -0.399999
v -13.344002 8.200000 -0.399999
v -12.810001 8.200000 -0.399999
v -12.810001 10.894000 -0.399999
v -13.344002 10.894000 -0.399999
v -12.241381 8.317837 -0.399999
v -12.188029 8.284194 -0.399999
v -12.139220 8.254844 -0.399999
v -12.094223 8.229555 -0.399999
v -12.052311 8.208100 -0.399999
v -12.012752 8.190249 -0.399999
v -11.974817 8.175774 -0.399999
v -11.937779 8.164444 -0.399999
v -11.900908 8.156031 -0.399999
v -11.863474 8.150306 -0.399999
v -11.824748 8.147038 -0.399999
v -11.784001 8.146000 -0.399999
v -11.727735 8.147764 -0.399999
v -11.675862 8.153111 -0.399999
v -11.628283 8.162125 -0.399999
v -11.584890 8.174889 -0.399999
v -11.545581 8.191486 -0.399999
v -11.510251 8.212000 -0.399999
v -11.478796 8.236514 -0.399999
v -11.451112 8.265111 -0.399999
v -11.427094 8.297874 -0.399999
v -11.406639 8.334888 -0.399999
v -11.389643 8.376236 -0.399999
v -11.376001 8.422000 -0.399999
v -11.317258 8.377497 -0.399999
v -11.258057 8.336972 -0.399999
v -11.198439 8.300406 -0.399999
v -11.138446 8.267777 -0.399999
v -11.078119 8.239066 -0.399999
v -11.017502 8.214250 -0.399999
v -10.956634 8.193309 -0.399999
v -10.895557 8.176222 -0.399999
v -10.834314 8.162969 -0.399999
v -10.772945 8.153527 -0.399999
v -10.711494 8.147879 -0.399999
v -10.650002 8.146000 -0.399999
v -10.553827 8.152340 -0.399999
v -10.463612 8.170722 -0.399999
v -10.379813 8.200188 -0.399999
v -10.302890 8.239778 -0.399999
v -10.233299 8.288534 -0.399999
v -10.171501 8.345500 -0.399999
v -10.117952 8.409715 -0.399999
v -10.073112 8.480222 -0.399999
v -10.037439 8.556063 -0.399999
v -10.011391 8.636278 -0.399999
v -9.995425 8.719910 -0.399999
v -9.990002 8.806000 -0.399999
v -9.999814 8.931962 -0.399999
v -10.028002 9.043694 -0.399999
v -10.072689 9.142468 -0.399999
v -10.132002 9.229555 -0.399999
v -10.204064 9.306226 -0.399999
v -10.287002 9.373750 -0.399999
v -10.378940 9.433399 -0.399999
v -10.478002 9.486444 -0.399999
v -10.582314 9.534156 -0.399999
v -10.690001 9.577806 -0.399999
v -10.799189 9.618663 -0.399999
v -10.908001 9.658000 -0.399999
v -11.382001 9.826000 -0.399999
v -11.382001 9.970000 -0.399999
v -11.378626 10.049910 -0.399999
v -11.368501 10.121778 -0.399999
v -11.351625 10.185813 -0.399999
v -11.328001 10.242222 -0.399999
v -11.297626 10.291215 -0.399999
v -11.260501 10.333000 -0.399999
v -11.216625 10.367785 -0.399999
v -11.166000 10.395778 -0.399999
v -11.108625 10.417188 -0.399999
v -11.044500 10.432222 -0.399999
v -10.973626 10.441091 -0.399999
v -10.896002 10.444000 -0.399999
v -10.822404 10.441108 -0.399999
v -10.748723 10.432362 -0.399999
v -10.675126 10.417656 -0.399999
v -10.601779 10.396889 -0.399999
v -10.528849 10.369955 -0.399999
v -10.456501 10.336750 -0.399999
v -10.384904 10.297171 -0.399999
v -10.314223 10.251111 -0.399999
v -10.244626 10.198469 -0.399999
v -10.176279 10.139139 -0.399999
v -10.109348 10.073017 -0.399999
v -10.044001 10.000000 -0.399999
v -10.044001 10.582000 -0.399999
v -10.098259 10.640879 -0.399999
v -10.156057 10.694528 -0.399999
v -10.217440 10.742969 -0.399999
v -10.282446 10.786222 -0.399999
v -10.351120 10.824309 -0.399999
v -10.423502 10.857250 -0.399999
v -10.499634 10.885066 -0.399999
v -10.579557 10.907778 -0.399999
v -10.663315 10.925406 -0.399999
v -10.750946 10.937972 -0.399999
v -10.842495 10.945497 -0.399999
v -10.938002 10.948000 -0.399999
v -11.071940 10.942215 -0.399999
v -11.200027 10.924723 -0.399999
v -11.321156 10.895312 -0.399999
v -11.434222 10.853778 -0.399999
v -11.538121 10.799910 -0.399999
v -11.631750 10.733500 -0.399999
v -11.714004 10.654341 -0.399999
v -11.783778 10.562222 -0.399999
v -11.839970 10.456938 -0.399999
v -11.881473 10.338278 -0.399999
v -11.907185 10.206035 -0.399999
v -11.916001 10.059999 -0.399999
v -11.916001 8.674000 -0.399999
v -11.916748 8.649858 -0.399999
v -11.918974 8.628361 -0.399999
v -11.922659 8.609406 -0.399999
v -11.927780 8.592889 -0.399999
v -11.934319 8.578705 -0.399999
v -11.942252 8.566750 -0.399999
v -11.951561 8.556920 -0.399999
v -11.962225 8.549111 -0.399999
v -11.974220 8.543219 -0.399999
v -11.987530 8.539139 -0.399999
v -12.002131 8.536767 -0.399999
v -12.018002 8.536000 -0.399999
v -12.032601 8.537114 -0.399999
v -12.049305 8.540417 -0.399999
v -12.067968 8.545844 -0.399999
v -12.088444 8.553333 -0.399999
v -12.110587 8.562822 -0.399999
v -12.134251 8.574250 -0.399999
v -12.159288 8.587552 -0.399999
v -12.185556 8.602667 -0.399999
v -12.212908 8.619532 -0.399999
v -12.241196 8.638083 -0.399999
v -12.270275 8.658260 -0.399999
v -12.300001 8.680000 -0.399999
v -12.300001 8.356000 -0.399999
v -11.269445 9.492907 -0.399999
v -11.160557 9.453250 -0.399999
v -11.056501 9.412469 -0.399999
v -10.958446 9.370000 -0.399999
v -10.867557 9.325281 -0.399999
v -10.785001 9.277750 -0.399999
v -10.711946 9.226844 -0.399999
v -10.649556 9.172000 -0.399999
v -10.599001 9.112657 -0.399999
v -10.561445 9.048250 -0.399999
v -10.538056 8.978219 -0.399999
v -10.530002 8.902000 -0.399999
v -10.533316 8.847927 -0.399999
v -10.543028 8.796917 -0.399999
v -10.558781 8.749281 -0.399999
v -10.580222 8.705334 -0.399999
v -10.606997 8.665385 -0.399999
v -10.638750 8.629750 -0.399999
v -10.675129 8.598740 -0.399999
v -10.715778 8.572666 -0.399999
v -10.760345 8.551844 -0.399999
v -10.808474 8.536583 -0.399999
v -10.859810 8.527198 -0.399999
v -10.914001 8.524000 -0.399999
v -10.955754 8.525732 -0.399999
v -10.997004 8.530861 -0.399999
v -11.037754 8.539281 -0.399999
v -11.078003 8.550889 -0.399999
v -11.117753 8.565579 -0.399999
v -11.157002 8.583250 -0.399999
v -11.195752 8.603795 -0.399999
v -11.234002 8.627111 -0.399999
v -11.271751 8.653093 -0.399999
v -11.309002 8.681639 -0.399999
v -11.345751 8.712643 -0.399999
v -11.382001 8.746000 -0.399999
v -11.382001 9.532000 -0.399999
v -9.507514 8.412368 -0.399999
v -9.427611 8.365444 -0.399999
v -9.347625 8.323187 -0.399999
v -9.266890 8.285555 -0.399999
v -9.184736 8.252507 -0.399999
v -9.100500 8.224000 -0.399999
v -9.013514 8.199993 -0.399999
v -8.923111 8.180445 -0.399999
v -8.828626 8.165312 -0.399999
v -8.729389 8.154555 -0.399999
v -8.624737 8.148132 -0.399999
v -8.514001 8.146000 -0.399999
v -8.311808 8.160007 -0.399999
v -8.125446 8.200556 -0.399999
v -7.955252 8.265438 -0.399999
v -7.801557 8.352445 -0.399999
v -7.664696 8.459368 -0.399999
v -7.545001 8.584000 -0.399999
v -7.442807 8.724132 -0.399999
v -7.358446 8.877556 -0.399999
v -7.292251 9.042063 -0.399999
v -7.244556 9.215445 -0.399999
v -7.215695 9.395493 -0.399999
v -7.206000 9.580000 -0.399999
v -7.216583 9.778334 -0.399999
v -7.247667 9.964666 -0.399999
v -7.298251 10.138000 -0.399999
v -7.367333 10.297334 -0.399999
v -7.453917 10.441667 -0.399999
v -7.557000 10.570000 -0.399999
v -7.675584 10.681334 -0.399999
v -7.808667 10.774667 -0.399999
v -7.955250 10.849000 -0.399999
v -8.114334 10.903334 -0.399999
v -8.284918 10.936666 -0.399999
v -8.466001 10.948000 -0.399999
v -8.639012 10.937861 -0.399999
v -8.800585 10.907389 -0.399999
v -8.950033 10.856500 -0.399999
v -9.086668 10.785111 -0.399999
v -9.209804 10.693139 -0.399999
v -9.318751 10.580500 -0.399999
v -9.412825 10.447111 -0.399999
v -9.491334 10.292889 -0.399999
v -9.553595 10.117750 -0.399999
v -9.598917 9.921611 -0.399999
v -9.626615 9.704389 -0.399999
v -9.636001 9.466000 -0.399999
v -7.740001 9.466000 -0.399999
v -7.765618 9.337885 -0.399999
v -7.800445 9.220583 -0.399999
v -7.844438 9.114157 -0.399999
v -7.897555 9.018666 -0.399999
v -7.959757 8.934177 -0.399999
v -8.031000 8.860750 -0.399999
v -8.111243 8.798448 -0.399999
v -8.200445 8.747334 -0.399999
v -8.298563 8.707469 -0.399999
v -8.405556 8.678917 -0.399999
v -8.521382 8.661739 -0.399999
v -8.646001 8.656000 -0.399999
v -8.726640 8.658479 -0.399999
v -8.806612 8.665833 -0.399999
v -8.886002 8.677938 -0.399999
v -8.964890 8.694667 -0.399999
v -9.043363 8.715896 -0.399999
v -9.121501 8.741500 -0.399999
v -9.199390 8.771354 -0.399999
v -9.277112 8.805333 -0.399999
v -9.354752 8.843312 -0.399999
v -9.432390 8.885166 -0.399999
v -9.510112 8.930771 -0.399999
v -9.588000 8.980000 -0.399999
v -9.588000 8.464000 -0.399999
v -9.099041 9.918813 -0.399999
v -9.081333 10.011000 -0.399999
v -9.055124 10.096188 -0.399999
v -9.020666 10.174000 -0.399999
v -8.978209 10.244062 -0.399999
v -8.928000 10.306000 -0.399999
v -8.870292 10.359438 -0.399999
v -8.805334 10.404000 -0.399999
v -8.733376 10.439313 -0.399999
v -8.654667 10.465000 -0.399999
v -8.569459 10.480687 -0.399999
v -8.478001 10.486000 -0.399999
v -8.379383 10.481031 -0.399999
v -8.287556 10.466250 -0.399999
v -8.202562 10.441844 -0.399999
v -8.124445 10.408000 -0.399999
v -8.053244 10.364906 -0.399999
v -7.989000 10.312750 -0.399999
v -7.931757 10.251719 -0.399999
v -7.881556 10.182000 -0.399999
v -7.838438 10.103782 -0.399999
v -7.802444 10.017250 -0.399999
v -7.773618 9.922594 -0.399999
v -7.752000 9.820000 -0.399999
v -9.108001 9.820000 -0.399999
v -6.036000 8.200000 -0.399999
v -6.036000 12.292000 -0.399999
v -6.570000 12.292000 -0.399999
v -6.570000 8.200000 -0.399999
v -5.209435 11.450143 -0.400000
v -5.087473 11.513639 -0.400000
v -4.967720 11.570594 -0.400000
v -4.849779 11.621111 -0.400000
v -4.733254 11.665296 -0.400000
v -4.617751 11.703250 -0.400000
v -4.502872 11.735080 -0.400000
v -4.388223 11.760889 -0.400000
v -4.273407 11.780781 -0.400000
v -4.158028 11.794861 -0.400000
v -4.041691 11.803232 -0.400000
v -3.924000 11.806000 -0.400000
v -3.695264 11.792375 -0.400000
v -3.478111 11.752500 -0.400000
v -3.274125 11.687875 -0.400000
v -3.084889 11.600000 -0.400000
v -2.911986 11.490375 -0.400000
v -2.757000 11.360500 -0.400000
v -2.621514 11.211875 -0.400000
v -2.507111 11.046000 -0.400000
v -2.415375 10.864375 -0.400000
v -2.347889 10.668500 -0.400000
v -2.306236 10.459875 -0.400000
v -2.292000 10.240000 -0.400000
v -2.305792 10.016580 -0.400000
v -2.346333 9.806139 -0.400000
v -2.412375 9.609906 -0.400000
v -2.502667 9.429111 -0.400000
v -2.615958 9.264982 -0.400000
v -2.751000 9.118750 -0.400000
v -2.906542 8.991642 -0.400000
v -3.081334 8.884889 -0.400000
v -3.274125 8.799719 -0.400000
v -3.483667 8.737361 -0.400000
v -3.708709 8.699045 -0.400000
v -3.948000 8.686000 -0.400000
v -4.064327 8.689361 -0.400000
v -4.182111 8.699389 -0.400000
v -4.301063 8.716000 -0.400000
v -4.420889 8.739111 -0.400000
v -4.541299 8.768639 -0.400000
v -4.662001 8.804500 -0.400000
v -4.782702 8.846611 -0.400000
v -4.903111 8.894889 -0.400000
v -5.022938 8.949250 -0.400000
v -5.141890 9.009611 -0.400000
v -5.259674 9.075889 -0.400000
v -5.376000 9.148000 -0.400000
v -5.376000 8.506000 -0.400000
v -5.274653 8.454802 -0.400000
v -5.171223 8.406417 -0.400000
v -5.065125 8.361156 -0.400000
v -4.955778 8.319333 -0.400000
v -4.842597 8.281260 -0.400000
v -4.725000 8.247250 -0.400000
v -4.602403 8.217614 -0.400000
v -4.474222 8.192667 -0.400000
v -4.339875 8.172719 -0.400000
v -4.198778 8.158083 -0.400000
v -4.050347 8.149073 -0.400000
v -3.894000 8.146000 -0.400000
v -3.527889 8.169753 -0.400000
v -3.197112 8.237527 -0.400000
v -2.901000 8.344093 -0.400000
v -2.638889 8.484221 -0.400000
v -2.410112 8.652683 -0.400000
v -2.214000 8.844250 -0.400000
v -2.049889 9.053691 -0.400000
v -1.917112 9.275778 -0.400000
v -1.815000 9.505281 -0.400000
v -1.742889 9.736972 -0.400000
v -1.700111 9.965622 -0.400000
v -1.686000 10.186000 -0.400000
v -1.705288 10.490666 -0.400000
v -1.761805 10.779333 -0.400000
v -1.853531 11.050000 -0.400000
v -1.978444 11.300667 -0.400000
v -2.134524 11.529333 -0.400000
v -2.319750 11.734000 -0.400000
v -2.532101 11.912666 -0.400000
v -2.769556 12.063334 -0.400000
v -3.030094 12.184000 -0.400000
v -3.311695 12.272667 -0.400000
v -3.612337 12.327333 -0.400000
v -3.930001 12.346001 -0.400000
v -4.035198 12.343858 -0.400000
v -4.141084 12.337361 -0.400000
v -4.248094 12.326406 -0.400000
v -4.356667 12.310889 -0.400000
v -4.467240 12.290705 -0.400000
v -4.580250 12.265751 -0.400000
v -4.696136 12.235920 -0.400000
v -4.815334 12.201111 -0.400000
v -4.938282 12.161219 -0.400000
v -5.065417 12.116139 -0.400000
v -5.197177 12.065767 -0.400000
v -5.334001 12.010000 -0.400000
v -5.334001 11.380000 -0.400000
v 0.596486 8.412368 -0.400000
v 0.676389 8.365444 -0.400000
v 0.756375 8.323187 -0.400000
v 0.837111 8.285555 -0.400000
v 0.919264 8.252507 -0.400000
v 1.003500 8.224000 -0.400000
v 1.090486 8.199993 -0.400000
v 1.180889 8.180445 -0.400000
v 1.275375 8.165312 -0.400000
v 1.374611 8.154555 -0.400000
v 1.479264 8.148132 -0.400000
v 1.590000 8.146000 -0.400000
v 1.792195 8.160007 -0.400000
v 1.978556 8.200556 -0.400000
v 2.148750 8.265438 -0.400000
v 2.302445 8.352445 -0.400000
v 2.439306 8.459368 -0.400000
v 2.559000 8.584000 -0.400000
v 2.661195 8.724132 -0.400000
v 2.745556 8.877556 -0.400000
v 2.811750 9.042063 -0.400000
v 2.859445 9.215445 -0.400000
v 2.888306 9.395493 -0.400000
v 2.898000 9.580000 -0.400000
v 2.887417 9.778334 -0.400000
v 2.856334 9.964666 -0.400000
v 2.805750 10.138000 -0.400000
v 2.736667 10.297334 -0.400000
v 2.650084 10.441667 -0.400000
v 2.547000 10.570000 -0.400000
v 2.428417 10.681334 -0.400000
v 2.295334 10.774667 -0.400000
v 2.148750 10.849000 -0.400000
v 1.989667 10.903334 -0.400000
v 1.819083 10.936666 -0.400000
v 1.638000 10.948000 -0.400000
v 1.464990 10.937861 -0.400000
v 1.303417 10.907389 -0.400000
v 1.153969 10.856500 -0.400000
v 1.017334 10.785111 -0.400000
v 0.894198 10.693139 -0.400000
v 0.785250 10.580500 -0.400000
v 0.691177 10.447111 -0.400000
v 0.612667 10.292889 -0.400000
v 0.550406 10.117750 -0.400000
v 0.505084 9.921611 -0.400000
v 0.477386 9.704389 -0.400000
v 0.468000 9.466000 -0.400000
v 2.364000 9.466000 -0.400000
v 2.338382 9.337885 -0.400000
v 2.303556 9.220583 -0.400000
v 2.259563 9.114157 -0.400000
v 2.206445 9.018666 -0.400000
v 2.144243 8.934177 -0.400000
v 2.073000 8.860750 -0.400000
v 1.992757 8.798448 -0.400000
v 1.903556 8.747334 -0.400000
v 1.805438 8.707469 -0.400000
v 1.698445 8.678917 -0.400000
v 1.582618 8.661739 -0.400000
v 1.458000 8.656000 -0.400000
v 1.377361 8.658479 -0.400000
v 1.297389 8.665833 -0.400000
v 1.218000 8.677938 -0.400000
v 1.139111 8.694667 -0.400000
v 1.060639 8.715896 -0.400000
v 0.982500 8.741500 -0.400000
v 0.904611 8.771354 -0.400000
v 0.826889 8.805333 -0.400000
v 0.749250 8.843312 -0.400000
v 0.671611 8.885166 -0.400000
v 0.593889 8.930771 -0.400000
v 0.516000 8.980000 -0.400000
v 0.516000 8.464000 -0.400000
v 1.004959 9.918813 -0.400000
v 1.022667 10.011000 -0.400000
v 1.048875 10.096188 -0.400000
v 1.083333 10.174000 -0.400000
v 1.125792 10.244062 -0.400000
v 1.176000 10.306000 -0.400000
v 1.233709 10.359438 -0.400000
v 1.298667 10.404000 -0.400000
v 1.370625 10.439313 -0.400000
v 1.449334 10.465000 -0.400000
v 1.534542 10.480687 -0.400000
v 1.626000 10.486000 -0.400000
v 1.724618 10.481031 -0.400000
v 1.816445 10.466250 -0.400000
v 1.901438 10.441844 -0.400000
v 1.979556 10.408000 -0.400000
v 2.050757 10.364906 -0.400000
v 2.115000 10.312750 -0.400000
v 2.172243 10.251719 -0.400000
v 2.222445 10.182000 -0.400000
v 2.265563 10.103782 -0.400000
v 2.301556 10.017250 -0.400000
v 2.330382 9.922594 -0.400000
v 2.352000 9.820000 -0.400000
v 0.996000 9.820000 -0.400000
v 6.882000 10.540000 -0.400001
v 6.813369 10.606007 -0.400001
v 6.745445 10.666056 -0.400001
v 6.678188 10.720187 -0.400001
v 6.611557 10.768444 -0.400001
v 6.545507 10.810868 -0.400001
v 6.480001 10.847500 -0.400001
v 6.414994 10.878382 -0.400001
v 6.350445 10.903556 -0.400001
v 6.286313 10.923062 -0.400001
v 6.222556 10.936945 -0.400001
v 6.159132 10.945243 -0.400001
v 6.096000 10.948000 -0.400001
v 6.011775 10.944510 -0.400001
v 5.930195 10.934084 -0.400001
v 5.851407 10.916781 -0.400001
v 5.775556 10.892667 -0.400001
v 5.702789 10.861802 -0.400001
v 5.633250 10.824250 -0.400001
v 5.567087 10.780073 -0.400000
v 5.504445 10.729333 -0.400000
v 5.445469 10.672093 -0.400000
v 5.390306 10.608417 -0.400000
v 5.339101 10.538364 -0.400000
v 5.292001 10.462000 -0.400000
v 5.232469 10.527020 -0.400000
v 5.170750 10.589666 -0.400000
v 5.106656 10.649313 -0.400000
v 5.040000 10.705334 -0.400000
v 4.970594 10.757104 -0.400000
v 4.898250 10.804000 -0.400000
v 4.822782 10.845396 -0.400000
v 4.744000 10.880667 -0.400000
v 4.661719 10.909187 -0.400000
v 4.575750 10.930333 -0.400000
v 4.485907 10.943480 -0.400000
v 4.392000 10.948000 -0.400000
v 4.259712 10.939368 -0.400000
v 4.136194 10.913944 -0.400000
v 4.021969 10.872437 -0.400000
v 3.917556 10.815556 -0.400000
v 3.823476 10.744007 -0.400000
v 3.740250 10.658500 -0.400000
v 3.668400 10.559743 -0.400000
v 3.608445 10.448444 -0.400000
v 3.560907 10.325313 -0.400000
v 3.526306 10.191055 -0.400000
v 3.505164 10.046382 -0.400000
v 3.498000 9.892000 -0.400000
v 3.498000 8.200000 -0.400000
v 4.032001 8.200000 -0.400000
v 4.032001 9.868000 -0.400000
v 4.037136 9.966105 -0.400000
v 4.052083 10.056334 -0.400000
v 4.076157 10.138562 -0.400000
v 4.108667 10.212667 -0.400000
v 4.148928 10.278521 -0.400000
v 4.196250 10.336000 -0.400000
v 4.249948 10.384979 -0.400000
v 4.309334 10.425333 -0.400000
v 4.373719 10.456938 -0.400000
v 4.442417 10.479667 -0.400000
v 4.514740 10.493396 -0.400000
v 4.590000 10.498000 -0.400000
v 4.634691 10.496312 -0.400000
v 4.681528 10.488500 -0.400000
v 4.730156 10.474937 -0.400000
v 4.780222 10.456000 -0.400000
v 4.831372 10.432062 -0.400000
v 4.883250 10.403500 -0.400000
v 4.935504 10.370687 -0.400000
v 4.987778 10.334000 -0.400000
v 5.039720 10.293813 -0.400000
v 5.090973 10.250500 -0.400000
v 5.141185 10.204437 -0.400000
v 5.190001 10.156000 -0.400000
v 5.190001 8.200000 -0.400000
v 5.724000 8.200000 -0.400001
v 5.724000 9.874000 -0.400001
v 5.728521 9.978288 -0.400001
v 5.741667 10.072306 -0.400001
v 5.762813 10.156281 -0.400001
v 5.791334 10.230445 -0.400001
v 5.826604 10.295024 -0.400001
v 5.868000 10.350250 -0.400001
v 5.914896 10.396351 -0.400001
v 5.966667 10.433556 -0.400001
v 6.022688 10.462093 -0.400001
v 6.082334 10.482195 -0.400001
v 6.144979 10.494087 -0.400001
v 6.210001 10.498000 -0.400001
v 6.275702 10.496198 -0.400001
v 6.338111 10.490583 -0.400001
v 6.397688 10.480844 -0.400001
v 6.454889 10.466667 -0.400001
v 6.510174 10.447740 -0.400001
v 6.564001 10.423750 -0.400001
v 6.616827 10.394385 -0.400001
v 6.669112 10.359333 -0.400001
v 6.721313 10.318281 -0.400001
v 6.773890 10.270917 -0.400001
v 6.827299 10.216927 -0.400001
v 6.882000 10.156000 -0.400001
v 6.882000 8.200000 -0.400001
v 7.416000 8.200000 -0.400001
v 7.416000 10.894000 -0.400001
v 6.882000 10.894000 -0.400001
v 7.924622 8.317837 -0.400001
v 7.977973 8.284194 -0.400001
v 8.026781 8.254844 -0.400001
v 8.071778 8.229555 -0.400001
v 8.113691 8.208100 -0.400001
v 8.153250 8.190249 -0.400001
v 8.191185 8.175774 -0.400001
v 8.228223 8.164444 -0.400001
v 8.265094 8.156031 -0.400001
v 8.302528 8.150306 -0.400001
v 8.341253 8.147038 -0.400001
v 8.382000 8.146000 -0.400001
v 8.438268 8.147764 -0.400001
v 8.490139 8.153111 -0.400001
v 8.537720 8.162125 -0.400001
v 8.581112 8.174889 -0.400001
v 8.620420 8.191486 -0.400001
v 8.655751 8.212000 -0.400001
v 8.687206 8.236514 -0.400001
v 8.714890 8.265111 -0.400001
v 8.738907 8.297874 -0.400001
v 8.759362 8.334888 -0.400001
v 8.776359 8.376236 -0.400001
v 8.790001 8.422000 -0.400001
v 8.848744 8.377497 -0.400001
v 8.907946 8.336972 -0.400001
v 8.967564 8.300406 -0.400001
v 9.027555 8.267777 -0.400001
v 9.087882 8.239066 -0.400001
v 9.148500 8.214250 -0.400001
v 9.209368 8.193309 -0.400001
v 9.270445 8.176222 -0.400001
v 9.331688 8.162969 -0.400001
v 9.393056 8.153527 -0.400001
v 9.454507 8.147879 -0.400001
v 9.516001 8.146000 -0.400001
v 9.612175 8.152340 -0.400001
v 9.702390 8.170722 -0.400001
v 9.786188 8.200188 -0.400001
v 9.863111 8.239778 -0.400001
v 9.932702 8.288534 -0.400001
v 9.994501 8.345500 -0.400001
v 10.048049 8.409715 -0.400001
v 10.092890 8.480222 -0.400001
v 10.128563 8.556063 -0.400001
v 10.154612 8.636278 -0.400001
v 10.170577 8.719910 -0.400001
v 10.176001 8.806000 -0.400001
v 10.166188 8.931962 -0.400001
v 10.138000 9.043694 -0.400001
v 10.093313 9.142468 -0.400001
v 10.034000 9.229555 -0.400001
v 9.961937 9.306226 -0.400001
v 9.879000 9.373750 -0.400001
v 9.787063 9.433399 -0.400001
v 9.688000 9.486444 -0.400001
v 9.583688 9.534156 -0.400001
v 9.476001 9.577806 -0.400001
v 9.366814 9.618663 -0.400001
v 9.258000 9.658000 -0.400001
v 8.784000 9.826000 -0.400001
v 8.784000 9.970000 -0.400001
v 8.787376 10.049910 -0.400001
v 8.797501 10.121778 -0.400001
v 8.814376 10.185813 -0.400001
v 8.838001 10.242222 -0.400001
v 8.868376 10.291215 -0.400001
v 8.905501 10.333000 -0.400001
v 8.949376 10.367785 -0.400001
v 9.000002 10.395778 -0.400001
v 9.057377 10.417188 -0.400001
v 9.121501 10.432222 -0.400001
v 9.192376 10.441091 -0.400001
v 9.270000 10.444000 -0.400001
v 9.343598 10.441108 -0.400001
v 9.417278 10.432362 -0.400001
v 9.490875 10.417656 -0.400001
v 9.564223 10.396889 -0.400001
v 9.637154 10.369955 -0.400001
v 9.709501 10.336750 -0.400001
v 9.781097 10.297171 -0.400001
v 9.851779 10.251111 -0.400001
v 9.921376 10.198469 -0.400001
v 9.989723 10.139139 -0.400001
v 10.056654 10.073017 -0.400001
v 10.122001 10.000000 -0.400001
v 10.122001 10.582000 -0.400001
v 10.067742 10.640879 -0.400001
v 10.009944 10.694528 -0.400001
v 9.948563 10.742969 -0.400001
v 9.883555 10.786222 -0.400001
v 9.814881 10.824309 -0.400001
v 9.742500 10.857250 -0.400001
v 9.666368 10.885066 -0.400001
v 9.586445 10.907778 -0.400001
v 9.502687 10.925406 -0.400001
v 9.415056 10.937972 -0.400001
v 9.323507 10.945497 -0.400001
v 9.228001 10.948000 -0.400001
v 9.094061 10.942215 -0.400001
v 8.965975 10.924723 -0.400001
v 8.844846 10.895312 -0.400001
v 8.731780 10.853778 -0.400001
v 8.627880 10.799910 -0.400001
v 8.534252 10.733500 -0.400001
v 8.451998 10.654341 -0.400001
v 8.382223 10.562222 -0.400001
v 8.326033 10.456938 -0.400001
v 8.284529 10.338278 -0.400001
v 8.258817 10.206035 -0.400001
v 8.250001 10.059999 -0.400001
v 8.250001 8.674000 -0.400001
v 8.249253 8.649858 -0.400001
v 8.247027 8.628361 -0.400001
v 8.243343 8.609406 -0.400001
v 8.238222 8.592889 -0.400001
v 8.231684 8.578705 -0.400001
v 8.223749 8.566750 -0.400001
v 8.214440 8.556920 -0.400001
v 8.203777 8.549111 -0.400001
v 8.191781 8.543219 -0.400001
v 8.178473 8.539139 -0.400001
v 8.163872 8.536767 -0.400001
v 8.148001 8.536000 -0.400001
v 8.133400 8.537114 -0.400001
v 8.116695 8.540417 -0.400001
v 8.098032 8.545844 -0.400001
v 8.077557 8.553333 -0.400001
v 8.055414 8.562822 -0.400001
v 8.031752 8.574250 -0.400001
v 8.006713 8.587552 -0.400001
v 7.980446 8.602667 -0.400001
v 7.953095 8.619532 -0.400001
v 7.924807 8.638083 -0.400001
v 7.895727 8.658260 -0.400001
v 7.866001 8.680000 -0.400001
v 7.866001 8.356000 -0.400001
v 8.896556 9.492907 -0.400001
v 9.005445 9.453250 -0.400001
v 9.109501 9.412469 -0.400001
v 9.207557 9.370000 -0.400001
v 9.298446 9.325281 -0.400001
v 9.381001 9.277750 -0.400001
v 9.454057 9.226844 -0.400001
v 9.516445 9.172000 -0.400001
v 9.567001 9.112657 -0.400001
v 9.604556 9.048250 -0.400001
v 9.627945 8.978219 -0.400001
v 9.636001 8.902000 -0.400001
v 9.632686 8.847927 -0.400001
v 9.622974 8.796917 -0.400001
v 9.607221 8.749281 -0.400001
v 9.585779 8.705334 -0.400001
v 9.559006 8.665385 -0.400001
v 9.527251 8.629750 -0.400001
v 9.490873 8.598740 -0.400001
v 9.450224 8.572666 -0.400001
v 9.405657 8.551844 -0.400001
v 9.357529 8.536583 -0.400001
v 9.306191 8.527198 -0.400001
v 9.252001 8.524000 -0.400001
v 9.210247 8.525732 -0.400001
v 9.168998 8.530861 -0.400001
v 9.128248 8.539281 -0.400001
v 9.087998 8.550889 -0.400001
v 9.048249 8.565579 -0.400001
v 9.008999 8.583250 -0.400001
v 8.970249 8.603795 -0.400001
v 8.932000 8.627111 -0.400001
v 8.894250 8.653093 -0.400001
v 8.857000 8.681639 -0.400001
v 8.820251 8.712643 -0.400001
v 8.784000 8.746000 -0.400001
v 8.784000 9.532000 -0.400001
v 10.868507 8.424973 -0.400001
v 10.999556 8.373777 -0.400001
v 11.127938 8.328250 -0.400001
v 11.254445 8.288221 -0.400001
v 11.379869 8.253528 -0.400001
v 11.505001 8.224000 -0.400001
v 11.630632 8.199472 -0.400001
v 11.757556 8.179777 -0.400001
v 11.886563 8.164750 -0.400001
v 12.018445 8.154222 -0.400001
v 12.153994 8.148027 -0.400001
v 12.294001 8.146000 -0.400001
v 12.600280 8.163931 -0.400001
v 12.890749 8.216444 -0.400001
v 13.163343 8.301625 -0.400001
v 13.416000 8.417556 -0.400001
v 13.646658 8.562319 -0.400001
v 13.853252 8.734000 -0.400001
v 14.033721 8.930680 -0.400001
v 14.186002 9.150444 -0.400001
v 14.308033 9.391375 -0.400001
v 14.397752 9.651556 -0.400001
v 14.453095 9.929070 -0.400001
v 14.472001 10.222000 -0.400001
v 14.452627 10.517135 -0.400001
v 14.396002 10.798083 -0.400001
v 14.304377 11.062656 -0.400001
v 14.180002 11.308666 -0.400001
v 14.025127 11.533927 -0.400001
v 13.842003 11.736250 -0.400001
v 13.632877 11.913448 -0.400001
v 13.400002 12.063334 -0.400001
v 13.145626 12.183719 -0.400001
v 12.872002 12.272417 -0.400001
v 12.581375 12.327240 -0.400001
v 12.276000 12.346001 -0.400001
v 12.158737 12.344309 -0.400001
v 12.045914 12.338972 -0.400001
v 11.935966 12.329594 -0.400001
v 11.827332 12.315778 -0.400001
v 11.718447 12.297129 -0.400001
v 11.607749 12.273250 -0.400001
v 11.493676 12.243747 -0.400001
v 11.374666 12.208222 -0.400001
v 11.249156 12.166281 -0.400001
v 11.115583 12.117528 -0.400001
v 10.972385 12.061566 -0.400001
v 10.818001 11.998000 -0.400001
v 10.818001 11.404000 -0.400001
v 10.938362 11.467368 -0.400001
v 11.059390 11.525445 -0.400001
v 11.181002 11.578188 -0.400001
v 11.303113 11.625556 -0.400001
v 11.425640 11.667507 -0.400001
v 11.548501 11.704000 -0.400001
v 11.671613 11.734993 -0.400001
v 11.794890 11.760445 -0.400001
v 11.918251 11.780313 -0.400001
v 12.041613 11.794556 -0.400001
v 12.164889 11.803132 -0.400001
v 12.288000 11.806000 -0.400001
v 12.505589 11.792146 -0.400001
v 12.713221 11.751667 -0.400001
v 12.909185 11.686188 -0.400001
v 13.091776 11.597334 -0.400001
v 13.259283 11.486730 -0.400001
v 13.410000 11.356000 -0.400001
v 13.542214 11.206771 -0.400001
v 13.654222 11.040667 -0.400001
v 13.744312 10.859312 -0.400001
v 13.810779 10.664333 -0.400001
v 13.851910 10.457355 -0.400001
v 13.866001 10.240000 -0.400001
v 13.851980 10.017840 -0.400001
v 13.810835 9.808222 -0.400001
v 13.743938 9.612437 -0.400001
v 13.652667 9.431778 -0.400001
v 13.538397 9.267534 -0.400001
v 13.402500 9.121000 -0.400001
v 13.246355 8.993465 -0.400001
v 13.071335 8.886222 -0.400001
v 12.878813 8.800562 -0.400001
v 12.670168 8.737778 -0.400001
v 12.446772 8.699160 -0.400001
v 12.210001 8.686000 -0.400001
v 12.131112 8.687469 -0.400001
v 12.053390 8.691750 -0.400001
v 11.976750 8.698656 -0.400001
v 11.901112 8.708000 -0.400001
v 11.826389 8.719593 -0.400001
v 11.752501 8.733250 -0.400001
v 11.679361 8.748781 -0.400001
v 11.606889 8.766000 -0.400001
v 11.535000 8.784719 -0.400001
v 11.463612 8.804750 -0.400001
v 11.392639 8.825906 -0.400001
v 11.322001 8.848000 -0.400001
v 11.322001 9.688000 -0.400001
v 12.108001 9.688000 -0.400001
v 12.108001 10.216000 -0.400001
v 10.734000 10.216000 -0.400001
v 10.734000 8.482000 -0.400001
v -13.344002 10.276000 0.400001
v -13.356002 10.276000 0.400001
v -13.423258 10.388795 0.400001
v -13.490030 10.490361 0.400001
v -13.556347 10.580969 0.400001
v -13.622225 10.660889 0.400001
v -13.687686 10.730392 0.400001
v -13.752751 10.789750 0.400001
v -13.817442 10.839232 0.400001
v -13.881779 10.879111 0.400001
v -13.945784 10.909657 0.400001
v -14.009474 10.931139 0.400001
v -14.072872 10.943830 0.400001
v -14.136002 10.948000 0.400001
v -14.189772 10.945871 0.400001
v -14.243142 10.939472 0.400001
v -14.296223 10.928782 0.400001
v -14.349114 10.913778 0.400001
v -14.401923 10.894441 0.400001
v -14.454754 10.870750 0.400001
v -14.507708 10.842684 0.400001
v -14.560892 10.810223 0.400001
v -14.614408 10.773344 0.400001
v -14.668364 10.732028 0.400001
v -14.722860 10.686254 0.400001
v -14.778002 10.636000 0.400001
v -14.496002 10.174000 0.400001
v -14.454577 10.211966 0.400001
v -14.411612 10.247723 0.400001
v -14.367563 10.281062 0.400001
v -14.322890 10.311778 0.400001
v -14.278049 10.339660 0.400001
v -14.233500 10.364500 0.400001
v -14.189703 10.386090 0.400001
v -14.147112 10.404222 0.400001
v -14.106188 10.418688 0.400001
v -14.067389 10.429277 0.400001
v -14.031175 10.435785 0.400001
v -13.998001 10.438000 0.400001
v -13.908248 10.430532 0.400001
v -13.822474 10.408750 0.400001
v -13.741407 10.373593 0.400001
v -13.665779 10.326000 0.400001
v -13.596317 10.266906 0.400001
v -13.533751 10.197250 0.400001
v -13.478809 10.117969 0.400001
v -13.432222 10.030000 0.400001
v -13.394718 9.934281 0.400001
v -13.367028 9.831750 0.400001
v -13.349879 9.723344 0.400001
v -13.344002 9.610000 0.400001
v -13.344002 8.200000 0.400001
v -12.810001 8.200000 0.400001
v -12.810001 10.894000 0.400001
v -13.344002 10.894000 0.400001
v -12.241381 8.317837 0.400001
v -12.188029 8.284194 0.400001
v -12.139220 8.254844 0.400001
v -12.094223 8.229555 0.400001
v -12.052311 8.208100 0.400001
v -12.012752 8.190249 0.400001
v -11.974817 8.175774 0.400001
v -11.937779 8.164444 0.400001
v -11.900908 8.156031 0.400001
v -11.863474 8.150306 0.400001
v -11.824748 8.147038 0.400001
v -11.784001 8.146000 0.400001
v -11.727735 8.147764 0.400001
v -11.675862 8.153111 0.400001
v -11.628283 8.162125 0.400001
v -11.584890 8.174889 0.400001
v -11.545581 8.191486 0.400001
v -11.510251 8.212000 0.400001
v -11.478796 8.236514 0.400001
v -11.451112 8.265111 0.400001
v -11.427094 8.297874 0.400001
v -11.406639 8.334888 0.400001
v -11.389643 8.376236 0.400001
v -11.376001 8.422000 0.400001
v -11.317258 8.377497 0.400001
v -11.258057 8.336972 0.400001
v -11.198439 8.300406 0.400001
v -11.138446 8.267777 0.400001
v -11.078119 8.239066 0.400001
v -11.017502 8.214250 0.400001
v -10.956634 8.193309 0.400001
v -10.895557 8.176222 0.400001
v -10.834314 8.162969 0.400001
v -10.772945 8.153527 0.400001
v -10.711494 8.147879 0.400001
v -10.650002 8.146000 0.400001
v -10.553827 8.152340 0.400001
v -10.463612 8.170722 0.400001
v -10.379813 8.200188 0.400001
v -10.302890 8.239778 0.400001
v -10.233299 8.288534 0.400001
v -10.171501 8.345500 0.400001
v -10.117952 8.409715 0.400001
v -10.073112 8.480222 0.400001
v -10.037439 8.556063 0.400001
v -10.011391 8.636278 0.400001
v -9.995425 8.719910 0.400001
v -9.990002 8.806000 0.400001
v -9.999814 8.931962 0.400001
v -10.028002 9.043694 0.400001
v -10.072689 9.142468 0.400001
v -10.132002 9.229555 0.400001
v -10.204064 9.306226 0.400001
v -10.287002 9.373750 0.400001
v -10.378940 9.433399 0.400001
v -10.478002 9.486444 0.400001
v -10.582314 9.534156 0.400001
v -10.690001 9.577806 0.400001
v -10.799189 9.618663 0.400001
v -10.908001 9.658000 0.400001
v -11.382001 9.826000 0.400001
v -11.382001 9.970000 0.400001
v -11.378626 10.049910 0.400001
v -11.368501 10.121778 0.400001
v -11.351625 10.185813 0.400001
v -11.328001 10.242222 0.400001
v -11.297626 10.291215 0.400001
v -11.260501 10.333000 0.400001
v -11.216625 10.367785 0.400001
v -11.166000 10.395778 0.400001
v -11.108625 10.417188 0.400001
v -11.044500 10.432222 0.400001
v -10.973626 10.441091 0.400001
v -10.896002 10.444000 0.400001
v -10.822404 10.441108 0.400001
v -10.748723 10.432362 0.400001
v -10.675126 10.417656 0.400001
v -10.601779 10.396889 0.400001
v -10.528849 10.369955 0.400001
v -10.456501 10.336750 0.400001
v -10.384904 10.297171 0.400001
v -10.314223 10.251111 0.400001
v -10.244626 10.198469 0.400001
v -10.176279 10.139139 0.400001
v -10.109348 10.073017 0.400001
v -10.044001 10.000000 0.400001
v -10.044001 10.582000 0.400001
v -10.098259 10.640879 0.400001
v -10.156057 10.694528 0.400001
v -10.217440 10.742969 0.400001
v -10.282446 10.786222 0.400001
v -10.351120 10.824309 0.400001
v -10.423502 10.857250 0.400001
v -10.499634 10.885066 0.400001
v -10.579557 10.907778 0.400001
v -10.663315 10.925406 0.400001
v -10.750946 10.937972 0.400001
v -10.842495 10.945497 0.400001
v -10.938002 10.948000 0.400001
v -11.071940 10.942215 0.400001
v -11.200027 10.924723 0.400001
v -11.321156 10.895312 0.400001
v -11.434222 10.853778 0.400001
v -11.538121 10.799910 0.400001
v -11.631750 10.733500 0.400001
v -11.714004 10.654341 0.400001
v -11.783778 10.562222 0.400001
v -11.839970 10.456938 0.400001
v -11.881473 10.338278 0.400001
v -11.907185 10.206035 0.400001
v -11.916001 10.059999 0.400001
v -11.916001 8.674000 0.400001
v -11.916748 8.649858 0.400001
v -11.918974 8.628361 0.400001
v -11.922659 8.609406 0.400001
v -11.927780 8.592889 0.400001
v -11.934319 8.578705 0.400001
v -11.942252 8.566750 0.400001
v -11.951561 8.556920 0.400001
v -11.962225 8.549111 0.400001
v -11.974220 8.543219 0.400001
v -11.987530 8.539139 0.400001
v -12.002131 8.536767 0.400001
v -12.018002 8.536000 0.400001
v -12.032601 8.537114 0.400001
v -12.049305 8.540417 0.400001
v -12.067968 8.545844 0.400001
v -12.088444 8.553333 0.400001
v -12.110587 8.562822 0.400001
v -12.134251 8.574250 0.400001
v -12.159288 8.587552 0.400001
v -12.185556 8.602667 0.400001
v -12.212908 8.619532 0.400001
v -12.241196 8.638083 0.400001
v -12.270275 8.658260 0.400001
v -12.300001 8.680000 0.400001
v -12.300001 8.356000 0.400001
v -11.269445 9.492907 0.400001
v -11.160557 9.453250 0.400001
v -11.056501 9.412469 0.400001
v -10.958446 9.370000 0.400001
v -10.867557 9.325281 0.400001
v -10.785001 9.277750 0.400001
v -10.711946 9.226844 0.400001
v -10.649556 9.172000 0.400001
v -10.599001 9.112657 0.400001
v -10.561445 9.048250 0.400001
v -10.538056 8.978219 0.400001
v -10.530002 8.902000 0.400001
v -10.533316 8.847927 0.400001
v -10.543028 8.796917 0.400001
v -10.558781 8.749281 0.400001
v -10.580222 8.705334 0.400001
v -10.606997 8.665385 0.400001
v -10.638750 8.629750 0.400001
v -10.675129 8.598740 0.400001
v -10.715778 8.572666 0.400001
v -10.760345 8.551844 0.400001
v -10.808474 8.536583 0.400001
v -10.859810 8.527198 0.400001
v -10.914001 8.524000 0.400001
v -10.955754 8.525732 0.400001
v -10.997004 8.530861 0.400001
v -11.037754 8.539281 0.400001
v -11.078003 8.550889 0.400001
v -11.117753 8.565579 0.400001
v -11.157002 8.583250 0.400001
v -11.195752 8.603795 0.400001
v -11.234002 8.627111 0.400001
v -11.271751 8.653093 0.400001
v -11.309002 8.681639 0.400001
v -11.345751 8.712643 0.400001
v -11.382001 8.746000 0.400001
v -11.382001 9.532000 0.400001
v -9.507514 8.412368 0.400001
v -9.427611 8.365444 0.400001
v -9.347625 8.323187 0.400001
v -9.266890 8.285555 0.400001
v -9.184736 8.252507 0.400001
v -9.100500 8.224000 0.400001
v -9.013514 8.199993 0.400001
v -8.923111 8.180445 0.400001
v -8.828626 8.165312 0.400001
v -8.729389 8.154555 0.400001
v -8.624737 8.148132 0.400001
v -8.514001 8.146000 0.400001
v -8.311808 8.160007 0.400001
v -8.125446 8.200556 0.400001
v -7.955252 8.265438 0.400001
v -7.801557 8.352445 0.400001
v -7.664696 8.459368 0.400001
v -7.545001 8.584000 0.400001
v -7.442807 8.724132 0.400001
v -7.358446 8.877556 0.400001
v -7.292251 9.042063 0.400001
v -7.244556 9.215445 0.400001
v -7.215695 9.395493 0.400001
v -7.206000 9.580000 0.400001
v -7.216583 9.778334 0.400001
v -7.247667 9.964666 0.400001
v -7.298251 10.138000 0.400001
v -7.367333 10.297334 0.400001
v -7.453917 10.441667 0.400001
v -7.557000 10.570000 0.400001
v -7.675584 10.681334 0.400001
v -7.808667 10.774667 0.400001
v -7.955250 10.849000 0.400001
v -8.114334 10.903334 0.400001
v -8.284918 10.936666 0.400001
v -8.466001 10.948000 0.400001
v -8.639012 10.937861 0.400001
v -8.800585 10.907389 0.400001
v -8.950033 10.856500 0.400001
v -9.086668 10.785111 0.400001
v -9.209804 10.693139 0.400001
v -9.318751 10.580500 0.400001
v -9.412825 10.447111 0.400001
v -9.491334 10.292889 0.400001
v -9.553595 10.117750 0.400001
v -9.598917 9.921611 0.400001
v -9.626615 9.704389 0.400001
v -9.636001 9.466000 0.400001
v -7.740001 9.466000 0.400001
v -7.765618 9.337885 0.400001
v -7.800445 9.220583 0.400001
v -7.844438 9.114157 0.400001
v -7.897555 9.018666 0.400001
v -7.959757 8.934177 0.400001
v -8.031000 8.860750 0.400001
v -8.111243 8.798448 0.400001
v -8.200445 8.747334 0.400001
v -8.298563 8.707469 0.400001
v -8.405556 8.678917 0.400001
v -8.521382 8.661739 0.400001
v -8.646001 8.656000 0.400001
v -8.726640 8.658479 0.400001
v -8.806612 8.665833 0.400001
v -8.886002 8.677938 0.400001
v -8.964890 8.694667 0.400001
v -9.043363 8.715896 0.400001
v -9.121501 8.741500 0.400001
v -9.199390 8.771354 0.400001
v -9.277112 8.805333 0.400001
v -9.354752 8.843312 0.400001
v -9.432390 8.885166 0.400001
v -9.510112 8.930771 0.400001
v -9.588000 8.980000 0.400001
v -9.588000 8.464000 0.400001
v -9.099041 9.918813 0.400001
v -9.081333 10.011000 0.400001
v -9.055124 10.096188 0.400001
v -9.020666 10.174000 0.400001
v -8.978209 10.244062 0.400001
v -8.928000 10.306000 0.400001
v -8.870292 10.359438 0.400001
v -8.805334 10.404000 0.400001
v -8.733376 10.439313 0.400001
v -8.654667 10.465000 0.400001
v -8.569459 10.480687 0.400001
v -8.478001 10.486000 0.400001
v -8.379383 10.481031 0.400001
v -8.287556 10.466250 0.400001
v -8.202562 10.441844 0.400001
v -8.124445 10.408000 0.400001
v -8.053244 10.364906 0.400001
v -7.989000 10.312750 0.400001
v -7.931757 10.251719 0.400001
v -7.881556 10.182000 0.400001
v -7.838438 10.103782 0.400001
v -7.802444 10.017250 0.400001
v -7.773618 9.922594 0.400001
v -7.752000 9.820000 0.400001
v -9.108001 9.820000 0.400001
v -6.036000 8.200000 0.400001
v -6.036000 12.292000 0.400001
v -6.570000 12.292000 0.400001
v -6.570000 8.200000 0.400001
v -5.209435 11.450143 0.400000
v -5.087473 11.513639 0.400000
v -4.967720 11.570594 0.400000
v -4.849779 11.621111 0.400000
v -4.733254 11.665296 0.400000
v -4.617751 11.703250 0.400000
v -4.502872 11.735080 0.400000
v -4.388223 11.760889 0.400000
v -4.273407 11.780781 0.400000
v -4.158028 11.794861 0.400000
v -4.041691 11.803232 0.400000
v -3.924000 11.806000 0.400000
v -3.695264 11.792375 0.400000
v -3.478111 11.752500 0.400000
v -3.274125 11.687875 0.400000
v -3.084889 11.600000 0.400000
v -2.911986 11.490375 0.400000
v -2.757000 11.360500 0.400000
v -2.621514 11.211875 0.400000
v -2.507111 11.046000 0.400000
v -2.415375 10.864375 0.400000
v -2.347889 10.668500 0.400000
v -2.306236 10.459875 0.400000
v -2.292000 10.240000 0.400000
v -2.305792 10.016580 0.400000
v -2.346333 9.806139 0.400000
v -2.412375 9.609906 0.400000
v -2.502667 9.429111 0.400000
v -2.615958 9.264982 0.400000
v -2.751000 9.118750 0.400000
v -2.906542 8.991642 0.400000
v -3.081334 8.884889 0.400000
v -3.274125 8.799719 0.400000
v -3.483667 8.737361 0.400000
v -3.708709 8.699045 0.400000
v -3.948000 8.686000 0.400000
v -4.064327 8.689361 0.400000
v -4.182111 8.699389 0.400000
v -4.301063 8.716000 0.400000
v -4.420889 8.739111 0.400000
v -4.541299 8.768639 0.400000
v -4.662001 8.804500 0.400000
v -4.782702 8.846611 0.400000
v -4.903111 8.894889 0.400000
v -5.022938 8.949250 0.400000
v -5.141890 9.009611 0.400000
v -5.259674 9.075889 0.400000
v -5.376000 9.148000 0.400000
v -5.376000 8.506000 0.400000
v -5.274653 8.454802 0.400000
v -5.171223 8.406417 0.400000
v -5.065125 8.361156 0.400000
v -4.955778 8.319333 0.400000
v -4.842597 8.281260 0.400000
v -4.725000 8.247250 0.400000
v -4.602403 8.217614 0.400000
v -4.474222 8.192667 0.400000
v -4.339875 8.172719 0.400000
v -4.198778 8.158083 0.400000
v -4.050347 8.149073 0.400000
v -3.894000 8.146000 0.400000
v -3.527889 8.169753 0.400000
v -3.197112 8.237527 0.400000
v -2.901000 8.344093 0.400000
v -2.638889 8.484221 0.400000
v -2.410112 8.652683 0.400000
v -2.214000 8.844250 0.400000
v -2.049889 9.053691 0.400000
v -1.917112 9.275778 0.400000
v -1.815000 9.505281 0.400000
v -1.742889 9.736972 0.400000
v -1.700111 9.965622 0.400000
v -1.686000 10.186000 0.400000
v -1.705288 10.490666 0.400000
v -1.761805 10.779333 0.400000
v -1.853531 11.050000 0.400000
v -1.978444 11.300667 0.400000
v -2.134524 11.529333 0.400000
v -2.319750 11.734000 0.400000
v -2.532101 11.912666 0.400000
v -2.769556 12.063334 0.400000
v -3.030094 12.184000 0.400000
v -3.311695 12.272667 0.400000
v -3.612337 12.327333 0.400000
v -3.930001 12.346001 0.400000
v -4.035198 12.343858 0.400000
v -4.141084 12.337361 0.400000
v -4.248094 12.326406 0.400000
v -4.356667 12.310889 0.400000
v -4.467240 12.290705 0.400000
v -4.580250 12.265751 0.400000
v -4.696136 12.235920 0.400000
v -4.815334 12.201111 0.400000
v -4.938282 12.161219 0.400000
v -5.065417 12.116139 0.400000
v -5.197177 12.065767 0.400000
v -5.334001 12.010000 0.400000
v -5.334001 11.380000 0.400000
v 0.596487 8.412368 0.400000
v 0.676389 8.365444 0.400000
v 0.756375 8.323187 0.400000
v 0.837112 8.285555 0.400000
v 0.919264 8.252507 0.400000
v 1.003500 8.224000 0.400000
v 1.090486 8.199993 0.400000
v 1.180889 8.180445 0.400000
v 1.275375 8.165312 0.400000
v 1.374611 8.154555 0.400000
v 1.479264 8.148132 0.400000
v 1.590000 8.146000 0.400000
v 1.792195 8.160007 0.400000
v 1.978556 8.200556 0.400000
v 2.148750 8.265438 0.400000
v 2.302445 8.352445 0.400000
v 2.439306 8.459368 0.400000
v 2.559000 8.584000 0.400000
v 2.661195 8.724132 0.400000
v 2.745556 8.877556 0.400000
v 2.811750 9.042063 0.400000
v 2.859445 9.215445 0.400000
v 2.888306 9.395493 0.400000
v 2.898000 9.580000 0.400000
v 2.887417 9.778334 0.400000
v 2.856334 9.964666 0.400000
v 2.805750 10.138000 0.400000
v 2.736667 10.297334 0.400000
v 2.650084 10.441667 0.400000
v 2.547000 10.570000 0.400000
v 2.428417 10.681334 0.400000
v 2.295334 10.774667 0.400000
v 2.148750 10.849000 0.400000
v 1.989667 10.903334 0.400000
v 1.819083 10.936666 0.400000
v 1.638000 10.948000 0.400000
v 1.464990 10.937861 0.400000
v 1.303417 10.907389 0.400000
v 1.153969 10.856500 0.400000
v 1.017334 10.785111 0.400000
v 0.894198 10.693139 0.400000
v 0.785250 10.580500 0.400000
v 0.691177 10.447111 0.400000
v 0.612667 10.292889 0.400000
v 0.550407 10.117750 0.400000
v 0.505084 9.921611 0.400000
v 0.477386 9.704389 0.400000
v 0.468000 9.466000 0.400000
v 2.364000 9.466000 0.400000
v 2.338382 9.337885 0.400000
v 2.303556 9.220583 0.400000
v 2.259563 9.114157 0.400000
v 2.206445 9.018666 0.400000
v 2.144243 8.934177 0.400000
v 2.073000 8.860750 0.400000
v 1.992757 8.798448 0.400000
v 1.903556 8.747334 0.400000
v 1.805438 8.707469 0.400000
v 1.698445 8.678917 0.400000
v 1.582618 8.661739 0.400000
v 1.458000 8.656000 0.400000
v 1.377361 8.658479 0.400000
v 1.297389 8.665833 0.400000
v 1.218000 8.677938 0.400000
v 1.139111 8.694667 0.400000
v 1.060639 8.715896 0.400000
v 0.982500 8.741500 0.400000
v 0.904611 8.771354 0.400000
v 0.826889 8.805333 0.400000
v 0.749250 8.843312 0.400000
v 0.671611 8.885166 0.400000
v 0.593889 8.930771 0.400000
v 0.516000 8.980000 0.400000
v 0.516000 8.464000 0.400000
v 1.004959 9.918813 0.400000
v 1.022667 10.011000 0.400000
v 1.048875 10.096188 0.400000
v 1.083333 10.174000 0.400000
v 1.125792 10.244062 0.400000
v 1.176000 10.306000 0.400000
v 1.233709 10.359438 0.400000
v 1.298667 10.404000 0.400000
v 1.370625 10.439313 0.400000
v 1.449334 10.465000 0.400000
v 1.534542 10.480687 0.400000
v 1.626000 10.486000 0.400000
v 1.724618 10.481031 0.400000
v 1.816445 10.466250 0.400000
v 1.901438 10.441844 0.400000
v 1.979556 10.408000 0.400000
v 2.050757 10.364906 0.400000
v 2.115000 10.312750 0.400000
v 2.172243 10.251719 0.400000
v 2.222445 10.182000 0.400000
v 2.265563 10.103782 0.400000
v 2.301556 10.017250 0.400000
v 2.330382 9.922594 0.400000
v 2.352000 9.820000 0.400000
v 0.996000 9.820000 0.400000
v 6.882000 10.540000 0.399999
v 6.813369 10.606007 0.399999
v 6.745445 10.666056 0.399999
v 6.678188 10.720187 0.399999
v 6.611557 10.768444 0.399999
v 6.545507 10.810868 0.399999
v 6.480001 10.847500 0.399999
v 6.414994 10.878382 0.399999
v 6.350445 10.903556 0.399999
v 6.286313 10.923062 0.399999
v 6.222556 10.936945 0.399999
v 6.159132 10.945243 0.399999
v 6.096000 10.948000 0.399999
v 6.011775 10.944510 0.399999
v 5.930195 10.934084 0.399999
v 5.851407 10.916781 0.399999
v 5.775556 10.892667 0.399999
v 5.702789 10.861802 0.399999
v 5.633250 10.824250 0.399999
v 5.567087 10.780073 0.400000
v 5.504445 10.729333 0.400000
v 5.445469 10.672093 0.400000
v 5.390306 10.608417 0.400000
v 5.339101 10.538364 0.400000
v 5.292001 10.462000 0.400000
v 5.232469 10.527020 0.400000
v 5.170750 10.589666 0.400000
v 5.106656 10.649313 0.400000
v 5.040000 10.705334 0.400000
v 4.970594 10.757104 0.400000
v 4.898250 10.804000 0.400000
v 4.822782 10.845396 0.400000
v 4.744000 10.880667 0.400000
v 4.661719 10.909187 0.400000
v 4.575750 10.930333 0.400000
v 4.485907 10.943480 0.400000
v 4.392000 10.948000 0.400000
v 4.259712 10.939368 0.400000
v 4.136194 10.913944 0.400000
v 4.021969 10.872437 0.400000
v 3.917556 10.815556 0.400000
v 3.823476 10.744007 0.400000
v 3.740250 10.658500 0.400000
v 3.668400 10.559743 0.400000
v 3.608445 10.448444 0.400000
v 3.560907 10.325313 0.400000
v 3.526306 10.191055 0.400000
v 3.505164 10.046382 0.400000
v 3.498000 9.892000 0.400000
v 3.498000 8.200000 0.400000
v 4.032001 8.200000 0.400000
v 4.032001 9.868000 0.400000
v 4.037136 9.966105 0.400000
v 4.052083 10.056334 0.400000
v 4.076157 10.138562 0.400000
v 4.108667 10.212667 0.400000
v 4.148928 10.278521 0.400000
v 4.196250 10.336000 0.400000
v 4.249948 10.384979 0.400000
v 4.309334 10.425333 0.400000
v 4.373719 10.456938 0.400000
v 4.442417 10.479667 0.400000
v 4.514740 10.493396 0.400000
v 4.590000 10.498000 0.400000
v 4.634691 10.496312 0.400000
v 4.681528 10.488500 0.400000
v 4.730156 10.474937 0.400000
v 4.780222 10.456000 0.400000
v 4.831372 10.432062 0.400000
v 4.883250 10.403500 0.400000
v 4.935504 10.370687 0.400000
v 4.987778 10.334000 0.400000
v 5.039720 10.293813 0.400000
v 5.090973 10.250500 0.400000
v 5.141185 10.204437 0.400000
v 5.190001 10.156000 0.400000
v 5.190001 8.200000 0.400000
v 5.724000 8.200000 0.399999
v 5.724000 9.874000 0.399999
v 5.728521 9.978288 0.399999
v 5.741667 10.072306 0.399999
v 5.762813 10.156281 0.399999
v 5.791334 10.230445 0.399999
v 5.826604 10.295024 0.399999
v 5.868000 10.350250 0.399999
v 5.914896 10.396351 0.399999
v 5.966667 10.433556 0.399999
v 6.022688 10.462093 0.399999
v 6.082334 10.482195 0.399999
v 6.144979 10.494087 0.399999
v 6.210001 10.498000 0.399999
v 6.275702 10.496198 0.399999
v 6.338111 10.490583 0.399999
v 6.397688 10.480844 0.399999
v 6.454889 10.466667 0.399999
v 6.510174 10.447740 0.399999
v 6.564001 10.423750 0.399999
v 6.616827 10.394385 0.399999
v 6.669112 10.359333 0.399999
v 6.721313 10.318281 0.399999
v 6.773890 10.270917 0.399999
v 6.827299 10.216927 0.399999
v 6.882000 10.156000 0.399999
v 6.882000 8.200000 0.399999
v 7.416000 8.200000 0.399999
v 7.416000 10.894000 0.399999
v 6.882000 10.894000 0.399999
v 7.924622 8.317837 0.399999
v 7.977973 8.284194 0.399999
v 8.026781 8.254844 0.399999
v 8.071778 8.229555 0.399999
v 8.113691 8.208100 0.399999
v 8.153250 8.190249 0.399999
v 8.191185 8.175774 0.399999
v 8.228223 8.164444 0.399999
v 8.265094 8.156031 0.399999
v 8.302528 8.150306 0.399999
v 8.341253 8.147038 0.399999
v 8.382000 8.146000 0.399999
v 8.438268 8.147764 0.399999
v 8.490139 8.153111 0.399999
v 8.537720 8.162125 0.399999
v 8.581112 8.174889 0.399999
v 8.620420 8.191486 0.399999
v 8.655751 8.212000 0.399999
v 8.687206 8.236514 0.399999
v 8.714890 8.265111 0.399999
v 8.738907 8.297874 0.399999
v 8.759362 8.334888 0.399999
v 8.776359 8.376236 0.399999
v 8.790001 8.422000 0.399999
v 8.848744 8.377497 0.399999
v 8.907946 8.336972 0.399999
v 8.967564 8.300406 0.399999
v 9.027555 8.267777 0.399999
v 9.087882 8.239066 0.399999
v 9.148500 8.214250 0.399999
v 9.209368 8.193309 0.399999
v 9.270445 8.176222 0.399999
v 9.331688 8.162969 0.399999
v 9.393056 8.153527 0.399999
v 9.454507 8.147879 0.399999
v 9.516001 8.146000 0.399999
v 9.612175 8.152340 0.399999
v 9.702390 8.170722 0.399999
v 9.786188 8.200188 0.399999
v 9.863111 8.239778 0.399999
v 9.932702 8.288534 0.399999
v 9.994501 8.345500 0.399999
v 10.048049 8.409715 0.399999
v 10.092890 8.480222 0.399999
v 10.128563 8.556063 0.399999
v 10.154612 8.636278 0.399999
v 10.170577 8.719910 0.399999
v 10.176001 8.806000 0.399999
v 10.166188 8.931962 0.399999
v 10.138000 9.043694 0.399999
v 10.093313 9.142468 0.399999
v 10.034000 9.229555 0.399999
v 9.961937 9.306226 0.399999
v 9.879000 9.373750 0.399999
v 9.787063 9.433399 0.399999
v 9.688000 9.486444 0.399999
v 9.583688 9.534156 0.399999
v 9.476001 9.577806 0.399999
v 9.366814 9.618663 0.399999
v 9.258000 9.658000 0.399999
v 8.784000 9.826000 0.399999
v 8.784000 9.970000 0.399999
v 8.787376 10.049910 0.399999
v 8.797501 10.121778 0.399999
v 8.814376 10.185813 0.399999
v 8.838001 10.242222 0.399999
v 8.868376 10.291215 0.399999
v 8.905501 10.333000 0.399999
v 8.949376 10.367785 0.399999
v 9.000002 10.395778 0.399999
v 9.057377 10.417188 0.399999
v 9.121501 10.432222 0.399999
v 9.192376 10.441091 0.399999
v 9.270000 10.444000 0.399999
v 9.343598 10.441108 0.399999
v 9.417278 10.432362 0.399999
v 9.490875 10.417656 0.399999
v 9.564223 10.396889 0.399999
v 9.637154 10.369955 0.399999
v 9.709501 10.336750 0.399999
v 9.781097 10.297171 0.399999
v 9.851779 10.251111 0.399999
v 9.921376 10.198469 0.399999
v 9.989723 10.139139 0.399999
v 10.056654 10.073017 0.399999
v 10.122001 10.000000 0.399999
v 10.122001 10.582000 0.399999
v 10.067742 10.640879 0.399999
v 10.009944 10.694528 0.399999
v 9.948563 10.742969 0.399999
v 9.883555 10.786222 0.399999
v 9.814881 10.824309 0.399999
v 9.742500 10.857250 0.399999
v 9.666368 10.885066 0.399999
v 9.586445 10.907778 0.399999
v 9.502687 10.925406 0.399999
v 9.415056 10.937972 0.399999
v 9.323507 10.945497 0.399999
v 9.228001 10.948000 0.399999
v 9.094061 10.942215 0.399999
v 8.965975 10.924723 0.399999
v 8.844846 10.895312 0.399999
v 8.731780 10.853778 0.399999
v 8.627880 10.799910 0.399999
v 8.534252 10.733500 0.399999
v 8.451998 10.654341 0.399999
v 8.382223 10.562222 0.399999
v 8.326033 10.456938 0.399999
v 8.284529 10.338278 0.399999
v 8.258817 10.206035 0.399999
v 8.250001 10.059999 0.399999
v 8.250001 8.674000 0.399999
v 8.249253 8.649858 0.399999
v 8.247027 8.628361 0.399999
v 8.243343 8.609406 0.399999
v 8.238222 8.592889 0.399999
v 8.231684 8.578705 0.399999
v 8.223749 8.566750 0.399999
v 8.214440 8.556920 0.399999
v 8.203777 8.549111 0.399999
v 8.191781 8.543219 0.399999
v 8.178473 8.539139 0.399999
v 8.163872 8.536767 0.399999
v 8.148001 8.536000 0.399999
v 8.133400 8.537114 0.399999
v 8.116695 8.540417 0.399999
v 8.098032 8.545844 0.399999
v 8.077557 8.553333 0.399999
v 8.055414 8.562822 0.399999
v 8.031752 8.574250 0.399999
v 8.006713 8.587552 0.399999
v 7.980446 8.602667 0.399999
v 7.953095 8.619532 0.399999
v 7.924807 8.638083 0.399999
v 7.895727 8.658260 0.399999
v 7.866001 8.680000 0.399999
v 7.866001 8.356000 0.399999
v 8.896556 9.492907 0.399999
v 9.005445 9.453250 0.399999
v 9.109501 9.412469 0.399999
v 9.207557 9.370000 0.399999
v 9.298446 9.325281 0.399999
v 9.381001 9.277750 0.399999
v 9.454057 9.226844 0.399999
v 9.516445 9.172000 0.399999
v 9.567001 9.112657 0.399999
v 9.604556 9.048250 0.399999
v 9.627945 8.978219 0.399999
v 9.636001 8.902000 0.399999
v 9.632686 8.847927 0.399999
v 9.622974 8.796917 0.399999
v 9.607221 8.749281 0.399999
v 9.585779 8.705334 0.399999
v 9.559006 8.665385 0.399999
v 9.527251 8.629750 0.399999
v 9.490873 8.598740 0.399999
v 9.450224 8.572666 0.399999
v 9.405657 8.551844 0.399999
v 9.357529 8.536583 0.399999
v 9.306191 8.527198 0.399999
v 9.252001 8.524000 0.399999
v 9.210247 8.525732 0.399999
v 9.168998 8.530861 0.399999
v 9.128248 8.539281 0.399999
v 9.087998 8.550889 0.399999
v 9.048249 8.565579 0.399999
v 9.008999 8.583250 0.399999
v 8.970249 8.603795 0.399999
v 8.932000 8.627111 0.399999
v 8.894250 8.653093 0.399999
v 8.857000 8.681639 0.399999
v 8.820251 8.712643 0.399999
v 8.784000 8.746000 0.399999
v 8.784000 9.532000 0.399999
v 10.868507 8.424973 0.399999
v 10.999556 8.373777 0.399999
v 11.127938 8.328250 0.399999
v 11.254445 8.288221 0.399999
v 11.379869 8.253528 0.399999
v 11.505001 8.224000 0.399999
v 11.630632 8.199472 0.399999
v 11.757556 8.179777 0.399999
v 11.886563 8.164750 0.399999
v 12.018445 8.154222 0.399999
v 12.153994 8.148027 0.399999
v 12.294001 8.146000 0.399999
v 12.600280 8.163931 0.399999
v 12.890749 8.216444 0.399999
v 13.163343 8.301625 0.399999
v 13.416000 8.417556 0.399999
v 13.646658 8.562319 0.399999
v 13.853252 8.734000 0.399999
v 14.033721 8.930680 0.399999
v 14.186002 9.150444 0.399999
v 14.308033 9.391375 0.399999
v 14.397752 9.651556 0.399999
v 14.453095 9.929070 0.399999
v 14.472001 10.222000 0.399999
v 14.452627 10.517135 0.399999
v 14.396002 10.798083 0.399999
v 14.304377 11.062656 0.399999
v 14.180002 11.308666 0.399999
v 14.025127 11.533927 0.399999
v 13.842003 11.736250 0.399999
v 13.632877 11.913448 0.399999
v 13.400002 12.063334 0.399999
v 13.145626 12.183719 0.399999
v 12.872002 12.272417 0.399999
v 12.581375 12.327240 0.399999
v 12.276000 12.346001 0.399999
v 12.158737 12.344309 0.399999
v 12.045914 12.338972 0.399999
v 11.935966 12.329594 0.399999
v 11.827332 12.315778 0.399999
v 11.718447 12.297129 0.399999
v 11.607749 12.273250 0.399999
v 11.493676 12.243747 0.399999
v 11.374666 12.208222 0.399999
v 11.249156 12.166281 0.399999
v 11.115583 12.117528 0.399999
v 10.972385 12.061566 0.399999
v 10.818001 11.998000 0.399999
v 10.818001 11.404000 0.399999
v 10.938362 11.467368 0.399999
v 11.059390 11.525445 0.399999
v 11.181002 11.578188 0.399999
v 11.303113 11.625556 0.399999
v 11.425640 11.667507 0.399999
v 11.548501 11.704000 0.399999
v 11.671613 11.734993 0.399999
v 11.794890 11.760445 0.399999
v 11.918251 11.780313 0.399999
v 12.041613 11.794556 0.399999
v 12.164889 11.803132 0.399999
v 12.288000 11.806000 0.399999
v 12.505589 11.792146 0.399999
v 12.713221 11.751667 0.399999
v 12.909185 11.686188 0.399999
v 13.091776 11.597334 0.399999
v 13.259283 11.486730 0.399999
v 13.410000 11.356000 0.399999
v 13.542214 11.206771 0.399999
v 13.654222 11.040667 0.399999
v 13.744312 10.859312 0.399999
v 13.810779 10.664333 0.399999
v 13.851910 10.457355 0.399999
v 13.866001 10.240000 0.399999
v 13.851980 10.017840 0.399999
v 13.810835 9.808222 0.399999
v 13.743938 9.612437 0.399999
v 13.652667 9.431778 0.399999
v 13.538397 9.267534 0.399999
v 13.402500 9.121000 0.399999
v 13.246355 8.993465 0.399999
v 13.071335 8.886222 0.399999
v 12.878813 8.800562 0.399999
v 12.670168 8.737778 0.399999
v 12.446772 8.699160 0.399999
v 12.210001 8.686000 0.399999
v 12.131112 8.687469 0.399999
v 12.053390 8.691750 0.399999
v 11.976750 8.698656 0.399999
v 11.901112 8.708000 0.399999
v 11.826389 8.719593 0.399999
v 11.752501 8.733250 0.399999
v 11.679361 8.748781 0.399999
v 11.606889 8.766000 0.399999
v 11.535000 8.784719 0.399999
v 11.463612 8.804750 0.399999
v 11.392639 8.825906 0.399999
v 11.322001 8.848000 0.399999
v 11.322001 9.688000 0.399999
v 12.108001 9.688000 0.399999
v 12.108001 10.216000 0.399999
v 10.734000 10.216000 0.399999
v 10.734000 8.482000 0.399999
v 10.868507 8.424973 0.399999
v 10.868507 8.424973 -0.400001
v 10.999556 8.373777 0.399999
v 10.999556 8.373777 -0.400001
v 11.127938 8.328250 0.399999
v 11.127938 8.328250 -0.400001
v 11.254445 8.288221 0.399999
v 11.254445 8.288221 -0.400001
v 11.379869 8.253528 0.399999
v 11.379869 8.253528 -0.400001
v 11.505001 8.224000 0.399999
v 11.505001 8.224000 -0.400001
v 11.630632 8.199472 0.399999
v 11.630632 8.199472 -0.400001
v 11.757556 8.179777 0.399999
v 11.757556 8.179777 -0.400001
v 11.886563 8.164750 0.399999
v 11.886563 8.164750 -0.400001
v 12.018445 8.154222 0.399999
v 12.018445 8.154222 -0.400001
v 12.153994 8.148027 0.399999
v 12.153994 8.148027 -0.400001
v 12.294001 8.146000 0.399999
v 12.294001 8.146000 -0.400001
v 12.600280 8.163931 0.399999
v 12.600280 8.163931 -0.400001
v 12.890749 8.216444 0.399999
v 12.890749 8.216444 -0.400001
v 13.163343 8.301625 0.399999
v 13.163343 8.301625 -0.400001
v 13.416000 8.417556 0.399999
v 13.416000 8.417556 -0.400001
v 13.646658 8.562319 0.399999
v 13.646658 8.562319 -0.400001
v 13.853252 8.734000 0.399999
v 13.853252 8.734000 -0.400001
v 14.033721 8.930680 0.399999
v 14.033721 8.930680 -0.400001
v 14.186002 9.150444 0.399999
v 14.186002 9.150444 -0.400001
v 14.308033 9.391375 0.399999
v 14.308033 9.391375 -0.400001
v 14.397752 9.651556 0.399999
v 14.397752 9.651556 -0.400001
v 14.453095 9.929070 0.399999
v 14.453095 9.929070 -0.400001
v 14.472001 10.222000 0.399999
v 14.472001 10.222000 -0.400001
v 14.452627 10.517135 0.399999
v 14.452627 10.517135 -0.400001
v 14.396002 10.798083 0.399999
v 14.396002 10.798083 -0.400001
v 14.304377 11.062656 0.399999
v 14.304377 11.062656 -0.400001
v 14.180002 11.308666 0.399999
v 14.180002 11.308666 -0.400001
v 14.025127 11.533927 0.399999
v 14.025127 11.533927 -0.400001
v 13.842003 11.736250 0.399999
v 13.842003 11.736250 -0.400001
v 13.632877 11.913448 0.399999
v 13.632877 11.913448 -0.400001
v 13.400002 12.063334 0.399999
v 13.400002 12.063334 -0.400001
v 13.145626 12.183719 0.399999
v 13.145626 12.183719 -0.400001
v 12.872002 12.272417 0.399999
v 12.872002 12.272417 -0.400001
v 12.581375 12.327240 0.399999
v 12.581375 12.327240 -0.400001
v 12.276000 12.346001 0.399999
v 12.276000 12.346001 -0.400001
v 12.158737 12.344309 0.399999
v 12.158737 12.344309 -0.400001
v 12.045914 12.338972 0.399999
v 12.045914 12.338972 -0.400001
v 11.935966 12.329594 0.399999
v 11.935966 12.329594 -0.400001
v 11.827332 12.315778 0.399999
v 11.827332 12.315778 -0.400001
v 11.718447 12.297129 0.399999
v 11.718447 12.297129 -0.400001
v 11.607749 12.273250 0.399999
v 11.607749 12.273250 -0.400001
v 11.493676 12.243747 0.399999
v 11.493676 12.243747 -0.400001
v 11.374666 12.208222 0.399999
v 11.374666 12.208222 -0.400001
v 11.249156 12.166281 0.399999
v 11.249156 12.166281 -0.400001
v 11.115583 12.117528 0.399999
v 11.115583 12.117528 -0.400001
v 10.972385 12.061566 0.399999
v 10.972385 12.061566 -0.400001
v 10.818001 11.998000 0.399999
v 10.818001 11.998000 -0.400001
v 10.818001 11.404000 0.399999
v 10.818001 11.404000 -0.400001
v 10.938362 11.467368 0.399999
v 10.938362 11.467368 -0.400001
v 11.059390 11.525445 0.399999
v 11.059390 11.525445 -0.400001
v 11.181002 11.578188 0.399999
v 11.181002 11.578188 -0.400001
v 11.303113 11.625556 0.399999
v 11.303113 11.625556 -0.400001
v 11.425640 11.667507 0.399999
v 11.425640 11.667507 -0.400001
v 11.548501 11.704000 0.399999
v 11.548501 11.704000 -0.400001
v 11.671613 11.734993 0.399999
v 11.671613 11.734993 -0.400001
v 11.794890 11.760445 0.399999
v 11.794890 11.760445 -0.400001
v 11.918251 11.780313 0.399999
v 11.918251 11.780313 -0.400001
v 12.041613 11.794556 0.399999
v 12.041613 11.794556 -0.400001
v 12.164889 11.803132 0.399999
v 12.164889 11.803132 -0.400001
v 12.288000 11.806000 0.399999
v 12.288000 11.806000 -0.400001
v 12.505589 11.792146 0.399999
v 12.505589 11.792146 -0.400001
v 12.713221 11.751667 0.399999
v 12.713221 11.751667 -0.400001
v 12.909185 11.686188 0.399999
v 12.909185 11.686188 -0.400001
v 13.091776 11.597334 0.399999
v 13.091776 11.597334 -0.400001
v 13.259283 11.486730 0.399999
v 13.259283 11.486730 -0.400001
v 13.410000 11.356000 0.399999
v 13.410000 11.356000 -0.400001
v 13.542214 11.206771 0.399999
v 13.542214 11.206771 -0.400001
v 13.654222 11.040667 0.399999
v 13.654222 11.040667 -0.400001
v 13.744312 10.859312 0.399999
v 13.744312 10.859312 -0.400001
v 13.810779 10.664333 0.399999
v 13.810779 10.664333 -0.400001
v 13.851910 10.457355 0.399999
v 13.851910 10.457355 -0.400001
v 13.866001 10.240000 0.399999
v 13.866001 10.240000 -0.400001
v 13.851980 10.017840 0.399999
v 13.851980 10.017840 -0.400001
v 13.810835 9.808222 0.399999
v 13.810835 9.808222 -0.400001
v 13.743938 9.612437 0.399999
v 13.743938 9.612437 -0.400001
v 13.652667 9.431778 0.399999
v 13.652667 9.431778 -0.400001
v 13.538397 9.267534 0.399999
v 13.538397 9.267534 -0.400001
v 13.402500 9.121000 0.399999
v 13.402500 9.121000 -0.400001
v 13.246355 8.993465 0.399999
v 13.246355 8.993465 -0.400001
v 13.071335 8.886222 0.399999
v 13.071335 8.886222 -0.400001
v 12.878813 8.800562 0.399999
v 12.878813 8.800562 -0.400001
v 12.670168 8.737778 0.399999
v 12.670168 8.737778 -0.400001
v 12.446772 8.699160 0.399999
v 12.446772 8.699160 -0.400001
v 12.210001 8.686000 0.399999
v 12.210001 8.686000 -0.400001
v 12.131112 8.687469 0.399999
v 12.131112 8.687469 -0.400001
v 12.053390 8.691750 0.399999
v 12.053390 8.691750 -0.400001
v 11.976750 8.698656 0.399999
v 11.976750 8.698656 -0.400001
v 11.901112 8.708000 0.399999
v 11.901112 8.708000 -0.400001
v 11.826389 8.719593 0.399999
v 11.826389 8.719593 -0.400001
v 11.752501 8.733250 0.399999
v 11.752501 8.733250 -0.400001
v 11.679361 8.748781 0.399999
v 11.679361 8.748781 -0.400001
v 11.606889 8.766000 0.399999
v 11.606889 8.766000 -0.400001
v 11.535000 8.784719 0.399999
v 11.535000 8.784719 -0.400001
v 11.463612 8.804750 0.399999
v 11.463612 8.804750 -0.400001
v 11.392639 8.825906 0.399999
v 11.392639 8.825906 -0.400001
v 11.322001 8.848000 0.399999
v 11.322001 8.848000 -0.400001
v 11.322001 9.688000 0.399999
v 11.322001 9.688000 -0.400001
v 12.108001 9.688000 0.399999
v 12.108001 9.688000 -0.400001
v 12.108001 10.216000 0.399999
v 12.108001 10.216000 -0.400001
v 10.734000 10.216000 0.399999
v 10.734000 10.216000 -0.400001
v 10.734000 8.482000 0.399999
v 10.734000 8.482000 -0.400001
v 7.924622 8.317837 0.399999
v 7.924622 8.317837 -0.400001
v 7.977973 8.284194 0.399999
v 7.977973 8.284194 -0.400001
v 8.026781 8.254844 0.399999
v 8.026781 8.254844 -0.400001
v 8.071778 8.229555 0.399999
v 8.071778 8.229555 -0.400001
v 8.113691 8.208100 0.399999
v 8.113691 8.208100 -0.400001
v 8.153250 8.190249 0.399999
v 8.153250 8.190249 -0.400001
v 8.191185 8.175774 0.399999
v 8.191185 8.175774 -0.400001
v 8.228223 8.164444 0.399999
v 8.228223 8.164444 -0.400001
v 8.265094 8.156031 0.399999
v 8.265094 8.156031 -0.400001
v 8.302528 8.150306 0.399999
v 8.302528 8.150306 -0.400001
v 8.341253 8.147038 0.399999
v 8.341253 8.147038 -0.400001
v 8.382000 8.146000 0.399999
v 8.382000 8.146000 -0.400001
v 8.438268 8.147764 0.399999
v 8.438268 8.147764 -0.400001
v 8.490139 8.153111 0.399999
v 8.490139 8.153111 -0.400001
v 8.537720 8.162125 0.399999
v 8.537720 8.162125 -0.400001
v 8.581112 8.174889 0.399999
v 8.581112 8.174889 -0.400001
v 8.620420 8.191486 0.399999
v 8.620420 8.191486 -0.400001
v 8.655751 8.212000 0.399999
v 8.655751 8.212000 -0.400001
v 8.687206 8.236514 0.399999
v 8.687206 8.236514 -0.400001
v 8.714890 8.265111 0.399999
v 8.714890 8.265111 -0.400001
v 8.738907 8.297874 0.399999
v 8.738907 8.297874 -0.400001
v 8.759362 8.334888 0.399999
v 8.759362 8.334888 -0.400001
v 8.776359 8.376236 0.399999
v 8.776359 8.376236 -0.400001
v 8.790001 8.422000 0.399999
v 8.790001 8.422000 -0.400001
v 8.848744 8.377497 0.399999
v 8.848744 8.377497 -0.400001
v 8.907946 8.336972 0.399999
v 8.907946 8.336972 -0.400001
v 8.967564 8.300406 0.399999
v 8.967564 8.300406 -0.400001
v 9.027555 8.267777 0.399999
v 9.027555 8.267777 -0.400001
v 9.087882 8.239066 0.399999
v 9.087882 8.239066 -0.400001
v 9.148500 8.214250 0.399999
v 9.148500 8.214250 -0.400001
v 9.209368 8.193309 0.399999
v 9.209368 8.193309 -0.400001
v 9.270445 8.176222 0.399999
v 9.270445 8.176222 -0.400001
v 9.331688 8.162969 0.399999
v 9.331688 8.162969 -0.400001
v 9.393056 8.153527 0.399999
v 9.393056 8.153527 -0.400001
v 9.454507 8.147879 0.399999
v 9.454507 8.147879 -0.400001
v 9.516001 8.146000 0.399999
v 9.516001 8.146000 -0.400001
v 9.612175 8.152340 0.399999
v 9.612175 8.152340 -0.400001
v 9.702390 8.170722 0.399999
v 9.702390 8.170722 -0.400001
v 9.786188 8.200188 0.399999
v 9.786188 8.200188 -0.400001
v 9.863111 8.239778 0.399999
v 9.863111 8.239778 -0.400001
v 9.932702 8.288534 0.399999
v 9.932702 8.288534 -0.400001
v 9.994501 8.345500 0.399999
v 9.994501 8.345500 -0.400001
v 10.048049 8.409715 0.399999
v 10.048049 8.409715 -0.400001
v 10.092890 8.480222 0.399999
v 10.092890 8.480222 -0.400001
v 10.128563 8.556063 0.399999
v 10.128563 8.556063 -0.400001
v 10.154612 8.636278 0.399999
v 10.154612 8.636278 -0.400001
v 10.170577 8.719910 0.399999
v 10.170577 8.719910 -0.400001
v 10.176001 8.806000 0.399999
v 10.176001 8.806000 -0.400001
v 10.166188 8.931962 0.399999
v 10.166188 8.931962 -0.400001
v 10.138000 9.043694 0.399999
v 10.138000 9.043694 -0.400001
v 10.093313 9.142468 0.399999
v 10.093313 9.142468 -0.400001
v 10.034000 9.229555 0.399999
v 10.034000 9.229555 -0.400001
v 9.961937 9.306226 0.399999
v 9.961937 9.306226 -0.400001
v 9.879000 9.373750 0.399999
v 9.879000 9.373750 -0.400001
v 9.787063 9.433399 0.399999
v 9.787063 9.433399 -0.400001
v 9.688000 9.486444 0.399999
v 9.688000 9.486444 -0.400001
v 9.583688 9.534156 0.399999
v 9.583688 9.534156 -0.400001
v 9.476001 9.577806 0.399999
v 9.476001 9.577806 -0.400001
v 9.366814 9.618663 0.399999
v 9.366814 9.618663 -0.400001
v 9.258000 9.658000 0.399999
v 9.258000 9.658000 -0.400001
v 8.784000 9.826000 0.399999
v 8.784000 9.826000 -0.400001
v 8.784000 9.970000 0.399999
v 8.784000 9.970000 -0.400001
v 8.787376 10.049910 0.399999
v 8.787376 10.049910 -0.400001
v 8.797501 10.121778 0.399999
v 8.797501 10.121778 -0.400001
v 8.814376 10.185813 0.399999
v 8.814376 10.185813 -0.400001
v 8.838001 10.242222 0.399999
v 8.838001 10.242222 -0.400001
v 8.868376 10.291215 0.399999
v 8.868376 10.291215 -0.400001
v 8.905501 10.333000 0.399999
v 8.905501 10.333000 -0.400001
v 8.949376 10.367785 0.399999
v 8.949376 10.367785 -0.400001
v 9.000002 10.395778 0.399999
v 9.000002 10.395778 -0.400001
v 9.057377 10.417188 0.399999
v 9.057377 10.417188 -0.400001
v 9.121501 10.432222 0.399999
v 9.121501 10.432222 -0.400001
v 9.192376 10.441091 0.399999
v 9.192376 10.441091 -0.400001
v 9.270000 10.444000 0.399999
v 9.270000 10.444000 -0.400001
v 9.343598 10.441108 0.399999
v 9.343598 10.441108 -0.400001
v 9.417278 10.432362 0.399999
v 9.417278 10.432362 -0.400001
v 9.490875 10.417656 0.399999
v 9.490875 10.417656 -0.400001
v 9.564223 10.396889 0.399999
v 9.564223 10.396889 -0.400001
v 9.637154 10.369955 0.399999
v 9.637154 10.369955 -0.400001
v 9.709501 10.336750 0.399999
v 9.709501 10.336750 -0.400001
v 9.781097 10.297171 0.399999
v 9.781097 10.297171 -0.400001
v 9.851779 10.251111 0.399999
v 9.851779 10.251111 -0.400001
v 9.921376 10.198469 0.399999
v 9.921376 10.198469 -0.400001
v 9.989723 10.139139 0.399999
v 9.989723 10.139139 -0.400001
v 10.056654 10.073017 0.399999
v 10.056654 10.073017 -0.400001
v 10.122001 10.000000 0.399999
v 10.122001 10.000000 -0.400001
v 10.122001 10.582000 0.399999
v 10.122001 10.582000 -0.400001
v 10.067742 10.640879 0.399999
v 10.067742 10.640879 -0.400001
v 10.009944 10.694528 0.399999
v 10.009944 10.694528 -0.400001
v 9.948563 10.742969 0.399999
v 9.948563 10.742969 -0.400001
v 9.883555 10.786222 0.399999
v 9.883555 10.786222 -0.400001
v 9.814881 10.824309 0.399999
v 9.814881 10.824309 -0.400001
v 9.742500 10.857250 0.399999
v 9.742500 10.857250 -0.400001
v 9.666368 10.885066 0.399999
v 9.666368 10.885066 -0.400001
v 9.586445 10.907778 0.399999
v 9.586445 10.907778 -0.400001
v 9.502687 10.925406 0.399999
v 9.502687 10.925406 -0.400001
v 9.415056 10.937972 0.399999
v 9.415056 10.937972 -0.400001
v 9.323507 10.945497 0.399999
v 9.323507 10.945497 -0.400001
v 9.228001 10.948000 0.399999
v 9.228001 10.948000 -0.400001
v 9.094061 10.942215 0.399999
v 9.094061 10.942215 -0.400001
v 8.965975 10.924723 0.399999
v 8.965975 10.924723 -0.400001
v 8.844846 10.895312 0.399999
v 8.844846 10.895312 -0.400001
v 8.731780 10.853778 0.399999
v 8.731780 10.853778 -0.400001
v 8.627880 10.799910 0.399999
v 8.627880 10.799910 -0.400001
v 8.534252 10.733500 0.399999
v 8.534252 10.733500 -0.400001
v 8.451998 10.654341 0.399999
v 8.451998 10.654341 -0.400001
v 8.382223 10.562222 0.399999
v 8.382223 10.562222 -0.400001
v 8.326033 10.456938 0.399999
v 8.326033 10.456938 -0.400001
v 8.284529 10.338278 0.399999
v 8.284529 10.338278 -0.400001
v 8.258817 10.206035 0.399999
v 8.258817 10.206035 -0.400001
v 8.250001 10.059999 0.399999
v 8.250001 10.059999 -0.400001
v 8.250001 8.674000 0.399999
v 8.250001 8.674000 -0.400001
v 8.249253 8.649858 0.399999
v 8.249253 8.649858 -0.400001
v 8.247027 8.628361 0.399999
v 8.247027 8.628361 -0.400001
v 8.243343 8.609406 0.399999
v 8.243343 8.609406 -0.400001
v 8.238222 8.592889 0.399999
v 8.238222 8.592889 -0.400001
v 8.231684 8.578705 0.399999
v 8.231684 8.578705 -0.400001
v 8.223749 8.566750 0.399999
v 8.223749 8.566750 -0.400001
v 8.214440 8.556920 0.399999
v 8.214440 8.556920 -0.400001
v 8.203777 8.549111 0.399999
v 8.203777 8.549111 -0.400001
v 8.191781 8.543219 0.399999
v 8.191781 8.543219 -0.400001
v 8.178473 8.539139 0.399999
v 8.178473 8.539139 -0.400001
v 8.163872 8.536767 0.399999
v 8.163872 8.536767 -0.400001
v 8.148001 8.536000 0.399999
v 8.148001 8.536000 -0.400001
v 8.133400 8.537114 0.399999
v 8.133400 8.537114 -0.400001
v 8.116695 8.540417 0.399999
v 8.116695 8.540417 -0.400001
v 8.098032 8.545844 0.399999
v 8.098032 8.545844 -0.400001
v 8.077557 8.553333 0.399999
v 8.077557 8.553333 -0.400001
v 8.055414 8.562822 0.399999
v 8.055414 8.562822 -0.400001
v 8.031752 8.574250 0.399999
v 8.031752 8.574250 -0.400001
v 8.006713 8.587552 0.399999
v 8.006713 8.587552 -0.400001
v 7.980446 8.602667 0.399999
v 7.980446 8.602667 -0.400001
v 7.953095 8.619532 0.399999
v 7.953095 8.619532 -0.400001
v 7.924807 8.638083 0.399999
v 7.924807 8.638083 -0.400001
v 7.895727 8.658260 0.399999
v 7.895727 8.658260 -0.400001
v 7.866001 8.680000 0.399999
v 7.866001 8.680000 -0.400001
v 7.866001 8.356000 0.399999
v 7.866001 8.356000 -0.400001
v 8.896556 9.492907 0.399999
v 8.896556 9.492907 -0.400001
v 9.005445 9.453250 0.399999
v 9.005445 9.453250 -0.400001
v 9.109501 9.412469 0.399999
v 9.109501 9.412469 -0.400001
v 9.207557 9.370000 0.399999
v 9.207557 9.370000 -0.400001
v 9.298446 9.325281 0.399999
v 9.298446 9.325281 -0.400001
v 9.381001 9.277750 0.399999
v 9.381001 9.277750 -0.400001
v 9.454057 9.226844 0.399999
v 9.454057 9.226844 -0.400001
v 9.516445 9.172000 0.399999
v 9.516445 9.172000 -0.400001
v 9.567001 9.112657 0.399999
v 9.567001 9.112657 -0.400001
v 9.604556 9.048250 0.399999
v 9.604556 9.048250 -0.400001
v 9.627945 8.978219 0.399999
v 9.627945 8.978219 -0.400001
v 9.636001 8.902000 0.399999
v 9.636001 8.902000 -0.400001
v 9.632686 8.847927 0.399999
v 9.632686 8.847927 -0.400001
v 9.622974 8.796917 0.399999
v 9.622974 8.796917 -0.400001
v 9.607221 8.749281 0.399999
v 9.607221 8.749281 -0.400001
v 9.585779 8.705334 0.399999
v 9.585779 8.705334 -0.400001
v 9.559006 8.665385 0.399999
v 9.559006 8.665385 -0.400001
v 9.527251 8.629750 0.399999
v 9.527251 8.629750 -0.400001
v 9.490873 8.598740 0.399999
v 9.490873 8.598740 -0.400001
v 9.450224 8.572666 0.399999
v 9.450224 8.572666 -0.400001
v 9.405657 8.551844 0.399999
v 9.405657 8.551844 -0.400001
v 9.357529 8.536583 0.399999
v 9.357529 8.536583 -0.400001
v 9.306191 8.527198 0.399999
v 9.306191 8.527198 -0.400001
v 9.252001 8.524000 0.399999
v 9.252001 8.524000 -0.400001
v 9.210247 8.525732 0.399999
v 9.210247 8.525732 -0.400001
v 9.168998 8.530861 0.399999
v 9.168998 8.530861 -0.400001
v 9.128248 8.539281 0.399999
v 9.128248 8.539281 -0.400001
v 9.087998 8.550889 0.399999
v 9.087998 8.550889 -0.400001
v 9.048249 8.565579 0.399999
v 9.048249 8.565579 -0.400001
v 9.008999 8.583250 0.399999
v 9.008999 8.583250 -0.400001
v 8.970249 8.603795 0.399999
v 8.970249 8.603795 -0.400001
v 8.932000 8.627111 0.399999
v 8.932000 8.627111 -0.400001
v 8.894250 8.653093 0.399999
v 8.894250 8.653093 -0.400001
v 8.857000 8.681639 0.399999
v 8.857000 8.681639 -0.400001
v 8.820251 8.712643 0.399999
v 8.820251 8.712643 -0.400001
v 8.784000 8.746000 0.399999
v 8.784000 8.746000 -0.400001
v 8.784000 9.532000 0.399999
v 8.784000 9.532000 -0.400001
v 6.882000 10.540000 0.399999
v 6.882000 10.540000 -0.400001
v 6.813369 10.606007 0.399999
v 6.813369 10.606007 -0.400001
v 6.745445 10.666056 0.399999
v 6.745445 10.666056 -0.400001
v 6.678188 10.720187 0.399999
v 6.678188 10.720187 -0.400001
v 6.611557 10.768444 0.399999
v 6.611557 10.768444 -0.400001
v 6.545507 10.810868 0.399999
v 6.545507 10.810868 -0.400001
v 6.480001 10.847500 0.399999
v 6.480001 10.847500 -0.400001
v 6.414994 10.878382 0.399999
v 6.414994 10.878382 -0.400001
v 6.350445 10.903556 0.399999
v 6.350445 10.903556 -0.400001
v 6.286313 10.923062 0.399999
v 6.286313 10.923062 -0.400001
v 6.222556 10.936945 0.399999
v 6.222556 10.936945 -0.400001
v 6.159132 10.945243 0.399999
v 6.159132 10.945243 -0.400001
v 6.096000 10.948000 0.399999
v 6.096000 10.948000 -0.400001
v 6.011775 10.944510 0.399999
v 6.011775 10.944510 -0.400001
v 5.930195 10.934084 0.399999
v 5.930195 10.934084 -0.400001
v 5.851407 10.916781 0.399999
v 5.851407 10.916781 -0.400001
v 5.775556 10.892667 0.399999
v 5.775556 10.892667 -0.400001
v 5.702789 10.861802 0.399999
v 5.702789 10.861802 -0.400001
v 5.633250 10.824250 0.399999
v 5.633250 10.824250 -0.400001
v 5.567087 10.780073 0.400000
v 5.567087 10.780073 -0.400000
v 5.504445 10.729333 0.400000
v 5.504445 10.729333 -0.400000
v 5.445469 10.672093 0.400000
v 5.445469 10.672093 -0.400000
v 5.390306 10.608417 0.400000
v 5.390306 10.608417 -0.400000
v 5.339101 10.538364 0.400000
v 5.339101 10.538364 -0.400000
v 5.292001 10.462000 0.400000
v 5.292001 10.462000 -0.400000
v 5.232469 10.527020 0.400000
v 5.232469 10.527020 -0.400000
v 5.170750 10.589666 0.400000
v 5.170750 10.589666 -0.400000
v 5.106656 10.649313 0.400000
v 5.106656 10.649313 -0.400000
v 5.040000 10.705334 0.400000
v 5.040000 10.705334 -0.400000
v 4.970594 10.757104 0.400000
v 4.970594 10.757104 -0.400000
v 4.898250 10.804000 0.400000
v 4.898250 10.804000 -0.400000
v 4.822782 10.845396 0.400000
v 4.822782 10.845396 -0.400000
v 4.744000 10.880667 0.400000
v 4.744000 10.880667 -0.400000
v 4.661719 10.909187 0.400000
v 4.661719 10.909187 -0.400000
v 4.575750 10.930333 0.400000
v 4.575750 10.930333 -0.400000
v 4.485907 10.943480 0.400000
v 4.485907 10.943480 -0.400000
v 4.392000 10.948000 0.400000
v 4.392000 10.948000 -0.400000
v 4.259712 10.939368 0.400000
v 4.259712 10.939368 -0.400000
v 4.136194 10.913944 0.400000
v 4.136194 10.913944 -0.400000
v 4.021969 10.872437 0.400000
v 4.021969 10.872437 -0.400000
v 3.917556 10.815556 0.400000
v 3.917556 10.815556 -0.400000
v 3.823476 10.744007 0.400000
v 3.823476 10.744007 -0.400000
v 3.740250 10.658500 0.400000
v 3.740250 10.658500 -0.400000
v 3.668400 10.559743 0.400000
v 3.668400 10.559743 -0.400000
v 3.608445 10.448444 0.400000
v 3.608445 10.448444 -0.400000
v 3.560907 10.325313 0.400000
v 3.560907 10.325313 -0.400000
v 3.526306 10.191055 0.400000
v 3.526306 10.191055 -0.400000
v 3.505164 10.046382 0.400000
v 3.505164 10.046382 -0.400000
v 3.498000 9.892000 0.400000
v 3.498000 9.892000 -0.400000
v 3.498000 8.200000 0.400000
v 3.498000 8.200000 -0.400000
v 4.032001 8.200000 0.400000
v 4.032001 8.200000 -0.400000
v 4.032001 9.868000 0.400000
v 4.032001 9.868000 -0.400000
v 4.037136 9.966105 0.400000
v 4.037136 9.966105 -0.400000
v 4.052083 10.056334 0.400000
v 4.052083 10.056334 -0.400000
v 4.076157 10.138562 0.400000
v 4.076157 10.138562 -0.400000
v 4.108667 10.212667 0.400000
v 4.108667 10.212667 -0.400000
v 4.148928 10.278521 0.400000
v 4.148928 10.278521 -0.400000
v 4.196250 10.336000 0.400000
v 4.196250 10.336000 -0.400000
v 4.249948 10.384979 0.400000
v 4.249948 10.384979 -0.400000
v 4.309334 10.425333 0.400000
v 4.309334 10.425333 -0.400000
v 4.373719 10.456938 0.400000
v 4.373719 10.456938 -0.400000
v 4.442417 10.479667 0.400000
v 4.442417 10.479667 -0.400000
v 4.514740 10.493396 0.400000
v 4.514740 10.493396 -0.400000
v 4.590000 10.498000 0.400000
v 4.590000 10.498000 -0.400000
v 4.634691 10.496312 0.400000
v 4.634691 10.496312 -0.400000
v 4.681528 10.488500 0.400000
v 4.681528 10.488500 -0.400000
v 4.730156 10.474937 0.400000
v 4.730156 10.474937 -0.400000
v 4.780222 10.456000 0.400000
v 4.780222 10.456000 -0.400000
v 4.831372 10.432062 0.400000
v 4.831372 10.432062 -0.400000
v 4.883250 10.403500 0.400000
v 4.883250 10.403500 -0.400000
v 4.935504 10.370687 0.400000
v 4.935504 10.370687 -0.400000
v 4.987778 10.334000 0.400000
v 4.987778 10.334000 -0.400000
v 5.039720 10.293813 0.400000
v 5.039720 10.293813 -0.400000
v 5.090973 10.250500 0.400000
v 5.090973 10.250500 -0.400000
v 5.141185 10.204437 0.400000
v 5.141185 10.204437 -0.400000
v 5.190001 10.156000 0.400000
v 5.190001 10.156000 -0.400000
v 5.190001 8.200000 0.400000
v 5.190001 8.200000 -0.400000
v 5.724000 8.200000 0.399999
v 5.724000 8.200000 -0.400001
v 5.724000 9.874000 0.399999
v 5.724000 9.874000 -0.400001
v 5.728521 9.978288 0.399999
v 5.728521 9.978288 -0.400001
v 5.741667 10.072306 0.399999
v 5.741667 10.072306 -0.400001
v 5.762813 10.156281 0.399999
v 5.762813 10.156281 -0.400001
v 5.791334 10.230445 0.399999
v 5.791334 10.230445 -0.400001
v 5.826604 10.295024 0.399999
v 5.826604 10.295024 -0.400001
v 5.868000 10.350250 0.399999
v 5.868000 10.350250 -0.400001
v 5.914896 10.396351 0.399999
v 5.914896 10.396351 -0.400001
v 5.966667 10.433556 0.399999
v 5.966667 10.433556 -0.400001
v 6.022688 10.462093 0.399999
v 6.022688 10.462093 -0.400001
v 6.082334 10.482195 0.399999
v 6.082334 10.482195 -0.400001
v 6.144979 10.494087 0.399999
v 6.144979 10.494087 -0.400001
v 6.210001 10.498000 0.399999
v 6.210001 10.498000 -0.400001
v 6.275702 10.496198 0.399999
v 6.275702 10.496198 -0.400001
v 6.338111 10.490583 0.399999
v 6.338111 10.490583 -0.400001
v 6.397688 10.480844 0.399999
v 6.397688 10.480844 -0.400001
v 6.454889 10.466667 0.399999
v 6.454889 10.466667 -0.400001
v 6.510174 10.447740 0.399999
v 6.510174 10.447740 -0.400001
v 6.564001 10.423750 0.399999
v 6.564001 10.423750 -0.400001
v 6.616827 10.394385 0.399999
v 6.616827 10.394385 -0.400001
v 6.669112 10.359333 0.399999
v 6.669112 10.359333 -0.400001
v 6.721313 10.318281 0.399999
v 6.721313 10.318281 -0.400001
v 6.773890 10.270917 0.399999
v 6.773890 10.270917 -0.400001
v 6.827299 10.216927 0.399999
v 6.827299 10.216927 -0.400001
v 6.882000 10.156000 0.399999
v 6.882000 10.156000 -0.400001
v 6.882000 8.200000 0.399999
v 6.882000 8.200000 -0.400001
v 7.416000 8.200000 0.399999
v 7.416000 8.200000 -0.400001
v 7.416000 10.894000 0.399999
v 7.416000 10.894000 -0.400001
v 6.882000 10.894000 0.399999
v 6.882000 10.894000 -0.400001
v 0.596487 8.412368 0.400000
v 0.596486 8.412368 -0.400000
v 0.676389 8.365444 0.400000
v 0.676389 8.365444 -0.400000
v 0.756375 8.323187 0.400000
v 0.756375 8.323187 -0.400000
v 0.837112 8.285555 0.400000
v 0.837111 8.285555 -0.400000
v 0.919264 8.252507 0.400000
v 0.919264 8.252507 -0.400000
v 1.003500 8.224000 0.400000
v 1.003500 8.224000 -0.400000
v 1.090486 8.199993 0.400000
v 1.090486 8.199993 -0.400000
v 1.180889 8.180445 0.400000
v 1.180889 8.180445 -0.400000
v 1.275375 8.165312 0.400000
v 1.275375 8.165312 -0.400000
v 1.374611 8.154555 0.400000
v 1.374611 8.154555 -0.400000
v 1.479264 8.148132 0.400000
v 1.479264 8.148132 -0.400000
v 1.590000 8.146000 0.400000
v 1.590000 8.146000 -0.400000
v 1.792195 8.160007 0.400000
v 1.792195 8.160007 -0.400000
v 1.978556 8.200556 0.400000
v 1.978556 8.200556 -0.400000
v 2.148750 8.265438 0.400000
v 2.148750 8.265438 -0.400000
v 2.302445 8.352445 0.400000
v 2.302445 8.352445 -0.400000
v 2.439306 8.459368 0.400000
v 2.439306 8.459368 -0.400000
v 2.559000 8.584000 0.400000
v 2.559000 8.584000 -0.400000
v 2.661195 8.724132 0.400000
v 2.661195 8.724132 -0.400000
v 2.745556 8.877556 0.400000
v 2.745556 8.877556 -0.400000
v 2.811750 9.042063 0.400000
v 2.811750 9.042063 -0.400000
v 2.859445 9.215445 0.400000
v 2.859445 9.215445 -0.400000
v 2.888306 9.395493 0.400000
v 2.888306 9.395493 -0.400000
v 2.898000 9.580000 0.400000
v 2.898000 9.580000 -0.400000
v 2.887417 9.778334 0.400000
v 2.887417 9.778334 -0.400000
v 2.856334 9.964666 0.400000
v 2.856334 9.964666 -0.400000
v 2.805750 10.138000 0.400000
v 2.805750 10.138000 -0.400000
v 2.736667 10.297334 0.400000
v 2.736667 10.297334 -0.400000
v 2.650084 10.441667 0.400000
v 2.650084 10.441667 -0.400000
v 2.547000 10.570000 0.400000
v 2.547000 10.570000 -0.400000
v 2.428417 10.681334 0.400000
v 2.428417 10.681334 -0.400000
v 2.295334 10.774667 0.400000
v 2.295334 10.774667 -0.400000
v 2.148750 10.849000 0.400000
v 2.148750 10.849000 -0.400000
v 1.989667 10.903334 0.400000
v 1.989667 10.903334 -0.400000
v 1.819083 10.936666 0.400000
v 1.819083 10.936666 -0.400000
v 1.638000 10.948000 0.400000
v 1.638000 10.948000 -0.400000
v 1.464990 10.937861 0.400000
v 1.464990 10.937861 -0.400000
v 1.303417 10.907389 0.400000
v 1.303417 10.907389 -0.400000
v 1.153969 10.856500 0.400000
v 1.153969 10.856500 -0.400000
v 1.017334 10.785111 0.400000
v 1.017334 10.785111 -0.400000
v 0.894198 10.693139 0.400000
v 0.894198 10.693139 -0.400000
v 0.785250 10.580500 0.400000
v 0.785250 10.580500 -0.400000
v 0.691177 10.447111 0.400000
v 0.691177 10.447111 -0.400000
v 0.612667 10.292889 0.400000
v 0.612667 10.292889 -0.400000
v 0.550407 10.117750 0.400000
v 0.550406 10.117750 -0.400000
v 0.505084 9.921611 0.400000
v 0.505084 9.921611 -0.400000
v 0.477386 9.704389 0.400000
v 0.477386 9.704389 -0.400000
v 0.468000 9.466000 0.400000
v 0.468000 9.466000 -0.400000
v 2.364000 9.466000 0.400000
v 2.364000 9.466000 -0.400000
v 2.338382 9.337885 0.400000
v 2.338382 9.337885 -0.400000
v 2.303556 9.220583 0.400000
v 2.303556 9.220583 -0.400000
v 2.259563 9.114157 0.400000
v 2.259563 9.114157 -0.400000
v 2.206445 9.018666 0.400000
v 2.206445 9.018666 -0.400000
v 2.144243 8.934177 0.400000
v 2.144243 8.934177 -0.400000
v 2.073000 8.860750 0.400000
v 2.073000 8.860750 -0.400000
v 1.992757 8.798448 0.400000
v 1.992757 8.798448 -0.400000
v 1.903556 8.747334 0.400000
v 1.903556 8.747334 -0.400000
v 1.805438 8.707469 0.400000
v 1.805438 8.707469 -0.400000
v 1.698445 8.678917 0.400000
v 1.698445 8.678917 -0.400000
v 1.582618 8.661739 0.400000
v 1.582618 8.661739 -0.400000
v 1.458000 8.656000 0.400000
v 1.458000 8.656000 -0.400000
v 1.377361 8.658479 0.400000
v 1.377361 8.658479 -0.400000
v 1.297389 8.665833 0.400000
v 1.297389 8.665833 -0.400000
v 1.218000 8.677938 0.400000
v 1.218000 8.677938 -0.400000
v 1.139111 8.694667 0.400000
v 1.139111 8.694667 -0.400000
v 1.060639 8.715896 0.400000
v 1.060639 8.715896 -0.400000
v 0.982500 8.741500 0.400000
v 0.982500 8.741500 -0.400000
v 0.904611 8.771354 0.400000
v 0.904611 8.771354 -0.400000
v 0.826889 8.805333 0.400000
v 0.826889 8.805333 -0.400000
v 0.749250 8.843312 0.400000
v 0.749250 8.843312 -0.400000
v 0.671611 8.885166 0.400000
v 0.671611 8.885166 -0.400000
v 0.593889 8.930771 0.400000
v 0.593889 8.930771 -0.400000
v 0.516000 8.980000 0.400000
v 0.516000 8.980000 -0.400000
v 0.516000 8.464000 0.400000
v 0.516000 8.464000 -0.400000
v 1.004959 9.918813 0.400000
v 1.004959 9.918813 -0.400000
v 1.022667 10.011000 0.400000
v 1.022667 10.011000 -0.400000
v 1.048875 10.096188 0.400000
v 1.048875 10.096188 -0.400000
v 1.083333 10.174000 0.400000
v 1.083333 10.174000 -0.400000
v 1.125792 10.244062 0.400000
v 1.125792 10.244062 -0.400000
v 1.176000 10.306000 0.400000
v 1.176000 10.306000 -0.400000
v 1.233709 10.359438 0.400000
v 1.233709 10.359438 -0.400000
v 1.298667 10.404000 0.400000
v 1.298667 10.404000 -0.400000
v 1.370625 10.439313 0.400000
v 1.370625 10.439313 -0.400000
v 1.449334 10.465000 0.400000
v 1.449334 10.465000 -0.400000
v 1.534542 10.480687 0.400000
v 1.534542 10.480687 -0.400000
v 1.626000 10.486000 0.400000
v 1.626000 10.486000 -0.400000
v 1.724618 10.481031 0.400000
v 1.724618 10.481031 -0.400000
v 1.816445 10.466250 0.400000
v 1.816445 10.466250 -0.400000
v 1.901438 10.441844 0.400000
v 1.901438 10.441844 -0.400000
v 1.979556 10.408000 0.400000
v 1.979556 10.408000 -0.400000
v 2.050757 10.364906 0.400000
v 2.050757 10.364906 -0.400000
v 2.115000 10.312750 0.400000
v 2.115000 10.312750 -0.400000
v 2.172243 10.251719 0.400000
v 2.172243 10.251719 -0.400000
v 2.222445 10.182000 0.400000
v 2.222445 10.182000 -0.400000
v 2.265563 10.103782 0.400000
v 2.265563 10.103782 -0.400000
v 2.301556 10.017250 0.400000
v 2.301556 10.017250 -0.400000
v 2.330382 9.922594 0.400000
v 2.330382 9.922594 -0.400000
v 2.352000 9.820000 0.400000
v 2.352000 9.820000 -0.400000
v 0.996000 9.820000 0.400000
v 0.996000 9.820000 -0.400000
v -5.209435 11.450143 0.400000
v -5.209435 11.450143 -0.400000
v -5.087473 11.513639 0.400000
v -5.087473 11.513639 -0.400000
v -4.967720 11.570594 0.400000
v -4.967720 11.570594 -0.400000
v -4.849779 11.621111 0.400000
v -4.849779 11.621111 -0.400000
v -4.733254 11.665296 0.400000
v -4.733254 11.665296 -0.400000
v -4.617751 11.703250 0.400000
v -4.617751 11.703250 -0.400000
v -4.502872 11.735080 0.400000
v -4.502872 11.735080 -0.400000
v -4.388223 11.760889 0.400000
v -4.388223 11.760889 -0.400000
v -4.273407 11.780781 0.400000
v -4.273407 11.780781 -0.400000
v -4.158028 11.794861 0.400000
v -4.158028 11.794861 -0.400000
v -4.041691 11.803232 0.400000
v -4.041691 11.803232 -0.400000
v -3.924000 11.806000 0.400000
v -3.924000 11.806000 -0.400000
v -3.695264 11.792375 0.400000
v -3.695264 11.792375 -0.400000
v -3.478111 11.752500 0.400000
v -3.478111 11.752500 -0.400000
v -3.274125 11.687875 0.400000
v -3.274125 11.687875 -0.400000
v -3.084889 11.600000 0.400000
v -3.084889 11.600000 -0.400000
v -2.911986 11.490375 0.400000
v -2.911986 11.490375 -0.400000
v -2.757000 11.360500 0.400000
v -2.757000 11.360500 -0.400000
v -2.621514 11.211875 0.400000
v -2.621514 11.211875 -0.400000
v -2.507111 11.046000 0.400000
v -2.507111 11.046000 -0.400000
v -2.415375 10.864375 0.400000
v -2.415375 10.864375 -0.400000
v -2.347889 10.668500 0.400000
v -2.347889 10.668500 -0.400000
v -2.306236 10.459875 0.400000
v -2.306236 10.459875 -0.400000
v -2.292000 10.240000 0.400000
v -2.292000 10.240000 -0.400000
v -2.305792 10.016580 0.400000
v -2.305792 10.016580 -0.400000
v -2.346333 9.806139 0.400000
v -2.346333 9.806139 -0.400000
v -2.412375 9.609906 0.400000
v -2.412375 9.609906 -0.400000
v -2.502667 9.429111 0.400000
v -2.502667 9.429111 -0.400000
v -2.615958 9.264982 0.400000
v -2.615958 9.264982 -0.400000
v -2.751000 9.118750 0.400000
v -2.751000 9.118750 -0.400000
v -2.906542 8.991642 0.400000
v -2.906542 8.991642 -0.400000
v -3.081334 8.884889 0.400000
v -3.081334 8.884889 -0.400000
v -3.274125 8.799719 0.400000
v -3.274125 8.799719 -0.400000
v -3.483667 8.737361 0.400000
v -3.483667 8.737361 -0.400000
v -3.708709 8.699045 0.400000
v -3.708709 8.699045 -0.400000
v -3.948000 8.686000 0.400000
v -3.948000 8.686000 -0.400000
v -4.064327 8.689361 0.400000
v -4.064327 8.689361 -0.400000
v -4.182111 8.699389 0.400000
v -4.182111 8.699389 -0.400000
v -4.301063 8.716000 0.400000
v -4.301063 8.716000 -0.400000
v -4.420889 8.739111 0.400000
v -4.420889 8.739111 -0.400000
v -4.541299 8.768639 0.400000
v -4.541299 8.768639 -0.400000
v -4.662001 8.804500 0.400000
v -4.662001 8.804500 -0.400000
v -4.782702 8.846611 0.400000
v -4.782702 8.846611 -0.400000
v -4.903111 8.894889 0.400000
v -4.903111 8.894889 -0.400000
v -5.022938 8.949250 0.400000
v -5.022938 8.949250 -0.400000
v -5.141890 9.009611 0.400000
v -5.141890 9.009611 -0.400000
v -5.259674 9.075889 0.400000
v -5.259674 9.075889 -0.400000
v -5.376000 9.148000 0.400000
v -5.376000 9.148000 -0.400000
v -5.376000 8.506000 0.400000
v -5.376000 8.506000 -0.400000
v -5.274653 8.454802 0.400000
v -5.274653 8.454802 -0.400000
v -5.171223 8.406417 0.400000
v -5.171223 8.406417 -0.400000
v -5.065125 8.361156 0.400000
v -5.065125 8.361156 -0.400000
v -4.955778 8.319333 0.400000
v -4.955778 8.319333 -0.400000
v -4.842597 8.281260 0.400000
v -4.842597 8.281260 -0.400000
v -4.725000 8.247250 0.400000
v -4.725000 8.247250 -0.400000
v -4.602403 8.217614 0.400000
v -4.602403 8.217614 -0.400000
v -4.474222 8.192667 0.400000
v -4.474222 8.192667 -0.400000
v -4.339875 8.172719 0.400000
v -4.339875 8.172719 -0.400000
v -4.198778 8.158083 0.400000
v -4.198778 8.158083 -0.400000
v -4.050347 8.149073 0.400000
v -4.050347 8.149073 -0.400000
v -3.894000 8.146000 0.400000
v -3.894000 8.146000 -0.400000
v -3.527889 8.169753 0.400000
v -3.527889 8.169753 -0.400000
v -3.197112 8.237527 0.400000
v -3.197112 8.237527 -0.400000
v -2.901000 8.344093 0.400000
v -2.901000 8.344093 -0.400000
v -2.638889 8.484221 0.400000
v -2.638889 8.484221 -0.400000
v -2.410112 8.652683 0.400000
v -2.410112 8.652683 -0.400000
v -2.214000 8.844250 0.400000
v -2.214000 8.844250 -0.400000
v -2.049889 9.053691 0.400000
v -2.049889 9.053691 -0.400000
v -1.917112 9.275778 0.400000
v -1.917112 9.275778 -0.400000
v -1.815000 9.505281 0.400000
v -1.815000 9.505281 -0.400000
v -1.742889 9.736972 0.400000
v -1.742889 9.736972 -0.400000
v -1.700111 9.965622 0.400000
v -1.700111 9.965622 -0.400000
v -1.686000 10.186000 0.400000
v -1.686000 10.186000 -0.400000
v -1.705288 10.490666 0.400000
v -1.705288 10.490666 -0.400000
v -1.761805 10.779333 0.400000
v -1.761805 10.779333 -0.400000
v -1.853531 11.050000 0.400000
v -1.853531 11.050000 -0.400000
v -1.978444 11.300667 0.400000
v -1.978444 11.300667 -0.400000
v -2.134524 11.529333 0.400000
v -2.134524 11.529333 -0.400000
v -2.319750 11.734000 0.400000
v -2.319750 11.734000 -0.400000
v -2.532101 11.912666 0.400000
v -2.532101 11.912666 -0.400000
v -2.769556 12.063334 0.400000
v -2.769556 12.063334 -0.400000
v -3.030094 12.184000 0.400000
v -3.030094 12.184000 -0.400000
v -3.311695 12.272667 0.400000
v -3.311695 12.272667 -0.400000
v -3.612337 12.327333 0.400000
v -3.612337 12.327333 -0.400000
v -3.930001 12.346001 0.400000
v -3.930001 12.346001 -0.400000
v -4.035198 12.343858 0.400000
v -4.035198 12.343858 -0.400000
v -4.141084 12.337361 0.400000
v -4.141084 12.337361 -0.400000
v -4.248094 12.326406 0.400000
v -4.248094 12.326406 -0.400000
v -4.356667 12.310889 0.400000
v -4.356667 12.310889 -0.400000
v -4.467240 12.290705 0.400000
v -4.467240 12.290705 -0.400000
v -4.580250 12.265751 0.400000
v -4.580250 12.265751 -0.400000
v -4.696136 12.235920 0.400000
v -4.696136 12.235920 -0.400000
v -4.815334 12.201111 0.400000
v -4.815334 12.201111 -0.400000
v -4.938282 12.161219 0.400000
v -4.938282 12.161219 -0.400000
v -5.065417 12.116139 0.400000
v -5.065417 12.116139 -0.400000
v -5.197177 12.065767 0.400000
v -5.197177 12.065767 -0.400000
v -5.334001 12.010000 0.400000
v -5.334001 12.010000 -0.400000
v -5.334001 11.380000 0.400000
v -5.334001 11.380000 -0.400000
v -6.036000 8.200000 0.400001
v -6.036000 8.200000 -0.399999
v -6.036000 12.292000 0.400001
v -6.036000 12.292000 -0.399999
v -6.570000 12.292000 0.400001
v -6.570000 12.292000 -0.399999
v -6.570000 8.200000 0.400001
v -6.570000 8.200000 -0.399999
v -9.507514 8.412368 0.400001
v -9.507514 8.412368 -0.399999
v -9.427611 8.365444 0.400001
v -9.427611 8.365444 -0.399999
v -9.347625 8.323187 0.400001
v -9.347625 8.323187 -0.399999
v -9.266890 8.285555 0.400001
v -9.266890 8.285555 -0.399999
v -9.184736 8.252507 0.400001
v -9.184736 8.252507 -0.399999
v -9.100500 8.224000 0.400001
v -9.100500 8.224000 -0.399999
v -9.013514 8.199993 0.400001
v -9.013514 8.199993 -0.399999
v -8.923111 8.180445 0.400001
v -8.923111 8.180445 -0.399999
v -8.828626 8.165312 0.400001
v -8.828626 8.165312 -0.399999
v -8.729389 8.154555 0.400001
v -8.729389 8.154555 -0.399999
v -8.624737 8.148132 0.400001
v -8.624737 8.148132 -0.399999
v -8.514001 8.146000 0.400001
v -8.514001 8.146000 -0.399999
v -8.311808 8.160007 0.400001
v -8.311808 8.160007 -0.399999
v -8.125446 8.200556 0.400001
v -8.125446 8.200556 -0.399999
v -7.955252 8.265438 0.400001
v -7.955252 8.265438 -0.399999
v -7.801557 8.352445 0.400001
v -7.801557 8.352445 -0.399999
v -7.664696 8.459368 0.400001
v -7.664696 8.459368 -0.399999
v -7.545001 8.584000 0.400001
v -7.545001 8.584000 -0.399999
v -7.442807 8.724132 0.400001
v -7.442807 8.724132 -0.399999
v -7.358446 8.877556 0.400001
v -7.358446 8.877556 -0.399999
v -7.292251 9.042063 0.400001
v -7.292251 9.042063 -0.399999
v -7.244556 9.215445 0.400001
v -7.244556 9.215445 -0.399999
v -7.215695 9.395493 0.400001
v -7.215695 9.395493 -0.399999
v -7.206000 9.580000 0.400001
v -7.206000 9.580000 -0.399999
v -7.216583 9.778334 0.400001
v -7.216583 9.778334 -0.399999
v -7.247667 9.964666 0.400001
v -7.247667 9.964666 -0.399999
v -7.298251 10.138000 0.400001
v -7.298251 10.138000 -0.399999
v -7.367333 10.297334 0.400001
v -7.367333 10.297334 -0.399999
v -7.453917 10.441667 0.400001
v -7.453917 10.441667 -0.399999
v -7.557000 10.570000 0.400001
v -7.557000 10.570000 -0.399999
v -7.675584 10.681334 0.400001
v -7.675584 10.681334 -0.399999
v -7.808667 10.774667 0.400001
v -7.808667 10.774667 -0.399999
v -7.955250 10.849000 0.400001
v -7.955250 10.849000 -0.399999
v -8.114334 10.903334 0.400001
v -8.114334 10.903334 -0.399999
v -8.284918 10.936666 0.400001
v -8.284918 10.936666 -0.399999
v -8.466001 10.948000 0.400001
v -8.466001 10.948000 -0.399999
v -8.639012 10.937861 0.400001
v -8.639012 10.937861 -0.399999
v -8.800585 10.907389 0.400001
v -8.800585 10.907389 -0.399999
v -8.950033 10.856500 0.400001
v -8.950033 10.856500 -0.399999
v -9.086668 10.785111 0.400001
v -9.086668 10.785111 -0.399999
v -9.209804 10.693139 0.400001
v -9.209804 10.693139 -0.399999
v -9.318751 10.580500 0.400001
v -9.318751 10.580500 -0.399999
v -9.412825 10.447111 0.400001
v -9.412825 10.447111 -0.399999
v -9.491334 10.292889 0.400001
v -9.491334 10.292889 -0.399999
v -9.553595 10.117750 0.400001
v -9.553595 10.117750 -0.399999
v -9.598917 9.921611 0.400001
v -9.598917 9.921611 -0.399999
v -9.626615 9.704389 0.400001
v -9.626615 9.704389 -0.399999
v -9.636001 9.466000 0.400001
v -9.636001 9.466000 -0.399999
v -7.740001 9.466000 0.400001
v -7.740001 9.466000 -0.399999
v -7.765618 9.337885 0.400001
v -7.765618 9.337885 -0.399999
v -7.800445 9.220583 0.400001
v -7.800445 9.220583 -0.399999
v -7.844438 9.114157 0.400001
v -7.844438 9.114157 -0.399999
v -7.897555 9.018666 0.400001
v -7.897555 9.018666 -0.399999
v -7.959757 8.934177 0.400001
v -7.959757 8.934177 -0.399999
v -8.031000 8.860750 0.400001
v -8.031000 8.860750 -0.399999
v -8.111243 8.798448 0.400001
v -8.111243 8.798448 -0.399999
v -8.200445 8.747334 0.400001
v -8.200445 8.747334 -0.399999
v -8.298563 8.707469 0.400001
v -8.298563 8.707469 -0.399999
v -8.405556 8.678917 0.400001
v -8.405556 8.678917 -0.399999
v -8.521382 8.661739 0.400001
v -8.521382 8.661739 -0.399999
v -8.646001 8.656000 0.400001
v -8.646001 8.656000 -0.399999
v -8.726640 8.658479 0.400001
v -8.726640 8.658479 -0.399999
v -8.806612 8.665833 0.400001
v -8.806612 8.665833 -0.399999
v -8.886002 8.677938 0.400001
v -8.886002 8.677938 -0.399999
v -8.964890 8.694667 0.400001
v -8.964890 8.694667 -0.399999
v -9.043363 8.715896 0.400001
v -9.043363 8.715896 -0.399999
v -9.121501 8.741500 0.400001
v -9.121501 8.741500 -0.399999
v -9.199390 8.771354 0.400001
v -9.199390 8.771354 -0.399999
v -9.277112 8.805333 0.400001
v -9.277112 8.805333 -0.399999
v -9.354752 8.843312 0.400001
v -9.354752 8.843312 -0.399999
v -9.432390 8.885166 0.400001
v -9.432390 8.885166 -0.399999
v -9.510112 8.930771 0.400001
v -9.510112 8.930771 -0.399999
v -9.588000 8.980000 0.400001
v -9.588000 8.980000 -0.399999
v -9.588000 8.464000 0.400001
v -9.588000 8.464000 -0.399999
v -9.099041 9.918813 0.400001
v -9.099041 9.918813 -0.399999
v -9.081333 10.011000 0.400001
v -9.081333 10.011000 -0.399999
v -9.055124 10.096188 0.400001
v -9.055124 10.096188 -0.399999
v -9.020666 10.174000 0.400001
v -9.020666 10.174000 -0.399999
v -8.978209 10.244062 0.400001
v -8.978209 10.244062 -0.399999
v -8.928000 10.306000 0.400001
v -8.928000 10.306000 -0.399999
v -8.870292 10.359438 0.400001
v -8.870292 10.359438 -0.399999
v -8.805334 10.404000 0.400001
v -8.805334 10.404000 -0.399999
v -8.733376 10.439313 0.400001
v -8.733376 10.439313 -0.399999
v -8.654667 10.465000 0.400001
v -8.654667 10.465000 -0.399999
v -8.569459 10.480687 0.400001
v -8.569459 10.480687 -0.399999
v -8.478001 10.486000 0.400001
v -8.478001 10.486000 -0.399999
v -8.379383 10.481031 0.400001
v -8.379383 10.481031 -0.399999
v -8.287556 10.466250 0.400001
v -8.287556 10.466250 -0.399999
v -8.202562 10.441844 0.400001
v -8.202562 10.441844 -0.399999
v -8.124445 10.408000 0.400001
v -8.124445 10.408000 -0.399999
v -8.053244 10.364906 0.400001
v -8.053244 10.364906 -0.399999
v -7.989000 10.312750 0.400001
v -7.989000 10.312750 -0.399999
v -7.931757 10.251719 0.400001
v -7.931757 10.251719 -0.399999
v -7.881556 10.182000 0.400001
v -7.881556 10.182000 -0.399999
v -7.838438 10.103782 0.400001
v -7.838438 10.103782 -0.399999
v -7.802444 10.017250 0.400001
v -7.802444 10.017250 -0.399999
v -7.773618 9.922594 0.400001
v -7.773618 9.922594 -0.399999
v -7.752000 9.820000 0.400001
v -7.752000 9.820000 -0.399999
v -9.108001 9.820000 0.400001
v -9.108001 9.820000 -0.399999
v -12.241381 8.317837 0.400001
v -12.241381 8.317837 -0.399999
v -12.188029 8.284194 0.400001
v -12.188029 8.284194 -0.399999
v -12.139220 8.254844 0.400001
v -12.139220 8.254844 -0.399999
v -12.094223 8.229555 0.400001
v -12.094223 8.229555 -0.399999
v -12.052311 8.208100 0.400001
v -12.052311 8.208100 -0.399999
v -12.012752 8.190249 0.400001
v -12.012752 8.190249 -0.399999
v -11.974817 8.175774 0.400001
v -11.974817 8.175774 -0.399999
v -11.937779 8.164444 0.400001
v -11.937779 8.164444 -0.399999
v -11.900908 8.156031 0.400001
v -11.900908 8.156031 -0.399999
v -11.863474 8.150306 0.400001
v -11.863474 8.150306 -0.399999
v -11.824748 8.147038 0.400001
v -11.824748 8.147038 -0.399999
v -11.784001 8.146000 0.400001
v -11.784001 8.146000 -0.399999
v -11.727735 8.147764 0.400001
v -11.727735 8.147764 -0.399999
v -11.675862 8.153111 0.400001
v -11.675862 8.153111 -0.399999
v -11.628283 8.162125 0.400001
v -11.628283 8.162125 -0.399999
v -11.584890 8.174889 0.400001
v -11.584890 8.174889 -0.399999
v -11.545581 8.191486 0.400001
v -11.545581 8.191486 -0.399999
v -11.510251 8.212000 0.400001
v -11.510251 8.212000 -0.399999
v -11.478796 8.236514 0.400001
v -11.478796 8.236514 -0.399999
v -11.451112 8.265111 0.400001
v -11.451112 8.265111 -0.399999
v -11.427094 8.297874 0.400001
v -11.427094 8.297874 -0.399999
v -11.406639 8.334888 0.400001
v -11.406639 8.334888 -0.399999
v -11.389643 8.376236 0.400001
v -11.389643 8.376236 -0.399999
v -11.376001 8.422000 0.400001
v -11.376001 8.422000 -0.399999
v -11.317258 8.377497 0.400001
v -11.317258 8.377497 -0.399999
v -11.258057 8.336972 0.400001
v -11.258057 8.336972 -0.399999
v -11.198439 8.300406 0.400001
v -11.198439 8.300406 -0.399999
v -11.138446 8.267777 0.400001
v -11.138446 8.267777 -0.399999
v -11.078119 8.239066 0.400001
v -11.078119 8.239066 -0.399999
v -11.017502 8.214250 0.400001
v -11.017502 8.214250 -0.399999
v -10.956634 8.193309 0.400001
v -10.956634 8.193309 -0.399999
v -10.895557 8.176222 0.400001
v -10.895557 8.176222 -0.399999
v -10.834314 8.162969 0.400001
v -10.834314 8.162969 -0.399999
v -10.772945 8.153527 0.400001
v -10.772945 8.153527 -0.399999
v -10.711494 8.147879 0.400001
v -10.711494 8.147879 -0.399999
v -10.650002 8.146000 0.400001
v -10.650002 8.146000 -0.399999
v -10.553827 8.152340 0.400001
v -10.553827 8.152340 -0.399999
v -10.463612 8.170722 0.400001
v -10.463612 8.170722 -0.399999
v -10.379813 8.200188 0.400001
v -10.379813 8.200188 -0.399999
v -10.302890 8.239778 0.400001
v -10.302890 8.239778 -0.399999
v -10.233299 8.288534 0.400001
v -10.233299 8.288534 -0.399999
v -10.171501 8.345500 0.400001
v -10.171501 8.345500 -0.399999
v -10.117952 8.409715 0.400001
v -10.117952 8.409715 -0.399999
v -10.073112 8.480222 0.400001
v -10.073112 8.480222 -0.399999
v -10.037439 8.556063 0.400001
v -10.037439 8.556063 -0.399999
v -10.011391 8.636278 0.400001
v -10.011391 8.636278 -0.399999
v -9.995425 8.719910 0.400001
v -9.995425 8.719910 -0.399999
v -9.990002 8.806000 0.400001
v -9.990002 8.806000 -0.399999
v -9.999814 8.931962 0.400001
v -9.999814 8.931962 -0.399999
v -10.028002 9.043694 0.400001
v -10.028002 9.043694 -0.399999
v -10.072689 9.142468 0.400001
v -10.072689 9.142468 -0.399999
v -10.132002 9.229555 0.400001
v -10.132002 9.229555 -0.399999
v -10.204064 9.306226 0.400001
v -10.204064 9.306226 -0.399999
v -10.287002 9.373750 0.400001
v -10.287002 9.373750 -0.399999
v -10.378940 9.433399 0.400001
v -10.378940 9.433399 -0.399999
v -10.478002 9.486444 0.400001
v -10.478002 9.486444 -0.399999
v -10.582314 9.534156 0.400001
v -10.582314 9.534156 -0.399999
v -10.690001 9.577806 0.400001
v -10.690001 9.577806 -0.399999
v -10.799189 9.618663 0.400001
v -10.799189 9.618663 -0.399999
v -10.908001 9.658000 0.400001
v -10.908001 9.658000 -0.399999
v -11.382001 9.826000 0.400001
v -11.382001 9.826000 -0.399999
v -11.382001 9.970000 0.400001
v -11.382001 9.970000 -0.399999
v -11.378626 10.049910 0.400001
v -11.378626 10.049910 -0.399999
v -11.368501 10.121778 0.400001
v -11.368501 10.121778 -0.399999
v -11.351625 10.185813 0.400001
v -11.351625 10.185813 -0.399999
v -11.328001 10.242222 0.400001
v -11.328001 10.242222 -0.399999
v -11.297626 10.291215 0.400001
v -11.297626 10.291215 -0.399999
v -11.260501 10.333000 0.400001
v -11.260501 10.333000 -0.399999
v -11.216625 10.367785 0.400001
v -11.216625 10.367785 -0.399999
v -11.166000 10.395778 0.400001
v -11.166000 10.395778 -0.399999
v -11.108625 10.417188 0.400001
v -11.108625 10.417188 -0.399999
v -11.044500 10.432222 0.400001
v -11.044500 10.432222 -0.399999
v -10.973626 10.441091 0.400001
v -10.973626 10.441091 -0.399999
v -10.896002 10.444000 0.400001
v -10.896002 10.444000 -0.399999
v -10.822404 10.441108 0.400001
v -10.822404 10.441108 -0.399999
v -10.748723 10.432362 0.400001
v -10.748723 10.432362 -0.399999
v -10.675126 10.417656 0.400001
v -10.675126 10.417656 -0.399999
v -10.601779 10.396889 0.400001
v -10.601779 10.396889 -0.399999
v -10.528849 10.369955 0.400001
v -10.528849 10.369955 -0.399999
v -10.456501 10.336750 0.400001
v -10.456501 10.336750 -0.399999
v -10.384904 10.297171 0.400001
v -10.384904 10.297171 -0.399999
v -10.314223 10.251111 0.400001
v -10.314223 10.251111 -0.399999
v -10.244626 10.198469 0.400001
v -10.244626 10.198469 -0.399999
v -10.176279 10.139139 0.400001
v -10.176279 10.139139 -0.399999
v -10.109348 10.073017 0.400001
v -10.109348 10.073017 -0.399999
v -10.044001 10.000000 0.400001
v -10.044001 10.000000 -0.399999
v -10.044001 10.582000 0.400001
v -10.044001 10.582000 -0.399999
v -10.098259 10.640879 0.400001
v -10.098259 10.640879 -0.399999
v -10.156057 10.694528 0.400001
v -10.156057 10.694528 -0.399999
v -10.217440 10.742969 0.400001
v -10.217440 10.742969 -0.399999
v -10.282446 10.786222 0.400001
v -10.282446 10.786222 -0.399999
v -10.351120 10.824309 0.400001
v -10.351120 10.824309 -0.399999
v -10.423502 10.857250 0.400001
v -10.423502 10.857250 -0.399999
v -10.499634 10.885066 0.400001
v -10.499634 10.885066 -0.399999
v -10.579557 10.907778 0.400001
v -10.579557 10.907778 -0.399999
v -10.663315 10.925406 0.400001
v -10.663315 10.925406 -0.399999
v -10.750946 10.937972 0.400001
v -10.750946 10.937972 -0.399999
v -10.842495 10.945497 0.400001
v -10.842495 10.945497 -0.399999
v -10.938002 10.948000 0.400001
v -10.938002 10.948000 -0.399999
v -11.071940 10.942215 0.400001
v -11.071940 10.942215 -0.399999
v -11.200027 10.924723 0.400001
v -11.200027 10.924723 -0.399999
v -11.321156 10.895312 0.400001
v -11.321156 10.895312 -0.399999
v -11.434222 10.853778 0.400001
v -11.434222 10.853778 -0.399999
v -11.538121 10.799910 0.400001
v -11.538121 10.799910 -0.399999
v -11.631750 10.733500 0.400001
v -11.631750 10.733500 -0.399999
v -11.714004 10.654341 0.400001
v -11.714004 10.654341 -0.399999
v -11.783778 10.562222 0.400001
v -11.783778 10.562222 -0.399999
v -11.839970 10.456938 0.400001
v -11.839970 10.456938 -0.399999
v -11.881473 10.338278 0.400001
v -11.881473 10.338278 -0.399999
v -11.907185 10.206035 0.400001
v -11.907185 10.206035 -0.399999
v -11.916001 10.059999 0.400001
v -11.916001 10.059999 -0.399999
v -11.916001 8.674000 0.400001
v -11.916001 8.674000 -0.399999
v -11.916748 8.649858 0.400001
v -11.916748 8.649858 -0.399999
v -11.918974 8.628361 0.400001
v -11.918974 8.628361 -0.399999
v -11.922659 8.609406 0.400001
v -11.922659 8.609406 -0.399999
v -11.927780 8.592889 0.400001
v -11.927780 8.592889 -0.399999
v -11.934319 8.578705 0.400001
v -11.934319 8.578705 -0.399999
v -11.942252 8.566750 0.400001
v -11.942252 8.566750 -0.399999
v -11.951561 8.556920 0.400001
v -11.951561 8.556920 -0.399999
v -11.962225 8.549111 0.400001
v -11.962225 8.549111 -0.399999
v -11.974220 8.543219 0.400001
v -11.974220 8.543219 -0.399999
v -11.987530 8.539139 0.400001
v -11.987530 8.539139 -0.399999
v -12.002131 8.536767 0.400001
v -12.002131 8.536767 -0.399999
v -12.018002 8.536000 0.400001
v -12.018002 8.536000 -0.399999
v -12.032601 8.537114 0.400001
v -12.032601 8.537114 -0.399999
v -12.049305 8.540417 0.400001
v -12.049305 8.540417 -0.399999
v -12.067968 8.545844 0.400001
v -12.067968 8.545844 -0.399999
v -12.088444 8.553333 0.400001
v -12.088444 8.553333 -0.399999
v -12.110587 8.562822 0.400001
v -12.110587 8.562822 -0.399999
v -12.134251 8.574250 0.400001
v -12.134251 8.574250 -0.399999
v -12.159288 8.587552 0.400001
v -12.159288 8.587552 -0.399999
v -12.185556 8.602667 0.400001
v -12.185556 8.602667 -0.399999
v -12.212908 8.619532 0.400001
v -12.212908 8.619532 -0.399999
v -12.241196 8.638083 0.400001
v -12.241196 8.638083 -0.399999
v -12.270275 8.658260 0.400001
v -12.270275 8.658260 -0.399999
v -12.300001 8.680000 0.400001
v -12.300001 8.680000 -0.399999
v -12.300001 8.356000 0.400001
v -12.300001 8.356000 -0.399999
v -11.269445 9.492907 0.400001
v -11.269445 9.492907 -0.399999
v -11.160557 9.453250 0.400001
v -11.160557 9.453250 -0.399999
v -11.056501 9.412469 0.400001
v -11.056501 9.412469 -0.399999
v -10.958446 9.370000 0.400001
v -10.958446 9.370000 -0.399999
v -10.867557 9.325281 0.400001
v -10.867557 9.325281 -0.399999
v -10.785001 9.277750 0.400001
v -10.785001 9.277750 -0.399999
v -10.711946 9.226844 0.400001
v -10.711946 9.226844 -0.399999
v -10.649556 9.172000 0.400001
v -10.649556 9.172000 -0.399999
v -10.599001 9.112657 0.400001
v -10.599001 9.112657 -0.399999
v -10.561445 9.048250 0.400001
v -10.561445 9.048250 -0.399999
v -10.538056 8.978219 0.400001
v -10.538056 8.978219 -0.399999
v -10.530002 8.902000 0.400001
v -10.530002 8.902000 -0.399999
v -10.533316 8.847927 0.400001
v -10.533316 8.847927 -0.399999
v -10.543028 8.796917 0.400001
v -10.543028 8.796917 -0.399999
v -10.558781 8.749281 0.400001
v -10.558781 8.749281 -0.399999
v -10.580222 8.705334 0.400001
v -10.580222 8.705334 -0.399999
v -10.606997 8.665385 0.400001
v -10.606997 8.665385 -0.399999
v -10.638750 8.629750 0.400001
v -10.638750 8.629750 -0.399999
v -10.675129 8.598740 0.400001
v -10.675129 8.598740 -0.399999
v -10.715778 8.572666 0.400001
v -10.715778 8.572666 -0.399999
v -10.760345 8.551844 0.400001
v -10.760345 8.551844 -0.399999
v -10.808474 8.536583 0.400001
v -10.808474 8.536583 -0.399999
v -10.859810 8.527198 0.400001
v -10.859810 8.527198 -0.399999
v -10.914001 8.524000 0.400001
v -10.914001 8.524000 -0.399999
v -10.955754 8.525732 0.400001
v -10.955754 8.525732 -0.399999
v -10.997004 8.530861 0.400001
v -10.997004 8.530861 -0.399999
v -11.037754 8.539281 0.400001
v -11.037754 8.539281 -0.399999
v -11.078003 8.550889 0.400001
v -11.078003 8.550889 -0.399999
v -11.117753 8.565579 0.400001
v -11.117753 8.565579 -0.399999
v -11.157002 8.583250 0.400001
v -11.157002 8.583250 -0.399999
v -11.195752 8.603795 0.400001
v -11.195752 8.603795 -0.399999
v -11.234002 8.627111 0.400001
v -11.234002 8.627111 -0.399999
v -11.271751 8.653093 0.400001
v -11.271751 8.653093 -0.399999
v -11.309002 8.681639 0.400001
v -11.309002 8.681639 -0.399999
v -11.345751 8.712643 0.400001
v -11.345751 8.712643 -0.399999
v -11.382001 8.746000 0.400001
v -11.382001 8.746000 -0.399999
v -11.382001 9.532000 0.400001
v -11.382001 9.532000 -0.399999
v -13.344002 10.276000 0.400001
v -13.344002 10.276000 -0.399999
v -13.356002 10.276000 0.400001
v -13.356002 10.276000 -0.399999
v -13.423258 10.388795 0.400001
v -13.423258 10.388795 -0.399999
v -13.490030 10.490361 0.400001
v -13.490030 10.490361 -0.399999
v -13.556347 10.580969 0.400001
v -13.556347 10.580969 -0.399999
v -13.622225 10.660889 0.400001
v -13.622225 10.660889 -0.399999
v -13.687686 10.730392 0.400001
v -13.687686 10.730392 -0.399999
v -13.752751 10.789750 0.400001
v -13.752751 10.789750 -0.399999
v -13.817442 10.839232 0.400001
v -13.817442 10.839232 -0.399999
v -13.881779 10.879111 0.400001
v -13.881779 10.879111 -0.399999
v -13.945784 10.909657 0.400001
v -13.945784 10.909657 -0.399999
v -14.009474 10.931139 0.400001
v -14.009474 10.931139 -0.399999
v -14.072872 10.943830 0.400001
v -14.072872 10.943830 -0.399999
v -14.136002 10.948000 0.400001
v -14.136002 10.948000 -0.399999
v -14.189772 10.945871 0.400001
v -14.189772 10.945871 -0.399999
v -14.243142 10.939472 0.400001
v -14.243142 10.939472 -0.399999
v -14.296223 10.928782 0.400001
v -14.296223 10.928782 -0.399999
v -14.349114 10.913778 0.400001
v -14.349114 10.913778 -0.399999
v -14.401923 10.894441 0.400001
v -14.401923 10.894441 -0.399999
v -14.454754 10.870750 0.400001
v -14.454754 10.870750 -0.399999
v -14.507708 10.842684 0.400001
v -14.507708 10.842684 -0.399999
v -14.560892 10.810223 0.400001
v -14.560892 10.810223 -0.399999
v -14.614408 10.773344 0.400001
v -14.614408 10.773344 -0.399999
v -14.668364 10.732028 0.400001
v -14.668364 10.732028 -0.399999
v -14.722860 10.686254 0.400001
v -14.722860 10.686254 -0.399999
v -14.778002 10.636000 0.400001
v -14.778002 10.636000 -0.399999
v -14.496002 10.174000 0.400001
v -14.496002 10.174000 -0.399999
v -14.454577 10.211966 0.400001
v -14.454577 10.211966 -0.399999
v -14.411612 10.247723 0.400001
v -14.411612 10.247723 -0.399999
v -14.367563 10.281062 0.400001
v -14.367563 10.281062 -0.399999
v -14.322890 10.311778 0.400001
v -14.322890 10.311778 -0.399999
v -14.278049 10.339660 0.400001
v -14.278049 10.339660 -0.399999
v -14.233500 10.364500 0.400001
v -14.233500 10.364500 -0.399999
v -14.189703 10.386090 0.400001
v -14.189703 10.386090 -0.399999
v -14.147112 10.404222 0.400001
v -14.147112 10.404222 -0.399999
v -14.106188 10.418688 0.400001
v -14.106188 10.418688 -0.399999
v -14.067389 10.429277 0.400001
v -14.067389 10.429277 -0.399999
v -14.031175 10.435785 0.400001
v -14.031175 10.435785 -0.399999
v -13.998001 10.438000 0.400001
v -13.998001 10.438000 -0.399999
v -13.908248 10.430532 0.400001
v -13.908248 10.430532 -0.399999
v -13.822474 10.408750 0.400001
v -13.822474 10.408750 -0.399999
v -13.741407 10.373593 0.400001
v -13.741407 10.373593 -0.399999
v -13.665779 10.326000 0.400001
v -13.665779 10.326000 -0.399999
v -13.596317 10.266906 0.400001
v -13.596317 10.266906 -0.399999
v -13.533751 10.197250 0.400001
v -13.533751 10.197250 -0.399999
v -13.478809 10.117969 0.400001
v -13.478809 10.117969 -0.399999
v -13.432222 10.030000 0.400001
v -13.432222 10.030000 -0.399999
v -13.394718 9.934281 0.400001
v -13.394718 9.934281 -0.399999
v -13.367028 9.831750 0.400001
v -13.367028 9.831750 -0.399999
v -13.349879 9.723344 0.400001
v -13.349879 9.723344 -0.399999
v -13.344002 9.610000 0.400001
v -13.344002 9.610000 -0.399999
v -13.344002 8.200000 0.400001
v -13.344002 8.200000 -0.399999
v -12.810001 8.200000 0.400001
v -12.810001 8.200000 -0.399999
v -12.810001 10.894000 0.400001
v -12.810001 10.894000 -0.399999
v -13.344002 10.894000 0.400001
v -13.344002 10.894000 -0.399999
vn -0.0000 -0.0000 -1.0000
vn -0.0000 -0.0000 1.0000
vn -0.3771 -0.9262 -0.0000
vn -0.3491 -0.9371 -0.0000
vn -0.3180 -0.9481 -0.0000
vn -0.2842 -0.9588 -0.0000
vn -0.2482 -0.9687 -0.0000
vn -0.2107 -0.9776 -0.0000
vn -0.1725 -0.9850 -0.0000
vn -0.1345 -0.9909 -0.0000
vn -0.0977 -0.9952 -0.0000
vn -0.0626 -0.9980 -0.0000
vn -0.0301 -0.9995 -0.0000
vn 0.0220 -0.9998 -0.0000
vn 0.1184 -0.9930 -0.0000
vn 0.2385 -0.9711 -0.0000
vn 0.3584 -0.9336 -0.0000
vn 0.4753 -0.8798 -0.0000
vn 0.5867 -0.8098 -0.0000
vn 0.6895 -0.7242 -0.0000
vn 0.7812 -0.6243 -0.0000
vn 0.8590 -0.5119 -0.0000
vn 0.9209 -0.3898 -0.0000
vn 0.9652 -0.2614 -0.0000
vn 0.9915 -0.1303 -0.0000
vn 1.0000 0.0005 -0.0000
vn 0.9913 0.1318 -0.0000
vn 0.9648 0.2630 -0.0000
vn 0.9208 0.3901 -0.0000
vn 0.8602 0.5100 -0.0000
vn 0.7845 0.6202 -0.0000
vn 0.6955 0.7186 -0.0000
vn 0.5951 0.8036 -0.0000
vn 0.4855 0.8742 -0.0000
vn 0.3688 0.9295 -0.0000
vn 0.2474 0.9689 -0.0000
vn 0.1236 0.9923 -0.0000
vn 0.0235 0.9997 -0.0000
vn -0.0308 0.9995 -0.0000
vn -0.0661 0.9978 -0.0000
vn -0.1056 0.9944 -0.0000
vn -0.1475 0.9891 -0.0000
vn -0.1899 0.9818 -0.0000
vn -0.2307 0.9730 -0.0000
vn -0.2683 0.9633 -0.0000
vn -0.3015 0.9535 -0.0000
vn -0.3299 0.9440 -0.0000
vn -0.3535 0.9355 -0.0000
vn -0.3724 0.9281 -0.0000
vn -0.8309 0.5564 -0.0000
vn -0.5168 -0.8561 -0.0000
vn 0.4493 -0.8934 -0.0000
vn 0.4153 -0.9097 -0.0000
vn 0.3798 -0.9251 -0.0000
vn 0.3429 -0.9394 -0.0000
vn 0.3044 -0.9525 -0.0000
vn 0.2645 -0.9644 -0.0000
vn 0.2232 -0.9748 -0.0000
vn 0.1806 -0.9835 -0.0000
vn 0.1369 -0.9906 -0.0000
vn 0.0921 -0.9958 -0.0000
vn 0.0464 -0.9989 -0.0000
vn -0.0201 -0.9998 -0.0000
vn -0.1277 -0.9918 -0.0000
vn -0.2547 -0.9670 -0.0000
vn -0.3780 -0.9258 -0.0000
vn -0.4953 -0.8687 -0.0000
vn -0.6044 -0.7967 -0.0000
vn -0.7034 -0.7108 -0.0000
vn -0.7905 -0.6124 -0.0000
vn -0.8642 -0.5031 -0.0000
vn -0.9231 -0.3846 -0.0000
vn -0.9658 -0.2593 -0.0000
vn -0.9915 -0.1301 -0.0000
vn -1.0000 -0.0009 -0.0000
vn -0.9918 0.1281 -0.0000
vn -0.9660 0.2586 -0.0000
vn -0.9216 0.3881 -0.0000
vn -0.8588 0.5123 -0.0000
vn -0.7790 0.6271 -0.0000
vn -0.6845 0.7290 -0.0000
vn -0.5788 0.8154 -0.0000
vn -0.4655 0.8851 -0.0000
vn -0.3480 0.9375 -0.0000
vn -0.2297 0.9733 -0.0000
vn -0.1131 0.9936 -0.0000
vn -0.0185 0.9998 -0.0000
vn 0.0368 0.9993 -0.0000
vn 0.0724 0.9974 -0.0000
vn 0.1062 0.9943 -0.0000
vn 0.1380 0.9904 -0.0000
vn 0.1676 0.9859 -0.0000
vn 0.1947 0.9809 -0.0000
vn 0.2195 0.9756 -0.0000
vn 0.2416 0.9704 -0.0000
vn 0.2611 0.9653 -0.0000
vn 0.2779 0.9606 -0.0000
vn 0.2921 0.9564 -0.0000
vn 0.8058 0.5922 -0.0000
vn 0.7071 -0.7071 -0.0000
vn 0.7071 0.7071 -0.0000
vn -0.7071 0.7071 -0.0000
vn -0.8338 -0.5521 -0.0000
vn -0.5395 -0.8420 -0.0000
vn -0.5244 -0.8515 -0.0000
vn -0.5027 -0.8645 -0.0000
vn -0.4729 -0.8811 -0.0000
vn -0.4336 -0.9011 -0.0000
vn -0.3841 -0.9233 -0.0000
vn -0.3247 -0.9458 -0.0000
vn -0.2577 -0.9662 -0.0000
vn -0.1869 -0.9824 -0.0000
vn -0.1177 -0.9930 -0.0000
vn -0.0548 -0.9985 -0.0000
vn 0.0029 -1.0000 -0.0000
vn 0.0670 -0.9978 -0.0000
vn 0.1445 -0.9895 -0.0000
vn 0.2345 -0.9721 -0.0000
vn 0.3361 -0.9418 -0.0000
vn 0.4464 -0.8948 -0.0000
vn 0.5597 -0.8287 -0.0000
vn 0.6682 -0.7440 -0.0000
vn 0.7643 -0.6449 -0.0000
vn 0.8426 -0.5385 -0.0000
vn 0.9016 -0.4326 -0.0000
vn 0.9428 -0.3334 -0.0000
vn 0.3111 -0.9504 -0.0000
vn -0.5845 -0.8114 -0.0000
vn -0.5440 -0.8391 -0.0000
vn -0.5005 -0.8658 -0.0000
vn -0.4539 -0.8910 -0.0000
vn -0.4045 -0.9146 -0.0000
vn -0.3522 -0.9359 -0.0000
vn -0.2975 -0.9547 -0.0000
vn -0.2406 -0.9706 -0.0000
vn -0.1819 -0.9833 -0.0000
vn -0.1219 -0.9925 -0.0000
vn -0.0611 -0.9981 -0.0000
vn 0.0176 -0.9998 -0.0000
vn 0.1330 -0.9911 -0.0000
vn 0.2663 -0.9639 -0.0000
vn 0.3956 -0.9184 -0.0000
vn 0.5169 -0.8560 -0.0000
vn 0.6272 -0.7789 -0.0000
vn 0.7244 -0.6893 -0.0000
vn 0.8076 -0.5898 -0.0000
vn 0.8761 -0.4821 -0.0000
vn 0.9298 -0.3680 -0.0000
vn 0.9686 -0.2487 -0.0000
vn 0.9921 -0.1254 -0.0000
vn 1.0000 0.0074 -0.0000
vn 0.9868 0.1617 -0.0000
vn 0.9441 0.3297 -0.0000
vn 0.8721 0.4894 -0.0000
vn 0.7800 0.6258 -0.0000
vn 0.6815 0.7318 -0.0000
vn 0.5887 0.8084 -0.0000
vn 0.5086 0.8610 -0.0000
vn 0.4442 0.8959 -0.0000
vn 0.3959 0.9183 -0.0000
vn 0.3631 0.9318 -0.0000
vn 0.3452 0.9385 -0.0000
vn 0.3370 0.9415 -0.0000
vn 0.8167 0.5770 -0.0000
vn 0.9998 -0.0211 -0.0000
vn 0.9959 -0.0910 -0.0000
vn 0.9803 -0.1975 -0.0000
vn 0.9470 -0.3213 -0.0000
vn 0.8889 -0.4581 -0.0000
vn 0.8017 -0.5978 -0.0000
vn 0.6870 -0.7267 -0.0000
vn 0.5545 -0.8322 -0.0000
vn 0.4179 -0.9085 -0.0000
vn 0.2895 -0.9572 -0.0000
vn 0.1765 -0.9843 -0.0000
vn 0.0809 -0.9967 -0.0000
vn -0.0009 -1.0000 -0.0000
vn -0.0786 -0.9969 -0.0000
vn -0.1570 -0.9876 -0.0000
vn -0.2344 -0.9722 -0.0000
vn -0.3097 -0.9508 -0.0000
vn -0.3821 -0.9241 -0.0000
vn -0.4508 -0.8926 -0.0000
vn -0.5152 -0.8571 -0.0000
vn -0.5750 -0.8182 -0.0000
vn -0.6298 -0.7768 -0.0000
vn -0.6795 -0.7337 -0.0000
vn -0.7243 -0.6895 -0.0000
vn 0.3570 -0.9341 -0.0000
vn 0.9315 0.3638 -0.0000
vn 0.7084 0.7058 -0.0000
vn 0.6504 0.7596 -0.0000
vn 0.5872 0.8094 -0.0000
vn 0.5199 0.8542 -0.0000
vn 0.4500 0.8930 -0.0000
vn 0.3790 0.9254 -0.0000
vn 0.3085 0.9512 -0.0000
vn 0.2398 0.9708 -0.0000
vn 0.1740 0.9847 -0.0000
vn 0.1120 0.9937 -0.0000
vn 0.0541 0.9985 -0.0000
vn -0.0085 1.0000 -0.0000
vn -0.0893 0.9960 -0.0000
vn -0.1859 0.9826 -0.0000
vn -0.2909 0.9568 -0.0000
vn -0.4034 0.9150 -0.0000
vn -0.5207 0.8538 -0.0000
vn -0.6378 0.7702 -0.0000
vn -0.7476 0.6642 -0.0000
vn -0.8423 0.5390 -0.0000
vn -0.9158 0.4017 -0.0000
vn -0.9653 0.2612 -0.0000
vn -0.9921 0.1258 -0.0000
vn -0.9995 0.0301 -0.0000
vn -0.9999 0.0155 -0.0000
vn -0.9978 0.0670 -0.0000
vn -0.9891 0.1471 -0.0000
vn -0.9698 0.2438 -0.0000
vn -0.9337 0.3581 -0.0000
vn -0.8733 0.4872 -0.0000
vn -0.7825 0.6226 -0.0000
vn -0.6612 0.7502 -0.0000
vn -0.5179 0.8555 -0.0000
vn -0.3681 0.9298 -0.0000
vn -0.2272 0.9738 -0.0000
vn -0.1045 0.9945 -0.0000
vn 0.0139 0.9999 -0.0000
vn 0.1353 0.9908 -0.0000
vn 0.2368 0.9716 -0.0000
vn 0.3116 0.9502 -0.0000
vn 0.3689 0.9295 -0.0000
vn 0.4145 0.9101 -0.0000
vn 0.4521 0.8920 -0.0000
vn 0.4840 0.8751 -0.0000
vn 0.5119 0.8591 -0.0000
vn 0.5367 0.8438 -0.0000
vn 0.5593 0.8290 -0.0000
vn 0.5802 0.8145 -0.0000
vn -0.4526 0.8917 -0.0000
vn -0.8791 -0.4767 -0.0000
vn -0.3352 -0.9422 -0.0000
vn -0.3536 -0.9354 -0.0000
vn -0.3812 -0.9245 -0.0000
vn -0.4196 -0.9077 -0.0000
vn -0.4705 -0.8824 -0.0000
vn -0.5358 -0.8443 -0.0000
vn -0.6169 -0.7870 -0.0000
vn -0.7126 -0.7016 -0.0000
vn -0.8158 -0.5784 -0.0000
vn -0.9110 -0.4124 -0.0000
vn -0.9772 -0.2122 -0.0000
vn -0.9998 -0.0220 -0.0000
vn -0.9922 0.1244 -0.0000
vn -0.9680 0.2510 -0.0000
vn -0.9262 0.3771 -0.0000
vn -0.8667 0.4988 -0.0000
vn -0.7905 0.6125 -0.0000
vn -0.6993 0.7148 -0.0000
vn -0.5957 0.8032 -0.0000
vn -0.4827 0.8758 -0.0000
vn -0.3635 0.9316 -0.0000
vn -0.2415 0.9704 -0.0000
vn -0.1196 0.9928 -0.0000
vn -0.0087 1.0000 -0.0000
vn 0.0825 0.9966 -0.0000
vn 0.1630 0.9866 -0.0000
vn 0.2399 0.9708 -0.0000
vn 0.3121 0.9501 -0.0000
vn 0.3788 0.9255 -0.0000
vn 0.4397 0.8981 -0.0000
vn 0.4947 0.8691 -0.0000
vn 0.5439 0.8391 -0.0000
vn 0.5878 0.8090 -0.0000
vn 0.6267 0.7793 -0.0000
vn 0.6611 0.7503 -0.0000
vn 0.9157 0.4018 -0.0000
vn 0.5796 -0.8149 -0.0000
vn -0.3917 0.9201 -0.0000
vn 0.6779 0.7351 -0.0000
vn 0.6448 0.7643 -0.0000
vn 0.6070 0.7947 -0.0000
vn 0.5637 0.8260 -0.0000
vn 0.5145 0.8575 -0.0000
vn 0.4588 0.8885 -0.0000
vn 0.3965 0.9180 -0.0000
vn 0.3274 0.9449 -0.0000
vn 0.2521 0.9677 -0.0000
vn 0.1714 0.9852 -0.0000
vn 0.0868 0.9962 -0.0000
vn 0.0011 1.0000 -0.0000
vn -0.0842 0.9965 -0.0000
vn -0.1708 0.9853 -0.0000
vn -0.2590 0.9659 -0.0000
vn -0.3471 0.9378 -0.0000
vn -0.4333 0.9012 -0.0000
vn -0.5158 0.8567 -0.0000
vn -0.5930 0.8052 -0.0000
vn -0.6636 0.7481 -0.0000
vn -0.7268 0.6868 -0.0000
vn -0.7822 0.6230 -0.0000
vn -0.8299 0.5580 -0.0000
vn -0.0942 0.9956 -0.0000
vn 0.7251 0.6887 -0.0000
vn 0.6970 0.7171 -0.0000
vn 0.6625 0.7490 -0.0000
vn 0.6209 0.7839 -0.0000
vn 0.5712 0.8208 -0.0000
vn 0.5128 0.8585 -0.0000
vn 0.4451 0.8955 -0.0000
vn 0.3684 0.9297 -0.0000
vn 0.2835 0.9590 -0.0000
vn 0.1920 0.9814 -0.0000
vn 0.0965 0.9953 -0.0000
vn -0.1337 0.9910 -0.0000
vn -0.2723 0.9622 -0.0000
vn -0.4111 0.9116 -0.0000
vn -0.5434 0.8395 -0.0000
vn -0.6628 0.7488 -0.0000
vn -0.7646 0.6445 -0.0000
vn -0.8464 0.5325 -0.0000
vn -0.9084 0.4180 -0.0000
vn -0.9522 0.3054 -0.0000
vn -0.9803 0.1974 -0.0000
vn -0.9954 0.0956 -0.0000
vn -0.9997 0.0232 -0.0000
vn -0.7071 -0.7071 -0.0000
vn 0.9997 -0.0261 -0.0000
vn 0.9941 -0.1080 -0.0000
vn 0.9749 -0.2226 -0.0000
vn 0.9397 -0.3421 -0.0000
vn 0.8865 -0.4627 -0.0000
vn 0.8146 -0.5800 -0.0000
vn 0.7248 -0.6890 -0.0000
vn 0.6195 -0.7850 -0.0000
vn 0.5026 -0.8645 -0.0000
vn 0.3783 -0.9257 -0.0000
vn 0.2509 -0.9680 -0.0000
vn 0.1240 -0.9923 -0.0000
vn 0.0117 -0.9999 -0.0000
vn -0.1013 -0.9949 -0.0000
vn -0.2169 -0.9762 -0.0000
vn -0.3115 -0.9502 -0.0000
vn -0.3891 -0.9212 -0.0000
vn -0.4533 -0.8913 -0.0000
vn -0.5073 -0.8618 -0.0000
vn -0.5533 -0.8330 -0.0000
vn -0.5934 -0.8049 -0.0000
vn -0.6288 -0.7775 -0.0000
vn -0.6609 -0.7505 -0.0000
vn -0.6903 -0.7235 -0.0000
vn -0.9231 -0.3845 -0.0000
vn 0.9998 -0.0217 -0.0000
vn 0.9815 -0.1916 -0.0000
vn 0.9533 -0.3021 -0.0000
vn 0.9075 -0.4201 -0.0000
vn 0.8411 -0.5409 -0.0000
vn 0.7527 -0.6583 -0.0000
vn 0.6442 -0.7648 -0.0000
vn 0.5202 -0.8540 -0.0000
vn 0.3877 -0.9218 -0.0000
vn 0.2535 -0.9673 -0.0000
vn 0.1235 -0.9923 -0.0000
vn 0.0163 -0.9999 -0.0000
vn -0.0585 -0.9983 -0.0000
vn -0.1256 -0.9921 -0.0000
vn -0.2011 -0.9796 -0.0000
vn -0.2825 -0.9593 -0.0000
vn -0.3659 -0.9307 -0.0000
vn -0.4469 -0.8946 -0.0000
vn -0.5218 -0.8531 -0.0000
vn -0.5879 -0.8089 -0.0000
vn -0.6441 -0.7649 -0.0000
vn -0.6904 -0.7234 -0.0000
vn -0.7277 -0.6859 -0.0000
vn -0.9338 -0.3577 -0.0000
vn -0.5233 -0.8522 -0.0000
vn -0.4869 -0.8735 -0.0000
vn -0.4449 -0.8956 -0.0000
vn -0.3980 -0.9174 -0.0000
vn -0.3470 -0.9379 -0.0000
vn -0.2934 -0.9560 -0.0000
vn -0.2388 -0.9711 -0.0000
vn -0.1848 -0.9828 -0.0000
vn -0.1330 -0.9911 -0.0000
vn -0.0845 -0.9964 -0.0000
vn -0.0403 -0.9992 -0.0000
vn 0.0250 -0.9997 -0.0000
vn 0.1412 -0.9900 -0.0000
vn 0.2852 -0.9585 -0.0000
vn 0.4256 -0.9049 -0.0000
vn 0.5557 -0.8314 -0.0000
vn 0.6701 -0.7422 -0.0000
vn 0.7664 -0.6424 -0.0000
vn 0.8438 -0.5366 -0.0000
vn 0.9036 -0.4283 -0.0000
vn 0.9475 -0.3198 -0.0000
vn 0.9773 -0.2121 -0.0000
vn 0.9944 -0.1055 -0.0000
vn 1.0000 0.0004 -0.0000
vn 0.9940 0.1091 -0.0000
vn 0.9749 0.2227 -0.0000
vn 0.9406 0.3396 -0.0000
vn 0.8894 0.4571 -0.0000
vn 0.8205 0.5717 -0.0000
vn 0.7339 0.6793 -0.0000
vn 0.6309 0.7758 -0.0000
vn 0.3887 0.9214 -0.0000
vn 0.2581 0.9661 -0.0000
vn 0.1274 0.9919 -0.0000
vn 0.0020 1.0000 -0.0000
vn -0.1222 0.9925 -0.0000
vn -0.2545 0.9671 -0.0000
vn -0.3939 0.9192 -0.0000
vn -0.5325 0.8465 -0.0000
vn -0.6607 0.7506 -0.0000
vn -0.7703 0.6377 -0.0000
vn -0.8564 0.5163 -0.0000
vn -0.9186 0.3951 -0.0000
vn -0.9599 0.2805 -0.0000
vn -0.9844 0.1760 -0.0000
vn -0.9966 0.0830 -0.0000
vn -0.7209 -0.6931 -0.0000
vn -0.7733 -0.6340 -0.0000
vn -0.9706 0.2406 -0.0000
vn -0.9427 0.3338 -0.0000
vn -0.9005 0.4348 -0.0000
vn -0.8413 0.5406 -0.0000
vn -0.7633 0.6461 -0.0000
vn -0.6671 0.7449 -0.0000
vn -0.5566 0.8308 -0.0000
vn -0.4378 0.8991 -0.0000
vn -0.3177 0.9482 -0.0000
vn -0.2026 0.9793 -0.0000
vn -0.0965 0.9953 -0.0000
vn -0.0076 1.0000 -0.0000
vn 0.0612 0.9981 -0.0000
vn 0.1212 0.9926 -0.0000
vn 0.1792 0.9838 -0.0000
vn 0.2344 0.9721 -0.0000
vn 0.2864 0.9581 -0.0000
vn 0.3347 0.9423 -0.0000
vn 0.3793 0.9253 -0.0000
vn 0.4201 0.9075 -0.0000
vn 0.4571 0.8894 -0.0000
vn 0.4904 0.8715 -0.0000
vn 0.5202 0.8540 -0.0000
vn -0.4826 0.8759 -0.0000
vn -0.8775 -0.4796 -0.0000
vn 0.9902 -0.1396 -0.0000
vn 0.9704 -0.2417 -0.0000
vn 0.9367 -0.3501 -0.0000
vn 0.8866 -0.4625 -0.0000
vn 0.8179 -0.5753 -0.0000
vn 0.7300 -0.6835 -0.0000
vn 0.6242 -0.7812 -0.0000
vn 0.5044 -0.8634 -0.0000
vn 0.3763 -0.9265 -0.0000
vn 0.2462 -0.9692 -0.0000
vn 0.1198 -0.9928 -0.0000
vn 0.0038 -1.0000 -0.0000
vn -0.1048 -0.9945 -0.0000
vn -0.2179 -0.9760 -0.0000
vn -0.3375 -0.9413 -0.0000
vn -0.4587 -0.8886 -0.0000
vn -0.5754 -0.8179 -0.0000
vn -0.6814 -0.7319 -0.0000
vn -0.7721 -0.6355 -0.0000
vn -0.8452 -0.5345 -0.0000
vn -0.9009 -0.4341 -0.0000
vn -0.9411 -0.3381 -0.0000
vn -0.9685 -0.2490 -0.0000
vn -0.7766 0.6300 -0.0000
vn 0.7383 0.6744 -0.0000
vn 0.4763 -0.8793 -0.0000
vn 0.4457 -0.8952 -0.0000
vn 0.4117 -0.9113 -0.0000
vn 0.3742 -0.9273 -0.0000
vn 0.3334 -0.9428 -0.0000
vn 0.2897 -0.9571 -0.0000
vn 0.2434 -0.9699 -0.0000
vn 0.1952 -0.9808 -0.0000
vn 0.1460 -0.9893 -0.0000
vn 0.0965 -0.9953 -0.0000
vn 0.0477 -0.9989 -0.0000
vn -0.0180 -0.9998 -0.0000
vn -0.1203 -0.9927 -0.0000
vn -0.2418 -0.9703 -0.0000
vn -0.3623 -0.9320 -0.0000
vn -0.4793 -0.8776 -0.0000
vn -0.5902 -0.8073 -0.0000
vn -0.6922 -0.7217 -0.0000
vn -0.7829 -0.6221 -0.0000
vn -0.8599 -0.5105 -0.0000
vn -0.9212 -0.3892 -0.0000
vn -0.9652 -0.2614 -0.0000
vn -0.9915 -0.1305 -0.0000
vn -1.0000 -0.0015 -0.0000
vn -0.9921 0.1257 -0.0000
vn -0.9670 0.2546 -0.0000
vn -0.9234 0.3838 -0.0000
vn -0.8609 0.5087 -0.0000
vn -0.7808 0.6248 -0.0000
vn -0.6854 0.7282 -0.0000
vn -0.5784 0.8158 -0.0000
vn -0.4637 0.8860 -0.0000
vn -0.3454 0.9385 -0.0000
vn -0.2269 0.9739 -0.0000
vn -0.1113 0.9938 -0.0000
vn -0.0128 0.9999 -0.0000
vn 0.0569 0.9984 -0.0000
vn 0.1116 0.9938 -0.0000
vn 0.1639 0.9865 -0.0000
vn 0.2138 0.9769 -0.0000
vn 0.2616 0.9652 -0.0000
vn 0.3072 0.9516 -0.0000
vn 0.3509 0.9364 -0.0000
vn 0.3927 0.9196 -0.0000
vn 0.4329 0.9014 -0.0000
vn 0.4716 0.8818 -0.0000
vn 0.5088 0.8609 -0.0000
vn -0.4864 0.8738 -0.0000
vn -0.8517 -0.5240 -0.0000
vn -0.4374 -0.8993 -0.0000
vn -0.4081 -0.9129 -0.0000
vn -0.3749 -0.9271 -0.0000
vn -0.3381 -0.9411 -0.0000
vn -0.2984 -0.9544 -0.0000
vn -0.2565 -0.9666 -0.0000
vn -0.2131 -0.9770 -0.0000
vn -0.1690 -0.9856 -0.0000
vn -0.1251 -0.9922 -0.0000
vn -0.0819 -0.9966 -0.0000
vn -0.0401 -0.9992 -0.0000
vn 0.0226 -0.9997 -0.0000
vn 0.2704 -0.9628 -0.0000
vn 0.4061 -0.9138 -0.0000
vn 0.5336 -0.8457 -0.0000
vn 0.6474 -0.7621 -0.0000
vn 0.7446 -0.6675 -0.0000
vn 0.8243 -0.5661 -0.0000
vn 0.8876 -0.4607 -0.0000
vn 0.9358 -0.3524 -0.0000
vn 0.9705 -0.2409 -0.0000
vn 0.9923 -0.1241 -0.0000
vn 1.0000 -0.0004 -0.0000
vn 0.9918 0.1279 -0.0000
vn 0.9664 0.2571 -0.0000
vn 0.9232 0.3844 -0.0000
vn 0.8625 0.5061 -0.0000
vn 0.7855 0.6188 -0.0000
vn 0.6942 0.7198 -0.0000
vn 0.5911 0.8066 -0.0000
vn 0.4790 0.8778 -0.0000
vn 0.3610 0.9325 -0.0000
vn 0.2401 0.9708 -0.0000
vn 0.1190 0.9929 -0.0000
vn 0.0192 0.9998 -0.0000
vn -0.0408 0.9992 -0.0000
vn -0.0816 0.9967 -0.0000
vn -0.1217 0.9926 -0.0000
vn -0.1606 0.9870 -0.0000
vn -0.1976 0.9803 -0.0000
vn -0.2325 0.9726 -0.0000
vn -0.2648 0.9643 -0.0000
vn -0.2945 0.9557 -0.0000
vn -0.3214 0.9469 -0.0000
vn -0.3457 0.9384 -0.0000
vn -0.3673 0.9301 -0.0000
vn -0.8299 0.5579 -0.0000
vn -0.5046 -0.8633 -0.0000
vn 0.9703 -0.2417 -0.0000
vn -0.7721 -0.6356 -0.0000
vn 0.9016 -0.4327 -0.0000
vn -0.5005 -0.8657 -0.0000
vn -0.2344 -0.9721 -0.0000
vn -0.9891 0.1470 -0.0000
vn -0.9337 0.3582 -0.0000
vn -0.6611 0.7503 -0.0000
vn -0.3682 0.9298 -0.0000
vn 0.5802 0.8144 -0.0000
vn 0.4939 0.8695 -0.0000
vn 0.8475 0.5309 -0.0000
vn 0.8215 0.5702 -0.0000
vn 0.7896 0.6136 -0.0000
vn 0.7502 0.6612 -0.0000
vn 0.7015 0.7127 -0.0000
vn 0.6414 0.7672 -0.0000
vn 0.5679 0.8231 -0.0000
vn 0.4795 0.8775 -0.0000
vn 0.3758 0.9267 -0.0000
vn 0.2585 0.9660 -0.0000
vn 0.1314 0.9913 -0.0000
vn 0.0132 0.9999 -0.0000
vn -0.0794 0.9968 -0.0000
vn -0.1584 0.9874 -0.0000
vn -0.2353 0.9719 -0.0000
vn -0.3086 0.9512 -0.0000
vn -0.3767 0.9263 -0.0000
vn -0.4390 0.8985 -0.0000
vn -0.4949 0.8690 -0.0000
vn -0.5444 0.8388 -0.0000
vn -0.5879 0.8089 -0.0000
vn -0.6257 0.7800 -0.0000
vn -0.6585 0.7526 -0.0000
vn -0.9900 0.1414 -0.0000
vn -0.1400 -0.9902 -0.0000
vn 0.6579 -0.7531 -0.0000
vn 0.6218 -0.7832 -0.0000
vn 0.5852 -0.8109 -0.0000
vn 0.5474 -0.8368 -0.0000
vn 0.5077 -0.8616 -0.0000
vn 0.4647 -0.8855 -0.0000
vn 0.4171 -0.9089 -0.0000
vn 0.3627 -0.9319 -0.0000
vn 0.2985 -0.9544 -0.0000
vn 0.2203 -0.9754 -0.0000
vn 0.1219 -0.9925 -0.0000
vn -0.0082 -1.0000 -0.0000
vn -0.1651 -0.9863 -0.0000
vn -0.3230 -0.9464 -0.0000
vn -0.4666 -0.8845 -0.0000
vn -0.5918 -0.8061 -0.0000
vn -0.6975 -0.7166 -0.0000
vn -0.7845 -0.6201 -0.0000
vn -0.8543 -0.5197 -0.0000
vn -0.9089 -0.4171 -0.0000
vn -0.9497 -0.3132 -0.0000
vn -0.9780 -0.2088 -0.0000
vn -0.9946 -0.1042 -0.0000
vn -0.9997 -0.0259 -0.0000
vt 0.222222 0.000000
vt 0.259259 0.000000
vt 0.240741 0.000000
vt 0.277778 0.000000
vt 0.203704 0.000000
vt 0.296296 0.000000
vt 0.185185 0.000000
vt 0.314815 0.000000
vt 0.333333 0.000000
vt 0.166667 0.000000
vt 0.351852 0.000000
vt 0.962963 0.000000
vt 1.000000 0.000000
vt 0.981481 0.000000
vt 0.000000 0.000000
vt 0.148148 0.000000
vt 0.370370 0.000000
vt 0.388889 0.000000
vt 0.129630 0.000000
vt 0.407407 0.000000
vt 0.111111 0.000000
vt 0.425926 0.000000
vt 0.444444 0.000000
vt 0.092593 0.000000
vt 0.462963 0.000000
vt 0.074074 0.000000
vt 0.648148 0.000000
vt 0.629630 0.000000
vt 0.611111 0.000000
vt 0.592593 0.000000
vt 0.574074 0.000000
vt 0.555556 0.000000
vt 0.537037 0.000000
vt 0.518519 0.000000
vt 0.500000 0.000000
vt 0.481481 0.000000
vt 0.055556 0.000000
vt 0.685185 0.000000
vt 0.666667 0.000000
vt 0.037037 0.000000
vt 0.722222 0.000000
vt 0.703704 0.000000
vt 0.740741 0.000000
vt 0.759259 0.000000
vt 0.018519 0.000000
vt 0.777778 0.000000
vt 0.796296 0.000000
vt 0.870370 0.000000
vt 0.851852 0.000000
vt 0.833333 0.000000
vt 0.814815 0.000000
vt 0.888889 0.000000
vt 0.907407 0.000000
vt 0.925926 0.000000
vt 0.944444 0.000000
vt 0.560694 0.000000
vt 0.572254 0.000000
vt 0.566474 0.000000
vt 0.554913 0.000000
vt 0.578035 0.000000
vt 0.549133 0.000000
vt 0.543353 0.000000
vt 0.583815 0.000000
vt 0.537572 0.000000
vt 0.589595 0.000000
vt 0.531792 0.000000
vt 0.526012 0.000000
vt 0.595376 0.000000
vt 0.520231 0.000000
vt 0.601156 0.000000
vt 0.514451 0.000000
vt 0.508671 0.000000
vt 0.606936 0.000000
vt 0.502890 0.000000
vt 0.612717 0.000000
vt 0.497110 0.000000
vt 0.491329 0.000000
vt 0.485549 0.000000
vt 0.479769 0.000000
vt 0.473988 0.000000
vt 0.468208 0.000000
vt 0.462428 0.000000
vt 0.456647 0.000000
vt 0.450867 0.000000
vt 0.445087 0.000000
vt 0.439306 0.000000
vt 0.433526 0.000000
vt 0.427746 0.000000
vt 0.421965 0.000000
vt 0.618497 0.000000
vt 0.416185 0.000000
vt 0.624277 0.000000
vt 0.410405 0.000000
vt 0.404624 0.000000
vt 0.398844 0.000000
vt 0.393064 0.000000
vt 0.387283 0.000000
vt 0.630058 0.000000
vt 0.381503 0.000000
vt 0.375723 0.000000
vt 0.369942 0.000000
vt 0.635838 0.000000
vt 0.364162 0.000000
vt 0.358382 0.000000
vt 0.641618 0.000000
vt 0.352601 0.000000
vt 0.346821 0.000000
vt 0.341040 0.000000
vt 0.335260 0.000000
vt 0.329480 0.000000
vt 0.323699 0.000000
vt 0.317919 0.000000
vt 0.791907 0.000000
vt 0.994220 0.000000
vt 0.797688 0.000000
vt 0.312139 0.000000
vt 0.803468 0.000000
vt 0.306358 0.000000
vt 0.809249 0.000000
vt 0.300578 0.000000
vt 0.815029 0.000000
vt 0.820809 0.000000
vt 0.294798 0.000000
vt 0.826590 0.000000
vt 0.289017 0.000000
vt 0.832370 0.000000
vt 0.838150 0.000000
vt 0.283237 0.000000
vt 0.843931 0.000000
vt 0.849711 0.000000
vt 0.277457 0.000000
vt 0.855491 0.000000
vt 0.271676 0.000000
vt 0.861272 0.000000
vt 0.867052 0.000000
vt 0.265896 0.000000
vt 0.872832 0.000000
vt 0.878613 0.000000
vt 0.988439 0.000000
vt 0.260116 0.000000
vt 0.982659 0.000000
vt 0.884393 0.000000
vt 0.976879 0.000000
vt 0.774566 0.000000
vt 0.786127 0.000000
vt 0.780347 0.000000
vt 0.647399 0.000000
vt 0.890173 0.000000
vt 0.768786 0.000000
vt 0.971098 0.000000
vt 0.653179 0.000000
vt 0.763006 0.000000
vt 0.254335 0.000000
vt 0.895954 0.000000
vt 0.658960 0.000000
vt 0.965318 0.000000
vt 0.757225 0.000000
vt 0.664740 0.000000
vt 0.959538 0.000000
vt 0.751445 0.000000
vt 0.901734 0.000000
vt 0.670520 0.000000
vt 0.745665 0.000000
vt 0.953757 0.000000
vt 0.676301 0.000000
vt 0.739884 0.000000
vt 0.907514 0.000000
vt 0.682081 0.000000
vt 0.947977 0.000000
vt 0.734104 0.000000
vt 0.687861 0.000000
vt 0.248555 0.000000
vt 0.728324 0.000000
vt 0.913295 0.000000
vt 0.942197 0.000000
vt 0.693642 0.000000
vt 0.722543 0.000000
vt 0.699422 0.000000
vt 0.716763 0.000000
vt 0.936416 0.000000
vt 0.705202 0.000000
vt 0.710983 0.000000
vt 0.919075 0.000000
vt 0.930636 0.000000
vt 0.924855 0.000000
vt 0.132948 0.000000
vt 0.242775 0.000000
vt 0.138728 0.000000
vt 0.127168 0.000000
vt 0.236994 0.000000
vt 0.144509 0.000000
vt 0.121387 0.000000
vt 0.231214 0.000000
vt 0.150289 0.000000
vt 0.115607 0.000000
vt 0.005780 0.000000
vt 0.156069 0.000000
vt 0.109827 0.000000
vt 0.225434 0.000000
vt 0.011561 0.000000
vt 0.161850 0.000000
vt 0.104046 0.000000
vt 0.017341 0.000000
vt 0.219653 0.000000
vt 0.167630 0.000000
vt 0.098266 0.000000
vt 0.023121 0.000000
vt 0.173410 0.000000
vt 0.092486 0.000000
vt 0.028902 0.000000
vt 0.213873 0.000000
vt 0.179191 0.000000
vt 0.086705 0.000000
vt 0.034682 0.000000
vt 0.184971 0.000000
vt 0.040462 0.000000
vt 0.080925 0.000000
vt 0.208092 0.000000
vt 0.046243 0.000000
vt 0.190751 0.000000
vt 0.075145 0.000000
vt 0.052023 0.000000
vt 0.196532 0.000000
vt 0.069364 0.000000
vt 0.202312 0.000000
vt 0.057803 0.000000
vt 0.063584 0.000000
vt 0.346939 0.000000
vt 0.367347 0.000000
vt 0.357143 0.000000
vt 0.377551 0.000000
vt 0.336735 0.000000
vt 0.387755 0.000000
vt 0.326531 0.000000
vt 0.397959 0.000000
vt 0.316327 0.000000
vt 0.408163 0.000000
vt 0.306122 0.000000
vt 0.418367 0.000000
vt 0.295918 0.000000
vt 0.428571 0.000000
vt 0.285714 0.000000
vt 0.867347 0.000000
vt 0.877551 0.000000
vt 0.857143 0.000000
vt 0.887755 0.000000
vt 0.846939 0.000000
vt 0.897959 0.000000
vt 0.836735 0.000000
vt 0.438776 0.000000
vt 0.908163 0.000000
vt 0.275510 0.000000
vt 0.826531 0.000000
vt 0.918367 0.000000
vt 0.816327 0.000000
vt 0.928571 0.000000
vt 0.806122 0.000000
vt 0.938776 0.000000
vt 0.795918 0.000000
vt 0.265306 0.000000
vt 0.448980 0.000000
vt 0.948980 0.000000
vt 0.785714 0.000000
vt 0.959184 0.000000
vt 0.775510 0.000000
vt 0.255102 0.000000
vt 0.459184 0.000000
vt 0.969388 0.000000
vt 0.765306 0.000000
vt 0.979592 0.000000
vt 0.755102 0.000000
vt 0.244898 0.000000
vt 0.989796 0.000000
vt 0.469388 0.000000
vt 0.234694 0.000000
vt 0.479592 0.000000
vt 0.224490 0.000000
vt 0.489796 0.000000
vt 0.214286 0.000000
vt 0.510204 0.000000
vt 0.520408 0.000000
vt 0.204082 0.000000
vt 0.530612 0.000000
vt 0.193878 0.000000
vt 0.540816 0.000000
vt 0.724490 0.000000
vt 0.744898 0.000000
vt 0.734694 0.000000
vt 0.551020 0.000000
vt 0.714286 0.000000
vt 0.704082 0.000000
vt 0.183673 0.000000
vt 0.561224 0.000000
vt 0.693878 0.000000
vt 0.683673 0.000000
vt 0.571429 0.000000
vt 0.673469 0.000000
vt 0.581633 0.000000
vt 0.663265 0.000000
vt 0.173469 0.000000
vt 0.653061 0.000000
vt 0.591837 0.000000
vt 0.642857 0.000000
vt 0.602041 0.000000
vt 0.632653 0.000000
vt 0.622449 0.000000
vt 0.612245 0.000000
vt 0.163265 0.000000
vt 0.153061 0.000000
vt 0.010204 0.000000
vt 0.020408 0.000000
vt 0.142857 0.000000
vt 0.030612 0.000000
vt 0.040816 0.000000
vt 0.132653 0.000000
vt 0.051020 0.000000
vt 0.061224 0.000000
vt 0.122449 0.000000
vt 0.071429 0.000000
vt 0.081633 0.000000
vt 0.091837 0.000000
vt 0.112245 0.000000
vt 0.102041 0.000000
vt 0.855670 0.000000
vt 0.876289 0.000000
vt 0.865979 0.000000
vt 0.886598 0.000000
vt 0.896907 0.000000
vt 0.845361 0.000000
vt 0.907216 0.000000
vt 0.917526 0.000000
vt 0.927835 0.000000
vt 0.835052 0.000000
vt 0.938144 0.000000
vt 0.948454 0.000000
vt 0.958763 0.000000
vt 0.824742 0.000000
vt 0.969072 0.000000
vt 0.979381 0.000000
vt 0.989691 0.000000
vt 0.814433 0.000000
vt 0.092784 0.000000
vt 0.082474 0.000000
vt 0.072165 0.000000
vt 0.061856 0.000000
vt 0.051546 0.000000
vt 0.041237 0.000000
vt 0.030928 0.000000
vt 0.020619 0.000000
vt 0.010309 0.000000
vt 0.804124 0.000000
vt 0.113402 0.000000
vt 0.103093 0.000000
vt 0.123711 0.000000
vt 0.134021 0.000000
vt 0.144330 0.000000
vt 0.793814 0.000000
vt 0.154639 0.000000
vt 0.164948 0.000000
vt 0.783505 0.000000
vt 0.175258 0.000000
vt 0.185567 0.000000
vt 0.773196 0.000000
vt 0.195876 0.000000
vt 0.762887 0.000000
vt 0.206186 0.000000
vt 0.216495 0.000000
vt 0.752577 0.000000
vt 0.226804 0.000000
vt 0.742268 0.000000
vt 0.237113 0.000000
vt 0.247423 0.000000
vt 0.731959 0.000000
vt 0.257732 0.000000
vt 0.721649 0.000000
vt 0.268041 0.000000
vt 0.711340 0.000000
vt 0.278351 0.000000
vt 0.701031 0.000000
vt 0.288660 0.000000
vt 0.690722 0.000000
vt 0.298969 0.000000
vt 0.474227 0.000000
vt 0.494845 0.000000
vt 0.484536 0.000000
vt 0.309278 0.000000
vt 0.463918 0.000000
vt 0.680412 0.000000
vt 0.453608 0.000000
vt 0.319588 0.000000
vt 0.443299 0.000000
vt 0.432990 0.000000
vt 0.329897 0.000000
vt 0.422680 0.000000
vt 0.670103 0.000000
vt 0.412371 0.000000
vt 0.340206 0.000000
vt 0.402062 0.000000
vt 0.391753 0.000000
vt 0.350515 0.000000
vt 0.381443 0.000000
vt 0.371134 0.000000
vt 0.360825 0.000000
vt 0.659794 0.000000
vt 0.505155 0.000000
vt 0.649485 0.000000
vt 0.515464 0.000000
vt 0.525773 0.000000
vt 0.536082 0.000000
vt 0.639175 0.000000
vt 0.546392 0.000000
vt 0.556701 0.000000
vt 0.567010 0.000000
vt 0.628866 0.000000
vt 0.577320 0.000000
vt 0.587629 0.000000
vt 0.597938 0.000000
vt 0.618557 0.000000
vt 0.608247 0.000000
vt 0.103774 0.000000
vt 0.122642 0.000000
vt 0.113208 0.000000
vt 0.330189 0.000000
vt 0.349057 0.000000
vt 0.339623 0.000000
vt 0.094340 0.000000
vt 0.132075 0.000000
vt 0.320755 0.000000
vt 0.358491 0.000000
vt 0.084906 0.000000
vt 0.141509 0.000000
vt 0.311321 0.000000
vt 0.075472 0.000000
vt 0.150943 0.000000
vt 0.367925 0.000000
vt 0.301887 0.000000
vt 0.066038 0.000000
vt 0.981132 0.000000
vt 0.990566 0.000000
vt 0.160377 0.000000
vt 0.292453 0.000000
vt 0.056604 0.000000
vt 0.377358 0.000000
vt 0.169811 0.000000
vt 0.047170 0.000000
vt 0.283019 0.000000
vt 0.179245 0.000000
vt 0.386792 0.000000
vt 0.037736 0.000000
vt 0.273585 0.000000
vt 0.188679 0.000000
vt 0.028302 0.000000
vt 0.264151 0.000000
vt 0.396226 0.000000
vt 0.198113 0.000000
vt 0.018868 0.000000
vt 0.254717 0.000000
vt 0.207547 0.000000
vt 0.009434 0.000000
vt 0.405660 0.000000
vt 0.245283 0.000000
vt 0.216981 0.000000
vt 0.235849 0.000000
vt 0.594340 0.000000
vt 0.415094 0.000000
vt 0.962264 0.000000
vt 0.952830 0.000000
vt 0.943396 0.000000
vt 0.933962 0.000000
vt 0.924528 0.000000
vt 0.915094 0.000000
vt 0.905660 0.000000
vt 0.896226 0.000000
vt 0.886792 0.000000
vt 0.877358 0.000000
vt 0.867925 0.000000
vt 0.858491 0.000000
vt 0.849057 0.000000
vt 0.226415 0.000000
vt 0.603774 0.000000
vt 0.839623 0.000000
vt 0.584906 0.000000
vt 0.613208 0.000000
vt 0.830189 0.000000
vt 0.575472 0.000000
vt 0.622642 0.000000
vt 0.820755 0.000000
vt 0.566038 0.000000
vt 0.632075 0.000000
vt 0.811321 0.000000
vt 0.556604 0.000000
vt 0.641509 0.000000
vt 0.424528 0.000000
vt 0.801887 0.000000
vt 0.650943 0.000000
vt 0.547170 0.000000
vt 0.660377 0.000000
vt 0.792453 0.000000
vt 0.537736 0.000000
vt 0.669811 0.000000
vt 0.783019 0.000000
vt 0.528302 0.000000
vt 0.679245 0.000000
vt 0.433962 0.000000
vt 0.773585 0.000000
vt 0.688679 0.000000
vt 0.518868 0.000000
vt 0.698113 0.000000
vt 0.764151 0.000000
vt 0.509434 0.000000
vt 0.707547 0.000000
vt 0.443396 0.000000
vt 0.754717 0.000000
vt 0.971698 0.000000
vt 0.716981 0.000000
vt 0.745283 0.000000
vt 0.490566 0.000000
vt 0.452830 0.000000
vt 0.735849 0.000000
vt 0.481132 0.000000
vt 0.462264 0.000000
vt 0.726415 0.000000
vt 0.471698 0.000000
vt 0.336634 0.000000
vt 0.356436 0.000000
vt 0.346535 0.000000
vt 0.366337 0.000000
vt 0.376238 0.000000
vt 0.386139 0.000000
vt 0.326733 0.000000
vt 0.396040 0.000000
vt 0.405941 0.000000
vt 0.415842 0.000000
vt 0.316832 0.000000
vt 0.425743 0.000000
vt 0.435644 0.000000
vt 0.306931 0.000000
vt 0.445545 0.000000
vt 0.455446 0.000000
vt 0.297030 0.000000
vt 0.465347 0.000000
vt 0.574257 0.000000
vt 0.564356 0.000000
vt 0.554455 0.000000
vt 0.544554 0.000000
vt 0.534653 0.000000
vt 0.524752 0.000000
vt 0.514852 0.000000
vt 0.504951 0.000000
vt 0.495050 0.000000
vt 0.485149 0.000000
vt 0.475248 0.000000
vt 0.287129 0.000000
vt 0.594059 0.000000
vt 0.584158 0.000000
vt 0.603960 0.000000
vt 0.613861 0.000000
vt 0.623762 0.000000
vt 0.277228 0.000000
vt 0.633663 0.000000
vt 0.643564 0.000000
vt 0.267327 0.000000
vt 0.653465 0.000000
vt 0.663366 0.000000
vt 0.257426 0.000000
vt 0.673267 0.000000
vt 0.247525 0.000000
vt 0.683168 0.000000
vt 0.693069 0.000000
vt 0.237624 0.000000
vt 0.702970 0.000000
vt 0.227723 0.000000
vt 0.712871 0.000000
vt 0.722772 0.000000
vt 0.217822 0.000000
vt 0.970297 0.000000
vt 0.990099 0.000000
vt 0.980198 0.000000
vt 0.960396 0.000000
vt 0.732673 0.000000
vt 0.207921 0.000000
vt 0.742574 0.000000
vt 0.950495 0.000000
vt 0.198020 0.000000
vt 0.752475 0.000000
vt 0.762376 0.000000
vt 0.188119 0.000000
vt 0.772277 0.000000
vt 0.178218 0.000000
vt 0.782178 0.000000
vt 0.792079 0.000000
vt 0.168317 0.000000
vt 0.801980 0.000000
vt 0.940594 0.000000
vt 0.930693 0.000000
vt 0.920792 0.000000
vt 0.811881 0.000000
vt 0.910891 0.000000
vt 0.900990 0.000000
vt 0.891089 0.000000
vt 0.821782 0.000000
vt 0.158416 0.000000
vt 0.881188 0.000000
vt 0.871287 0.000000
vt 0.861386 0.000000
vt 0.831683 0.000000
vt 0.851485 0.000000
vt 0.841584 0.000000
vt 0.148515 0.000000
vt 0.009901 0.000000
vt 0.138614 0.000000
vt 0.019802 0.000000
vt 0.029703 0.000000
vt 0.128713 0.000000
vt 0.039604 0.000000
vt 0.049505 0.000000
vt 0.059406 0.000000
vt 0.118812 0.000000
vt 0.069307 0.000000
vt 0.079208 0.000000
vt 0.089109 0.000000
vt 0.108911 0.000000
vt 0.099010 0.000000
vt 0.000000 1.000000
vt 0.009804 1.000000
vt 0.009804 0.000000
vt 0.019608 1.000000
vt 0.019608 0.000000
vt 0.029412 1.000000
vt 0.029412 0.000000
vt 0.039216 1.000000
vt 0.039216 0.000000
vt 0.049020 1.000000
vt 0.049020 0.000000
vt 0.058824 1.000000
vt 0.058824 0.000000
vt 0.068627 1.000000
vt 0.068627 0.000000
vt 0.078431 1.000000
vt 0.078431 0.000000
vt 0.088235 1.000000
vt 0.088235 0.000000
vt 0.098039 1.000000
vt 0.098039 0.000000
vt 0.107843 1.000000
vt 0.107843 0.000000
vt 0.117647 1.000000
vt 0.117647 0.000000
vt 0.127451 1.000000
vt 0.127451 0.000000
vt 0.137255 1.000000
vt 0.137255 0.000000
vt 0.147059 1.000000
vt 0.147059 0.000000
vt 0.156863 1.000000
vt 0.156863 0.000000
vt 0.166667 1.000000
vt 0.176471 1.000000
vt 0.176471 0.000000
vt 0.186275 1.000000
vt 0.186275 0.000000
vt 0.196078 1.000000
vt 0.196078 0.000000
vt 0.205882 1.000000
vt 0.205882 0.000000
vt 0.215686 1.000000
vt 0.215686 0.000000
vt 0.225490 1.000000
vt 0.225490 0.000000
vt 0.235294 1.000000
vt 0.235294 0.000000
vt 0.245098 1.000000
vt 0.245098 0.000000
vt 0.254902 1.000000
vt 0.254902 0.000000
vt 0.264706 1.000000
vt 0.264706 0.000000
vt 0.274510 1.000000
vt 0.274510 0.000000
vt 0.284314 1.000000
vt 0.284314 0.000000
vt 0.294118 1.000000
vt 0.294118 0.000000
vt 0.303922 1.000000
vt 0.303922 0.000000
vt 0.313726 1.000000
vt 0.313726 0.000000
vt 0.323529 1.000000
vt 0.323529 0.000000
vt 0.333333 1.000000
vt 0.343137 1.000000
vt 0.343137 0.000000
vt 0.352941 1.000000
vt 0.352941 0.000000
vt 0.362745 1.000000
vt 0.362745 0.000000
vt 0.372549 1.000000
vt 0.372549 0.000000
vt 0.382353 1.000000
vt 0.382353 0.000000
vt 0.392157 1.000000
vt 0.392157 0.000000
vt 0.401961 1.000000
vt 0.401961 0.000000
vt 0.411765 1.000000
vt 0.411765 0.000000
vt 0.421569 1.000000
vt 0.421569 0.000000
vt 0.431373 1.000000
vt 0.431373 0.000000
vt 0.441176 1.000000
vt 0.441176 0.000000
vt 0.450980 1.000000
vt 0.450980 0.000000
vt 0.460784 1.000000
vt 0.460784 0.000000
vt 0.470588 1.000000
vt 0.470588 0.000000
vt 0.480392 1.000000
vt 0.480392 0.000000
vt 0.490196 1.000000
vt 0.490196 0.000000
vt 0.500000 1.000000
vt 0.509804 1.000000
vt 0.509804 0.000000
vt 0.519608 1.000000
vt 0.519608 0.000000
vt 0.529412 1.000000
vt 0.529412 0.000000
vt 0.539216 1.000000
vt 0.539216 0.000000
vt 0.549020 1.000000
vt 0.549020 0.000000
vt 0.558824 1.000000
vt 0.558824 0.000000
vt 0.568627 1.000000
vt 0.568627 0.000000
vt 0.578431 1.000000
vt 0.578431 0.000000
vt 0.588235 1.000000
vt 0.588235 0.000000
vt 0.598039 1.000000
vt 0.598039 0.000000
vt 0.607843 1.000000
vt 0.607843 0.000000
vt 0.617647 1.000000
vt 0.617647 0.000000
vt 0.627451 1.000000
vt 0.627451 0.000000
vt 0.637255 1.000000
vt 0.637255 0.000000
vt 0.647059 1.000000
vt 0.647059 0.000000
vt 0.656863 1.000000
vt 0.656863 0.000000
vt 0.666667 1.000000
vt 0.676471 1.000000
vt 0.676471 0.000000
vt 0.686275 1.000000
vt 0.686275 0.000000
vt 0.696078 1.000000
vt 0.696078 0.000000
vt 0.705882 1.000000
vt 0.705882 0.000000
vt 0.715686 1.000000
vt 0.715686 0.000000
vt 0.725490 1.000000
vt 0.725490 0.000000
vt 0.735294 1.000000
vt 0.735294 0.000000
vt 0.745098 1.000000
vt 0.745098 0.000000
vt 0.754902 1.000000
vt 0.754902 0.000000
vt 0.764706 1.000000
vt 0.764706 0.000000
vt 0.774510 1.000000
vt 0.774510 0.000000
vt 0.784314 1.000000
vt 0.784314 0.000000
vt 0.794118 1.000000
vt 0.794118 0.000000
vt 0.803922 1.000000
vt 0.803922 0.000000
vt 0.813725 1.000000
vt 0.813725 0.000000
vt 0.823529 1.000000
vt 0.823529 0.000000
vt 0.833333 1.000000
vt 0.843137 1.000000
vt 0.843137 0.000000
vt 0.852941 1.000000
vt 0.852941 0.000000
vt 0.862745 1.000000
vt 0.862745 0.000000
vt 0.872549 1.000000
vt 0.872549 0.000000
vt 0.882353 1.000000
vt 0.882353 0.000000
vt 0.892157 1.000000
vt 0.892157 0.000000
vt 0.901961 1.000000
vt 0.901961 0.000000
vt 0.911765 1.000000
vt 0.911765 0.000000
vt 0.921569 1.000000
vt 0.921569 0.000000
vt 0.931373 1.000000
vt 0.931373 0.000000
vt 0.941176 1.000000
vt 0.941176 0.000000
vt 0.950980 1.000000
vt 0.950980 0.000000
vt 0.960784 1.000000
vt 0.960784 0.000000
vt 0.970588 1.000000
vt 0.970588 0.000000
vt 0.980392 1.000000
vt 0.980392 0.000000
vt 0.990196 1.000000
vt 0.990196 0.000000
vt 1.000000 1.000000
vt 0.007299 1.000000
vt 0.007299 0.000000
vt 0.014599 1.000000
vt 0.014599 0.000000
vt 0.021898 1.000000
vt 0.021898 0.000000
vt 0.029197 1.000000
vt 0.029197 0.000000
vt 0.036496 1.000000
vt 0.036496 0.000000
vt 0.043796 1.000000
vt 0.043796 0.000000
vt 0.051095 1.000000
vt 0.051095 0.000000
vt 0.058394 1.000000
vt 0.058394 0.000000
vt 0.065693 1.000000
vt 0.065693 0.000000
vt 0.072993 1.000000
vt 0.072993 0.000000
vt 0.080292 1.000000
vt 0.080292 0.000000
vt 0.087591 1.000000
vt 0.087591 0.000000
vt 0.094891 1.000000
vt 0.094891 0.000000
vt 0.102190 1.000000
vt 0.102190 0.000000
vt 0.109489 1.000000
vt 0.109489 0.000000
vt 0.116788 1.000000
vt 0.116788 0.000000
vt 0.124088 1.000000
vt 0.124088 0.000000
vt 0.131387 1.000000
vt 0.131387 0.000000
vt 0.138686 1.000000
vt 0.138686 0.000000
vt 0.145985 1.000000
vt 0.145985 0.000000
vt 0.153285 1.000000
vt 0.153285 0.000000
vt 0.160584 1.000000
vt 0.160584 0.000000
vt 0.167883 1.000000
vt 0.167883 0.000000
vt 0.175182 1.000000
vt 0.175182 0.000000
vt 0.182482 1.000000
vt 0.182482 0.000000
vt 0.189781 1.000000
vt 0.189781 0.000000
vt 0.197080 1.000000
vt 0.197080 0.000000
vt 0.204380 1.000000
vt 0.204380 0.000000
vt 0.211679 1.000000
vt 0.211679 0.000000
vt 0.218978 1.000000
vt 0.218978 0.000000
vt 0.226277 1.000000
vt 0.226277 0.000000
vt 0.233577 1.000000
vt 0.233577 0.000000
vt 0.240876 1.000000
vt 0.240876 0.000000
vt 0.248175 1.000000
vt 0.248175 0.000000
vt 0.255474 1.000000
vt 0.255474 0.000000
vt 0.262774 1.000000
vt 0.262774 0.000000
vt 0.270073 1.000000
vt 0.270073 0.000000
vt 0.277372 1.000000
vt 0.277372 0.000000
vt 0.284672 1.000000
vt 0.284672 0.000000
vt 0.291971 1.000000
vt 0.291971 0.000000
vt 0.299270 1.000000
vt 0.299270 0.000000
vt 0.306569 1.000000
vt 0.306569 0.000000
vt 0.313869 1.000000
vt 0.313869 0.000000
vt 0.321168 1.000000
vt 0.321168 0.000000
vt 0.328467 1.000000
vt 0.328467 0.000000
vt 0.335766 1.000000
vt 0.335766 0.000000
vt 0.343066 1.000000
vt 0.343066 0.000000
vt 0.350365 1.000000
vt 0.350365 0.000000
vt 0.357664 1.000000
vt 0.357664 0.000000
vt 0.364964 1.000000
vt 0.364964 0.000000
vt 0.372263 1.000000
vt 0.372263 0.000000
vt 0.379562 1.000000
vt 0.379562 0.000000
vt 0.386861 1.000000
vt 0.386861 0.000000
vt 0.394161 1.000000
vt 0.394161 0.000000
vt 0.401460 1.000000
vt 0.401460 0.000000
vt 0.408759 1.000000
vt 0.408759 0.000000
vt 0.416058 1.000000
vt 0.416058 0.000000
vt 0.423358 1.000000
vt 0.423358 0.000000
vt 0.430657 1.000000
vt 0.430657 0.000000
vt 0.437956 1.000000
vt 0.437956 0.000000
vt 0.445255 1.000000
vt 0.445255 0.000000
vt 0.452555 1.000000
vt 0.452555 0.000000
vt 0.459854 1.000000
vt 0.459854 0.000000
vt 0.467153 1.000000
vt 0.467153 0.000000
vt 0.474453 1.000000
vt 0.474453 0.000000
vt 0.481752 1.000000
vt 0.481752 0.000000
vt 0.489051 1.000000
vt 0.489051 0.000000
vt 0.496350 1.000000
vt 0.496350 0.000000
vt 0.503650 1.000000
vt 0.503650 0.000000
vt 0.510949 1.000000
vt 0.510949 0.000000
vt 0.518248 1.000000
vt 0.518248 0.000000
vt 0.525547 1.000000
vt 0.525547 0.000000
vt 0.532847 1.000000
vt 0.532847 0.000000
vt 0.540146 1.000000
vt 0.540146 0.000000
vt 0.547445 1.000000
vt 0.547445 0.000000
vt 0.554745 1.000000
vt 0.554745 0.000000
vt 0.562044 1.000000
vt 0.562044 0.000000
vt 0.569343 1.000000
vt 0.569343 0.000000
vt 0.576642 1.000000
vt 0.576642 0.000000
vt 0.583942 1.000000
vt 0.583942 0.000000
vt 0.591241 1.000000
vt 0.591241 0.000000
vt 0.598540 1.000000
vt 0.598540 0.000000
vt 0.605839 1.000000
vt 0.605839 0.000000
vt 0.613139 1.000000
vt 0.613139 0.000000
vt 0.620438 1.000000
vt 0.620438 0.000000
vt 0.627737 1.000000
vt 0.627737 0.000000
vt 0.635036 1.000000
vt 0.635036 0.000000
vt 0.642336 1.000000
vt 0.642336 0.000000
vt 0.649635 1.000000
vt 0.649635 0.000000
vt 0.656934 1.000000
vt 0.656934 0.000000
vt 0.664234 1.000000
vt 0.664234 0.000000
vt 0.671533 1.000000
vt 0.671533 0.000000
vt 0.678832 1.000000
vt 0.678832 0.000000
vt 0.686131 1.000000
vt 0.686131 0.000000
vt 0.693431 1.000000
vt 0.693431 0.000000
vt 0.700730 1.000000
vt 0.700730 0.000000
vt 0.708029 1.000000
vt 0.708029 0.000000
vt 0.715328 1.000000
vt 0.715328 0.000000
vt 0.722628 1.000000
vt 0.722628 0.000000
vt 0.729927 1.000000
vt 0.729927 0.000000
vt 0.737226 1.000000
vt 0.737226 0.000000
vt 0.744526 1.000000
vt 0.744526 0.000000
vt 0.751825 1.000000
vt 0.751825 0.000000
vt 0.759124 1.000000
vt 0.759124 0.000000
vt 0.766423 1.000000
vt 0.766423 0.000000
vt 0.773723 1.000000
vt 0.773723 0.000000
vt 0.781022 1.000000
vt 0.781022 0.000000
vt 0.788321 1.000000
vt 0.788321 0.000000
vt 0.795620 1.000000
vt 0.795620 0.000000
vt 0.802920 1.000000
vt 0.802920 0.000000
vt 0.810219 1.000000
vt 0.810219 0.000000
vt 0.817518 1.000000
vt 0.817518 0.000000
vt 0.824818 1.000000
vt 0.824818 0.000000
vt 0.832117 1.000000
vt 0.832117 0.000000
vt 0.839416 1.000000
vt 0.839416 0.000000
vt 0.846715 1.000000
vt 0.846715 0.000000
vt 0.854015 1.000000
vt 0.854015 0.000000
vt 0.861314 1.000000
vt 0.861314 0.000000
vt 0.868613 1.000000
vt 0.868613 0.000000
vt 0.875912 1.000000
vt 0.875912 0.000000
vt 0.883212 1.000000
vt 0.883212 0.000000
vt 0.890511 1.000000
vt 0.890511 0.000000
vt 0.897810 1.000000
vt 0.897810 0.000000
vt 0.905109 1.000000
vt 0.905109 0.000000
vt 0.912409 1.000000
vt 0.912409 0.000000
vt 0.919708 1.000000
vt 0.919708 0.000000
vt 0.927007 1.000000
vt 0.927007 0.000000
vt 0.934307 1.000000
vt 0.934307 0.000000
vt 0.941606 1.000000
vt 0.941606 0.000000
vt 0.948905 1.000000
vt 0.948905 0.000000
vt 0.956204 1.000000
vt 0.956204 0.000000
vt 0.963504 1.000000
vt 0.963504 0.000000
vt 0.970803 1.000000
vt 0.970803 0.000000
vt 0.978102 1.000000
vt 0.978102 0.000000
vt 0.985401 1.000000
vt 0.985401 0.000000
vt 0.992701 1.000000
vt 0.992701 0.000000
vt 0.027027 1.000000
vt 0.027027 0.000000
vt 0.054054 1.000000
vt 0.054054 0.000000
vt 0.081081 1.000000
vt 0.081081 0.000000
vt 0.108108 1.000000
vt 0.108108 0.000000
vt 0.135135 1.000000
vt 0.135135 0.000000
vt 0.162162 1.000000
vt 0.162162 0.000000
vt 0.189189 1.000000
vt 0.189189 0.000000
vt 0.216216 1.000000
vt 0.216216 0.000000
vt 0.243243 1.000000
vt 0.243243 0.000000
vt 0.270270 1.000000
vt 0.270270 0.000000
vt 0.297297 1.000000
vt 0.297297 0.000000
vt 0.324324 1.000000
vt 0.324324 0.000000
vt 0.351351 1.000000
vt 0.351351 0.000000
vt 0.378378 1.000000
vt 0.378378 0.000000
vt 0.405405 1.000000
vt 0.405405 0.000000
vt 0.432432 1.000000
vt 0.432432 0.000000
vt 0.459459 1.000000
vt 0.459459 0.000000
vt 0.486486 1.000000
vt 0.486486 0.000000
vt 0.513514 1.000000
vt 0.513514 0.000000
vt 0.540541 1.000000
vt 0.540541 0.000000
vt 0.567568 1.000000
vt 0.567568 0.000000
vt 0.594595 1.000000
vt 0.594595 0.000000
vt 0.621622 1.000000
vt 0.621622 0.000000
vt 0.648649 1.000000
vt 0.648649 0.000000
vt 0.675676 1.000000
vt 0.675676 0.000000
vt 0.702703 1.000000
vt 0.702703 0.000000
vt 0.729730 1.000000
vt 0.729730 0.000000
vt 0.756757 1.000000
vt 0.756757 0.000000
vt 0.783784 1.000000
vt 0.783784 0.000000
vt 0.810811 1.000000
vt 0.810811 0.000000
vt 0.837838 1.000000
vt 0.837838 0.000000
vt 0.864865 1.000000
vt 0.864865 0.000000
vt 0.891892 1.000000
vt 0.891892 0.000000
vt 0.918919 1.000000
vt 0.918919 0.000000
vt 0.945946 1.000000
vt 0.945946 0.000000
vt 0.972973 1.000000
vt 0.972973 0.000000
vt 0.009346 1.000000
vt 0.009346 0.000000
vt 0.018692 1.000000
vt 0.018692 0.000000
vt 0.028037 1.000000
vt 0.028037 0.000000
vt 0.037383 1.000000
vt 0.037383 0.000000
vt 0.046729 1.000000
vt 0.046729 0.000000
vt 0.056075 1.000000
vt 0.056075 0.000000
vt 0.065421 1.000000
vt 0.065421 0.000000
vt 0.074766 1.000000
vt 0.074766 0.000000
vt 0.084112 1.000000
vt 0.084112 0.000000
vt 0.093458 1.000000
vt 0.093458 0.000000
vt 0.102804 1.000000
vt 0.102804 0.000000
vt 0.112150 1.000000
vt 0.112150 0.000000
vt 0.121495 1.000000
vt 0.121495 0.000000
vt 0.130841 1.000000
vt 0.130841 0.000000
vt 0.140187 1.000000
vt 0.140187 0.000000
vt 0.149533 1.000000
vt 0.149533 0.000000
vt 0.158879 1.000000
vt 0.158879 0.000000
vt 0.168224 1.000000
vt 0.168224 0.000000
vt 0.177570 1.000000
vt 0.177570 0.000000
vt 0.186916 1.000000
vt 0.186916 0.000000
vt 0.196262 1.000000
vt 0.196262 0.000000
vt 0.205607 1.000000
vt 0.205607 0.000000
vt 0.214953 1.000000
vt 0.214953 0.000000
vt 0.224299 1.000000
vt 0.224299 0.000000
vt 0.233645 1.000000
vt 0.233645 0.000000
vt 0.242991 1.000000
vt 0.242991 0.000000
vt 0.252336 1.000000
vt 0.252336 0.000000
vt 0.261682 1.000000
vt 0.261682 0.000000
vt 0.271028 1.000000
vt 0.271028 0.000000
vt 0.280374 1.000000
vt 0.280374 0.000000
vt 0.289720 1.000000
vt 0.289720 0.000000
vt 0.299065 1.000000
vt 0.299065 0.000000
vt 0.308411 1.000000
vt 0.308411 0.000000
vt 0.317757 1.000000
vt 0.317757 0.000000
vt 0.327103 1.000000
vt 0.327103 0.000000
vt 0.336449 1.000000
vt 0.336449 0.000000
vt 0.345794 1.000000
vt 0.345794 0.000000
vt 0.355140 1.000000
vt 0.355140 0.000000
vt 0.364486 1.000000
vt 0.364486 0.000000
vt 0.373832 1.000000
vt 0.373832 0.000000
vt 0.383178 1.000000
vt 0.383178 0.000000
vt 0.392523 1.000000
vt 0.392523 0.000000
vt 0.401869 1.000000
vt 0.401869 0.000000
vt 0.411215 1.000000
vt 0.411215 0.000000
vt 0.420561 1.000000
vt 0.420561 0.000000
vt 0.429907 1.000000
vt 0.429907 0.000000
vt 0.439252 1.000000
vt 0.439252 0.000000
vt 0.448598 1.000000
vt 0.448598 0.000000
vt 0.457944 1.000000
vt 0.457944 0.000000
vt 0.467290 1.000000
vt 0.467290 0.000000
vt 0.476636 1.000000
vt 0.476636 0.000000
vt 0.485981 1.000000
vt 0.485981 0.000000
vt 0.495327 1.000000
vt 0.495327 0.000000
vt 0.504673 1.000000
vt 0.504673 0.000000
vt 0.514019 1.000000
vt 0.514019 0.000000
vt 0.523364 1.000000
vt 0.523364 0.000000
vt 0.532710 1.000000
vt 0.532710 0.000000
vt 0.542056 1.000000
vt 0.542056 0.000000
vt 0.551402 1.000000
vt 0.551402 0.000000
vt 0.560748 1.000000
vt 0.560748 0.000000
vt 0.570093 1.000000
vt 0.570093 0.000000
vt 0.579439 1.000000
vt 0.579439 0.000000
vt 0.588785 1.000000
vt 0.588785 0.000000
vt 0.598131 1.000000
vt 0.598131 0.000000
vt 0.607477 1.000000
vt 0.607477 0.000000
vt 0.616822 1.000000
vt 0.616822 0.000000
vt 0.626168 1.000000
vt 0.626168 0.000000
vt 0.635514 1.000000
vt 0.635514 0.000000
vt 0.644860 1.000000
vt 0.644860 0.000000
vt 0.654206 1.000000
vt 0.654206 0.000000
vt 0.663551 1.000000
vt 0.663551 0.000000
vt 0.672897 1.000000
vt 0.672897 0.000000
vt 0.682243 1.000000
vt 0.682243 0.000000
vt 0.691589 1.000000
vt 0.691589 0.000000
vt 0.700935 1.000000
vt 0.700935 0.000000
vt 0.710280 1.000000
vt 0.710280 0.000000
vt 0.719626 1.000000
vt 0.719626 0.000000
vt 0.728972 1.000000
vt 0.728972 0.000000
vt 0.738318 1.000000
vt 0.738318 0.000000
vt 0.747664 1.000000
vt 0.747664 0.000000
vt 0.757009 1.000000
vt 0.757009 0.000000
vt 0.766355 1.000000
vt 0.766355 0.000000
vt 0.775701 1.000000
vt 0.775701 0.000000
vt 0.785047 1.000000
vt 0.785047 0.000000
vt 0.794393 1.000000
vt 0.794393 0.000000
vt 0.803738 1.000000
vt 0.803738 0.000000
vt 0.813084 1.000000
vt 0.813084 0.000000
vt 0.822430 1.000000
vt 0.822430 0.000000
vt 0.831776 1.000000
vt 0.831776 0.000000
vt 0.841121 1.000000
vt 0.841121 0.000000
vt 0.850467 1.000000
vt 0.850467 0.000000
vt 0.859813 1.000000
vt 0.859813 0.000000
vt 0.869159 1.000000
vt 0.869159 0.000000
vt 0.878505 1.000000
vt 0.878505 0.000000
vt 0.887850 1.000000
vt 0.887850 0.000000
vt 0.897196 1.000000
vt 0.897196 0.000000
vt 0.906542 1.000000
vt 0.906542 0.000000
vt 0.915888 1.000000
vt 0.915888 0.000000
vt 0.925234 1.000000
vt 0.925234 0.000000
vt 0.934579 1.000000
vt 0.934579 0.000000
vt 0.943925 1.000000
vt 0.943925 0.000000
vt 0.953271 1.000000
vt 0.953271 0.000000
vt 0.962617 1.000000
vt 0.962617 0.000000
vt 0.971963 1.000000
vt 0.971963 0.000000
vt 0.981308 1.000000
vt 0.981308 0.000000
vt 0.990654 1.000000
vt 0.990654 0.000000
vt 0.013514 1.000000
vt 0.013514 0.000000
vt 0.040541 1.000000
vt 0.040541 0.000000
vt 0.067568 1.000000
vt 0.067568 0.000000
vt 0.094595 1.000000
vt 0.094595 0.000000
vt 0.121622 1.000000
vt 0.121622 0.000000
vt 0.148649 1.000000
vt 0.148649 0.000000
vt 0.175676 1.000000
vt 0.175676 0.000000
vt 0.202703 1.000000
vt 0.202703 0.000000
vt 0.229730 1.000000
vt 0.229730 0.000000
vt 0.256757 1.000000
vt 0.256757 0.000000
vt 0.283784 1.000000
vt 0.283784 0.000000
vt 0.310811 1.000000
vt 0.310811 0.000000
vt 0.337838 1.000000
vt 0.337838 0.000000
vt 0.364865 1.000000
vt 0.364865 0.000000
vt 0.391892 1.000000
vt 0.391892 0.000000
vt 0.418919 1.000000
vt 0.418919 0.000000
vt 0.445946 1.000000
vt 0.445946 0.000000
vt 0.472973 1.000000
vt 0.472973 0.000000
vt 0.527027 1.000000
vt 0.527027 0.000000
vt 0.554054 1.000000
vt 0.554054 0.000000
vt 0.581081 1.000000
vt 0.581081 0.000000
vt 0.608108 1.000000
vt 0.608108 0.000000
vt 0.635135 1.000000
vt 0.635135 0.000000
vt 0.662162 1.000000
vt 0.662162 0.000000
vt 0.689189 1.000000
vt 0.689189 0.000000
vt 0.716216 1.000000
vt 0.716216 0.000000
vt 0.743243 1.000000
vt 0.743243 0.000000
vt 0.770270 1.000000
vt 0.770270 0.000000
vt 0.797297 1.000000
vt 0.797297 0.000000
vt 0.824324 1.000000
vt 0.824324 0.000000
vt 0.851351 1.000000
vt 0.851351 0.000000
vt 0.878378 1.000000
vt 0.878378 0.000000
vt 0.905405 1.000000
vt 0.905405 0.000000
vt 0.932432 1.000000
vt 0.932432 0.000000
vt 0.959459 1.000000
vt 0.959459 0.000000
vt 0.986486 1.000000
vt 0.986486 0.000000
vt 0.040000 1.000000
vt 0.040000 0.000000
vt 0.080000 1.000000
vt 0.080000 0.000000
vt 0.120000 1.000000
vt 0.120000 0.000000
vt 0.160000 1.000000
vt 0.160000 0.000000
vt 0.200000 1.000000
vt 0.200000 0.000000
vt 0.240000 1.000000
vt 0.240000 0.000000
vt 0.280000 1.000000
vt 0.280000 0.000000
vt 0.320000 1.000000
vt 0.320000 0.000000
vt 0.360000 1.000000
vt 0.360000 0.000000
vt 0.400000 1.000000
vt 0.400000 0.000000
vt 0.440000 1.000000
vt 0.440000 0.000000
vt 0.480000 1.000000
vt 0.480000 0.000000
vt 0.520000 1.000000
vt 0.520000 0.000000
vt 0.560000 1.000000
vt 0.560000 0.000000
vt 0.600000 1.000000
vt 0.600000 0.000000
vt 0.640000 1.000000
vt 0.640000 0.000000
vt 0.680000 1.000000
vt 0.680000 0.000000
vt 0.720000 1.000000
vt 0.720000 0.000000
vt 0.760000 1.000000
vt 0.760000 0.000000
vt 0.800000 1.000000
vt 0.800000 0.000000
vt 0.840000 1.000000
vt 0.840000 0.000000
vt 0.880000 1.000000
vt 0.880000 0.000000
vt 0.920000 1.000000
vt 0.920000 0.000000
vt 0.960000 1.000000
vt 0.960000 0.000000
vt 0.010204 1.000000
vt 0.020408 1.000000
vt 0.030612 1.000000
vt 0.040816 1.000000
vt 0.051020 1.000000
vt 0.061224 1.000000
vt 0.071429 1.000000
vt 0.081633 1.000000
vt 0.091837 1.000000
vt 0.102041 1.000000
vt 0.112245 1.000000
vt 0.122449 1.000000
vt 0.132653 1.000000
vt 0.142857 1.000000
vt 0.153061 1.000000
vt 0.163265 1.000000
vt 0.173469 1.000000
vt 0.183673 1.000000
vt 0.193878 1.000000
vt 0.204082 1.000000
vt 0.214286 1.000000
vt 0.224490 1.000000
vt 0.234694 1.000000
vt 0.244898 1.000000
vt 0.255102 1.000000
vt 0.265306 1.000000
vt 0.275510 1.000000
vt 0.285714 1.000000
vt 0.295918 1.000000
vt 0.306122 1.000000
vt 0.316327 1.000000
vt 0.326531 1.000000
vt 0.336735 1.000000
vt 0.346939 1.000000
vt 0.357143 1.000000
vt 0.367347 1.000000
vt 0.377551 1.000000
vt 0.387755 1.000000
vt 0.397959 1.000000
vt 0.408163 1.000000
vt 0.418367 1.000000
vt 0.428571 1.000000
vt 0.438776 1.000000
vt 0.448980 1.000000
vt 0.459184 1.000000
vt 0.469388 1.000000
vt 0.479592 1.000000
vt 0.489796 1.000000
vt 0.510204 1.000000
vt 0.520408 1.000000
vt 0.530612 1.000000
vt 0.540816 1.000000
vt 0.551020 1.000000
vt 0.561224 1.000000
vt 0.571429 1.000000
vt 0.581633 1.000000
vt 0.591837 1.000000
vt 0.602041 1.000000
vt 0.612245 1.000000
vt 0.622449 1.000000
vt 0.632653 1.000000
vt 0.642857 1.000000
vt 0.653061 1.000000
vt 0.663265 1.000000
vt 0.673469 1.000000
vt 0.683673 1.000000
vt 0.693878 1.000000
vt 0.704082 1.000000
vt 0.714286 1.000000
vt 0.724490 1.000000
vt 0.734694 1.000000
vt 0.744898 1.000000
vt 0.755102 1.000000
vt 0.765306 1.000000
vt 0.775510 1.000000
vt 0.785714 1.000000
vt 0.795918 1.000000
vt 0.806122 1.000000
vt 0.816327 1.000000
vt 0.826531 1.000000
vt 0.836735 1.000000
vt 0.846939 1.000000
vt 0.857143 1.000000
vt 0.867347 1.000000
vt 0.877551 1.000000
vt 0.887755 1.000000
vt 0.897959 1.000000
vt 0.908163 1.000000
vt 0.918367 1.000000
vt 0.928571 1.000000
vt 0.938776 1.000000
vt 0.948980 1.000000
vt 0.959184 1.000000
vt 0.969388 1.000000
vt 0.979592 1.000000
vt 0.989796 1.000000
vt 0.250000 1.000000
vt 0.250000 0.000000
vt 0.750000 1.000000
vt 0.750000 0.000000
vt 0.018182 1.000000
vt 0.018182 0.000000
vt 0.036364 1.000000
vt 0.036364 0.000000
vt 0.054545 1.000000
vt 0.054545 0.000000
vt 0.072727 1.000000
vt 0.072727 0.000000
vt 0.090909 1.000000
vt 0.090909 0.000000
vt 0.109091 1.000000
vt 0.109091 0.000000
vt 0.127273 1.000000
vt 0.127273 0.000000
vt 0.145455 1.000000
vt 0.145455 0.000000
vt 0.163636 1.000000
vt 0.163636 0.000000
vt 0.181818 1.000000
vt 0.181818 0.000000
vt 0.218182 1.000000
vt 0.218182 0.000000
vt 0.236364 1.000000
vt 0.236364 0.000000
vt 0.254545 1.000000
vt 0.254545 0.000000
vt 0.272727 1.000000
vt 0.272727 0.000000
vt 0.290909 1.000000
vt 0.290909 0.000000
vt 0.309091 1.000000
vt 0.309091 0.000000
vt 0.327273 1.000000
vt 0.327273 0.000000
vt 0.345455 1.000000
vt 0.345455 0.000000
vt 0.363636 1.000000
vt 0.363636 0.000000
vt 0.381818 1.000000
vt 0.381818 0.000000
vt 0.418182 1.000000
vt 0.418182 0.000000
vt 0.436364 1.000000
vt 0.436364 0.000000
vt 0.454545 1.000000
vt 0.454545 0.000000
vt 0.472727 1.000000
vt 0.472727 0.000000
vt 0.490909 1.000000
vt 0.490909 0.000000
vt 0.509091 1.000000
vt 0.509091 0.000000
vt 0.527273 1.000000
vt 0.527273 0.000000
vt 0.545455 1.000000
vt 0.545455 0.000000
vt 0.563636 1.000000
vt 0.563636 0.000000
vt 0.581818 1.000000
vt 0.581818 0.000000
vt 0.618182 1.000000
vt 0.618182 0.000000
vt 0.636364 1.000000
vt 0.636364 0.000000
vt 0.654545 1.000000
vt 0.654545 0.000000
vt 0.672727 1.000000
vt 0.672727 0.000000
vt 0.690909 1.000000
vt 0.690909 0.000000
vt 0.709091 1.000000
vt 0.709091 0.000000
vt 0.727273 1.000000
vt 0.727273 0.000000
vt 0.745455 1.000000
vt 0.745455 0.000000
vt 0.763636 1.000000
vt 0.763636 0.000000
vt 0.781818 1.000000
vt 0.781818 0.000000
vt 0.818182 1.000000
vt 0.818182 0.000000
vt 0.836364 1.000000
vt 0.836364 0.000000
vt 0.854545 1.000000
vt 0.854545 0.000000
vt 0.872727 1.000000
vt 0.872727 0.000000
vt 0.890909 1.000000
vt 0.890909 0.000000
vt 0.909091 1.000000
vt 0.909091 0.000000
vt 0.927273 1.000000
vt 0.927273 0.000000
vt 0.945455 1.000000
vt 0.945455 0.000000
vt 0.963636 1.000000
vt 0.963636 0.000000
vt 0.981818 1.000000
vt 0.981818 0.000000
s 0
usemtl マテリアル
f 165/55/7 167/56/7 166/57/7
f 165/55/7 168/58/7 167/56/7
f 164/59/7 168/58/7 165/55/7
f 164/59/7 169/60/7 168/58/7
f 163/61/7 169/60/7 164/59/7
f 163/61/7 170/62/7 169/60/7
f 163/61/7 171/63/7 170/62/7
f 162/64/7 171/63/7 163/61/7
f 162/64/7 172/65/7 171/63/7
f 205/66/7 207/67/7 206/68/7
f 205/66/7 153/69/7 207/67/7
f 161/70/7 172/65/7 162/64/7
f 161/70/7 173/71/7 172/65/7
f 161/70/7 174/72/7 173/71/7
f 160/73/7 174/72/7 161/70/7
f 160/73/7 175/74/7 174/72/7
f 159/75/7 175/74/7 160/73/7
f 159/75/7 176/76/7 175/74/7
f 159/75/7 177/77/7 176/76/7
f 158/78/7 177/77/7 159/75/7
f 158/78/7 178/79/7 177/77/7
f 157/80/7 178/79/7 158/78/7
f 157/80/7 188/81/7 178/79/7
f 188/81/7 187/82/7 178/79/7
f 187/82/7 186/83/7 178/79/7
f 186/83/7 185/84/7 178/79/7
f 185/84/7 184/85/7 178/79/7
f 184/85/7 183/86/7 178/79/7
f 183/86/7 182/87/7 178/79/7
f 182/87/7 181/88/7 178/79/7
f 181/88/7 180/89/7 178/79/7
f 180/89/7 179/90/7 178/79/7
f 156/91/7 190/92/7 157/80/7
f 190/92/7 189/93/7 157/80/7
f 189/93/7 188/81/7 157/80/7
f 155/94/7 192/95/7 156/91/7
f 192/95/7 191/96/7 156/91/7
f 191/96/7 190/92/7 156/91/7
f 155/94/7 193/97/7 192/95/7
f 155/94/7 194/98/7 193/97/7
f 154/99/7 194/98/7 155/94/7
f 154/99/7 195/100/7 194/98/7
f 154/99/7 196/101/7 195/100/7
f 205/66/7 154/99/7 153/69/7
f 205/66/7 200/102/7 154/99/7
f 200/102/7 199/103/7 154/99/7
f 199/103/7 198/104/7 154/99/7
f 198/104/7 197/105/7 154/99/7
f 197/105/7 196/101/7 154/99/7
f 205/66/7 201/106/7 200/102/7
f 205/66/7 202/107/7 201/106/7
f 205/66/7 203/108/7 202/107/7
f 205/66/7 204/109/7 203/108/7
f 305/110/7 307/111/7 306/112/7
f 304/113/7 307/111/7 305/110/7
f 304/113/7 308/114/7 307/111/7
f 303/115/7 308/114/7 304/113/7
f 302/116/7 308/114/7 303/115/7
f 302/116/7 309/117/7 308/114/7
f 301/118/7 309/117/7 302/116/7
f 301/118/7 310/119/7 309/117/7
f 300/120/7 310/119/7 301/118/7
f 299/121/7 310/119/7 300/120/7
f 299/121/7 311/122/7 310/119/7
f 298/123/7 311/122/7 299/121/7
f 298/123/7 312/124/7 311/122/7
f 297/125/7 312/124/7 298/123/7
f 296/126/7 312/124/7 297/125/7
f 296/126/7 313/127/7 312/124/7
f 295/128/7 313/127/7 296/126/7
f 295/128/7 314/129/7 313/127/7
f 294/130/7 314/129/7 295/128/7
f 293/131/7 292/132/7 294/130/7
f 292/132/7 291/133/7 294/130/7
f 291/133/7 290/134/7 294/130/7
f 290/134/7 289/135/7 294/130/7
f 289/135/7 288/136/7 294/130/7
f 288/136/7 287/137/7 294/130/7
f 287/137/7 286/138/7 294/130/7
f 286/138/7 285/139/7 294/130/7
f 285/139/7 284/140/7 294/130/7
f 284/140/7 283/141/7 294/130/7
f 283/141/7 314/129/7 294/130/7
f 283/141/7 282/142/7 314/129/7
f 282/142/7 281/143/7 314/129/7
f 281/143/7 315/144/7 314/129/7
f 281/143/7 280/145/7 315/144/7
f 280/145/7 316/146/7 315/144/7
f 279/147/7 316/146/7 280/145/7
f 278/148/7 316/146/7 279/147/7
f 277/149/7 316/146/7 278/148/7
f 276/150/7 316/146/7 277/149/7
f 275/151/7 316/146/7 276/150/7
f 275/151/7 317/152/7 316/146/7
f 274/153/7 317/152/7 275/151/7
f 273/154/7 317/152/7 274/153/7
f 272/155/7 317/152/7 273/154/7
f 272/155/7 318/156/7 317/152/7
f 271/157/7 318/156/7 272/155/7
f 270/158/7 318/156/7 271/157/7
f 270/158/7 319/159/7 318/156/7
f 269/160/7 319/159/7 270/158/7
f 268/161/7 319/159/7 269/160/7
f 267/162/7 381/67/7 268/161/7
f 381/67/7 319/159/7 268/161/7
f 266/163/7 381/67/7 267/162/7
f 265/164/7 381/67/7 266/163/7
f 264/165/7 381/67/7 265/164/7
f 263/166/7 381/67/7 264/165/7
f 263/166/7 345/167/7 381/67/7
f 380/168/7 319/159/7 381/67/7
f 263/166/7 346/169/7 345/167/7
f 262/170/7 346/169/7 263/166/7
f 262/170/7 347/171/7 346/169/7
f 261/172/7 347/171/7 262/170/7
f 261/172/7 348/173/7 347/171/7
f 260/174/7 348/173/7 261/172/7
f 260/174/7 349/175/7 348/173/7
f 260/174/7 350/176/7 349/175/7
f 259/177/7 350/176/7 260/174/7
f 259/177/7 351/178/7 350/176/7
f 258/179/7 351/178/7 259/177/7
f 258/179/7 352/180/7 351/178/7
f 258/179/7 353/181/7 352/180/7
f 257/182/7 353/181/7 258/179/7
f 257/182/7 354/183/7 353/181/7
f 257/182/7 355/184/7 354/183/7
f 256/185/7 355/184/7 257/182/7
f 256/185/7 356/186/7 355/184/7
f 255/187/7 356/186/7 256/185/7
f 255/187/7 357/188/7 356/186/7
f 255/187/7 358/189/7 357/188/7
f 254/190/7 358/189/7 255/187/7
f 254/190/7 359/191/7 358/189/7
f 254/190/7 360/192/7 359/191/7
f 379/193/7 319/159/7 380/168/7
f 253/194/7 360/192/7 254/190/7
f 378/195/7 319/159/7 379/193/7
f 253/194/7 361/196/7 360/192/7
f 377/197/7 319/159/7 378/195/7
f 342/198/7 344/199/7 343/200/7
f 377/197/7 320/201/7 319/159/7
f 253/194/7 362/202/7 361/196/7
f 341/203/7 344/199/7 342/198/7
f 376/204/7 320/201/7 377/197/7
f 376/204/7 321/205/7 320/201/7
f 340/206/7 344/199/7 341/203/7
f 252/207/7 362/202/7 253/194/7
f 252/207/7 363/208/7 362/202/7
f 376/204/7 322/209/7 321/205/7
f 375/210/7 322/209/7 376/204/7
f 339/211/7 344/199/7 340/206/7
f 375/210/7 323/212/7 322/209/7
f 374/213/7 323/212/7 375/210/7
f 338/214/7 344/199/7 339/211/7
f 252/207/7 364/215/7 363/208/7
f 374/213/7 324/216/7 323/212/7
f 337/217/7 344/199/7 338/214/7
f 373/218/7 324/216/7 374/213/7
f 373/218/7 325/219/7 324/216/7
f 336/220/7 344/199/7 337/217/7
f 252/207/7 365/221/7 364/215/7
f 373/218/7 326/222/7 325/219/7
f 372/223/7 326/222/7 373/218/7
f 335/224/7 344/199/7 336/220/7
f 372/223/7 327/225/7 326/222/7
f 251/226/7 365/221/7 252/207/7
f 334/227/7 344/199/7 335/224/7
f 251/226/7 366/228/7 365/221/7
f 371/229/7 327/225/7 372/223/7
f 371/229/7 328/230/7 327/225/7
f 333/231/7 344/199/7 334/227/7
f 371/229/7 329/232/7 328/230/7
f 332/233/7 344/199/7 333/231/7
f 370/234/7 329/232/7 371/229/7
f 370/234/7 330/235/7 329/232/7
f 331/236/7 344/199/7 332/233/7
f 370/234/7 331/236/7 330/235/7
f 251/226/7 367/237/7 366/228/7
f 370/234/7 344/199/7 331/236/7
f 369/238/7 344/199/7 370/234/7
f 251/226/7 368/239/7 367/237/7
f 368/239/7 344/199/7 369/238/7
f 251/226/7 231/240/7 368/239/7
f 231/240/7 344/199/7 368/239/7
f 250/241/7 231/240/7 251/226/7
f 250/241/7 232/242/7 231/240/7
f 230/243/7 344/199/7 231/240/7
f 249/244/7 232/242/7 250/241/7
f 249/244/7 233/245/7 232/242/7
f 229/246/7 344/199/7 230/243/7
f 229/246/7 208/69/7 344/199/7
f 248/247/7 233/245/7 249/244/7
f 248/247/7 234/248/7 233/245/7
f 228/249/7 208/69/7 229/246/7
f 228/249/7 209/250/7 208/69/7
f 248/247/7 235/251/7 234/248/7
f 227/252/7 209/250/7 228/249/7
f 247/253/7 235/251/7 248/247/7
f 227/252/7 210/254/7 209/250/7
f 247/253/7 236/255/7 235/251/7
f 226/256/7 210/254/7 227/252/7
f 226/256/7 211/257/7 210/254/7
f 246/258/7 236/255/7 247/253/7
f 246/258/7 237/259/7 236/255/7
f 225/260/7 211/257/7 226/256/7
f 225/260/7 212/261/7 211/257/7
f 246/258/7 238/262/7 237/259/7
f 224/263/7 212/261/7 225/260/7
f 224/263/7 213/264/7 212/261/7
f 245/265/7 238/262/7 246/258/7
f 245/265/7 239/266/7 238/262/7
f 223/267/7 213/264/7 224/263/7
f 223/267/7 214/268/7 213/264/7
f 245/265/7 240/269/7 239/266/7
f 223/267/7 215/270/7 214/268/7
f 222/271/7 215/270/7 223/267/7
f 244/272/7 240/269/7 245/265/7
f 222/271/7 216/273/7 215/270/7
f 244/272/7 241/274/7 240/269/7
f 221/275/7 216/273/7 222/271/7
f 221/275/7 217/276/7 216/273/7
f 244/272/7 242/277/7 241/274/7
f 220/278/7 217/276/7 221/275/7
f 243/279/7 242/277/7 244/272/7
f 220/278/7 218/280/7 217/276/7
f 219/281/7 218/280/7 220/278/7
f 416/282/7 418/283/7 417/284/7
f 416/282/7 419/285/7 418/283/7
f 415/286/7 419/285/7 416/282/7
f 415/286/7 420/287/7 419/285/7
f 414/288/7 420/287/7 415/286/7
f 414/288/7 421/289/7 420/287/7
f 413/290/7 421/289/7 414/288/7
f 413/290/7 422/291/7 421/289/7
f 412/292/7 422/291/7 413/290/7
f 412/292/7 423/293/7 422/291/7
f 411/294/7 423/293/7 412/292/7
f 411/294/7 424/295/7 423/293/7
f 410/296/7 467/297/7 411/294/7
f 467/297/7 424/295/7 411/294/7
f 410/296/7 468/298/7 467/297/7
f 466/299/7 424/295/7 467/297/7
f 410/296/7 469/300/7 468/298/7
f 465/301/7 424/295/7 466/299/7
f 410/296/7 470/302/7 469/300/7
f 464/303/7 424/295/7 465/301/7
f 464/303/7 425/304/7 424/295/7
f 410/296/7 471/305/7 470/302/7
f 409/306/7 471/305/7 410/296/7
f 463/307/7 425/304/7 464/303/7
f 409/306/7 472/308/7 471/305/7
f 462/309/7 425/304/7 463/307/7
f 409/306/7 473/310/7 472/308/7
f 461/311/7 425/304/7 462/309/7
f 409/306/7 474/312/7 473/310/7
f 460/313/7 425/304/7 461/311/7
f 408/314/7 474/312/7 409/306/7
f 460/313/7 426/315/7 425/304/7
f 408/314/7 475/316/7 474/312/7
f 459/317/7 426/315/7 460/313/7
f 408/314/7 476/318/7 475/316/7
f 458/319/7 426/315/7 459/317/7
f 407/320/7 476/318/7 408/314/7
f 458/319/7 427/321/7 426/315/7
f 407/320/7 477/322/7 476/318/7
f 457/323/7 427/321/7 458/319/7
f 407/320/7 478/324/7 477/322/7
f 456/325/7 427/321/7 457/323/7
f 406/326/7 478/324/7 407/320/7
f 406/326/7 479/327/7 478/324/7
f 456/325/7 428/328/7 427/321/7
f 480/67/7 428/328/7 456/325/7
f 406/326/7 480/67/7 479/327/7
f 406/326/7 428/328/7 480/67/7
f 405/329/7 428/328/7 406/326/7
f 405/329/7 429/330/7 428/328/7
f 404/331/7 430/332/7 405/329/7
f 430/332/7 429/330/7 405/329/7
f 404/331/7 431/89/7 430/332/7
f 403/333/7 431/89/7 404/331/7
f 403/333/7 432/334/7 431/89/7
f 403/333/7 433/335/7 432/334/7
f 402/336/7 433/335/7 403/333/7
f 402/336/7 434/337/7 433/335/7
f 401/338/7 434/337/7 402/336/7
f 401/338/7 435/339/7 434/337/7
f 453/340/7 455/341/7 454/342/7
f 401/338/7 436/343/7 435/339/7
f 452/344/7 455/341/7 453/340/7
f 451/345/7 455/341/7 452/344/7
f 400/346/7 436/343/7 401/338/7
f 400/346/7 437/347/7 436/343/7
f 450/348/7 455/341/7 451/345/7
f 449/349/7 455/341/7 450/348/7
f 400/346/7 438/350/7 437/347/7
f 448/351/7 455/341/7 449/349/7
f 400/346/7 439/352/7 438/350/7
f 447/353/7 455/341/7 448/351/7
f 399/354/7 439/352/7 400/346/7
f 446/355/7 455/341/7 447/353/7
f 399/354/7 440/356/7 439/352/7
f 445/357/7 455/341/7 446/355/7
f 399/354/7 441/358/7 440/356/7
f 444/359/7 455/341/7 445/357/7
f 443/360/7 455/341/7 444/359/7
f 399/354/7 442/361/7 441/358/7
f 442/361/7 455/341/7 443/360/7
f 399/354/7 455/341/7 442/361/7
f 398/362/7 455/341/7 399/354/7
f 398/362/7 382/69/7 455/341/7
f 397/363/7 382/69/7 398/362/7
f 397/363/7 383/364/7 382/69/7
f 397/363/7 384/365/7 383/364/7
f 396/366/7 384/365/7 397/363/7
f 396/366/7 385/367/7 384/365/7
f 396/366/7 386/368/7 385/367/7
f 395/369/7 386/368/7 396/366/7
f 395/369/7 387/370/7 386/368/7
f 395/369/7 388/371/7 387/370/7
f 394/372/7 388/371/7 395/369/7
f 394/372/7 389/373/7 388/371/7
f 394/372/7 390/374/7 389/373/7
f 394/372/7 391/375/7 390/374/7
f 393/376/7 391/375/7 394/372/7
f 393/376/7 392/377/7 391/375/7
f 481/69/7 483/93/7 482/63/7
f 481/69/7 484/67/7 483/93/7
f 568/378/7 570/379/7 569/380/7
f 568/378/7 571/381/7 570/379/7
f 568/378/7 572/382/7 571/381/7
f 567/383/7 572/382/7 568/378/7
f 567/383/7 573/384/7 572/382/7
f 567/383/7 574/385/7 573/384/7
f 567/383/7 575/386/7 574/385/7
f 566/387/7 575/386/7 567/383/7
f 566/387/7 576/388/7 575/386/7
f 566/387/7 577/389/7 576/388/7
f 566/387/7 578/390/7 577/389/7
f 565/391/7 578/390/7 566/387/7
f 565/391/7 579/392/7 578/390/7
f 565/391/7 580/393/7 579/392/7
f 565/391/7 581/394/7 580/393/7
f 564/395/7 581/394/7 565/391/7
f 564/395/7 494/396/7 581/394/7
f 494/396/7 493/397/7 581/394/7
f 493/397/7 492/398/7 581/394/7
f 492/398/7 491/399/7 581/394/7
f 491/399/7 490/400/7 581/394/7
f 490/400/7 489/401/7 581/394/7
f 489/401/7 488/402/7 581/394/7
f 488/402/7 487/403/7 581/394/7
f 487/403/7 486/404/7 581/394/7
f 486/404/7 485/69/7 581/394/7
f 485/69/7 582/67/7 581/394/7
f 563/405/7 496/406/7 564/395/7
f 496/406/7 495/407/7 564/395/7
f 495/407/7 494/396/7 564/395/7
f 563/405/7 497/408/7 496/406/7
f 563/405/7 498/409/7 497/408/7
f 563/405/7 499/410/7 498/409/7
f 562/411/7 499/410/7 563/405/7
f 562/411/7 500/412/7 499/410/7
f 562/411/7 501/413/7 500/412/7
f 561/414/7 501/413/7 562/411/7
f 561/414/7 502/415/7 501/413/7
f 561/414/7 503/416/7 502/415/7
f 560/417/7 503/416/7 561/414/7
f 560/417/7 504/418/7 503/416/7
f 559/419/7 504/418/7 560/417/7
f 559/419/7 505/420/7 504/418/7
f 559/419/7 506/421/7 505/420/7
f 558/422/7 506/421/7 559/419/7
f 558/422/7 507/423/7 506/421/7
f 557/424/7 507/423/7 558/422/7
f 557/424/7 508/425/7 507/423/7
f 557/424/7 509/426/7 508/425/7
f 556/427/7 509/426/7 557/424/7
f 556/427/7 510/428/7 509/426/7
f 555/429/7 510/428/7 556/427/7
f 555/429/7 511/430/7 510/428/7
f 554/431/7 511/430/7 555/429/7
f 554/431/7 512/432/7 511/430/7
f 553/433/7 512/432/7 554/431/7
f 553/433/7 513/434/7 512/432/7
f 552/435/7 513/434/7 553/433/7
f 552/435/7 514/436/7 513/434/7
f 531/437/7 533/438/7 532/439/7
f 552/435/7 515/440/7 514/436/7
f 530/441/7 533/438/7 531/437/7
f 551/442/7 515/440/7 552/435/7
f 529/443/7 533/438/7 530/441/7
f 551/442/7 516/444/7 515/440/7
f 528/445/7 533/438/7 529/443/7
f 527/446/7 533/438/7 528/445/7
f 551/442/7 517/447/7 516/444/7
f 526/448/7 533/438/7 527/446/7
f 550/449/7 517/447/7 551/442/7
f 525/450/7 533/438/7 526/448/7
f 550/449/7 518/451/7 517/447/7
f 524/452/7 533/438/7 525/450/7
f 523/453/7 533/438/7 524/452/7
f 550/449/7 519/454/7 518/451/7
f 522/455/7 533/438/7 523/453/7
f 521/456/7 533/438/7 522/455/7
f 550/449/7 520/457/7 519/454/7
f 520/457/7 533/438/7 521/456/7
f 550/449/7 533/438/7 520/457/7
f 549/458/7 533/438/7 550/449/7
f 549/458/7 534/459/7 533/438/7
f 548/460/7 534/459/7 549/458/7
f 548/460/7 535/461/7 534/459/7
f 548/460/7 536/462/7 535/461/7
f 548/460/7 537/463/7 536/462/7
f 547/464/7 537/463/7 548/460/7
f 547/464/7 538/465/7 537/463/7
f 547/464/7 539/466/7 538/465/7
f 547/464/7 540/467/7 539/466/7
f 546/468/7 540/467/7 547/464/7
f 546/468/7 541/469/7 540/467/7
f 546/468/7 542/470/7 541/469/7
f 546/468/7 543/471/7 542/470/7
f 545/472/7 543/471/7 546/468/7
f 545/472/7 544/473/7 543/471/7
f 617/282/7 619/283/7 618/284/7
f 617/282/7 620/285/7 619/283/7
f 616/286/7 620/285/7 617/282/7
f 616/286/7 621/287/7 620/285/7
f 615/288/7 621/287/7 616/286/7
f 615/288/7 622/289/7 621/287/7
f 614/290/7 622/289/7 615/288/7
f 614/290/7 623/291/7 622/289/7
f 613/292/7 623/291/7 614/290/7
f 613/292/7 624/293/7 623/291/7
f 612/294/7 624/293/7 613/292/7
f 612/294/7 625/295/7 624/293/7
f 611/296/7 668/297/7 612/294/7
f 668/297/7 625/295/7 612/294/7
f 611/296/7 669/298/7 668/297/7
f 667/299/7 625/295/7 668/297/7
f 611/296/7 670/300/7 669/298/7
f 666/301/7 625/295/7 667/299/7
f 611/296/7 671/302/7 670/300/7
f 665/303/7 625/295/7 666/301/7
f 665/303/7 626/304/7 625/295/7
f 611/296/7 672/305/7 671/302/7
f 610/306/7 672/305/7 611/296/7
f 664/307/7 626/304/7 665/303/7
f 610/306/7 673/308/7 672/305/7
f 663/309/7 626/304/7 664/307/7
f 610/306/7 674/310/7 673/308/7
f 662/311/7 626/304/7 663/309/7
f 610/306/7 675/312/7 674/310/7
f 661/313/7 626/304/7 662/311/7
f 609/314/7 675/312/7 610/306/7
f 661/313/7 627/315/7 626/304/7
f 609/314/7 676/316/7 675/312/7
f 660/317/7 627/315/7 661/313/7
f 609/314/7 677/318/7 676/316/7
f 659/319/7 627/315/7 660/317/7
f 608/320/7 677/318/7 609/314/7
f 659/319/7 628/321/7 627/315/7
f 608/320/7 678/322/7 677/318/7
f 658/323/7 628/321/7 659/319/7
f 608/320/7 679/324/7 678/322/7
f 657/325/7 628/321/7 658/323/7
f 607/326/7 679/324/7 608/320/7
f 607/326/7 680/327/7 679/324/7
f 657/325/7 629/328/7 628/321/7
f 681/67/7 629/328/7 657/325/7
f 607/326/7 681/67/7 680/327/7
f 607/326/7 629/328/7 681/67/7
f 606/329/7 629/328/7 607/326/7
f 606/329/7 630/330/7 629/328/7
f 605/331/7 631/332/7 606/329/7
f 631/332/7 630/330/7 606/329/7
f 605/331/7 632/89/7 631/332/7
f 604/333/7 632/89/7 605/331/7
f 604/333/7 633/334/7 632/89/7
f 604/333/7 634/335/7 633/334/7
f 603/336/7 634/335/7 604/333/7
f 603/336/7 635/337/7 634/335/7
f 602/338/7 635/337/7 603/336/7
f 602/338/7 636/339/7 635/337/7
f 654/340/7 656/341/7 655/342/7
f 602/338/7 637/343/7 636/339/7
f 653/344/7 656/341/7 654/340/7
f 652/345/7 656/341/7 653/344/7
f 601/346/7 637/343/7 602/338/7
f 601/346/7 638/347/7 637/343/7
f 651/348/7 656/341/7 652/345/7
f 650/349/7 656/341/7 651/348/7
f 601/346/7 639/350/7 638/347/7
f 649/351/7 656/341/7 650/349/7
f 601/346/7 640/352/7 639/350/7
f 648/353/7 656/341/7 649/351/7
f 600/354/7 640/352/7 601/346/7
f 647/355/7 656/341/7 648/353/7
f 600/354/7 641/356/7 640/352/7
f 646/357/7 656/341/7 647/355/7
f 600/354/7 642/358/7 641/356/7
f 645/359/7 656/341/7 646/357/7
f 644/360/7 656/341/7 645/359/7
f 600/354/7 643/361/7 642/358/7
f 643/361/7 656/341/7 644/360/7
f 600/354/7 656/341/7 643/361/7
f 599/362/7 656/341/7 600/354/7
f 599/362/7 583/69/7 656/341/7
f 598/363/7 583/69/7 599/362/7
f 598/363/7 584/364/7 583/69/7
f 598/363/7 585/365/7 584/364/7
f 597/366/7 585/365/7 598/363/7
f 597/366/7 586/367/7 585/365/7
f 597/366/7 587/368/7 586/367/7
f 596/369/7 587/368/7 597/366/7
f 596/369/7 588/370/7 587/368/7
f 596/369/7 589/371/7 588/370/7
f 595/372/7 589/371/7 596/369/7
f 595/372/7 590/373/7 589/371/7
f 595/372/7 591/374/7 590/373/7
f 595/372/7 592/375/7 591/374/7
f 594/376/7 592/375/7 595/372/7
f 594/376/7 593/377/7 592/375/7
f 693/474/7 695/475/7 694/476/7
f 717/477/7 719/478/7 718/479/7
f 692/480/7 695/475/7 693/474/7
f 692/480/7 696/481/7 695/475/7
f 716/482/7 719/478/7 717/477/7
f 716/482/7 720/483/7 719/478/7
f 691/484/7 696/481/7 692/480/7
f 691/484/7 697/485/7 696/481/7
f 715/486/7 720/483/7 716/482/7
f 690/487/7 697/485/7 691/484/7
f 690/487/7 698/488/7 697/485/7
f 715/486/7 721/489/7 720/483/7
f 714/490/7 721/489/7 715/486/7
f 689/491/7 698/488/7 690/487/7
f 786/492/7 788/67/7 787/493/7
f 786/492/7 682/69/7 788/67/7
f 689/491/7 699/494/7 698/488/7
f 713/495/7 721/489/7 714/490/7
f 688/496/7 699/494/7 689/491/7
f 713/495/7 722/497/7 721/489/7
f 688/496/7 700/498/7 699/494/7
f 687/499/7 700/498/7 688/496/7
f 712/500/7 722/497/7 713/495/7
f 687/499/7 701/501/7 700/498/7
f 712/500/7 723/502/7 722/497/7
f 686/503/7 701/501/7 687/499/7
f 711/504/7 723/502/7 712/500/7
f 686/503/7 702/505/7 701/501/7
f 685/506/7 702/505/7 686/503/7
f 710/507/7 723/502/7 711/504/7
f 710/507/7 724/508/7 723/502/7
f 685/506/7 703/509/7 702/505/7
f 684/510/7 703/509/7 685/506/7
f 709/511/7 724/508/7 710/507/7
f 684/510/7 704/512/7 703/509/7
f 683/513/7 704/512/7 684/510/7
f 709/511/7 725/514/7 724/508/7
f 708/515/7 725/514/7 709/511/7
f 683/513/7 705/516/7 704/512/7
f 682/69/7 705/516/7 683/513/7
f 707/517/7 725/514/7 708/515/7
f 707/517/7 745/518/7 725/514/7
f 745/518/7 726/519/7 725/514/7
f 786/492/7 784/520/7 682/69/7
f 784/520/7 783/521/7 682/69/7
f 783/521/7 782/522/7 682/69/7
f 782/522/7 781/523/7 682/69/7
f 781/523/7 780/524/7 682/69/7
f 780/524/7 779/525/7 682/69/7
f 779/525/7 778/526/7 682/69/7
f 778/526/7 777/527/7 682/69/7
f 777/527/7 776/528/7 682/69/7
f 776/528/7 775/529/7 682/69/7
f 775/529/7 774/530/7 682/69/7
f 774/530/7 773/531/7 682/69/7
f 773/531/7 705/516/7 682/69/7
f 773/531/7 772/532/7 705/516/7
f 772/532/7 706/533/7 705/516/7
f 706/533/7 746/534/7 707/517/7
f 746/534/7 745/518/7 707/517/7
f 771/535/7 706/533/7 772/532/7
f 744/536/7 726/519/7 745/518/7
f 706/533/7 747/537/7 746/534/7
f 770/538/7 706/533/7 771/535/7
f 743/539/7 726/519/7 744/536/7
f 706/533/7 748/540/7 747/537/7
f 769/541/7 706/533/7 770/538/7
f 742/542/7 726/519/7 743/539/7
f 706/533/7 749/543/7 748/540/7
f 768/544/7 706/533/7 769/541/7
f 768/544/7 749/543/7 706/533/7
f 741/545/7 726/519/7 742/542/7
f 768/544/7 750/546/7 749/543/7
f 741/545/7 727/547/7 726/519/7
f 767/548/7 750/546/7 768/544/7
f 767/548/7 751/549/7 750/546/7
f 740/550/7 727/547/7 741/545/7
f 767/548/7 752/551/7 751/549/7
f 766/552/7 752/551/7 767/548/7
f 739/553/7 727/547/7 740/550/7
f 766/552/7 753/554/7 752/551/7
f 765/555/7 753/554/7 766/552/7
f 738/556/7 727/547/7 739/553/7
f 765/555/7 754/557/7 753/554/7
f 738/556/7 728/558/7 727/547/7
f 764/559/7 754/557/7 765/555/7
f 764/559/7 755/560/7 754/557/7
f 737/561/7 728/558/7 738/556/7
f 764/559/7 756/562/7 755/560/7
f 763/563/7 756/562/7 764/559/7
f 736/564/7 728/558/7 737/561/7
f 763/563/7 757/565/7 756/562/7
f 736/564/7 729/566/7 728/558/7
f 762/567/7 757/565/7 763/563/7
f 786/492/7 785/568/7 784/520/7
f 762/567/7 758/569/7 757/565/7
f 735/89/7 729/566/7 736/564/7
f 761/570/7 758/569/7 762/567/7
f 734/571/7 729/566/7 735/89/7
f 734/571/7 730/572/7 729/566/7
f 760/573/7 758/569/7 761/570/7
f 733/574/7 730/572/7 734/571/7
f 733/574/7 731/575/7 730/572/7
f 759/576/7 758/569/7 760/573/7
f 732/577/7 731/575/7 733/574/7
f 886/110/7 888/111/7 887/112/7
f 885/113/7 888/111/7 886/110/7
f 885/113/7 889/114/7 888/111/7
f 884/115/7 889/114/7 885/113/7
f 883/116/7 889/114/7 884/115/7
f 883/116/7 890/117/7 889/114/7
f 882/118/7 890/117/7 883/116/7
f 882/118/7 891/119/7 890/117/7
f 881/120/7 891/119/7 882/118/7
f 880/121/7 891/119/7 881/120/7
f 880/121/7 892/122/7 891/119/7
f 879/123/7 892/122/7 880/121/7
f 879/123/7 893/124/7 892/122/7
f 878/125/7 893/124/7 879/123/7
f 877/126/7 893/124/7 878/125/7
f 877/126/7 894/127/7 893/124/7
f 876/128/7 894/127/7 877/126/7
f 876/128/7 895/129/7 894/127/7
f 875/130/7 895/129/7 876/128/7
f 874/131/7 873/132/7 875/130/7
f 873/132/7 872/133/7 875/130/7
f 872/133/7 871/134/7 875/130/7
f 871/134/7 870/135/7 875/130/7
f 870/135/7 869/136/7 875/130/7
f 869/136/7 868/137/7 875/130/7
f 868/137/7 867/138/7 875/130/7
f 867/138/7 866/139/7 875/130/7
f 866/139/7 865/140/7 875/130/7
f 865/140/7 864/141/7 875/130/7
f 864/141/7 895/129/7 875/130/7
f 864/141/7 863/142/7 895/129/7
f 863/142/7 862/143/7 895/129/7
f 862/143/7 896/144/7 895/129/7
f 862/143/7 861/145/7 896/144/7
f 861/145/7 897/146/7 896/144/7
f 860/147/7 897/146/7 861/145/7
f 859/148/7 897/146/7 860/147/7
f 858/149/7 897/146/7 859/148/7
f 857/150/7 897/146/7 858/149/7
f 856/151/7 897/146/7 857/150/7
f 856/151/7 898/152/7 897/146/7
f 855/153/7 898/152/7 856/151/7
f 854/154/7 898/152/7 855/153/7
f 853/155/7 898/152/7 854/154/7
f 853/155/7 899/156/7 898/152/7
f 852/157/7 899/156/7 853/155/7
f 851/158/7 899/156/7 852/157/7
f 851/158/7 900/159/7 899/156/7
f 850/160/7 900/159/7 851/158/7
f 849/161/7 900/159/7 850/160/7
f 848/162/7 962/67/7 849/161/7
f 962/67/7 900/159/7 849/161/7
f 847/163/7 962/67/7 848/162/7
f 846/164/7 962/67/7 847/163/7
f 845/165/7 962/67/7 846/164/7
f 844/166/7 962/67/7 845/165/7
f 844/166/7 926/167/7 962/67/7
f 961/168/7 900/159/7 962/67/7
f 844/166/7 927/169/7 926/167/7
f 843/170/7 927/169/7 844/166/7
f 843/170/7 928/171/7 927/169/7
f 842/172/7 928/171/7 843/170/7
f 842/172/7 929/173/7 928/171/7
f 841/174/7 929/173/7 842/172/7
f 841/174/7 930/175/7 929/173/7
f 841/174/7 931/176/7 930/175/7
f 840/177/7 931/176/7 841/174/7
f 840/177/7 932/178/7 931/176/7
f 839/179/7 932/178/7 840/177/7
f 839/179/7 933/180/7 932/178/7
f 839/179/7 934/181/7 933/180/7
f 838/182/7 934/181/7 839/179/7
f 838/182/7 935/183/7 934/181/7
f 838/182/7 936/184/7 935/183/7
f 837/185/7 936/184/7 838/182/7
f 837/185/7 937/186/7 936/184/7
f 836/187/7 937/186/7 837/185/7
f 836/187/7 938/188/7 937/186/7
f 836/187/7 939/189/7 938/188/7
f 835/190/7 939/189/7 836/187/7
f 835/190/7 940/191/7 939/189/7
f 835/190/7 941/192/7 940/191/7
f 960/193/7 900/159/7 961/168/7
f 834/194/7 941/192/7 835/190/7
f 959/195/7 900/159/7 960/193/7
f 834/194/7 942/196/7 941/192/7
f 958/197/7 900/159/7 959/195/7
f 923/198/7 925/199/7 924/200/7
f 958/197/7 901/201/7 900/159/7
f 834/194/7 943/202/7 942/196/7
f 922/203/7 925/199/7 923/198/7
f 957/204/7 901/201/7 958/197/7
f 957/204/7 902/205/7 901/201/7
f 921/206/7 925/199/7 922/203/7
f 833/207/7 943/202/7 834/194/7
f 833/207/7 944/208/7 943/202/7
f 957/204/7 903/209/7 902/205/7
f 956/210/7 903/209/7 957/204/7
f 920/211/7 925/199/7 921/206/7
f 956/210/7 904/212/7 903/209/7
f 955/213/7 904/212/7 956/210/7
f 919/214/7 925/199/7 920/211/7
f 833/207/7 945/215/7 944/208/7
f 955/213/7 905/216/7 904/212/7
f 918/217/7 925/199/7 919/214/7
f 954/218/7 905/216/7 955/213/7
f 954/218/7 906/219/7 905/216/7
f 917/220/7 925/199/7 918/217/7
f 833/207/7 946/221/7 945/215/7
f 954/218/7 907/222/7 906/219/7
f 953/223/7 907/222/7 954/218/7
f 916/224/7 925/199/7 917/220/7
f 953/223/7 908/225/7 907/222/7
f 832/226/7 946/221/7 833/207/7
f 915/227/7 925/199/7 916/224/7
f 832/226/7 947/228/7 946/221/7
f 952/229/7 908/225/7 953/223/7
f 952/229/7 909/230/7 908/225/7
f 914/231/7 925/199/7 915/227/7
f 952/229/7 910/232/7 909/230/7
f 913/233/7 925/199/7 914/231/7
f 951/234/7 910/232/7 952/229/7
f 951/234/7 911/235/7 910/232/7
f 912/236/7 925/199/7 913/233/7
f 951/234/7 912/236/7 911/235/7
f 832/226/7 948/237/7 947/228/7
f 951/234/7 925/199/7 912/236/7
f 950/238/7 925/199/7 951/234/7
f 832/226/7 949/239/7 948/237/7
f 949/239/7 925/199/7 950/238/7
f 832/226/7 812/240/7 949/239/7
f 812/240/7 925/199/7 949/239/7
f 831/241/7 812/240/7 832/226/7
f 831/241/7 813/242/7 812/240/7
f 811/243/7 925/199/7 812/240/7
f 830/244/7 813/242/7 831/241/7
f 830/244/7 814/245/7 813/242/7
f 810/246/7 925/199/7 811/243/7
f 810/246/7 789/69/7 925/199/7
f 829/247/7 814/245/7 830/244/7
f 829/247/7 815/248/7 814/245/7
f 809/249/7 789/69/7 810/246/7
f 809/249/7 790/250/7 789/69/7
f 829/247/7 816/251/7 815/248/7
f 808/252/7 790/250/7 809/249/7
f 828/253/7 816/251/7 829/247/7
f 808/252/7 791/254/7 790/250/7
f 828/253/7 817/255/7 816/251/7
f 807/256/7 791/254/7 808/252/7
f 807/256/7 792/257/7 791/254/7
f 827/258/7 817/255/7 828/253/7
f 827/258/7 818/259/7 817/255/7
f 806/260/7 792/257/7 807/256/7
f 806/260/7 793/261/7 792/257/7
f 827/258/7 819/262/7 818/259/7
f 805/263/7 793/261/7 806/260/7
f 805/263/7 794/264/7 793/261/7
f 826/265/7 819/262/7 827/258/7
f 826/265/7 820/266/7 819/262/7
f 804/267/7 794/264/7 805/263/7
f 804/267/7 795/268/7 794/264/7
f 826/265/7 821/269/7 820/266/7
f 804/267/7 796/270/7 795/268/7
f 803/271/7 796/270/7 804/267/7
f 825/272/7 821/269/7 826/265/7
f 803/271/7 797/273/7 796/270/7
f 825/272/7 822/274/7 821/269/7
f 802/275/7 797/273/7 803/271/7
f 802/275/7 798/276/7 797/273/7
f 825/272/7 823/277/7 822/274/7
f 801/278/7 798/276/7 802/275/7
f 824/279/7 823/277/7 825/272/7
f 801/278/7 799/280/7 798/276/7
f 800/281/7 799/280/7 801/278/7
f 997/578/7 999/579/7 998/580/7
f 997/578/7 1000/581/7 999/579/7
f 997/578/7 1001/582/7 1000/581/7
f 997/578/7 1002/583/7 1001/582/7
f 996/584/7 1002/583/7 997/578/7
f 996/584/7 1003/585/7 1002/583/7
f 996/584/7 1004/586/7 1003/585/7
f 996/584/7 1005/587/7 1004/586/7
f 995/588/7 1005/587/7 996/584/7
f 995/588/7 1006/589/7 1005/587/7
f 995/588/7 1007/590/7 1006/589/7
f 994/591/7 1007/590/7 995/588/7
f 994/591/7 1008/592/7 1007/590/7
f 994/591/7 1009/593/7 1008/592/7
f 993/594/7 1009/593/7 994/591/7
f 993/594/7 1010/595/7 1009/593/7
f 993/594/7 1021/596/7 1010/595/7
f 1021/596/7 1020/597/7 1010/595/7
f 1020/597/7 1019/598/7 1010/595/7
f 1019/598/7 1018/599/7 1010/595/7
f 1018/599/7 1017/600/7 1010/595/7
f 1017/600/7 1016/601/7 1010/595/7
f 1016/601/7 1015/602/7 1010/595/7
f 1015/602/7 1014/603/7 1010/595/7
f 1014/603/7 1013/604/7 1010/595/7
f 1013/604/7 1012/605/7 1010/595/7
f 1012/605/7 1011/606/7 1010/595/7
f 992/607/7 1023/608/7 993/594/7
f 1023/608/7 1022/609/7 993/594/7
f 1022/609/7 1021/596/7 993/594/7
f 992/607/7 1024/610/7 1023/608/7
f 992/607/7 1025/611/7 1024/610/7
f 992/607/7 1026/612/7 1025/611/7
f 991/613/7 1026/612/7 992/607/7
f 991/613/7 1027/614/7 1026/612/7
f 991/613/7 1028/615/7 1027/614/7
f 990/616/7 1028/615/7 991/613/7
f 990/616/7 1029/617/7 1028/615/7
f 990/616/7 1030/618/7 1029/617/7
f 989/619/7 1030/618/7 990/616/7
f 989/619/7 1031/620/7 1030/618/7
f 988/621/7 1031/620/7 989/619/7
f 988/621/7 1032/622/7 1031/620/7
f 988/621/7 1033/623/7 1032/622/7
f 987/624/7 1033/623/7 988/621/7
f 987/624/7 1034/625/7 1033/623/7
f 986/626/7 1034/625/7 987/624/7
f 986/626/7 1035/627/7 1034/625/7
f 986/626/7 1036/628/7 1035/627/7
f 985/629/7 1036/628/7 986/626/7
f 1061/630/7 1063/631/7 1062/632/7
f 1061/630/7 1060/633/7 1063/631/7
f 1060/633/7 1064/67/7 1063/631/7
f 985/629/7 1037/634/7 1036/628/7
f 984/635/7 1037/634/7 985/629/7
f 984/635/7 1038/636/7 1037/634/7
f 1059/637/7 1064/67/7 1060/633/7
f 983/638/7 1038/636/7 984/635/7
f 983/638/7 1039/639/7 1038/636/7
f 983/638/7 1040/640/7 1039/639/7
f 982/641/7 1040/640/7 983/638/7
f 982/641/7 1041/642/7 1040/640/7
f 981/643/7 1041/642/7 982/641/7
f 981/643/7 1042/644/7 1041/642/7
f 981/643/7 1043/645/7 1042/644/7
f 980/646/7 1043/645/7 981/643/7
f 980/646/7 1044/647/7 1043/645/7
f 1058/648/7 1064/67/7 1059/637/7
f 1057/649/7 1064/67/7 1058/648/7
f 1056/650/7 1064/67/7 1057/649/7
f 980/646/7 1045/651/7 1044/647/7
f 1055/652/7 1064/67/7 1056/650/7
f 1054/653/7 1064/67/7 1055/652/7
f 1053/654/7 1064/67/7 1054/653/7
f 980/646/7 1046/655/7 1045/651/7
f 979/656/7 1046/655/7 980/646/7
f 1052/657/7 1064/67/7 1053/654/7
f 1051/658/7 1064/67/7 1052/657/7
f 1050/659/7 1064/67/7 1051/658/7
f 979/656/7 1047/660/7 1046/655/7
f 1049/661/7 1064/67/7 1050/659/7
f 1048/662/7 1064/67/7 1049/661/7
f 1047/660/7 1064/67/7 1048/662/7
f 979/656/7 1064/67/7 1047/660/7
f 978/663/7 1064/67/7 979/656/7
f 978/663/7 963/69/7 1064/67/7
f 978/663/7 964/664/7 963/69/7
f 977/665/7 964/664/7 978/663/7
f 977/665/7 965/666/7 964/664/7
f 977/665/7 966/667/7 965/666/7
f 976/668/7 966/667/7 977/665/7
f 976/668/7 967/669/7 966/667/7
f 976/668/7 968/670/7 967/669/7
f 976/668/7 969/671/7 968/670/7
f 975/672/7 969/671/7 976/668/7
f 975/672/7 970/673/7 969/671/7
f 975/672/7 971/674/7 970/673/7
f 975/672/7 972/675/7 971/674/7
f 974/676/7 972/675/7 975/672/7
f 974/676/7 973/677/7 972/675/7
f 1077/55/8 1078/57/8 1079/56/8
f 1077/55/8 1079/56/8 1080/58/8
f 1076/59/8 1077/55/8 1080/58/8
f 1076/59/8 1080/58/8 1081/60/8
f 1075/61/8 1076/59/8 1081/60/8
f 1075/61/8 1081/60/8 1082/62/8
f 1075/61/8 1082/62/8 1083/63/8
f 1074/64/8 1075/61/8 1083/63/8
f 1074/64/8 1083/63/8 1084/65/8
f 1117/66/8 1118/68/8 1119/67/8
f 1117/66/8 1119/67/8 1065/69/8
f 1073/70/8 1074/64/8 1084/65/8
f 1073/70/8 1084/65/8 1085/71/8
f 1073/70/8 1085/71/8 1086/72/8
f 1072/73/8 1073/70/8 1086/72/8
f 1072/73/8 1086/72/8 1087/74/8
f 1071/75/8 1072/73/8 1087/74/8
f 1071/75/8 1087/74/8 1088/76/8
f 1071/75/8 1088/76/8 1089/77/8
f 1070/78/8 1071/75/8 1089/77/8
f 1070/78/8 1089/77/8 1090/79/8
f 1069/80/8 1070/78/8 1090/79/8
f 1069/80/8 1090/79/8 1100/81/8
f 1100/81/8 1090/79/8 1099/82/8
f 1099/82/8 1090/79/8 1098/83/8
f 1098/83/8 1090/79/8 1097/84/8
f 1097/84/8 1090/79/8 1096/85/8
f 1096/85/8 1090/79/8 1095/86/8
f 1095/86/8 1090/79/8 1094/87/8
f 1094/87/8 1090/79/8 1093/88/8
f 1093/88/8 1090/79/8 1092/89/8
f 1092/89/8 1090/79/8 1091/90/8
f 1068/91/8 1069/80/8 1102/92/8
f 1102/92/8 1069/80/8 1101/93/8
f 1101/93/8 1069/80/8 1100/81/8
f 1067/94/8 1068/91/8 1104/95/8
f 1104/95/8 1068/91/8 1103/96/8
f 1103/96/8 1068/91/8 1102/92/8
f 1067/94/8 1104/95/8 1105/97/8
f 1067/94/8 1105/97/8 1106/98/8
f 1066/99/8 1067/94/8 1106/98/8
f 1066/99/8 1106/98/8 1107/100/8
f 1066/99/8 1107/100/8 1108/101/8
f 1117/66/8 1065/69/8 1066/99/8
f 1117/66/8 1066/99/8 1112/102/8
f 1112/102/8 1066/99/8 1111/103/8
f 1111/103/8 1066/99/8 1110/104/8
f 1110/104/8 1066/99/8 1109/105/8
f 1109/105/8 1066/99/8 1108/101/8
f 1117/66/8 1112/102/8 1113/106/8
f 1117/66/8 1113/106/8 1114/107/8
f 1117/66/8 1114/107/8 1115/108/8
f 1117/66/8 1115/108/8 1116/109/8
f 1217/110/8 1218/112/8 1219/111/8
f 1216/113/8 1217/110/8 1219/111/8
f 1216/113/8 1219/111/8 1220/114/8
f 1215/115/8 1216/113/8 1220/114/8
f 1214/116/8 1215/115/8 1220/114/8
f 1214/116/8 1220/114/8 1221/117/8
f 1213/118/8 1214/116/8 1221/117/8
f 1213/118/8 1221/117/8 1222/119/8
f 1212/120/8 1213/118/8 1222/119/8
f 1211/121/8 1212/120/8 1222/119/8
f 1211/121/8 1222/119/8 1223/122/8
f 1210/123/8 1211/121/8 1223/122/8
f 1210/123/8 1223/122/8 1224/124/8
f 1209/125/8 1210/123/8 1224/124/8
f 1208/126/8 1209/125/8 1224/124/8
f 1208/126/8 1224/124/8 1225/127/8
f 1207/128/8 1208/126/8 1225/127/8
f 1207/128/8 1225/127/8 1226/129/8
f 1206/130/8 1207/128/8 1226/129/8
f 1205/131/8 1206/130/8 1204/132/8
f 1204/132/8 1206/130/8 1203/133/8
f 1203/133/8 1206/130/8 1202/134/8
f 1202/134/8 1206/130/8 1201/135/8
f 1201/135/8 1206/130/8 1200/136/8
f 1200/136/8 1206/130/8 1199/137/8
f 1199/137/8 1206/130/8 1198/138/8
f 1198/138/8 1206/130/8 1197/139/8
f 1197/139/8 1206/130/8 1196/140/8
f 1196/140/8 1206/130/8 1195/141/8
f 1195/141/8 1206/130/8 1226/129/8
f 1195/141/8 1226/129/8 1194/142/8
f 1194/142/8 1226/129/8 1193/143/8
f 1193/143/8 1226/129/8 1227/144/8
f 1193/143/8 1227/144/8 1192/145/8
f 1192/145/8 1227/144/8 1228/146/8
f 1191/147/8 1192/145/8 1228/146/8
f 1190/148/8 1191/147/8 1228/146/8
f 1189/149/8 1190/148/8 1228/146/8
f 1188/150/8 1189/149/8 1228/146/8
f 1187/151/8 1188/150/8 1228/146/8
f 1187/151/8 1228/146/8 1229/152/8
f 1186/153/8 1187/151/8 1229/152/8
f 1185/154/8 1186/153/8 1229/152/8
f 1184/155/8 1185/154/8 1229/152/8
f 1184/155/8 1229/152/8 1230/156/8
f 1183/157/8 1184/155/8 1230/156/8
f 1182/158/8 1183/157/8 1230/156/8
f 1182/158/8 1230/156/8 1231/159/8
f 1181/160/8 1182/158/8 1231/159/8
f 1180/161/8 1181/160/8 1231/159/8
f 1179/162/8 1180/161/8 1293/67/8
f 1293/67/8 1180/161/8 1231/159/8
f 1178/163/8 1179/162/8 1293/67/8
f 1177/164/8 1178/163/8 1293/67/8
f 1176/165/8 1177/164/8 1293/67/8
f 1175/166/8 1176/165/8 1293/67/8
f 1175/166/8 1293/67/8 1257/167/8
f 1292/168/8 1293/67/8 1231/159/8
f 1175/166/8 1257/167/8 1258/169/8
f 1174/170/8 1175/166/8 1258/169/8
f 1174/170/8 1258/169/8 1259/171/8
f 1173/172/8 1174/170/8 1259/171/8
f 1173/172/8 1259/171/8 1260/173/8
f 1172/174/8 1173/172/8 1260/173/8
f 1172/174/8 1260/173/8 1261/175/8
f 1172/174/8 1261/175/8 1262/176/8
f 1171/177/8 1172/174/8 1262/176/8
f 1171/177/8 1262/176/8 1263/178/8
f 1170/179/8 1171/177/8 1263/178/8
f 1170/179/8 1263/178/8 1264/180/8
f 1170/179/8 1264/180/8 1265/181/8
f 1169/182/8 1170/179/8 1265/181/8
f 1169/182/8 1265/181/8 1266/183/8
f 1169/182/8 1266/183/8 1267/184/8
f 1168/185/8 1169/182/8 1267/184/8
f 1168/185/8 1267/184/8 1268/186/8
f 1167/187/8 1168/185/8 1268/186/8
f 1167/187/8 1268/186/8 1269/188/8
f 1167/187/8 1269/188/8 1270/189/8
f 1166/190/8 1167/187/8 1270/189/8
f 1166/190/8 1270/189/8 1271/191/8
f 1166/190/8 1271/191/8 1272/192/8
f 1291/193/8 1292/168/8 1231/159/8
f 1165/194/8 1166/190/8 1272/192/8
f 1290/195/8 1291/193/8 1231/159/8
f 1165/194/8 1272/192/8 1273/196/8
f 1289/197/8 1290/195/8 1231/159/8
f 1254/198/8 1255/200/8 1256/199/8
f 1289/197/8 1231/159/8 1232/201/8
f 1165/194/8 1273/196/8 1274/202/8
f 1253/203/8 1254/198/8 1256/199/8
f 1288/204/8 1289/197/8 1232/201/8
f 1288/204/8 1232/201/8 1233/205/8
f 1252/206/8 1253/203/8 1256/199/8
f 1164/207/8 1165/194/8 1274/202/8
f 1164/207/8 1274/202/8 1275/208/8
f 1288/204/8 1233/205/8 1234/209/8
f 1287/210/8 1288/204/8 1234/209/8
f 1251/211/8 1252/206/8 1256/199/8
f 1287/210/8 1234/209/8 1235/212/8
f 1286/213/8 1287/210/8 1235/212/8
f 1250/214/8 1251/211/8 1256/199/8
f 1164/207/8 1275/208/8 1276/215/8
f 1286/213/8 1235/212/8 1236/216/8
f 1249/217/8 1250/214/8 1256/199/8
f 1285/218/8 1286/213/8 1236/216/8
f 1285/218/8 1236/216/8 1237/219/8
f 1248/220/8 1249/217/8 1256/199/8
f 1164/207/8 1276/215/8 1277/221/8
f 1285/218/8 1237/219/8 1238/222/8
f 1284/223/8 1285/218/8 1238/222/8
f 1247/224/8 1248/220/8 1256/199/8
f 1284/223/8 1238/222/8 1239/225/8
f 1163/226/8 1164/207/8 1277/221/8
f 1246/227/8 1247/224/8 1256/199/8
f 1163/226/8 1277/221/8 1278/228/8
f 1283/229/8 1284/223/8 1239/225/8
f 1283/229/8 1239/225/8 1240/230/8
f 1245/231/8 1246/227/8 1256/199/8
f 1283/229/8 1240/230/8 1241/232/8
f 1244/233/8 1245/231/8 1256/199/8
f 1282/234/8 1283/229/8 1241/232/8
f 1282/234/8 1241/232/8 1242/235/8
f 1243/236/8 1244/233/8 1256/199/8
f 1282/234/8 1242/235/8 1243/236/8
f 1163/226/8 1278/228/8 1279/237/8
f 1282/234/8 1243/236/8 1256/199/8
f 1281/238/8 1282/234/8 1256/199/8
f 1163/226/8 1279/237/8 1280/239/8
f 1280/239/8 1281/238/8 1256/199/8
f 1163/226/8 1280/239/8 1143/240/8
f 1143/240/8 1280/239/8 1256/199/8
f 1162/241/8 1163/226/8 1143/240/8
f 1162/241/8 1143/240/8 1144/242/8
f 1142/243/8 1143/240/8 1256/199/8
f 1161/244/8 1162/241/8 1144/242/8
f 1161/244/8 1144/242/8 1145/245/8
f 1141/246/8 1142/243/8 1256/199/8
f 1141/246/8 1256/199/8 1120/69/8
f 1160/247/8 1161/244/8 1145/245/8
f 1160/247/8 1145/245/8 1146/248/8
f 1140/249/8 1141/246/8 1120/69/8
f 1140/249/8 1120/69/8 1121/250/8
f 1160/247/8 1146/248/8 1147/251/8
f 1139/252/8 1140/249/8 1121/250/8
f 1159/253/8 1160/247/8 1147/251/8
f 1139/252/8 1121/250/8 1122/254/8
f 1159/253/8 1147/251/8 1148/255/8
f 1138/256/8 1139/252/8 1122/254/8
f 1138/256/8 1122/254/8 1123/257/8
f 1158/258/8 1159/253/8 1148/255/8
f 1158/258/8 1148/255/8 1149/259/8
f 1137/260/8 1138/256/8 1123/257/8
f 1137/260/8 1123/257/8 1124/261/8
f 1158/258/8 1149/259/8 1150/262/8
f 1136/263/8 1137/260/8 1124/261/8
f 1136/263/8 1124/261/8 1125/264/8
f 1157/265/8 1158/258/8 1150/262/8
f 1157/265/8 1150/262/8 1151/266/8
f 1135/267/8 1136/263/8 1125/264/8
f 1135/267/8 1125/264/8 1126/268/8
f 1157/265/8 1151/266/8 1152/269/8
f 1135/267/8 1126/268/8 1127/270/8
f 1134/271/8 1135/267/8 1127/270/8
f 1156/272/8 1157/265/8 1152/269/8
f 1134/271/8 1127/270/8 1128/273/8
f 1156/272/8 1152/269/8 1153/274/8
f 1133/275/8 1134/271/8 1128/273/8
f 1133/275/8 1128/273/8 1129/276/8
f 1156/272/8 1153/274/8 1154/277/8
f 1132/278/8 1133/275/8 1129/276/8
f 1155/279/8 1156/272/8 1154/277/8
f 1132/278/8 1129/276/8 1130/280/8
f 1131/281/8 1132/278/8 1130/280/8
f 1328/282/8 1329/284/8 1330/283/8
f 1328/282/8 1330/283/8 1331/285/8
f 1327/286/8 1328/282/8 1331/285/8
f 1327/286/8 1331/285/8 1332/287/8
f 1326/288/8 1327/286/8 1332/287/8
f 1326/288/8 1332/287/8 1333/289/8
f 1325/290/8 1326/288/8 1333/289/8
f 1325/290/8 1333/289/8 1334/291/8
f 1324/292/8 1325/290/8 1334/291/8
f 1324/292/8 1334/291/8 1335/293/8
f 1323/294/8 1324/292/8 1335/293/8
f 1323/294/8 1335/293/8 1336/295/8
f 1322/296/8 1323/294/8 1379/297/8
f 1379/297/8 1323/294/8 1336/295/8
f 1322/296/8 1379/297/8 1380/298/8
f 1378/299/8 1379/297/8 1336/295/8
f 1322/296/8 1380/298/8 1381/300/8
f 1377/301/8 1378/299/8 1336/295/8
f 1322/296/8 1381/300/8 1382/302/8
f 1376/303/8 1377/301/8 1336/295/8
f 1376/303/8 1336/295/8 1337/304/8
f 1322/296/8 1382/302/8 1383/305/8
f 1321/306/8 1322/296/8 1383/305/8
f 1375/307/8 1376/303/8 1337/304/8
f 1321/306/8 1383/305/8 1384/308/8
f 1374/309/8 1375/307/8 1337/304/8
f 1321/306/8 1384/308/8 1385/310/8
f 1373/311/8 1374/309/8 1337/304/8
f 1321/306/8 1385/310/8 1386/312/8
f 1372/313/8 1373/311/8 1337/304/8
f 1320/314/8 1321/306/8 1386/312/8
f 1372/313/8 1337/304/8 1338/315/8
f 1320/314/8 1386/312/8 1387/316/8
f 1371/317/8 1372/313/8 1338/315/8
f 1320/314/8 1387/316/8 1388/318/8
f 1370/319/8 1371/317/8 1338/315/8
f 1319/320/8 1320/314/8 1388/318/8
f 1370/319/8 1338/315/8 1339/321/8
f 1319/320/8 1388/318/8 1389/322/8
f 1369/323/8 1370/319/8 1339/321/8
f 1319/320/8 1389/322/8 1390/324/8
f 1368/325/8 1369/323/8 1339/321/8
f 1318/326/8 1319/320/8 1390/324/8
f 1318/326/8 1390/324/8 1391/327/8
f 1368/325/8 1339/321/8 1340/328/8
f 1392/67/8 1368/325/8 1340/328/8
f 1318/326/8 1391/327/8 1392/67/8
f 1318/326/8 1392/67/8 1340/328/8
f 1317/329/8 1318/326/8 1340/328/8
f 1317/329/8 1340/328/8 1341/330/8
f 1316/331/8 1317/329/8 1342/332/8
f 1342/332/8 1317/329/8 1341/330/8
f 1316/331/8 1342/332/8 1343/89/8
f 1315/333/8 1316/331/8 1343/89/8
f 1315/333/8 1343/89/8 1344/334/8
f 1315/333/8 1344/334/8 1345/335/8
f 1314/336/8 1315/333/8 1345/335/8
f 1314/336/8 1345/335/8 1346/337/8
f 1313/338/8 1314/336/8 1346/337/8
f 1313/338/8 1346/337/8 1347/339/8
f 1365/340/8 1366/342/8 1367/341/8
f 1313/338/8 1347/339/8 1348/343/8
f 1364/344/8 1365/340/8 1367/341/8
f 1363/345/8 1364/344/8 1367/341/8
f 1312/346/8 1313/338/8 1348/343/8
f 1312/346/8 1348/343/8 1349/347/8
f 1362/348/8 1363/345/8 1367/341/8
f 1361/349/8 1362/348/8 1367/341/8
f 1312/346/8 1349/347/8 1350/350/8
f 1360/351/8 1361/349/8 1367/341/8
f 1312/346/8 1350/350/8 1351/352/8
f 1359/353/8 1360/351/8 1367/341/8
f 1311/354/8 1312/346/8 1351/352/8
f 1358/355/8 1359/353/8 1367/341/8
f 1311/354/8 1351/352/8 1352/356/8
f 1357/357/8 1358/355/8 1367/341/8
f 1311/354/8 1352/356/8 1353/358/8
f 1356/359/8 1357/357/8 1367/341/8
f 1355/360/8 1356/359/8 1367/341/8
f 1311/354/8 1353/358/8 1354/361/8
f 1354/361/8 1355/360/8 1367/341/8
f 1311/354/8 1354/361/8 1367/341/8
f 1310/362/8 1311/354/8 1367/341/8
f 1310/362/8 1367/341/8 1294/69/8
f 1309/363/8 1310/362/8 1294/69/8
f 1309/363/8 1294/69/8 1295/364/8
f 1309/363/8 1295/364/8 1296/365/8
f 1308/366/8 1309/363/8 1296/365/8
f 1308/366/8 1296/365/8 1297/367/8
f 1308/366/8 1297/367/8 1298/368/8
f 1307/369/8 1308/366/8 1298/368/8
f 1307/369/8 1298/368/8 1299/370/8
f 1307/369/8 1299/370/8 1300/371/8
f 1306/372/8 1307/369/8 1300/371/8
f 1306/372/8 1300/371/8 1301/373/8
f 1306/372/8 1301/373/8 1302/374/8
f 1306/372/8 1302/374/8 1303/375/8
f 1305/376/8 1306/372/8 1303/375/8
f 1305/376/8 1303/375/8 1304/377/8
f 1393/69/8 1394/63/8 1395/93/8
f 1393/69/8 1395/93/8 1396/67/8
f 1480/378/8 1481/380/8 1482/379/8
f 1480/378/8 1482/379/8 1483/381/8
f 1480/378/8 1483/381/8 1484/382/8
f 1479/383/8 1480/378/8 1484/382/8
f 1479/383/8 1484/382/8 1485/384/8
f 1479/383/8 1485/384/8 1486/385/8
f 1479/383/8 1486/385/8 1487/386/8
f 1478/387/8 1479/383/8 1487/386/8
f 1478/387/8 1487/386/8 1488/388/8
f 1478/387/8 1488/388/8 1489/389/8
f 1478/387/8 1489/389/8 1490/390/8
f 1477/391/8 1478/387/8 1490/390/8
f 1477/391/8 1490/390/8 1491/392/8
f 1477/391/8 1491/392/8 1492/393/8
f 1477/391/8 1492/393/8 1493/394/8
f 1476/395/8 1477/391/8 1493/394/8
f 1476/395/8 1493/394/8 1406/396/8
f 1406/396/8 1493/394/8 1405/397/8
f 1405/397/8 1493/394/8 1404/398/8
f 1404/398/8 1493/394/8 1403/399/8
f 1403/399/8 1493/394/8 1402/400/8
f 1402/400/8 1493/394/8 1401/401/8
f 1401/401/8 1493/394/8 1400/402/8
f 1400/402/8 1493/394/8 1399/403/8
f 1399/403/8 1493/394/8 1398/404/8
f 1398/404/8 1493/394/8 1397/69/8
f 1397/69/8 1493/394/8 1494/67/8
f 1475/405/8 1476/395/8 1408/406/8
f 1408/406/8 1476/395/8 1407/407/8
f 1407/407/8 1476/395/8 1406/396/8
f 1475/405/8 1408/406/8 1409/408/8
f 1475/405/8 1409/408/8 1410/409/8
f 1475/405/8 1410/409/8 1411/410/8
f 1474/411/8 1475/405/8 1411/410/8
f 1474/411/8 1411/410/8 1412/412/8
f 1474/411/8 1412/412/8 1413/413/8
f 1473/414/8 1474/411/8 1413/413/8
f 1473/414/8 1413/413/8 1414/415/8
f 1473/414/8 1414/415/8 1415/416/8
f 1472/417/8 1473/414/8 1415/416/8
f 1472/417/8 1415/416/8 1416/418/8
f 1471/419/8 1472/417/8 1416/418/8
f 1471/419/8 1416/418/8 1417/420/8
f 1471/419/8 1417/420/8 1418/421/8
f 1470/422/8 1471/419/8 1418/421/8
f 1470/422/8 1418/421/8 1419/423/8
f 1469/424/8 1470/422/8 1419/423/8
f 1469/424/8 1419/423/8 1420/425/8
f 1469/424/8 1420/425/8 1421/426/8
f 1468/427/8 1469/424/8 1421/426/8
f 1468/427/8 1421/426/8 1422/428/8
f 1467/429/8 1468/427/8 1422/428/8
f 1467/429/8 1422/428/8 1423/430/8
f 1466/431/8 1467/429/8 1423/430/8
f 1466/431/8 1423/430/8 1424/432/8
f 1465/433/8 1466/431/8 1424/432/8
f 1465/433/8 1424/432/8 1425/434/8
f 1464/435/8 1465/433/8 1425/434/8
f 1464/435/8 1425/434/8 1426/436/8
f 1443/437/8 1444/439/8 1445/438/8
f 1464/435/8 1426/436/8 1427/440/8
f 1442/441/8 1443/437/8 1445/438/8
f 1463/442/8 1464/435/8 1427/440/8
f 1441/443/8 1442/441/8 1445/438/8
f 1463/442/8 1427/440/8 1428/444/8
f 1440/445/8 1441/443/8 1445/438/8
f 1439/446/8 1440/445/8 1445/438/8
f 1463/442/8 1428/444/8 1429/447/8
f 1438/448/8 1439/446/8 1445/438/8
f 1462/449/8 1463/442/8 1429/447/8
f 1437/450/8 1438/448/8 1445/438/8
f 1462/449/8 1429/447/8 1430/451/8
f 1436/452/8 1437/450/8 1445/438/8
f 1435/453/8 1436/452/8 1445/438/8
f 1462/449/8 1430/451/8 1431/454/8
f 1434/455/8 1435/453/8 1445/438/8
f 1433/456/8 1434/455/8 1445/438/8
f 1462/449/8 1431/454/8 1432/457/8
f 1432/457/8 1433/456/8 1445/438/8
f 1462/449/8 1432/457/8 1445/438/8
f 1461/458/8 1462/449/8 1445/438/8
f 1461/458/8 1445/438/8 1446/459/8
f 1460/460/8 1461/458/8 1446/459/8
f 1460/460/8 1446/459/8 1447/461/8
f 1460/460/8 1447/461/8 1448/462/8
f 1460/460/8 1448/462/8 1449/463/8
f 1459/464/8 1460/460/8 1449/463/8
f 1459/464/8 1449/463/8 1450/465/8
f 1459/464/8 1450/465/8 1451/466/8
f 1459/464/8 1451/466/8 1452/467/8
f 1458/468/8 1459/464/8 1452/467/8
f 1458/468/8 1452/467/8 1453/469/8
f 1458/468/8 1453/469/8 1454/470/8
f 1458/468/8 1454/470/8 1455/471/8
f 1457/472/8 1458/468/8 1455/471/8
f 1457/472/8 1455/471/8 1456/473/8
f 1529/282/8 1530/284/8 1531/283/8
f 1529/282/8 1531/283/8 1532/285/8
f 1528/286/8 1529/282/8 1532/285/8
f 1528/286/8 1532/285/8 1533/287/8
f 1527/288/8 1528/286/8 1533/287/8
f 1527/288/8 1533/287/8 1534/289/8
f 1526/290/8 1527/288/8 1534/289/8
f 1526/290/8 1534/289/8 1535/291/8
f 1525/292/8 1526/290/8 1535/291/8
f 1525/292/8 1535/291/8 1536/293/8
f 1524/294/8 1525/292/8 1536/293/8
f 1524/294/8 1536/293/8 1537/295/8
f 1523/296/8 1524/294/8 1580/297/8
f 1580/297/8 1524/294/8 1537/295/8
f 1523/296/8 1580/297/8 1581/298/8
f 1579/299/8 1580/297/8 1537/295/8
f 1523/296/8 1581/298/8 1582/300/8
f 1578/301/8 1579/299/8 1537/295/8
f 1523/296/8 1582/300/8 1583/302/8
f 1577/303/8 1578/301/8 1537/295/8
f 1577/303/8 1537/295/8 1538/304/8
f 1523/296/8 1583/302/8 1584/305/8
f 1522/306/8 1523/296/8 1584/305/8
f 1576/307/8 1577/303/8 1538/304/8
f 1522/306/8 1584/305/8 1585/308/8
f 1575/309/8 1576/307/8 1538/304/8
f 1522/306/8 1585/308/8 1586/310/8
f 1574/311/8 1575/309/8 1538/304/8
f 1522/306/8 1586/310/8 1587/312/8
f 1573/313/8 1574/311/8 1538/304/8
f 1521/314/8 1522/306/8 1587/312/8
f 1573/313/8 1538/304/8 1539/315/8
f 1521/314/8 1587/312/8 1588/316/8
f 1572/317/8 1573/313/8 1539/315/8
f 1521/314/8 1588/316/8 1589/318/8
f 1571/319/8 1572/317/8 1539/315/8
f 1520/320/8 1521/314/8 1589/318/8
f 1571/319/8 1539/315/8 1540/321/8
f 1520/320/8 1589/318/8 1590/322/8
f 1570/323/8 1571/319/8 1540/321/8
f 1520/320/8 1590/322/8 1591/324/8
f 1569/325/8 1570/323/8 1540/321/8
f 1519/326/8 1520/320/8 1591/324/8
f 1519/326/8 1591/324/8 1592/327/8
f 1569/325/8 1540/321/8 1541/328/8
f 1593/67/8 1569/325/8 1541/328/8
f 1519/326/8 1592/327/8 1593/67/8
f 1519/326/8 1593/67/8 1541/328/8
f 1518/329/8 1519/326/8 1541/328/8
f 1518/329/8 1541/328/8 1542/330/8
f 1517/331/8 1518/329/8 1543/332/8
f 1543/332/8 1518/329/8 1542/330/8
f 1517/331/8 1543/332/8 1544/89/8
f 1516/333/8 1517/331/8 1544/89/8
f 1516/333/8 1544/89/8 1545/334/8
f 1516/333/8 1545/334/8 1546/335/8
f 1515/336/8 1516/333/8 1546/335/8
f 1515/336/8 1546/335/8 1547/337/8
f 1514/338/8 1515/336/8 1547/337/8
f 1514/338/8 1547/337/8 1548/339/8
f 1566/340/8 1567/342/8 1568/341/8
f 1514/338/8 1548/339/8 1549/343/8
f 1565/344/8 1566/340/8 1568/341/8
f 1564/345/8 1565/344/8 1568/341/8
f 1513/346/8 1514/338/8 1549/343/8
f 1513/346/8 1549/343/8 1550/347/8
f 1563/348/8 1564/345/8 1568/341/8
f 1562/349/8 1563/348/8 1568/341/8
f 1513/346/8 1550/347/8 1551/350/8
f 1561/351/8 1562/349/8 1568/341/8
f 1513/346/8 1551/350/8 1552/352/8
f 1560/353/8 1561/351/8 1568/341/8
f 1512/354/8 1513/346/8 1552/352/8
f 1559/355/8 1560/353/8 1568/341/8
f 1512/354/8 1552/352/8 1553/356/8
f 1558/357/8 1559/355/8 1568/341/8
f 1512/354/8 1553/356/8 1554/358/8
f 1557/359/8 1558/357/8 1568/341/8
f 1556/360/8 1557/359/8 1568/341/8
f 1512/354/8 1554/358/8 1555/361/8
f 1555/361/8 1556/360/8 1568/341/8
f 1512/354/8 1555/361/8 1568/341/8
f 1511/362/8 1512/354/8 1568/341/8
f 1511/362/8 1568/341/8 1495/69/8
f 1510/363/8 1511/362/8 1495/69/8
f 1510/363/8 1495/69/8 1496/364/8
f 1510/363/8 1496/364/8 1497/365/8
f 1509/366/8 1510/363/8 1497/365/8
f 1509/366/8 1497/365/8 1498/367/8
f 1509/366/8 1498/367/8 1499/368/8
f 1508/369/8 1509/366/8 1499/368/8
f 1508/369/8 1499/368/8 1500/370/8
f 1508/369/8 1500/370/8 1501/371/8
f 1507/372/8 1508/369/8 1501/371/8
f 1507/372/8 1501/371/8 1502/373/8
f 1507/372/8 1502/373/8 1503/374/8
f 1507/372/8 1503/374/8 1504/375/8
f 1506/376/8 1507/372/8 1504/375/8
f 1506/376/8 1504/375/8 1505/377/8
f 1605/474/8 1606/476/8 1607/475/8
f 1629/477/8 1630/479/8 1631/478/8
f 1604/480/8 1605/474/8 1607/475/8
f 1604/480/8 1607/475/8 1608/481/8
f 1628/482/8 1629/477/8 1631/478/8
f 1628/482/8 1631/478/8 1632/483/8
f 1603/484/8 1604/480/8 1608/481/8
f 1603/484/8 1608/481/8 1609/485/8
f 1627/486/8 1628/482/8 1632/483/8
f 1602/487/8 1603/484/8 1609/485/8
f 1602/487/8 1609/485/8 1610/488/8
f 1627/486/8 1632/483/8 1633/489/8
f 1626/490/8 1627/486/8 1633/489/8
f 1601/491/8 1602/487/8 1610/488/8
f 1698/492/8 1699/493/8 1700/67/8
f 1698/492/8 1700/67/8 1594/69/8
f 1601/491/8 1610/488/8 1611/494/8
f 1625/495/8 1626/490/8 1633/489/8
f 1600/496/8 1601/491/8 1611/494/8
f 1625/495/8 1633/489/8 1634/497/8
f 1600/496/8 1611/494/8 1612/498/8
f 1599/499/8 1600/496/8 1612/498/8
f 1624/500/8 1625/495/8 1634/497/8
f 1599/499/8 1612/498/8 1613/501/8
f 1624/500/8 1634/497/8 1635/502/8
f 1598/503/8 1599/499/8 1613/501/8
f 1623/504/8 1624/500/8 1635/502/8
f 1598/503/8 1613/501/8 1614/505/8
f 1597/506/8 1598/503/8 1614/505/8
f 1622/507/8 1623/504/8 1635/502/8
f 1622/507/8 1635/502/8 1636/508/8
f 1597/506/8 1614/505/8 1615/509/8
f 1596/510/8 1597/506/8 1615/509/8
f 1621/511/8 1622/507/8 1636/508/8
f 1596/510/8 1615/509/8 1616/512/8
f 1595/513/8 1596/510/8 1616/512/8
f 1621/511/8 1636/508/8 1637/514/8
f 1620/515/8 1621/511/8 1637/514/8
f 1595/513/8 1616/512/8 1617/516/8
f 1594/69/8 1595/513/8 1617/516/8
f 1619/517/8 1620/515/8 1637/514/8
f 1619/517/8 1637/514/8 1657/518/8
f 1657/518/8 1637/514/8 1638/519/8
f 1698/492/8 1594/69/8 1696/520/8
f 1696/520/8 1594/69/8 1695/521/8
f 1695/521/8 1594/69/8 1694/522/8
f 1694/522/8 1594/69/8 1693/523/8
f 1693/523/8 1594/69/8 1692/524/8
f 1692/524/8 1594/69/8 1691/525/8
f 1691/525/8 1594/69/8 1690/526/8
f 1690/526/8 1594/69/8 1689/527/8
f 1689/527/8 1594/69/8 1688/528/8
f 1688/528/8 1594/69/8 1687/529/8
f 1687/529/8 1594/69/8 1686/530/8
f 1686/530/8 1594/69/8 1685/531/8
f 1685/531/8 1594/69/8 1617/516/8
f 1685/531/8 1617/516/8 1684/532/8
f 1684/532/8 1617/516/8 1618/533/8
f 1618/533/8 1619/517/8 1658/534/8
f 1658/534/8 1619/517/8 1657/518/8
f 1683/535/8 1684/532/8 1618/533/8
f 1656/536/8 1657/518/8 1638/519/8
f 1618/533/8 1658/534/8 1659/537/8
f 1682/538/8 1683/535/8 1618/533/8
f 1655/539/8 1656/536/8 1638/519/8
f 1618/533/8 1659/537/8 1660/540/8
f 1681/541/8 1682/538/8 1618/533/8
f 1654/542/8 1655/539/8 1638/519/8
f 1618/533/8 1660/540/8 1661/543/8
f 1680/544/8 1681/541/8 1618/533/8
f 1680/544/8 1618/533/8 1661/543/8
f 1653/545/8 1654/542/8 1638/519/8
f 1680/544/8 1661/543/8 1662/546/8
f 1653/545/8 1638/519/8 1639/547/8
f 1679/548/8 1680/544/8 1662/546/8
f 1679/548/8 1662/546/8 1663/549/8
f 1652/550/8 1653/545/8 1639/547/8
f 1679/548/8 1663/549/8 1664/551/8
f 1678/552/8 1679/548/8 1664/551/8
f 1651/553/8 1652/550/8 1639/547/8
f 1678/552/8 1664/551/8 1665/554/8
f 1677/555/8 1678/552/8 1665/554/8
f 1650/556/8 1651/553/8 1639/547/8
f 1677/555/8 1665/554/8 1666/557/8
f 1650/556/8 1639/547/8 1640/558/8
f 1676/559/8 1677/555/8 1666/557/8
f 1676/559/8 1666/557/8 1667/560/8
f 1649/561/8 1650/556/8 1640/558/8
f 1676/559/8 1667/560/8 1668/562/8
f 1675/563/8 1676/559/8 1668/562/8
f 1648/564/8 1649/561/8 1640/558/8
f 1675/563/8 1668/562/8 1669/565/8
f 1648/564/8 1640/558/8 1641/566/8
f 1674/567/8 1675/563/8 1669/565/8
f 1698/492/8 1696/520/8 1697/568/8
f 1674/567/8 1669/565/8 1670/569/8
f 1647/89/8 1648/564/8 1641/566/8
f 1673/570/8 1674/567/8 1670/569/8
f 1646/571/8 1647/89/8 1641/566/8
f 1646/571/8 1641/566/8 1642/572/8
f 1672/573/8 1673/570/8 1670/569/8
f 1645/574/8 1646/571/8 1642/572/8
f 1645/574/8 1642/572/8 1643/575/8
f 1671/576/8 1672/573/8 1670/569/8
f 1644/577/8 1645/574/8 1643/575/8
f 1798/110/8 1799/112/8 1800/111/8
f 1797/113/8 1798/110/8 1800/111/8
f 1797/113/8 1800/111/8 1801/114/8
f 1796/115/8 1797/113/8 1801/114/8
f 1795/116/8 1796/115/8 1801/114/8
f 1795/116/8 1801/114/8 1802/117/8
f 1794/118/8 1795/116/8 1802/117/8
f 1794/118/8 1802/117/8 1803/119/8
f 1793/120/8 1794/118/8 1803/119/8
f 1792/121/8 1793/120/8 1803/119/8
f 1792/121/8 1803/119/8 1804/122/8
f 1791/123/8 1792/121/8 1804/122/8
f 1791/123/8 1804/122/8 1805/124/8
f 1790/125/8 1791/123/8 1805/124/8
f 1789/126/8 1790/125/8 1805/124/8
f 1789/126/8 1805/124/8 1806/127/8
f 1788/128/8 1789/126/8 1806/127/8
f 1788/128/8 1806/127/8 1807/129/8
f 1787/130/8 1788/128/8 1807/129/8
f 1786/131/8 1787/130/8 1785/132/8
f 1785/132/8 1787/130/8 1784/133/8
f 1784/133/8 1787/130/8 1783/134/8
f 1783/134/8 1787/130/8 1782/135/8
f 1782/135/8 1787/130/8 1781/136/8
f 1781/136/8 1787/130/8 1780/137/8
f 1780/137/8 1787/130/8 1779/138/8
f 1779/138/8 1787/130/8 1778/139/8
f 1778/139/8 1787/130/8 1777/140/8
f 1777/140/8 1787/130/8 1776/141/8
f 1776/141/8 1787/130/8 1807/129/8
f 1776/141/8 1807/129/8 1775/142/8
f 1775/142/8 1807/129/8 1774/143/8
f 1774/143/8 1807/129/8 1808/144/8
f 1774/143/8 1808/144/8 1773/145/8
f 1773/145/8 1808/144/8 1809/146/8
f 1772/147/8 1773/145/8 1809/146/8
f 1771/148/8 1772/147/8 1809/146/8
f 1770/149/8 1771/148/8 1809/146/8
f 1769/150/8 1770/149/8 1809/146/8
f 1768/151/8 1769/150/8 1809/146/8
f 1768/151/8 1809/146/8 1810/152/8
f 1767/153/8 1768/151/8 1810/152/8
f 1766/154/8 1767/153/8 1810/152/8
f 1765/155/8 1766/154/8 1810/152/8
f 1765/155/8 1810/152/8 1811/156/8
f 1764/157/8 1765/155/8 1811/156/8
f 1763/158/8 1764/157/8 1811/156/8
f 1763/158/8 1811/156/8 1812/159/8
f 1762/160/8 1763/158/8 1812/159/8
f 1761/161/8 1762/160/8 1812/159/8
f 1760/162/8 1761/161/8 1874/67/8
f 1874/67/8 1761/161/8 1812/159/8
f 1759/163/8 1760/162/8 1874/67/8
f 1758/164/8 1759/163/8 1874/67/8
f 1757/165/8 1758/164/8 1874/67/8
f 1756/166/8 1757/165/8 1874/67/8
f 1756/166/8 1874/67/8 1838/167/8
f 1873/168/8 1874/67/8 1812/159/8
f 1756/166/8 1838/167/8 1839/169/8
f 1755/170/8 1756/166/8 1839/169/8
f 1755/170/8 1839/169/8 1840/171/8
f 1754/172/8 1755/170/8 1840/171/8
f 1754/172/8 1840/171/8 1841/173/8
f 1753/174/8 1754/172/8 1841/173/8
f 1753/174/8 1841/173/8 1842/175/8
f 1753/174/8 1842/175/8 1843/176/8
f 1752/177/8 1753/174/8 1843/176/8
f 1752/177/8 1843/176/8 1844/178/8
f 1751/179/8 1752/177/8 1844/178/8
f 1751/179/8 1844/178/8 1845/180/8
f 1751/179/8 1845/180/8 1846/181/8
f 1750/182/8 1751/179/8 1846/181/8
f 1750/182/8 1846/181/8 1847/183/8
f 1750/182/8 1847/183/8 1848/184/8
f 1749/185/8 1750/182/8 1848/184/8
f 1749/185/8 1848/184/8 1849/186/8
f 1748/187/8 1749/185/8 1849/186/8
f 1748/187/8 1849/186/8 1850/188/8
f 1748/187/8 1850/188/8 1851/189/8
f 1747/190/8 1748/187/8 1851/189/8
f 1747/190/8 1851/189/8 1852/191/8
f 1747/190/8 1852/191/8 1853/192/8
f 1872/193/8 1873/168/8 1812/159/8
f 1746/194/8 1747/190/8 1853/192/8
f 1871/195/8 1872/193/8 1812/159/8
f 1746/194/8 1853/192/8 1854/196/8
f 1870/197/8 1871/195/8 1812/159/8
f 1835/198/8 1836/200/8 1837/199/8
f 1870/197/8 1812/159/8 1813/201/8
f 1746/194/8 1854/196/8 1855/202/8
f 1834/203/8 1835/198/8 1837/199/8
f 1869/204/8 1870/197/8 1813/201/8
f 1869/204/8 1813/201/8 1814/205/8
f 1833/206/8 1834/203/8 1837/199/8
f 1745/207/8 1746/194/8 1855/202/8
f 1745/207/8 1855/202/8 1856/208/8
f 1869/204/8 1814/205/8 1815/209/8
f 1868/210/8 1869/204/8 1815/209/8
f 1832/211/8 1833/206/8 1837/199/8
f 1868/210/8 1815/209/8 1816/212/8
f 1867/213/8 1868/210/8 1816/212/8
f 1831/214/8 1832/211/8 1837/199/8
f 1745/207/8 1856/208/8 1857/215/8
f 1867/213/8 1816/212/8 1817/216/8
f 1830/217/8 1831/214/8 1837/199/8
f 1866/218/8 1867/213/8 1817/216/8
f 1866/218/8 1817/216/8 1818/219/8
f 1829/220/8 1830/217/8 1837/199/8
f 1745/207/8 1857/215/8 1858/221/8
f 1866/218/8 1818/219/8 1819/222/8
f 1865/223/8 1866/218/8 1819/222/8
f 1828/224/8 1829/220/8 1837/199/8
f 1865/223/8 1819/222/8 1820/225/8
f 1744/226/8 1745/207/8 1858/221/8
f 1827/227/8 1828/224/8 1837/199/8
f 1744/226/8 1858/221/8 1859/228/8
f 1864/229/8 1865/223/8 1820/225/8
f 1864/229/8 1820/225/8 1821/230/8
f 1826/231/8 1827/227/8 1837/199/8
f 1864/229/8 1821/230/8 1822/232/8
f 1825/233/8 1826/231/8 1837/199/8
f 1863/234/8 1864/229/8 1822/232/8
f 1863/234/8 1822/232/8 1823/235/8
f 1824/236/8 1825/233/8 1837/199/8
f 1863/234/8 1823/235/8 1824/236/8
f 1744/226/8 1859/228/8 1860/237/8
f 1863/234/8 1824/236/8 1837/199/8
f 1862/238/8 1863/234/8 1837/199/8
f 1744/226/8 1860/237/8 1861/239/8
f 1861/239/8 1862/238/8 1837/199/8
f 1744/226/8 1861/239/8 1724/240/8
f 1724/240/8 1861/239/8 1837/199/8
f 1743/241/8 1744/226/8 1724/240/8
f 1743/241/8 1724/240/8 1725/242/8
f 1723/243/8 1724/240/8 1837/199/8
f 1742/244/8 1743/241/8 1725/242/8
f 1742/244/8 1725/242/8 1726/245/8
f 1722/246/8 1723/243/8 1837/199/8
f 1722/246/8 1837/199/8 1701/69/8
f 1741/247/8 1742/244/8 1726/245/8
f 1741/247/8 1726/245/8 1727/248/8
f 1721/249/8 1722/246/8 1701/69/8
f 1721/249/8 1701/69/8 1702/250/8
f 1741/247/8 1727/248/8 1728/251/8
f 1720/252/8 1721/249/8 1702/250/8
f 1740/253/8 1741/247/8 1728/251/8
f 1720/252/8 1702/250/8 1703/254/8
f 1740/253/8 1728/251/8 1729/255/8
f 1719/256/8 1720/252/8 1703/254/8
f 1719/256/8 1703/254/8 1704/257/8
f 1739/258/8 1740/253/8 1729/255/8
f 1739/258/8 1729/255/8 1730/259/8
f 1718/260/8 1719/256/8 1704/257/8
f 1718/260/8 1704/257/8 1705/261/8
f 1739/258/8 1730/259/8 1731/262/8
f 1717/263/8 1718/260/8 1705/261/8
f 1717/263/8 1705/261/8 1706/264/8
f 1738/265/8 1739/258/8 1731/262/8
f 1738/265/8 1731/262/8 1732/266/8
f 1716/267/8 1717/263/8 1706/264/8
f 1716/267/8 1706/264/8 1707/268/8
f 1738/265/8 1732/266/8 1733/269/8
f 1716/267/8 1707/268/8 1708/270/8
f 1715/271/8 1716/267/8 1708/270/8
f 1737/272/8 1738/265/8 1733/269/8
f 1715/271/8 1708/270/8 1709/273/8
f 1737/272/8 1733/269/8 1734/274/8
f 1714/275/8 1715/271/8 1709/273/8
f 1714/275/8 1709/273/8 1710/276/8
f 1737/272/8 1734/274/8 1735/277/8
f 1713/278/8 1714/275/8 1710/276/8
f 1736/279/8 1737/272/8 1735/277/8
f 1713/278/8 1710/276/8 1711/280/8
f 1712/281/8 1713/278/8 1711/280/8
f 1909/578/8 1910/580/8 1911/579/8
f 1909/578/8 1911/579/8 1912/581/8
f 1909/578/8 1912/581/8 1913/582/8
f 1909/578/8 1913/582/8 1914/583/8
f 1908/584/8 1909/578/8 1914/583/8
f 1908/584/8 1914/583/8 1915/585/8
f 1908/584/8 1915/585/8 1916/586/8
f 1908/584/8 1916/586/8 1917/587/8
f 1907/588/8 1908/584/8 1917/587/8
f 1907/588/8 1917/587/8 1918/589/8
f 1907/588/8 1918/589/8 1919/590/8
f 1906/591/8 1907/588/8 1919/590/8
f 1906/591/8 1919/590/8 1920/592/8
f 1906/591/8 1920/592/8 1921/593/8
f 1905/594/8 1906/591/8 1921/593/8
f 1905/594/8 1921/593/8 1922/595/8
f 1905/594/8 1922/595/8 1933/596/8
f 1933/596/8 1922/595/8 1932/597/8
f 1932/597/8 1922/595/8 1931/598/8
f 1931/598/8 1922/595/8 1930/599/8
f 1930/599/8 1922/595/8 1929/600/8
f 1929/600/8 1922/595/8 1928/601/8
f 1928/601/8 1922/595/8 1927/602/8
f 1927/602/8 1922/595/8 1926/603/8
f 1926/603/8 1922/595/8 1925/604/8
f 1925/604/8 1922/595/8 1924/605/8
f 1924/605/8 1922/595/8 1923/606/8
f 1904/607/8 1905/594/8 1935/608/8
f 1935/608/8 1905/594/8 1934/609/8
f 1934/609/8 1905/594/8 1933/596/8
f 1904/607/8 1935/608/8 1936/610/8
f 1904/607/8 1936/610/8 1937/611/8
f 1904/607/8 1937/611/8 1938/612/8
f 1903/613/8 1904/607/8 1938/612/8
f 1903/613/8 1938/612/8 1939/614/8
f 1903/613/8 1939/614/8 1940/615/8
f 1902/616/8 1903/613/8 1940/615/8
f 1902/616/8 1940/615/8 1941/617/8
f 1902/616/8 1941/617/8 1942/618/8
f 1901/619/8 1902/616/8 1942/618/8
f 1901/619/8 1942/618/8 1943/620/8
f 1900/621/8 1901/619/8 1943/620/8
f 1900/621/8 1943/620/8 1944/622/8
f 1900/621/8 1944/622/8 1945/623/8
f 1899/624/8 1900/621/8 1945/623/8
f 1899/624/8 1945/623/8 1946/625/8
f 1898/626/8 1899/624/8 1946/625/8
f 1898/626/8 1946/625/8 1947/627/8
f 1898/626/8 1947/627/8 1948/628/8
f 1897/629/8 1898/626/8 1948/628/8
f 1973/630/8 1974/632/8 1975/631/8
f 1973/630/8 1975/631/8 1972/633/8
f 1972/633/8 1975/631/8 1976/67/8
f 1897/629/8 1948/628/8 1949/634/8
f 1896/635/8 1897/629/8 1949/634/8
f 1896/635/8 1949/634/8 1950/636/8
f 1971/637/8 1972/633/8 1976/67/8
f 1895/638/8 1896/635/8 1950/636/8
f 1895/638/8 1950/636/8 1951/639/8
f 1895/638/8 1951/639/8 1952/640/8
f 1894/641/8 1895/638/8 1952/640/8
f 1894/641/8 1952/640/8 1953/642/8
f 1893/643/8 1894/641/8 1953/642/8
f 1893/643/8 1953/642/8 1954/644/8
f 1893/643/8 1954/644/8 1955/645/8
f 1892/646/8 1893/643/8 1955/645/8
f 1892/646/8 1955/645/8 1956/647/8
f 1970/648/8 1971/637/8 1976/67/8
f 1969/649/8 1970/648/8 1976/67/8
f 1968/650/8 1969/649/8 1976/67/8
f 1892/646/8 1956/647/8 1957/651/8
f 1967/652/8 1968/650/8 1976/67/8
f 1966/653/8 1967/652/8 1976/67/8
f 1965/654/8 1966/653/8 1976/67/8
f 1892/646/8 1957/651/8 1958/655/8
f 1891/656/8 1892/646/8 1958/655/8
f 1964/657/8 1965/654/8 1976/67/8
f 1963/658/8 1964/657/8 1976/67/8
f 1962/659/8 1963/658/8 1976/67/8
f 1891/656/8 1958/655/8 1959/660/8
f 1961/661/8 1962/659/8 1976/67/8
f 1960/662/8 1961/661/8 1976/67/8
f 1959/660/8 1960/662/8 1976/67/8
f 1891/656/8 1959/660/8 1976/67/8
f 1890/663/8 1891/656/8 1976/67/8
f 1890/663/8 1976/67/8 1875/69/8
f 1890/663/8 1875/69/8 1876/664/8
f 1889/665/8 1890/663/8 1876/664/8
f 1889/665/8 1876/664/8 1877/666/8
f 1889/665/8 1877/666/8 1878/667/8
f 1888/668/8 1889/665/8 1878/667/8
f 1888/668/8 1878/667/8 1879/669/8
f 1888/668/8 1879/669/8 1880/670/8
f 1888/668/8 1880/670/8 1881/671/8
f 1887/672/8 1888/668/8 1881/671/8
f 1887/672/8 1881/671/8 1882/673/8
f 1887/672/8 1882/673/8 1883/674/8
f 1887/672/8 1883/674/8 1884/675/8
f 1886/676/8 1887/672/8 1884/675/8
f 1886/676/8 1884/675/8 1885/677/8
s 1
f 1978/678/9 1980/679/10 1979/680/10 1977/69/9
f 1980/679/10 1982/681/11 1981/682/11 1979/680/10
f 1982/681/11 1984/683/12 1983/684/12 1981/682/11
f 1984/683/12 1986/685/13 1985/686/13 1983/684/12
f 1986/685/13 1988/687/14 1987/688/14 1985/686/13
f 1988/687/14 1990/689/15 1989/690/15 1987/688/14
f 1990/689/15 1992/691/16 1991/692/16 1989/690/15
f 1992/691/16 1994/693/17 1993/694/17 1991/692/16
f 1994/693/17 1996/695/18 1995/696/18 1993/694/17
f 1996/695/18 1998/697/19 1997/698/19 1995/696/18
f 1998/697/19 2000/699/20 1999/700/20 1997/698/19
f 2000/699/20 2002/701/21 2001/702/21 1999/700/20
f 2002/701/21 2004/703/22 2003/704/22 2001/702/21
f 2004/703/22 2006/705/23 2005/706/23 2003/704/22
f 2006/705/23 2008/707/24 2007/708/24 2005/706/23
f 2008/707/24 2010/709/25 2009/710/25 2007/708/24
f 2010/709/25 2012/711/26 2011/64/26 2009/710/25
f 2012/711/26 2014/712/27 2013/713/27 2011/64/26
f 2014/712/27 2016/714/28 2015/715/28 2013/713/27
f 2016/714/28 2018/716/29 2017/717/29 2015/715/28
f 2018/716/29 2020/718/30 2019/719/30 2017/717/29
f 2020/718/30 2022/720/31 2021/721/31 2019/719/30
f 2022/720/31 2024/722/32 2023/723/32 2021/721/31
f 2024/722/32 2026/724/33 2025/725/33 2023/723/32
f 2026/724/33 2028/726/34 2027/727/34 2025/725/33
f 2028/726/34 2030/728/35 2029/729/35 2027/727/34
f 2030/728/35 2032/730/36 2031/731/36 2029/729/35
f 2032/730/36 2034/732/37 2033/733/37 2031/731/36
f 2034/732/37 2036/734/38 2035/735/38 2033/733/37
f 2036/734/38 2038/736/39 2037/737/39 2035/735/38
f 2038/736/39 2040/738/40 2039/739/40 2037/737/39
f 2040/738/40 2042/740/41 2041/741/41 2039/739/40
f 2042/740/41 2044/742/42 2043/743/42 2041/741/41
f 2044/742/42 2046/744/43 2045/63/43 2043/743/42
f 2046/744/43 2048/745/44 2047/746/44 2045/63/43
f 2048/745/44 2050/747/45 2049/748/45 2047/746/44
f 2050/747/45 2052/749/46 2051/750/46 2049/748/45
f 2052/749/46 2054/751/47 2053/752/47 2051/750/46
f 2054/751/47 2056/753/48 2055/754/48 2053/752/47
f 2056/753/48 2058/755/49 2057/756/49 2055/754/48
f 2058/755/49 2060/757/50 2059/758/50 2057/756/49
f 2060/757/50 2062/759/51 2061/760/51 2059/758/50
f 2062/759/51 2064/761/52 2063/762/52 2061/760/51
f 2064/761/52 2066/763/53 2065/764/53 2063/762/52
f 2066/763/53 2068/765/54 2067/766/54 2065/764/53
f 2068/765/54 2070/767/55 2069/768/55 2067/766/54
f 2070/767/55 2072/769/56 2071/770/56 2069/768/55
f 2072/769/56 2074/771/57 2073/772/57 2071/770/56
f 2074/771/57 2076/773/58 2075/774/58 2073/772/57
f 2076/773/58 2078/775/59 2077/776/59 2075/774/58
f 2078/775/59 2080/777/60 2079/89/60 2077/776/59
f 2080/777/60 2082/778/61 2081/779/61 2079/89/60
f 2082/778/61 2084/780/62 2083/781/62 2081/779/61
f 2084/780/62 2086/782/63 2085/783/63 2083/781/62
f 2086/782/63 2088/784/64 2087/785/64 2085/783/63
f 2088/784/64 2090/786/65 2089/787/65 2087/785/64
f 2090/786/65 2092/788/66 2091/789/66 2089/787/65
f 2092/788/66 2094/790/67 2093/791/67 2091/789/66
f 2094/790/67 2096/792/68 2095/793/68 2093/791/67
f 2096/792/68 2098/794/69 2097/795/69 2095/793/68
f 2098/794/69 2100/796/70 2099/797/70 2097/795/69
f 2100/796/70 2102/798/71 2101/799/71 2099/797/70
f 2102/798/71 2104/800/72 2103/801/72 2101/799/71
f 2104/800/72 2106/802/73 2105/803/73 2103/801/72
f 2106/802/73 2108/804/74 2107/805/74 2105/803/73
f 2108/804/74 2110/806/75 2109/807/75 2107/805/74
f 2110/806/75 2112/808/76 2111/809/76 2109/807/75
f 2112/808/76 2114/810/77 2113/93/77 2111/809/76
f 2114/810/77 2116/811/78 2115/812/78 2113/93/77
f 2116/811/78 2118/813/79 2117/814/79 2115/812/78
f 2118/813/79 2120/815/80 2119/816/80 2117/814/79
f 2120/815/80 2122/817/81 2121/818/81 2119/816/80
f 2122/817/81 2124/819/82 2123/820/82 2121/818/81
f 2124/819/82 2126/821/83 2125/822/83 2123/820/82
f 2126/821/83 2128/823/84 2127/824/84 2125/822/83
f 2128/823/84 2130/825/85 2129/826/85 2127/824/84
f 2130/825/85 2132/827/86 2131/828/86 2129/826/85
f 2132/827/86 2134/829/87 2133/830/87 2131/828/86
f 2134/829/87 2136/831/88 2135/832/88 2133/830/87
f 2136/831/88 2138/833/89 2137/834/89 2135/832/88
f 2138/833/89 2140/835/90 2139/836/90 2137/834/89
f 2140/835/90 2142/837/91 2141/838/91 2139/836/90
f 2142/837/91 2144/839/92 2143/840/92 2141/838/91
f 2144/839/92 2146/841/93 2145/842/93 2143/840/92
f 2146/841/93 2148/843/94 2147/104/94 2145/842/93
f 2148/843/94 2150/844/95 2149/845/95 2147/104/94
f 2150/844/95 2152/846/96 2151/847/96 2149/845/95
f 2152/846/96 2154/848/97 2153/849/97 2151/847/96
f 2154/848/97 2156/850/98 2155/851/98 2153/849/97
f 2156/850/98 2158/852/99 2157/853/99 2155/851/98
f 2158/852/99 2160/854/100 2159/855/100 2157/853/99
f 2160/854/100 2162/856/101 2161/857/101 2159/855/100
f 2162/856/101 2164/858/102 2163/859/102 2161/857/101
f 2164/858/102 2166/860/103 2165/861/103 2163/859/102
f 2166/860/103 2168/862/104 2167/863/104 2165/861/103
f 2168/862/104 2170/864/105 2169/865/105 2167/863/104
f 2170/864/105 2172/866/106 2171/867/106 2169/865/105
f 2172/866/106 2174/868/106 2173/869/106 2171/867/106
f 2174/868/106 2176/870/107 2175/871/107 2173/869/106
f 2176/870/107 2178/872/108 2177/873/108 2175/871/107
f 2178/872/108 2180/874/109 2179/875/109 2177/873/108
f 2180/874/109 1978/876/9 1977/67/9 2179/875/109
f 2182/678/110 2184/877/111 2183/878/111 2181/69/110
f 2184/877/111 2186/879/112 2185/880/112 2183/878/111
f 2186/879/112 2188/881/113 2187/882/113 2185/880/112
f 2188/881/113 2190/883/114 2189/884/114 2187/882/113
f 2190/883/114 2192/885/115 2191/886/115 2189/884/114
f 2192/885/115 2194/887/116 2193/888/116 2191/886/115
f 2194/887/116 2196/889/117 2195/890/117 2193/888/116
f 2196/889/117 2198/891/118 2197/892/118 2195/890/117
f 2198/891/118 2200/893/119 2199/894/119 2197/892/118
f 2200/893/119 2202/895/120 2201/896/120 2199/894/119
f 2202/895/120 2204/897/121 2203/898/121 2201/896/120
f 2204/897/121 2206/899/122 2205/900/122 2203/898/121
f 2206/899/122 2208/901/123 2207/902/123 2205/900/122
f 2208/901/123 2210/903/124 2209/904/124 2207/902/123
f 2210/903/124 2212/905/125 2211/906/125 2209/904/124
f 2212/905/125 2214/907/126 2213/908/126 2211/906/125
f 2214/907/126 2216/909/127 2215/910/127 2213/908/126
f 2216/909/127 2218/911/128 2217/912/128 2215/910/127
f 2218/911/128 2220/913/129 2219/914/129 2217/912/128
f 2220/913/129 2222/915/130 2221/916/130 2219/914/129
f 2222/915/130 2224/917/131 2223/918/131 2221/916/130
f 2224/917/131 2226/919/132 2225/920/132 2223/918/131
f 2226/919/132 2228/921/133 2227/922/133 2225/920/132
f 2228/921/133 2230/923/134 2229/924/134 2227/922/133
f 2230/923/134 2232/925/135 2231/926/135 2229/924/134
f 2232/925/135 2234/927/136 2233/928/136 2231/926/135
f 2234/927/136 2236/929/137 2235/930/137 2233/928/136
f 2236/929/137 2238/931/138 2237/932/138 2235/930/137
f 2238/931/138 2240/933/139 2239/934/139 2237/932/138
f 2240/933/139 2242/935/140 2241/936/140 2239/934/139
f 2242/935/140 2244/937/141 2243/938/141 2241/936/140
f 2244/937/141 2246/939/142 2245/940/142 2243/938/141
f 2246/939/142 2248/941/143 2247/942/143 2245/940/142
f 2248/941/143 2250/943/144 2249/944/144 2247/942/143
f 2250/943/144 2252/945/145 2251/946/145 2249/944/144
f 2252/945/145 2254/947/146 2253/948/146 2251/946/145
f 2254/947/146 2256/949/147 2255/950/147 2253/948/146
f 2256/949/147 2258/951/148 2257/952/148 2255/950/147
f 2258/951/148 2260/953/149 2259/954/149 2257/952/148
f 2260/953/149 2262/955/150 2261/956/150 2259/954/149
f 2262/955/150 2264/957/151 2263/958/151 2261/956/150
f 2264/957/151 2266/959/152 2265/960/152 2263/958/151
f 2266/959/152 2268/961/153 2267/962/153 2265/960/152
f 2268/961/153 2270/963/154 2269/964/154 2267/962/153
f 2270/963/154 2272/965/155 2271/966/155 2269/964/154
f 2272/965/155 2274/967/156 2273/968/156 2271/966/155
f 2274/967/156 2276/969/157 2275/970/157 2273/968/156
f 2276/969/157 2278/971/158 2277/972/158 2275/970/157
f 2278/971/158 2280/973/159 2279/974/159 2277/972/158
f 2280/973/159 2282/975/160 2281/976/160 2279/974/159
f 2282/975/160 2284/977/161 2283/978/161 2281/976/160
f 2284/977/161 2286/979/162 2285/980/162 2283/978/161
f 2286/979/162 2288/981/163 2287/982/163 2285/980/162
f 2288/981/163 2290/983/164 2289/984/164 2287/982/163
f 2290/983/164 2292/985/165 2291/986/165 2289/984/164
f 2292/985/165 2294/987/166 2293/988/166 2291/986/165
f 2294/987/166 2296/989/167 2295/990/167 2293/988/166
f 2296/989/167 2298/991/168 2297/992/168 2295/990/167
f 2298/991/168 2300/993/169 2299/994/169 2297/992/168
f 2300/993/169 2302/995/170 2301/996/170 2299/994/169
f 2302/995/170 2304/997/171 2303/998/171 2301/996/170
f 2304/997/171 2306/999/172 2305/1000/172 2303/998/171
f 2306/999/172 2308/1001/173 2307/1002/173 2305/1000/172
f 2308/1001/173 2310/1003/174 2309/1004/174 2307/1002/173
f 2310/1003/174 2312/1005/175 2311/1006/175 2309/1004/174
f 2312/1005/175 2314/1007/176 2313/1008/176 2311/1006/175
f 2314/1007/176 2316/1009/177 2315/1010/177 2313/1008/176
f 2316/1009/177 2318/1011/178 2317/1012/178 2315/1010/177
f 2318/1011/178 2320/1013/179 2319/1014/179 2317/1012/178
f 2320/1013/179 2322/1015/180 2321/1016/180 2319/1014/179
f 2322/1015/180 2324/1017/181 2323/1018/181 2321/1016/180
f 2324/1017/181 2326/1019/182 2325/1020/182 2323/1018/181
f 2326/1019/182 2328/1021/183 2327/1022/183 2325/1020/182
f 2328/1021/183 2330/1023/184 2329/1024/184 2327/1022/183
f 2330/1023/184 2332/1025/185 2331/1026/185 2329/1024/184
f 2332/1025/185 2334/1027/186 2333/1028/186 2331/1026/185
f 2334/1027/186 2336/1029/187 2335/1030/187 2333/1028/186
f 2336/1029/187 2338/1031/188 2337/1032/188 2335/1030/187
f 2338/1031/188 2340/1033/189 2339/1034/189 2337/1032/188
f 2340/1033/189 2342/1035/190 2341/1036/190 2339/1034/189
f 2342/1035/190 2344/1037/191 2343/1038/191 2341/1036/190
f 2344/1037/191 2346/1039/192 2345/1040/192 2343/1038/191
f 2346/1039/192 2348/1041/193 2347/1042/193 2345/1040/192
f 2348/1041/193 2350/1043/194 2349/1044/194 2347/1042/193
f 2350/1043/194 2352/1045/195 2351/1046/195 2349/1044/194
f 2352/1045/195 2354/1047/196 2353/1048/196 2351/1046/195
f 2354/1047/196 2356/1049/197 2355/1050/197 2353/1048/196
f 2356/1049/197 2358/1051/198 2357/1052/198 2355/1050/197
f 2358/1051/198 2360/1053/199 2359/1054/199 2357/1052/198
f 2360/1053/199 2362/1055/200 2361/1056/200 2359/1054/199
f 2362/1055/200 2364/1057/201 2363/1058/201 2361/1056/200
f 2364/1057/201 2366/1059/202 2365/1060/202 2363/1058/201
f 2366/1059/202 2368/1061/203 2367/1062/203 2365/1060/202
f 2368/1061/203 2370/1063/204 2369/1064/204 2367/1062/203
f 2370/1063/204 2372/1065/205 2371/1066/205 2369/1064/204
f 2372/1065/205 2374/1067/206 2373/1068/206 2371/1066/205
f 2374/1067/206 2376/1069/207 2375/1070/207 2373/1068/206
f 2376/1069/207 2378/1071/208 2377/1072/208 2375/1070/207
f 2378/1071/208 2380/1073/209 2379/1074/209 2377/1072/208
f 2380/1073/209 2382/1075/210 2381/1076/210 2379/1074/209
f 2382/1075/210 2384/1077/211 2383/1078/211 2381/1076/210
f 2384/1077/211 2386/1079/212 2385/1080/212 2383/1078/211
f 2386/1079/212 2388/1081/213 2387/1082/213 2385/1080/212
f 2388/1081/213 2390/1083/214 2389/1084/214 2387/1082/213
f 2390/1083/214 2392/1085/215 2391/1086/215 2389/1084/214
f 2392/1085/215 2394/1087/216 2393/1088/216 2391/1086/215
f 2394/1087/216 2396/1089/217 2395/1090/217 2393/1088/216
f 2396/1089/217 2398/1091/218 2397/1092/218 2395/1090/217
f 2398/1091/218 2400/1093/219 2399/1094/219 2397/1092/218
f 2400/1093/219 2402/1095/220 2401/1096/220 2399/1094/219
f 2402/1095/220 2404/1097/221 2403/1098/221 2401/1096/220
f 2404/1097/221 2406/1099/222 2405/1100/222 2403/1098/221
f 2406/1099/222 2408/1101/223 2407/1102/223 2405/1100/222
f 2408/1101/223 2410/1103/224 2409/1104/224 2407/1102/223
f 2410/1103/224 2412/1105/225 2411/1106/225 2409/1104/224
f 2412/1105/225 2414/1107/226 2413/1108/226 2411/1106/225
f 2414/1107/226 2416/1109/227 2415/1110/227 2413/1108/226
f 2416/1109/227 2418/1111/228 2417/1112/228 2415/1110/227
f 2418/1111/228 2420/1113/229 2419/1114/229 2417/1112/228
f 2420/1113/229 2422/1115/230 2421/1116/230 2419/1114/229
f 2422/1115/230 2424/1117/231 2423/1118/231 2421/1116/230
f 2424/1117/231 2426/1119/232 2425/1120/232 2423/1118/231
f 2426/1119/232 2428/1121/233 2427/1122/233 2425/1120/232
f 2428/1121/233 2430/1123/234 2429/1124/234 2427/1122/233
f 2430/1123/234 2432/1125/235 2431/1126/235 2429/1124/234
f 2432/1125/235 2434/1127/236 2433/1128/236 2431/1126/235
f 2434/1127/236 2436/1129/237 2435/1130/237 2433/1128/236
f 2436/1129/237 2438/1131/238 2437/1132/238 2435/1130/237
f 2438/1131/238 2440/1133/239 2439/1134/239 2437/1132/238
f 2440/1133/239 2442/1135/240 2441/1136/240 2439/1134/239
f 2442/1135/240 2444/1137/241 2443/1138/241 2441/1136/240
f 2444/1137/241 2446/1139/242 2445/1140/242 2443/1138/241
f 2446/1139/242 2448/1141/243 2447/1142/243 2445/1140/242
f 2448/1141/243 2450/1143/244 2449/1144/244 2447/1142/243
f 2450/1143/244 2452/1145/245 2451/1146/245 2449/1144/244
f 2452/1145/245 2454/1147/246 2453/1148/246 2451/1146/245
f 2454/1147/246 2182/876/110 2181/67/110 2453/1148/246
f 2456/678/247 2458/1149/248 2457/1150/248 2455/69/247
f 2458/1149/248 2460/1151/249 2459/1152/249 2457/1150/248
f 2460/1151/249 2462/1153/250 2461/1154/250 2459/1152/249
f 2462/1153/250 2464/1155/251 2463/1156/251 2461/1154/250
f 2464/1155/251 2466/1157/252 2465/1158/252 2463/1156/251
f 2466/1157/252 2468/1159/253 2467/1160/253 2465/1158/252
f 2468/1159/253 2470/1161/254 2469/1162/254 2467/1160/253
f 2470/1161/254 2472/1163/255 2471/1164/255 2469/1162/254
f 2472/1163/255 2474/1165/256 2473/1166/256 2471/1164/255
f 2474/1165/256 2476/1167/257 2475/1168/257 2473/1166/256
f 2476/1167/257 2478/1169/258 2477/1170/258 2475/1168/257
f 2478/1169/258 2480/1171/259 2479/1172/259 2477/1170/258
f 2480/1171/259 2482/1173/260 2481/1174/260 2479/1172/259
f 2482/1173/260 2484/1175/261 2483/1176/261 2481/1174/260
f 2484/1175/261 2486/1177/262 2485/1178/262 2483/1176/261
f 2486/1177/262 2488/1179/263 2487/1180/263 2485/1178/262
f 2488/1179/263 2490/1181/264 2489/1182/264 2487/1180/263
f 2490/1181/264 2492/1183/265 2491/1184/265 2489/1182/264
f 2492/1183/265 2494/1185/266 2493/1186/266 2491/1184/265
f 2494/1185/266 2496/1187/267 2495/1188/267 2493/1186/266
f 2496/1187/267 2498/1189/268 2497/1190/268 2495/1188/267
f 2498/1189/268 2500/1191/269 2499/1192/269 2497/1190/268
f 2500/1191/269 2502/1193/270 2501/1194/270 2499/1192/269
f 2502/1193/270 2504/1195/271 2503/1196/271 2501/1194/270
f 2504/1195/271 2506/1197/272 2505/1198/272 2503/1196/271
f 2506/1197/272 2508/1199/273 2507/1200/273 2505/1198/272
f 2508/1199/273 2510/1201/274 2509/1202/274 2507/1200/273
f 2510/1201/274 2512/1203/275 2511/1204/275 2509/1202/274
f 2512/1203/275 2514/1205/276 2513/1206/276 2511/1204/275
f 2514/1205/276 2516/1207/277 2515/1208/277 2513/1206/276
f 2516/1207/277 2518/1209/278 2517/1210/278 2515/1208/277
f 2518/1209/278 2520/1211/279 2519/1212/279 2517/1210/278
f 2520/1211/279 2522/1213/280 2521/1214/280 2519/1212/279
f 2522/1213/280 2524/1215/281 2523/1216/281 2521/1214/280
f 2524/1215/281 2526/1217/282 2525/1218/282 2523/1216/281
f 2526/1217/282 2528/1219/283 2527/1220/283 2525/1218/282
f 2528/1219/283 2456/876/247 2455/67/247 2527/1220/283
f 2530/678/284 2532/1221/285 2531/1222/285 2529/69/284
f 2532/1221/285 2534/1223/286 2533/1224/286 2531/1222/285
f 2534/1223/286 2536/1225/287 2535/1226/287 2533/1224/286
f 2536/1225/287 2538/1227/288 2537/1228/288 2535/1226/287
f 2538/1227/288 2540/1229/289 2539/1230/289 2537/1228/288
f 2540/1229/289 2542/1231/290 2541/1232/290 2539/1230/289
f 2542/1231/290 2544/1233/291 2543/1234/291 2541/1232/290
f 2544/1233/291 2546/1235/292 2545/1236/292 2543/1234/291
f 2546/1235/292 2548/1237/293 2547/1238/293 2545/1236/292
f 2548/1237/293 2550/1239/294 2549/1240/294 2547/1238/293
f 2550/1239/294 2552/1241/295 2551/1242/295 2549/1240/294
f 2552/1241/295 2554/1243/296 2553/1244/296 2551/1242/295
f 2554/1243/296 2556/1245/297 2555/1246/297 2553/1244/296
f 2556/1245/297 2558/1247/298 2557/1248/298 2555/1246/297
f 2558/1247/298 2560/1249/299 2559/1250/299 2557/1248/298
f 2560/1249/299 2562/1251/300 2561/1252/300 2559/1250/299
f 2562/1251/300 2564/1253/301 2563/1254/301 2561/1252/300
f 2564/1253/301 2566/1255/302 2565/1256/302 2563/1254/301
f 2566/1255/302 2568/1257/303 2567/1258/303 2565/1256/302
f 2568/1257/303 2570/1259/304 2569/1260/304 2567/1258/303
f 2570/1259/304 2572/1261/305 2571/1262/305 2569/1260/304
f 2572/1261/305 2574/1263/306 2573/1264/306 2571/1262/305
f 2574/1263/306 2576/1265/307 2575/1266/307 2573/1264/306
f 2576/1265/307 2578/1267/308 2577/1268/308 2575/1266/307
f 2578/1267/308 2580/1269/309 2579/1270/309 2577/1268/308
f 2580/1269/309 2582/1271/310 2581/1272/310 2579/1270/309
f 2582/1271/310 2584/1273/311 2583/1274/311 2581/1272/310
f 2584/1273/311 2586/1275/312 2585/1276/312 2583/1274/311
f 2586/1275/312 2588/1277/313 2587/1278/313 2585/1276/312
f 2588/1277/313 2590/1279/314 2589/1280/314 2587/1278/313
f 2590/1279/314 2592/1281/315 2591/1282/315 2589/1280/314
f 2592/1281/315 2594/1283/316 2593/1284/316 2591/1282/315
f 2594/1283/316 2596/1285/317 2595/1286/317 2593/1284/316
f 2596/1285/317 2598/1287/318 2597/1288/318 2595/1286/317
f 2598/1287/318 2600/1289/319 2599/1290/319 2597/1288/318
f 2600/1289/319 2602/1291/208 2601/1292/208 2599/1290/319
f 2602/1291/208 2604/1293/320 2603/1294/320 2601/1292/208
f 2604/1293/320 2606/1295/321 2605/1296/321 2603/1294/320
f 2606/1295/321 2608/1297/322 2607/1298/322 2605/1296/321
f 2608/1297/322 2610/1299/323 2609/1300/323 2607/1298/322
f 2610/1299/323 2612/1301/324 2611/1302/324 2609/1300/323
f 2612/1301/324 2614/1303/325 2613/1304/325 2611/1302/324
f 2614/1303/325 2616/1305/326 2615/1306/326 2613/1304/325
f 2616/1305/326 2618/1307/327 2617/1308/327 2615/1306/326
f 2618/1307/327 2620/1309/328 2619/1310/328 2617/1308/327
f 2620/1309/328 2622/1311/329 2621/1312/329 2619/1310/328
f 2622/1311/329 2624/1313/330 2623/1314/330 2621/1312/329
f 2624/1313/330 2626/1315/331 2625/1316/331 2623/1314/330
f 2626/1315/331 2628/1317/332 2627/1318/332 2625/1316/331
f 2628/1317/332 2630/1319/106 2629/1320/106 2627/1318/332
f 2630/1319/106 2632/1321/333 2631/1322/333 2629/1320/106
f 2632/1321/333 2634/1323/334 2633/1324/334 2631/1322/333
f 2634/1323/334 2636/1325/335 2635/1326/335 2633/1324/334
f 2636/1325/335 2638/1327/336 2637/1328/336 2635/1326/335
f 2638/1327/336 2640/1329/337 2639/1330/337 2637/1328/336
f 2640/1329/337 2642/1331/338 2641/1332/338 2639/1330/337
f 2642/1331/338 2644/1333/339 2643/1334/339 2641/1332/338
f 2644/1333/339 2646/1335/340 2645/1336/340 2643/1334/339
f 2646/1335/340 2648/1337/341 2647/1338/341 2645/1336/340
f 2648/1337/341 2650/1339/342 2649/1340/342 2647/1338/341
f 2650/1339/342 2652/1341/343 2651/1342/343 2649/1340/342
f 2652/1341/343 2654/1343/344 2653/1344/344 2651/1342/343
f 2654/1343/344 2656/1345/345 2655/1346/345 2653/1344/344
f 2656/1345/345 2658/1347/346 2657/1348/346 2655/1346/345
f 2658/1347/346 2660/1349/347 2659/1350/347 2657/1348/346
f 2660/1349/347 2662/1351/348 2661/1352/348 2659/1350/347
f 2662/1351/348 2664/1353/349 2663/1354/349 2661/1352/348
f 2664/1353/349 2666/1355/350 2665/1356/350 2663/1354/349
f 2666/1355/350 2668/1357/351 2667/1358/351 2665/1356/350
f 2668/1357/351 2670/1359/352 2669/1360/352 2667/1358/351
f 2670/1359/352 2672/1361/353 2671/1362/353 2669/1360/352
f 2672/1361/353 2674/1363/354 2673/1364/354 2671/1362/353
f 2674/1363/354 2676/1365/355 2675/1366/355 2673/1364/354
f 2676/1365/355 2678/1367/356 2677/1368/356 2675/1366/355
f 2678/1367/356 2680/1369/357 2679/1370/357 2677/1368/356
f 2680/1369/357 2682/1371/332 2681/1372/332 2679/1370/357
f 2682/1371/332 2684/1373/106 2683/1374/106 2681/1372/332
f 2684/1373/106 2686/1375/358 2685/1376/358 2683/1374/106
f 2686/1375/358 2688/1377/172 2687/1378/172 2685/1376/358
f 2688/1377/172 2690/1379/359 2689/1380/359 2687/1378/172
f 2690/1379/359 2692/1381/360 2691/1382/360 2689/1380/359
f 2692/1381/360 2694/1383/361 2693/1384/361 2691/1382/360
f 2694/1383/361 2696/1385/362 2695/1386/362 2693/1384/361
f 2696/1385/362 2698/1387/363 2697/1388/363 2695/1386/362
f 2698/1387/363 2700/1389/364 2699/1390/364 2697/1388/363
f 2700/1389/364 2702/1391/365 2701/1392/365 2699/1390/364
f 2702/1391/365 2704/1393/366 2703/1394/366 2701/1392/365
f 2704/1393/366 2706/1395/367 2705/1396/367 2703/1394/366
f 2706/1395/367 2708/1397/368 2707/1398/368 2705/1396/367
f 2708/1397/368 2710/1399/369 2709/1400/369 2707/1398/368
f 2710/1399/369 2712/1401/370 2711/1402/370 2709/1400/369
f 2712/1401/370 2714/1403/371 2713/1404/371 2711/1402/370
f 2714/1403/371 2716/1405/372 2715/1406/372 2713/1404/371
f 2716/1405/372 2718/1407/373 2717/1408/373 2715/1406/372
f 2718/1407/373 2720/1409/374 2719/1410/374 2717/1408/373
f 2720/1409/374 2722/1411/375 2721/1412/375 2719/1410/374
f 2722/1411/375 2724/1413/376 2723/1414/376 2721/1412/375
f 2724/1413/376 2726/1415/377 2725/1416/377 2723/1414/376
f 2726/1415/377 2728/1417/378 2727/1418/378 2725/1416/377
f 2728/1417/378 2730/1419/379 2729/1420/379 2727/1418/378
f 2730/1419/379 2732/1421/380 2731/1422/380 2729/1420/379
f 2732/1421/380 2734/1423/381 2733/1424/381 2731/1422/380
f 2734/1423/381 2736/1425/332 2735/1426/332 2733/1424/381
f 2736/1425/332 2738/1427/106 2737/1428/106 2735/1426/332
f 2738/1427/106 2740/1429/107 2739/1430/107 2737/1428/106
f 2740/1429/107 2742/1431/108 2741/1432/108 2739/1430/107
f 2742/1431/108 2530/876/284 2529/67/284 2741/1432/108
f 2744/678/382 2746/1433/383 2745/1434/383 2743/69/382
f 2746/1433/383 2748/1149/384 2747/1150/384 2745/1434/383
f 2748/1149/384 2750/1435/385 2749/1436/385 2747/1150/384
f 2750/1435/385 2752/1151/386 2751/1152/386 2749/1436/385
f 2752/1151/386 2754/1437/387 2753/1438/387 2751/1152/386
f 2754/1437/387 2756/1153/388 2755/1154/388 2753/1438/387
f 2756/1153/388 2758/1439/389 2757/1440/389 2755/1154/388
f 2758/1439/389 2760/1155/390 2759/1156/390 2757/1440/389
f 2760/1155/390 2762/1441/391 2761/1442/391 2759/1156/390
f 2762/1441/391 2764/1157/392 2763/1158/392 2761/1442/391
f 2764/1157/392 2766/1443/393 2765/1444/393 2763/1158/392
f 2766/1443/393 2768/1159/394 2767/1160/394 2765/1444/393
f 2768/1159/394 2770/1445/395 2769/1446/395 2767/1160/394
f 2770/1445/395 2772/1161/396 2771/1162/396 2769/1446/395
f 2772/1161/396 2774/1447/397 2773/1448/397 2771/1162/396
f 2774/1447/397 2776/1163/398 2775/1164/398 2773/1448/397
f 2776/1163/398 2778/1449/399 2777/1450/399 2775/1164/398
f 2778/1449/399 2780/1165/400 2779/1166/400 2777/1450/399
f 2780/1165/400 2782/1451/401 2781/1452/401 2779/1166/400
f 2782/1451/401 2784/1167/402 2783/1168/402 2781/1452/401
f 2784/1167/402 2786/1453/403 2785/1454/403 2783/1168/402
f 2786/1453/403 2788/1169/404 2787/1170/404 2785/1454/403
f 2788/1169/404 2790/1455/405 2789/1456/405 2787/1170/404
f 2790/1455/405 2792/1171/406 2791/1172/406 2789/1456/405
f 2792/1171/406 2794/1457/407 2793/1458/407 2791/1172/406
f 2794/1457/407 2796/1173/408 2795/1174/408 2793/1458/407
f 2796/1173/408 2798/1459/409 2797/1460/409 2795/1174/408
f 2798/1459/409 2800/1175/410 2799/1176/410 2797/1460/409
f 2800/1175/410 2802/1461/411 2801/1462/411 2799/1176/410
f 2802/1461/411 2804/1177/412 2803/1178/412 2801/1462/411
f 2804/1177/412 2806/1463/289 2805/1464/289 2803/1178/412
f 2806/1463/289 2808/1179/413 2807/1180/413 2805/1464/289
f 2808/1179/413 2810/1465/414 2809/1466/414 2807/1180/413
f 2810/1465/414 2812/1181/415 2811/1182/415 2809/1466/414
f 2812/1181/415 2814/1467/416 2813/1468/416 2811/1182/415
f 2814/1467/416 2816/1183/417 2815/1184/417 2813/1468/416
f 2816/1183/417 2818/777/418 2817/89/418 2815/1184/417
f 2818/777/418 2820/1185/419 2819/1186/419 2817/89/418
f 2820/1185/419 2822/1469/420 2821/1470/420 2819/1186/419
f 2822/1469/420 2824/1187/421 2823/1188/421 2821/1470/420
f 2824/1187/421 2826/1471/422 2825/1472/422 2823/1188/421
f 2826/1471/422 2828/1189/423 2827/1190/423 2825/1472/422
f 2828/1189/423 2830/1473/424 2829/1474/424 2827/1190/423
f 2830/1473/424 2832/1191/425 2831/1192/425 2829/1474/424
f 2832/1191/425 2834/1475/426 2833/1476/426 2831/1192/425
f 2834/1475/426 2836/1193/427 2835/1194/427 2833/1476/426
f 2836/1193/427 2838/1477/428 2837/1478/428 2835/1194/427
f 2838/1477/428 2840/1195/429 2839/1196/429 2837/1478/428
f 2840/1195/429 2842/1479/430 2841/1480/430 2839/1196/429
f 2842/1479/430 2844/1197/431 2843/1198/431 2841/1480/430
f 2844/1197/431 2846/1481/432 2845/1482/432 2843/1198/431
f 2846/1481/432 2848/1199/433 2847/1200/433 2845/1482/432
f 2848/1199/433 2850/1483/434 2849/1484/434 2847/1200/433
f 2850/1483/434 2852/1201/435 2851/1202/435 2849/1484/434
f 2852/1201/435 2854/1485/436 2853/1486/436 2851/1202/435
f 2854/1485/436 2856/1203/437 2855/1204/437 2853/1486/436
f 2856/1203/437 2858/1487/438 2857/1488/438 2855/1204/437
f 2858/1487/438 2860/1205/439 2859/1206/439 2857/1488/438
f 2860/1205/439 2862/1489/440 2861/1490/440 2859/1206/439
f 2862/1489/440 2864/1207/441 2863/1208/441 2861/1490/440
f 2864/1207/441 2866/1491/442 2865/1492/442 2863/1208/441
f 2866/1491/442 2868/1209/443 2867/1210/443 2865/1492/442
f 2868/1209/443 2870/1493/444 2869/1494/444 2867/1210/443
f 2870/1493/444 2872/1211/445 2871/1212/445 2869/1494/444
f 2872/1211/445 2874/1495/446 2873/1496/446 2871/1212/445
f 2874/1495/446 2876/1213/447 2875/1214/447 2873/1496/446
f 2876/1213/447 2878/1497/448 2877/1498/448 2875/1214/447
f 2878/1497/448 2880/1215/449 2879/1216/449 2877/1498/448
f 2880/1215/449 2882/1499/450 2881/1500/450 2879/1216/449
f 2882/1499/450 2884/1217/451 2883/1218/451 2881/1500/450
f 2884/1217/451 2886/1501/452 2885/1502/452 2883/1218/451
f 2886/1501/452 2888/1219/453 2887/1220/453 2885/1502/452
f 2888/1219/453 2890/1503/454 2889/1504/454 2887/1220/453
f 2890/1503/454 2744/876/382 2743/67/382 2889/1504/454
f 2892/678/455 2894/1505/456 2893/1506/456 2891/69/455
f 2894/1505/456 2896/1507/457 2895/1508/457 2893/1506/456
f 2896/1507/457 2898/1509/458 2897/1510/458 2895/1508/457
f 2898/1509/458 2900/1511/459 2899/1512/459 2897/1510/458
f 2900/1511/459 2902/1513/460 2901/1514/460 2899/1512/459
f 2902/1513/460 2904/1515/461 2903/1516/461 2901/1514/460
f 2904/1515/461 2906/1517/462 2905/1518/462 2903/1516/461
f 2906/1517/462 2908/1519/463 2907/1520/463 2905/1518/462
f 2908/1519/463 2910/1521/464 2909/1522/464 2907/1520/463
f 2910/1521/464 2912/1523/465 2911/1524/465 2909/1522/464
f 2912/1523/465 2914/1525/466 2913/1526/466 2911/1524/465
f 2914/1525/466 2916/1527/467 2915/1528/467 2913/1526/466
f 2916/1527/467 2918/1529/468 2917/1530/468 2915/1528/467
f 2918/1529/468 2920/1531/469 2919/1532/469 2917/1530/468
f 2920/1531/469 2922/1533/470 2921/1534/470 2919/1532/469
f 2922/1533/470 2924/1535/471 2923/1536/471 2921/1534/470
f 2924/1535/471 2926/1537/472 2925/1538/472 2923/1536/471
f 2926/1537/472 2928/1539/473 2927/1540/473 2925/1538/472
f 2928/1539/473 2930/1541/474 2929/1542/474 2927/1540/473
f 2930/1541/474 2932/1543/475 2931/1544/475 2929/1542/474
f 2932/1543/475 2934/1545/476 2933/1546/476 2931/1544/475
f 2934/1545/476 2936/1547/477 2935/1548/477 2933/1546/476
f 2936/1547/477 2938/1549/478 2937/1550/478 2935/1548/477
f 2938/1549/478 2940/1551/479 2939/1552/479 2937/1550/478
f 2940/1551/479 2892/876/455 2891/67/455 2939/1552/479
f 2942/678/480 2944/1553/481 2943/364/481 2941/69/480
f 2944/1553/481 2946/1554/482 2945/365/482 2943/364/481
f 2946/1554/482 2948/1555/483 2947/367/483 2945/365/482
f 2948/1555/483 2950/1556/484 2949/368/484 2947/367/483
f 2950/1556/484 2952/1557/485 2951/370/485 2949/368/484
f 2952/1557/485 2954/1558/486 2953/371/486 2951/370/485
f 2954/1558/486 2956/1559/487 2955/373/487 2953/371/486
f 2956/1559/487 2958/1560/488 2957/374/488 2955/373/487
f 2958/1560/488 2960/1561/489 2959/375/489 2957/374/488
f 2960/1561/489 2962/1562/490 2961/377/490 2959/375/489
f 2962/1562/490 2964/1563/491 2963/376/491 2961/377/490
f 2964/1563/491 2966/1564/492 2965/372/492 2963/376/491
f 2966/1564/492 2968/1565/493 2967/369/493 2965/372/492
f 2968/1565/493 2970/1566/494 2969/366/494 2967/369/493
f 2970/1566/494 2972/1567/495 2971/363/495 2969/366/494
f 2972/1567/495 2974/1568/496 2973/362/496 2971/363/495
f 2974/1568/496 2976/1569/497 2975/354/497 2973/362/496
f 2976/1569/497 2978/1570/498 2977/346/498 2975/354/497
f 2978/1570/498 2980/1571/499 2979/338/499 2977/346/498
f 2980/1571/499 2982/1572/500 2981/336/500 2979/338/499
f 2982/1572/500 2984/1573/501 2983/333/501 2981/336/500
f 2984/1573/501 2986/1574/502 2985/331/502 2983/333/501
f 2986/1574/502 2988/1575/503 2987/329/503 2985/331/502
f 2988/1575/503 2990/1576/504 2989/326/504 2987/329/503
f 2990/1576/504 2992/1577/505 2991/320/505 2989/326/504
f 2992/1577/505 2994/1578/506 2993/314/506 2991/320/505
f 2994/1578/506 2996/1579/507 2995/306/507 2993/314/506
f 2996/1579/507 2998/1580/508 2997/296/508 2995/306/507
f 2998/1580/508 3000/1581/509 2999/294/509 2997/296/508
f 3000/1581/509 3002/1582/510 3001/292/510 2999/294/509
f 3002/1582/510 3004/1583/511 3003/290/511 3001/292/510
f 3004/1583/511 3006/1584/512 3005/288/512 3003/290/511
f 3006/1584/512 3008/1585/513 3007/286/513 3005/288/512
f 3008/1585/513 3010/1586/514 3009/282/514 3007/286/513
f 3010/1586/514 3012/1587/515 3011/284/515 3009/282/514
f 3012/1587/515 3014/1588/516 3013/283/516 3011/284/515
f 3014/1588/516 3016/1589/517 3015/285/517 3013/283/516
f 3016/1589/517 3018/1590/518 3017/287/518 3015/285/517
f 3018/1590/518 3020/1591/519 3019/289/519 3017/287/518
f 3020/1591/519 3022/1592/520 3021/291/520 3019/289/519
f 3022/1592/520 3024/1593/521 3023/293/521 3021/291/520
f 3024/1593/521 3026/1594/522 3025/295/522 3023/293/521
f 3026/1594/522 3028/1595/523 3027/304/523 3025/295/522
f 3028/1595/523 3030/1596/524 3029/315/524 3027/304/523
f 3030/1596/524 3032/1597/525 3031/321/525 3029/315/524
f 3032/1597/525 3034/1598/526 3033/328/526 3031/321/525
f 3034/1598/526 3036/1599/527 3035/330/527 3033/328/526
f 3036/1599/527 3038/1600/528 3037/332/528 3035/330/527
f 3038/1600/528 3040/777/529 3039/89/529 3037/332/528
f 3040/777/529 3042/1601/530 3041/334/530 3039/89/529
f 3042/1601/530 3044/1602/531 3043/335/531 3041/334/530
f 3044/1602/531 3046/1603/532 3045/337/532 3043/335/531
f 3046/1603/532 3048/1604/533 3047/339/533 3045/337/532
f 3048/1604/533 3050/1605/534 3049/343/534 3047/339/533
f 3050/1605/534 3052/1606/535 3051/347/535 3049/343/534
f 3052/1606/535 3054/1607/536 3053/350/536 3051/347/535
f 3054/1607/536 3056/1608/537 3055/352/537 3053/350/536
f 3056/1608/537 3058/1609/538 3057/356/538 3055/352/537
f 3058/1609/538 3060/1610/539 3059/358/539 3057/356/538
f 3060/1610/539 3062/1611/540 3061/361/540 3059/358/539
f 3062/1611/540 3064/1612/146 3063/360/146 3061/361/540
f 3064/1612/146 3066/1613/541 3065/359/541 3063/360/146
f 3066/1613/541 3068/1614/542 3067/357/542 3065/359/541
f 3068/1614/542 3070/1615/543 3069/355/543 3067/357/542
f 3070/1615/543 3072/1616/544 3071/353/544 3069/355/543
f 3072/1616/544 3074/1617/545 3073/351/545 3071/353/544
f 3074/1617/545 3076/1618/546 3075/349/546 3073/351/545
f 3076/1618/546 3078/1619/547 3077/348/547 3075/349/546
f 3078/1619/547 3080/1620/548 3079/345/548 3077/348/547
f 3080/1620/548 3082/1621/549 3081/344/549 3079/345/548
f 3082/1621/549 3084/1622/550 3083/340/550 3081/344/549
f 3084/1622/550 3086/1623/551 3085/342/551 3083/340/550
f 3086/1623/551 3088/1624/552 3087/341/552 3085/342/551
f 3088/1624/552 3090/1625/553 3089/325/553 3087/341/552
f 3090/1625/553 3092/1626/554 3091/323/554 3089/325/553
f 3092/1626/554 3094/1627/555 3093/319/555 3091/323/554
f 3094/1627/555 3096/1628/556 3095/317/556 3093/319/555
f 3096/1628/556 3098/1629/557 3097/313/557 3095/317/556
f 3098/1629/557 3100/1630/558 3099/311/558 3097/313/557
f 3100/1630/558 3102/1631/559 3101/309/559 3099/311/558
f 3102/1631/559 3104/1632/560 3103/307/560 3101/309/559
f 3104/1632/560 3106/1633/561 3105/303/561 3103/307/560
f 3106/1633/561 3108/1634/562 3107/301/562 3105/303/561
f 3108/1634/562 3110/1635/563 3109/299/563 3107/301/562
f 3110/1635/563 3112/1636/564 3111/297/564 3109/299/563
f 3112/1636/564 3114/1637/565 3113/298/565 3111/297/564
f 3114/1637/565 3116/1638/566 3115/300/566 3113/298/565
f 3116/1638/566 3118/1639/567 3117/302/567 3115/300/566
f 3118/1639/567 3120/1640/568 3119/305/568 3117/302/567
f 3120/1640/568 3122/1641/569 3121/308/569 3119/305/568
f 3122/1641/569 3124/1642/570 3123/310/570 3121/308/569
f 3124/1642/570 3126/1643/571 3125/312/571 3123/310/570
f 3126/1643/571 3128/1644/572 3127/316/572 3125/312/571
f 3128/1644/572 3130/1645/573 3129/318/573 3127/316/572
f 3130/1645/573 3132/1646/574 3131/322/574 3129/318/573
f 3132/1646/574 3134/1647/575 3133/324/575 3131/322/574
f 3134/1647/575 3136/1648/576 3135/327/576 3133/324/575
f 3136/1648/576 2942/876/480 2941/67/480 3135/327/576
f 3138/678/106 3140/1649/107 3139/1650/107 3137/69/106
f 3140/1649/107 3142/777/108 3141/89/108 3139/1650/107
f 3142/777/108 3144/1651/332 3143/1652/332 3141/89/108
f 3144/1651/332 3138/876/106 3137/67/106 3143/1652/332
f 3146/678/382 3148/1433/383 3147/1434/383 3145/69/382
f 3148/1433/383 3150/1149/384 3149/1150/384 3147/1434/383
f 3150/1149/384 3152/1435/385 3151/1436/385 3149/1150/384
f 3152/1435/385 3154/1151/386 3153/1152/386 3151/1436/385
f 3154/1151/386 3156/1437/387 3155/1438/387 3153/1152/386
f 3156/1437/387 3158/1153/388 3157/1154/388 3155/1438/387
f 3158/1153/388 3160/1439/389 3159/1440/389 3157/1154/388
f 3160/1439/389 3162/1155/390 3161/1156/390 3159/1440/389
f 3162/1155/390 3164/1441/391 3163/1442/391 3161/1156/390
f 3164/1441/391 3166/1157/392 3165/1158/392 3163/1442/391
f 3166/1157/392 3168/1443/393 3167/1444/393 3165/1158/392
f 3168/1443/393 3170/1159/394 3169/1160/394 3167/1444/393
f 3170/1159/394 3172/1445/395 3171/1446/395 3169/1160/394
f 3172/1445/395 3174/1161/396 3173/1162/396 3171/1446/395
f 3174/1161/396 3176/1447/397 3175/1448/397 3173/1162/396
f 3176/1447/397 3178/1163/398 3177/1164/398 3175/1448/397
f 3178/1163/398 3180/1449/399 3179/1450/399 3177/1164/398
f 3180/1449/399 3182/1165/400 3181/1166/400 3179/1450/399
f 3182/1165/400 3184/1451/401 3183/1452/401 3181/1166/400
f 3184/1451/401 3186/1167/402 3185/1168/402 3183/1452/401
f 3186/1167/402 3188/1453/403 3187/1454/403 3185/1168/402
f 3188/1453/403 3190/1169/404 3189/1170/404 3187/1454/403
f 3190/1169/404 3192/1455/405 3191/1456/405 3189/1170/404
f 3192/1455/405 3194/1171/406 3193/1172/406 3191/1456/405
f 3194/1171/406 3196/1457/407 3195/1458/407 3193/1172/406
f 3196/1457/407 3198/1173/408 3197/1174/408 3195/1458/407
f 3198/1173/408 3200/1459/409 3199/1460/409 3197/1174/408
f 3200/1459/409 3202/1175/410 3201/1176/410 3199/1460/409
f 3202/1175/410 3204/1461/411 3203/1462/411 3201/1176/410
f 3204/1461/411 3206/1177/412 3205/1178/412 3203/1462/411
f 3206/1177/412 3208/1463/289 3207/1464/289 3205/1178/412
f 3208/1463/289 3210/1179/413 3209/1180/413 3207/1464/289
f 3210/1179/413 3212/1465/414 3211/1466/414 3209/1180/413
f 3212/1465/414 3214/1181/415 3213/1182/415 3211/1466/414
f 3214/1181/415 3216/1467/416 3215/1468/416 3213/1182/415
f 3216/1467/416 3218/1183/417 3217/1184/417 3215/1468/416
f 3218/1183/417 3220/777/418 3219/89/418 3217/1184/417
f 3220/777/418 3222/1185/419 3221/1186/419 3219/89/418
f 3222/1185/419 3224/1469/420 3223/1470/420 3221/1186/419
f 3224/1469/420 3226/1187/421 3225/1188/421 3223/1470/420
f 3226/1187/421 3228/1471/422 3227/1472/422 3225/1188/421
f 3228/1471/422 3230/1189/423 3229/1190/423 3227/1472/422
f 3230/1189/423 3232/1473/424 3231/1474/424 3229/1190/423
f 3232/1473/424 3234/1191/425 3233/1192/425 3231/1474/424
f 3234/1191/425 3236/1475/426 3235/1476/426 3233/1192/425
f 3236/1475/426 3238/1193/427 3237/1194/427 3235/1476/426
f 3238/1193/427 3240/1477/428 3239/1478/428 3237/1194/427
f 3240/1477/428 3242/1195/429 3241/1196/429 3239/1478/428
f 3242/1195/429 3244/1479/430 3243/1480/430 3241/1196/429
f 3244/1479/430 3246/1197/431 3245/1198/431 3243/1480/430
f 3246/1197/431 3248/1481/432 3247/1482/432 3245/1198/431
f 3248/1481/432 3250/1199/433 3249/1200/433 3247/1482/432
f 3250/1199/433 3252/1483/434 3251/1484/434 3249/1200/433
f 3252/1483/434 3254/1201/435 3253/1202/435 3251/1484/434
f 3254/1201/435 3256/1485/436 3255/1486/436 3253/1202/435
f 3256/1485/436 3258/1203/437 3257/1204/437 3255/1486/436
f 3258/1203/437 3260/1487/438 3259/1488/438 3257/1204/437
f 3260/1487/438 3262/1205/439 3261/1206/439 3259/1488/438
f 3262/1205/439 3264/1489/440 3263/1490/440 3261/1206/439
f 3264/1489/440 3266/1207/441 3265/1208/441 3263/1490/440
f 3266/1207/441 3268/1491/442 3267/1492/442 3265/1208/441
f 3268/1491/442 3270/1209/443 3269/1210/443 3267/1492/442
f 3270/1209/443 3272/1493/444 3271/1494/444 3269/1210/443
f 3272/1493/444 3274/1211/445 3273/1212/445 3271/1494/444
f 3274/1211/445 3276/1495/446 3275/1496/446 3273/1212/445
f 3276/1495/446 3278/1213/447 3277/1214/447 3275/1496/446
f 3278/1213/447 3280/1497/448 3279/1498/448 3277/1214/447
f 3280/1497/448 3282/1215/449 3281/1216/449 3279/1498/448
f 3282/1215/449 3284/1499/450 3283/1500/450 3281/1216/449
f 3284/1499/450 3286/1217/451 3285/1218/451 3283/1500/450
f 3286/1217/451 3288/1501/452 3287/1502/452 3285/1218/451
f 3288/1501/452 3290/1219/453 3289/1220/453 3287/1502/452
f 3290/1219/453 3292/1503/454 3291/1504/454 3289/1220/453
f 3292/1503/454 3146/876/382 3145/67/382 3291/1504/454
f 3294/678/455 3296/1505/577 3295/1506/577 3293/69/455
f 3296/1505/577 3298/1507/457 3297/1508/457 3295/1506/577
f 3298/1507/457 3300/1509/458 3299/1510/458 3297/1508/457
f 3300/1509/458 3302/1511/459 3301/1512/459 3299/1510/458
f 3302/1511/459 3304/1513/460 3303/1514/460 3301/1512/459
f 3304/1513/460 3306/1515/461 3305/1516/461 3303/1514/460
f 3306/1515/461 3308/1517/462 3307/1518/462 3305/1516/461
f 3308/1517/462 3310/1519/463 3309/1520/463 3307/1518/462
f 3310/1519/463 3312/1521/464 3311/1522/464 3309/1520/463
f 3312/1521/464 3314/1523/465 3313/1524/465 3311/1522/464
f 3314/1523/465 3316/1525/466 3315/1526/466 3313/1524/465
f 3316/1525/466 3318/1527/467 3317/1528/467 3315/1526/466
f 3318/1527/467 3320/1529/468 3319/1530/468 3317/1528/467
f 3320/1529/468 3322/1531/469 3321/1532/469 3319/1530/468
f 3322/1531/469 3324/1533/470 3323/1534/470 3321/1532/469
f 3324/1533/470 3326/1535/471 3325/1536/471 3323/1534/470
f 3326/1535/471 3328/1537/472 3327/1538/472 3325/1536/471
f 3328/1537/472 3330/1539/578 3329/1540/578 3327/1538/472
f 3330/1539/578 3332/1541/474 3331/1542/474 3329/1540/578
f 3332/1541/474 3334/1543/475 3333/1544/475 3331/1542/474
f 3334/1543/475 3336/1545/476 3335/1546/476 3333/1544/475
f 3336/1545/476 3338/1547/477 3337/1548/477 3335/1546/476
f 3338/1547/477 3340/1549/478 3339/1550/478 3337/1548/477
f 3340/1549/478 3342/1551/479 3341/1552/479 3339/1550/478
f 3342/1551/479 3294/876/455 3293/67/455 3341/1552/479
f 3344/678/110 3346/877/111 3345/878/111 3343/69/110
f 3346/877/111 3348/879/112 3347/880/112 3345/878/111
f 3348/879/112 3350/881/113 3349/882/113 3347/880/112
f 3350/881/113 3352/883/114 3351/884/114 3349/882/113
f 3352/883/114 3354/885/115 3353/886/115 3351/884/114
f 3354/885/115 3356/887/116 3355/888/116 3353/886/115
f 3356/887/116 3358/889/117 3357/890/117 3355/888/116
f 3358/889/117 3360/891/118 3359/892/118 3357/890/117
f 3360/891/118 3362/893/119 3361/894/119 3359/892/118
f 3362/893/119 3364/895/120 3363/896/120 3361/894/119
f 3364/895/120 3366/897/121 3365/898/121 3363/896/120
f 3366/897/121 3368/899/122 3367/900/122 3365/898/121
f 3368/899/122 3370/901/123 3369/902/123 3367/900/122
f 3370/901/123 3372/903/124 3371/904/124 3369/902/123
f 3372/903/124 3374/905/125 3373/906/125 3371/904/124
f 3374/905/125 3376/907/126 3375/908/126 3373/906/125
f 3376/907/126 3378/909/127 3377/910/127 3375/908/126
f 3378/909/127 3380/911/128 3379/912/128 3377/910/127
f 3380/911/128 3382/913/129 3381/914/129 3379/912/128
f 3382/913/129 3384/915/130 3383/916/130 3381/914/129
f 3384/915/130 3386/917/579 3385/918/579 3383/916/130
f 3386/917/579 3388/919/132 3387/920/132 3385/918/579
f 3388/919/132 3390/921/133 3389/922/133 3387/920/132
f 3390/921/133 3392/923/134 3391/924/134 3389/922/133
f 3392/923/134 3394/925/135 3393/926/135 3391/924/134
f 3394/925/135 3396/927/580 3395/928/580 3393/926/135
f 3396/927/580 3398/929/137 3397/930/137 3395/928/580
f 3398/929/137 3400/931/138 3399/932/138 3397/930/137
f 3400/931/138 3402/933/139 3401/934/139 3399/932/138
f 3402/933/139 3404/935/140 3403/936/140 3401/934/139
f 3404/935/140 3406/937/141 3405/938/141 3403/936/140
f 3406/937/141 3408/939/142 3407/940/142 3405/938/141
f 3408/939/142 3410/941/143 3409/942/143 3407/940/142
f 3410/941/143 3412/943/144 3411/944/144 3409/942/143
f 3412/943/144 3414/945/145 3413/946/145 3411/944/144
f 3414/945/145 3416/947/146 3415/948/146 3413/946/145
f 3416/947/146 3418/949/147 3417/950/147 3415/948/146
f 3418/949/147 3420/951/148 3419/952/148 3417/950/147
f 3420/951/148 3422/953/149 3421/954/149 3419/952/148
f 3422/953/149 3424/955/150 3423/956/150 3421/954/149
f 3424/955/150 3426/957/151 3425/958/151 3423/956/150
f 3426/957/151 3428/959/152 3427/960/152 3425/958/151
f 3428/959/152 3430/961/153 3429/962/153 3427/960/152
f 3430/961/153 3432/963/154 3431/964/154 3429/962/153
f 3432/963/154 3434/965/155 3433/966/155 3431/964/154
f 3434/965/155 3436/967/156 3435/968/156 3433/966/155
f 3436/967/156 3438/969/157 3437/970/157 3435/968/156
f 3438/969/157 3440/971/158 3439/972/158 3437/970/157
f 3440/971/158 3442/973/159 3441/974/159 3439/972/158
f 3442/973/159 3444/975/160 3443/976/160 3441/974/159
f 3444/975/160 3446/977/161 3445/978/161 3443/976/160
f 3446/977/161 3448/979/162 3447/980/162 3445/978/161
f 3448/979/162 3450/981/163 3449/982/163 3447/980/162
f 3450/981/163 3452/983/164 3451/984/164 3449/982/163
f 3452/983/164 3454/985/165 3453/986/165 3451/984/164
f 3454/985/165 3456/987/166 3455/988/166 3453/986/165
f 3456/987/166 3458/989/167 3457/990/167 3455/988/166
f 3458/989/167 3460/991/168 3459/992/168 3457/990/167
f 3460/991/168 3462/993/169 3461/994/169 3459/992/168
f 3462/993/169 3464/995/170 3463/996/170 3461/994/169
f 3464/995/170 3466/997/171 3465/998/171 3463/996/170
f 3466/997/171 3468/999/172 3467/1000/172 3465/998/171
f 3468/999/172 3470/1001/173 3469/1002/173 3467/1000/172
f 3470/1001/173 3472/1003/174 3471/1004/174 3469/1002/173
f 3472/1003/174 3474/1005/175 3473/1006/175 3471/1004/174
f 3474/1005/175 3476/1007/176 3475/1008/176 3473/1006/175
f 3476/1007/176 3478/1009/177 3477/1010/177 3475/1008/176
f 3478/1009/177 3480/1011/178 3479/1012/178 3477/1010/177
f 3480/1011/178 3482/1013/179 3481/1014/179 3479/1012/178
f 3482/1013/179 3484/1015/180 3483/1016/180 3481/1014/179
f 3484/1015/180 3486/1017/181 3485/1018/181 3483/1016/180
f 3486/1017/181 3488/1019/182 3487/1020/182 3485/1018/181
f 3488/1019/182 3490/1021/183 3489/1022/183 3487/1020/182
f 3490/1021/183 3492/1023/184 3491/1024/184 3489/1022/183
f 3492/1023/184 3494/1025/185 3493/1026/185 3491/1024/184
f 3494/1025/185 3496/1027/581 3495/1028/581 3493/1026/185
f 3496/1027/581 3498/1029/187 3497/1030/187 3495/1028/581
f 3498/1029/187 3500/1031/188 3499/1032/188 3497/1030/187
f 3500/1031/188 3502/1033/189 3501/1034/189 3499/1032/188
f 3502/1033/189 3504/1035/190 3503/1036/190 3501/1034/189
f 3504/1035/190 3506/1037/191 3505/1038/191 3503/1036/190
f 3506/1037/191 3508/1039/192 3507/1040/192 3505/1038/191
f 3508/1039/192 3510/1041/193 3509/1042/193 3507/1040/192
f 3510/1041/193 3512/1043/194 3511/1044/194 3509/1042/193
f 3512/1043/194 3514/1045/195 3513/1046/195 3511/1044/194
f 3514/1045/195 3516/1047/196 3515/1048/196 3513/1046/195
f 3516/1047/196 3518/1049/197 3517/1050/197 3515/1048/196
f 3518/1049/197 3520/1051/198 3519/1052/198 3517/1050/197
f 3520/1051/198 3522/1053/199 3521/1054/199 3519/1052/198
f 3522/1053/199 3524/1055/200 3523/1056/200 3521/1054/199
f 3524/1055/200 3526/1057/201 3525/1058/201 3523/1056/200
f 3526/1057/201 3528/1059/202 3527/1060/202 3525/1058/201
f 3528/1059/202 3530/1061/203 3529/1062/203 3527/1060/202
f 3530/1061/203 3532/1063/204 3531/1064/204 3529/1062/203
f 3532/1063/204 3534/1065/205 3533/1066/205 3531/1064/204
f 3534/1065/205 3536/1067/206 3535/1068/206 3533/1066/205
f 3536/1067/206 3538/1069/207 3537/1070/207 3535/1068/206
f 3538/1069/207 3540/1071/208 3539/1072/208 3537/1070/207
f 3540/1071/208 3542/1073/209 3541/1074/209 3539/1072/208
f 3542/1073/209 3544/1075/210 3543/1076/210 3541/1074/209
f 3544/1075/210 3546/1077/211 3545/1078/211 3543/1076/210
f 3546/1077/211 3548/1079/212 3547/1080/212 3545/1078/211
f 3548/1079/212 3550/1081/213 3549/1082/213 3547/1080/212
f 3550/1081/213 3552/1083/214 3551/1084/214 3549/1082/213
f 3552/1083/214 3554/1085/215 3553/1086/215 3551/1084/214
f 3554/1085/215 3556/1087/216 3555/1088/216 3553/1086/215
f 3556/1087/216 3558/1089/217 3557/1090/217 3555/1088/216
f 3558/1089/217 3560/1091/218 3559/1092/218 3557/1090/217
f 3560/1091/218 3562/1093/219 3561/1094/219 3559/1092/218
f 3562/1093/219 3564/1095/220 3563/1096/220 3561/1094/219
f 3564/1095/220 3566/1097/221 3565/1098/221 3563/1096/220
f 3566/1097/221 3568/1099/222 3567/1100/222 3565/1098/221
f 3568/1099/222 3570/1101/582 3569/1102/582 3567/1100/222
f 3570/1101/582 3572/1103/224 3571/1104/224 3569/1102/582
f 3572/1103/224 3574/1105/583 3573/1106/583 3571/1104/224
f 3574/1105/583 3576/1107/226 3575/1108/226 3573/1106/583
f 3576/1107/226 3578/1109/227 3577/1110/227 3575/1108/226
f 3578/1109/227 3580/1111/584 3579/1112/584 3577/1110/227
f 3580/1111/584 3582/1113/229 3581/1114/229 3579/1112/584
f 3582/1113/229 3584/1115/585 3583/1116/585 3581/1114/229
f 3584/1115/585 3586/1117/231 3585/1118/231 3583/1116/585
f 3586/1117/231 3588/1119/232 3587/1120/232 3585/1118/231
f 3588/1119/232 3590/1121/233 3589/1122/233 3587/1120/232
f 3590/1121/233 3592/1123/234 3591/1124/234 3589/1122/233
f 3592/1123/234 3594/1125/235 3593/1126/235 3591/1124/234
f 3594/1125/235 3596/1127/236 3595/1128/236 3593/1126/235
f 3596/1127/236 3598/1129/41 3597/1130/41 3595/1128/236
f 3598/1129/41 3600/1131/238 3599/1132/238 3597/1130/41
f 3600/1131/238 3602/1133/239 3601/1134/239 3599/1132/238
f 3602/1133/239 3604/1135/240 3603/1136/240 3601/1134/239
f 3604/1135/240 3606/1137/241 3605/1138/241 3603/1136/240
f 3606/1137/241 3608/1139/242 3607/1140/242 3605/1138/241
f 3608/1139/242 3610/1141/243 3609/1142/243 3607/1140/242
f 3610/1141/243 3612/1143/586 3611/1144/586 3609/1142/243
f 3612/1143/586 3614/1145/245 3613/1146/245 3611/1144/586
f 3614/1145/245 3616/1147/246 3615/1148/246 3613/1146/245
f 3616/1147/246 3344/876/110 3343/67/110 3615/1148/246
f 3618/678/247 3620/1149/248 3619/1150/248 3617/69/247
f 3620/1149/248 3622/1151/249 3621/1152/249 3619/1150/248
f 3622/1151/249 3624/1153/250 3623/1154/250 3621/1152/249
f 3624/1153/250 3626/1155/251 3625/1156/251 3623/1154/250
f 3626/1155/251 3628/1157/252 3627/1158/252 3625/1156/251
f 3628/1157/252 3630/1159/253 3629/1160/253 3627/1158/252
f 3630/1159/253 3632/1161/254 3631/1162/254 3629/1160/253
f 3632/1161/254 3634/1163/255 3633/1164/255 3631/1162/254
f 3634/1163/255 3636/1165/256 3635/1166/256 3633/1164/255
f 3636/1165/256 3638/1167/257 3637/1168/257 3635/1166/256
f 3638/1167/257 3640/1169/258 3639/1170/258 3637/1168/257
f 3640/1169/258 3642/1171/259 3641/1172/259 3639/1170/258
f 3642/1171/259 3644/1173/260 3643/1174/260 3641/1172/259
f 3644/1173/260 3646/1175/261 3645/1176/261 3643/1174/260
f 3646/1175/261 3648/1177/262 3647/1178/262 3645/1176/261
f 3648/1177/262 3650/1179/263 3649/1180/263 3647/1178/262
f 3650/1179/263 3652/1181/264 3651/1182/264 3649/1180/263
f 3652/1181/264 3654/1183/265 3653/1184/265 3651/1182/264
f 3654/1183/265 3656/1185/266 3655/1186/266 3653/1184/265
f 3656/1185/266 3658/1187/267 3657/1188/267 3655/1186/266
f 3658/1187/267 3660/1189/268 3659/1190/268 3657/1188/267
f 3660/1189/268 3662/1191/269 3661/1192/269 3659/1190/268
f 3662/1191/269 3664/1193/270 3663/1194/270 3661/1192/269
f 3664/1193/270 3666/1195/271 3665/1196/271 3663/1194/270
f 3666/1195/271 3668/1197/272 3667/1198/272 3665/1196/271
f 3668/1197/272 3670/1199/273 3669/1200/273 3667/1198/272
f 3670/1199/273 3672/1201/274 3671/1202/274 3669/1200/273
f 3672/1201/274 3674/1203/275 3673/1204/275 3671/1202/274
f 3674/1203/275 3676/1205/276 3675/1206/276 3673/1204/275
f 3676/1205/276 3678/1207/277 3677/1208/277 3675/1206/276
f 3678/1207/277 3680/1209/278 3679/1210/278 3677/1208/277
f 3680/1209/278 3682/1211/279 3681/1212/279 3679/1210/278
f 3682/1211/279 3684/1213/280 3683/1214/280 3681/1212/279
f 3684/1213/280 3686/1215/281 3685/1216/281 3683/1214/280
f 3686/1215/281 3688/1217/282 3687/1218/282 3685/1216/281
f 3688/1217/282 3690/1219/283 3689/1220/283 3687/1218/282
f 3690/1219/283 3618/876/247 3617/67/247 3689/1220/283
f 3692/678/108 3694/1653/587 3693/1654/587 3691/69/108
f 3694/1653/587 3696/1655/588 3695/1656/588 3693/1654/587
f 3696/1655/588 3698/1657/589 3697/1658/589 3695/1656/588
f 3698/1657/589 3700/1659/590 3699/1660/590 3697/1658/589
f 3700/1659/590 3702/1661/591 3701/1662/591 3699/1660/590
f 3702/1661/591 3704/1663/592 3703/1664/592 3701/1662/591
f 3704/1663/592 3706/1665/593 3705/1666/593 3703/1664/592
f 3706/1665/593 3708/1667/594 3707/1668/594 3705/1666/593
f 3708/1667/594 3710/1669/595 3709/1670/595 3707/1668/594
f 3710/1669/595 3712/1671/596 3711/1672/596 3709/1670/595
f 3712/1671/596 3714/1513/597 3713/1514/597 3711/1672/596
f 3714/1513/597 3716/1673/598 3715/1674/598 3713/1514/597
f 3716/1673/598 3718/1675/599 3717/1676/599 3715/1674/598
f 3718/1675/599 3720/1677/600 3719/1678/600 3717/1676/599
f 3720/1677/600 3722/1679/601 3721/1680/601 3719/1678/600
f 3722/1679/601 3724/1681/602 3723/1682/602 3721/1680/601
f 3724/1681/602 3726/1683/603 3725/1684/603 3723/1682/602
f 3726/1683/603 3728/1685/604 3727/1686/604 3725/1684/603
f 3728/1685/604 3730/1687/605 3729/1688/605 3727/1686/604
f 3730/1687/605 3732/1689/606 3731/1690/606 3729/1688/605
f 3732/1689/606 3734/1691/607 3733/1692/607 3731/1690/606
f 3734/1691/607 3736/1523/608 3735/1524/608 3733/1692/607
f 3736/1523/608 3738/1693/609 3737/1694/609 3735/1524/608
f 3738/1693/609 3740/1695/610 3739/1696/610 3737/1694/609
f 3740/1695/610 3742/1697/611 3741/1698/611 3739/1696/610
f 3742/1697/611 3744/1699/612 3743/1700/612 3741/1698/611
f 3744/1699/612 3746/1701/613 3745/1702/613 3743/1700/612
f 3746/1701/613 3748/1703/614 3747/1704/614 3745/1702/613
f 3748/1703/614 3750/1705/615 3749/1706/615 3747/1704/614
f 3750/1705/615 3752/1707/616 3751/1708/616 3749/1706/615
f 3752/1707/616 3754/1709/617 3753/1710/617 3751/1708/616
f 3754/1709/617 3756/1711/618 3755/1712/618 3753/1710/617
f 3756/1711/618 3758/1533/619 3757/1534/619 3755/1712/618
f 3758/1533/619 3760/1713/620 3759/1714/620 3757/1534/619
f 3760/1713/620 3762/1715/621 3761/1716/621 3759/1714/620
f 3762/1715/621 3764/1717/622 3763/1718/622 3761/1716/621
f 3764/1717/622 3766/1719/623 3765/1720/623 3763/1718/622
f 3766/1719/623 3768/1721/624 3767/1722/624 3765/1720/623
f 3768/1721/624 3770/1723/625 3769/1724/625 3767/1722/624
f 3770/1723/625 3772/1725/626 3771/1726/626 3769/1724/625
f 3772/1725/626 3774/1727/627 3773/1728/627 3771/1726/626
f 3774/1727/627 3776/1729/628 3775/1730/628 3773/1728/627
f 3776/1729/628 3778/1731/629 3777/1732/629 3775/1730/628
f 3778/1731/629 3780/1543/630 3779/1544/630 3777/1732/629
f 3780/1543/630 3782/1733/631 3781/1734/631 3779/1544/630
f 3782/1733/631 3784/1735/632 3783/1736/632 3781/1734/631
f 3784/1735/632 3786/1737/633 3785/1738/633 3783/1736/632
f 3786/1737/633 3788/1739/634 3787/1740/634 3785/1738/633
f 3788/1739/634 3790/1741/635 3789/1742/635 3787/1740/634
f 3790/1741/635 3792/1743/636 3791/1744/636 3789/1742/635
f 3792/1743/636 3794/1745/332 3793/1746/332 3791/1744/636
f 3794/1745/332 3796/1747/106 3795/1748/106 3793/1746/332
f 3796/1747/106 3798/1749/107 3797/1750/107 3795/1748/106
f 3798/1749/107 3800/1751/108 3799/1752/108 3797/1750/107
f 3800/1751/108 3692/876/108 3691/67/108 3799/1752/108
o SPACE
v -6.019751 -14.280239 -0.399999
v -6.019751 -15.413239 -0.399999
v -7.554251 -15.413239 -0.399999
v -7.554251 -15.897240 -0.399999
v -6.019751 -15.897240 -0.399999
v -6.019751 -17.063240 -0.399999
v -7.658751 -17.063240 -0.399999
v -7.658751 -17.547239 -0.399999
v -5.480751 -17.547239 -0.400000
v -5.480751 -13.796240 -0.400000
v -7.609251 -13.796240 -0.399999
v -7.609251 -14.280239 -0.399999
v -4.668065 -14.567943 -0.400000
v -4.556267 -14.509737 -0.400000
v -4.446493 -14.457528 -0.400000
v -4.338380 -14.411221 -0.400000
v -4.231566 -14.370719 -0.400000
v -4.125688 -14.335927 -0.400000
v -4.020383 -14.306749 -0.400000
v -3.915287 -14.283092 -0.400000
v -3.810039 -14.264856 -0.400000
v -3.704276 -14.251950 -0.400000
v -3.597634 -14.244276 -0.400000
v -3.489750 -14.241739 -0.400000
v -3.280075 -14.254230 -0.400000
v -3.081018 -14.290781 -0.400000
v -2.894032 -14.350021 -0.400000
v -2.720565 -14.430573 -0.400000
v -2.562071 -14.531063 -0.400000
v -2.420000 -14.650115 -0.400000
v -2.295805 -14.786354 -0.400000
v -2.190935 -14.938406 -0.400000
v -2.106844 -15.104896 -0.400000
v -2.044981 -15.284448 -0.400000
v -2.006800 -15.475688 -0.400000
v -1.993750 -15.677239 -0.400000
v -2.006392 -15.882042 -0.400000
v -2.043556 -16.074945 -0.400000
v -2.104094 -16.254826 -0.400000
v -2.186861 -16.420555 -0.400000
v -2.290712 -16.571005 -0.400000
v -2.414500 -16.705051 -0.400000
v -2.557080 -16.821568 -0.400000
v -2.717306 -16.919426 -0.400000
v -2.894032 -16.997498 -0.400000
v -3.086111 -17.054659 -0.400000
v -3.292399 -17.089783 -0.400000
v -3.511750 -17.101740 -0.400000
v -3.618383 -17.098660 -0.400000
v -3.726352 -17.089466 -0.400000
v -3.835391 -17.074240 -0.400000
v -3.945232 -17.053055 -0.400000
v -4.055607 -17.025988 -0.400000
v -4.166250 -16.993114 -0.400000
v -4.276894 -16.954514 -0.400000
v -4.387269 -16.910259 -0.400000
v -4.497110 -16.860428 -0.400000
v -4.606149 -16.805096 -0.400000
v -4.714118 -16.744341 -0.400000
v -4.820750 -16.678240 -0.400000
v -4.820750 -17.266739 -0.400000
v -4.727849 -17.313671 -0.400000
v -4.633037 -17.358025 -0.400000
v -4.535781 -17.399513 -0.400000
v -4.435546 -17.437851 -0.400000
v -4.331798 -17.472752 -0.400000
v -4.224000 -17.503927 -0.400000
v -4.111619 -17.531094 -0.400000
v -3.994120 -17.553963 -0.400000
v -3.870969 -17.572248 -0.400000
v -3.741630 -17.585663 -0.400000
v -3.605568 -17.593924 -0.400000
v -3.462250 -17.596741 -0.400000
v -3.126649 -17.574966 -0.400000
v -2.823436 -17.512840 -0.400000
v -2.552001 -17.415154 -0.400000
v -2.311732 -17.286703 -0.400000
v -2.102019 -17.132280 -0.400000
v -1.922250 -16.956676 -0.400000
v -1.771815 -16.764690 -0.400000
v -1.650102 -16.561110 -0.400000
v -1.556500 -16.350733 -0.400000
v -1.490398 -16.138348 -0.400000
v -1.451185 -15.928753 -0.400000
v -1.438250 -15.726740 -0.400000
v -1.455930 -15.447462 -0.400000
v -1.507738 -15.182851 -0.400000
v -1.591820 -14.934740 -0.400000
v -1.706324 -14.704962 -0.400000
v -1.849397 -14.495351 -0.400000
v -2.019187 -14.307739 -0.400000
v -2.213842 -14.143962 -0.400000
v -2.431509 -14.005851 -0.400000
v -2.670336 -13.895240 -0.400000
v -2.928470 -13.813962 -0.400000
v -3.204059 -13.763851 -0.400000
v -3.495250 -13.746739 -0.400000
v -3.591681 -13.748703 -0.400000
v -3.688743 -13.754659 -0.400000
v -3.786836 -13.764700 -0.400000
v -3.886361 -13.778925 -0.400000
v -3.987720 -13.797426 -0.400000
v -4.091312 -13.820302 -0.400000
v -4.197541 -13.847646 -0.400000
v -4.306806 -13.879555 -0.400000
v -4.419508 -13.916122 -0.400000
v -4.536049 -13.957445 -0.400000
v -4.656829 -14.003619 -0.400000
v -4.782250 -14.054739 -0.400000
v -4.782250 -14.632239 -0.400000
v -0.624250 -17.547239 -0.400000
v -0.123750 -16.441740 -0.400000
v 1.471250 -16.441740 -0.400000
v 1.944250 -17.547239 -0.400000
v 2.494250 -17.547239 -0.400000
v 0.882750 -13.774240 -0.400000
v 0.503250 -13.774240 -0.400000
v -1.174250 -17.547239 -0.400000
v 0.096250 -15.957740 -0.400000
v 0.701250 -14.599239 -0.400000
v 1.262250 -15.957740 -0.400000
v 3.547115 -13.806107 -0.400000
v 3.369794 -13.834842 -0.400000
v 3.210539 -13.881145 -0.400000
v 3.069102 -13.943721 -0.400000
v 2.945234 -14.021269 -0.400000
v 2.838687 -14.112490 -0.400000
v 2.749214 -14.216085 -0.400000
v 2.676565 -14.330758 -0.400000
v 2.620492 -14.455208 -0.400000
v 2.580748 -14.588138 -0.400000
v 2.557083 -14.728248 -0.400000
v 2.549250 -14.874240 -0.400000
v 2.557545 -15.018535 -0.400000
v 2.582607 -15.156395 -0.400000
v 2.624703 -15.286654 -0.400000
v 2.684102 -15.408147 -0.400000
v 2.761070 -15.519710 -0.400000
v 2.855875 -15.620177 -0.400000
v 2.968784 -15.708384 -0.400000
v 3.100065 -15.783166 -0.400000
v 3.249985 -15.843357 -0.400000
v 3.418810 -15.887793 -0.400000
v 3.606810 -15.915309 -0.400000
v 3.814250 -15.924740 -0.400000
v 4.375250 -15.924740 -0.400000
v 4.375250 -17.547239 -0.400000
v 4.914250 -17.547239 -0.400000
v 4.914250 -13.796240 -0.400000
v 3.742750 -13.796240 -0.400000
v 3.764750 -15.440740 -0.400000
v 3.667421 -15.436303 -0.400000
v 3.576452 -15.423120 -0.400000
v 3.492243 -15.401381 -0.400000
v 3.415195 -15.371277 -0.400000
v 3.345710 -15.332999 -0.400000
v 3.284188 -15.286739 -0.400000
v 3.231030 -15.232688 -0.400000
v 3.186639 -15.171036 -0.400000
v 3.151414 -15.101974 -0.400000
v 3.125757 -15.025693 -0.400000
v 3.110069 -14.942385 -0.400000
v 3.104750 -14.852240 -0.400000
v 3.107955 -14.783216 -0.400000
v 3.118016 -14.714383 -0.400000
v 3.135602 -14.646849 -0.400000
v 3.161380 -14.581721 -0.400000
v 3.196019 -14.520107 -0.400000
v 3.240188 -14.463115 -0.400000
v 3.294554 -14.411851 -0.400000
v 3.359787 -14.367425 -0.400000
v 3.436555 -14.330942 -0.400000
v 3.525526 -14.303513 -0.400000
v 3.627368 -14.286242 -0.400000
v 3.742750 -14.280239 -0.400000
v 4.375250 -14.280239 -0.400000
v 4.375250 -15.440740 -0.400000
v 5.703246 -14.550011 -0.400001
v 5.782131 -14.487279 -0.400001
v 5.860251 -14.432607 -0.400001
v 5.937454 -14.385554 -0.400001
v 6.013588 -14.345682 -0.400001
v 6.088500 -14.312552 -0.400001
v 6.162038 -14.285724 -0.400001
v 6.234047 -14.264758 -0.400001
v 6.304376 -14.249216 -0.400001
v 6.372871 -14.238659 -0.400001
v 6.439380 -14.232646 -0.400001
v 6.503751 -14.230740 -0.400001
v 6.588227 -14.234464 -0.400001
v 6.668063 -14.245406 -0.400001
v 6.742743 -14.263224 -0.400001
v 6.811750 -14.287573 -0.400001
v 6.874571 -14.318110 -0.400001
v 6.930688 -14.354489 -0.400001
v 6.979587 -14.396370 -0.400001
v 7.020751 -14.443406 -0.400001
v 7.053665 -14.495255 -0.400001
v 7.077813 -14.551573 -0.400001
v 7.092680 -14.612016 -0.400001
v 7.097750 -14.676240 -0.400001
v 7.065828 -14.842245 -0.400001
v 6.977567 -14.984494 -0.400001
v 6.844236 -15.109709 -0.400001
v 6.677104 -15.224610 -0.400001
v 6.487436 -15.335921 -0.400001
v 6.286501 -15.450365 -0.400001
v 6.085567 -15.574662 -0.400001
v 5.895899 -15.715536 -0.400001
v 5.728766 -15.879708 -0.400001
v 5.595436 -16.073902 -0.400000
v 5.507175 -16.304838 -0.400000
v 5.475250 -16.579239 -0.400000
v 5.484366 -16.722885 -0.400000
v 5.511052 -16.858950 -0.400000
v 5.554314 -16.986498 -0.400000
v 5.613158 -17.104591 -0.400000
v 5.686593 -17.212297 -0.400001
v 5.773625 -17.308678 -0.400001
v 5.873262 -17.392797 -0.400001
v 5.984510 -17.463722 -0.400001
v 6.106376 -17.520514 -0.400001
v 6.237866 -17.562237 -0.400001
v 6.377989 -17.587959 -0.400001
v 6.525750 -17.596741 -0.400001
v 6.625932 -17.594439 -0.400001
v 6.723114 -17.587496 -0.400001
v 6.817509 -17.575857 -0.400001
v 6.909325 -17.559462 -0.400001
v 6.998773 -17.538254 -0.400001
v 7.086063 -17.512177 -0.400001
v 7.171405 -17.481173 -0.400001
v 7.255010 -17.445185 -0.400001
v 7.337087 -17.404154 -0.400001
v 7.417846 -17.358025 -0.400001
v 7.497497 -17.306740 -0.400001
v 7.576250 -17.250240 -0.400001
v 7.576250 -16.568239 -0.400001
v 7.506040 -16.652897 -0.400001
v 7.433022 -16.730795 -0.400001
v 7.357368 -16.801819 -0.400001
v 7.279252 -16.865850 -0.400001
v 7.198843 -16.922779 -0.400001
v 7.116314 -16.972490 -0.400001
v 7.031837 -17.014866 -0.400001
v 6.945584 -17.049795 -0.400001
v 6.857728 -17.077162 -0.400001
v 6.768438 -17.096851 -0.400001
v 6.677889 -17.108749 -0.400001
v 6.586251 -17.112740 -0.400001
v 6.486430 -17.107424 -0.400001
v 6.395889 -17.092216 -0.400001
v 6.314516 -17.068224 -0.400001
v 6.242195 -17.036554 -0.400001
v 6.178811 -16.998316 -0.400001
v 6.124250 -16.954615 -0.400001
v 6.078398 -16.906559 -0.400001
v 6.041140 -16.855259 -0.400001
v 6.012360 -16.801819 -0.400001
v 5.991945 -16.747347 -0.400001
v 5.979780 -16.692951 -0.400001
v 5.975750 -16.639740 -0.400001
v 6.007673 -16.459246 -0.400001
v 6.095934 -16.301744 -0.400001
v 6.229265 -16.161583 -0.400001
v 6.396398 -16.033110 -0.400001
v 6.586065 -15.910671 -0.400001
v 6.787000 -15.788615 -0.400001
v 6.987935 -15.661287 -0.400001
v 7.177602 -15.523036 -0.400001
v 7.344735 -15.368208 -0.400001
v 7.478065 -15.191152 -0.400001
v 7.566326 -14.986213 -0.400001
v 7.598251 -14.747740 -0.400001
v 7.588978 -14.599796 -0.400001
v 7.561660 -14.461613 -0.400001
v 7.517040 -14.333778 -0.400001
v 7.455862 -14.216888 -0.400001
v 7.378871 -14.111531 -0.400001
v 7.286813 -14.018302 -0.400001
v 7.180432 -13.937792 -0.400001
v 7.060472 -13.870591 -0.400001
v 6.927680 -13.817294 -0.400001
v 6.782799 -13.778492 -0.400001
v 6.626575 -13.754776 -0.400001
v 6.459751 -13.746739 -0.400001
v 6.388263 -13.748573 -0.400001
v 6.316852 -13.754073 -0.400001
v 6.245594 -13.763239 -0.400001
v 6.174565 -13.776073 -0.400001
v 6.103842 -13.792573 -0.400001
v 6.033501 -13.812739 -0.400001
v 5.963617 -13.836573 -0.400001
v 5.894269 -13.864073 -0.400001
v 5.825532 -13.895240 -0.400001
v 5.757482 -13.930073 -0.400001
v 5.690196 -13.968573 -0.400001
v 5.623750 -14.010739 -0.400000
v 5.623750 -14.621240 -0.400000
v -6.019751 -14.280239 0.400001
v -6.019751 -15.413239 0.400001
v -7.554251 -15.413239 0.400001
v -7.554251 -15.897240 0.400001
v -6.019751 -15.897240 0.400001
v -6.019751 -17.063240 0.400001
v -7.658751 -17.063240 0.400001
v -7.658751 -17.547239 0.400001
v -5.480751 -17.547239 0.400000
v -5.480751 -13.796240 0.400000
v -7.609251 -13.796240 0.400001
v -7.609251 -14.280239 0.400001
v -4.668065 -14.567943 0.400000
v -4.556267 -14.509737 0.400000
v -4.446493 -14.457528 0.400000
v -4.338380 -14.411221 0.400000
v -4.231566 -14.370719 0.400000
v -4.125688 -14.335927 0.400000
v -4.020383 -14.306749 0.400000
v -3.915287 -14.283092 0.400000
v -3.810039 -14.264856 0.400000
v -3.704276 -14.251950 0.400000
v -3.597634 -14.244276 0.400000
v -3.489750 -14.241739 0.400000
v -3.280075 -14.254230 0.400000
v -3.081018 -14.290781 0.400000
v -2.894032 -14.350021 0.400000
v -2.720565 -14.430573 0.400000
v -2.562071 -14.531063 0.400000
v -2.420000 -14.650115 0.400000
v -2.295805 -14.786354 0.400000
v -2.190935 -14.938406 0.400000
v -2.106844 -15.104896 0.400000
v -2.044981 -15.284448 0.400000
v -2.006800 -15.475688 0.400000
v -1.993750 -15.677239 0.400000
v -2.006392 -15.882042 0.400000
v -2.043556 -16.074945 0.400000
v -2.104094 -16.254826 0.400000
v -2.186861 -16.420555 0.400000
v -2.290712 -16.571005 0.400000
v -2.414500 -16.705051 0.400000
v -2.557080 -16.821568 0.400000
v -2.717306 -16.919426 0.400000
v -2.894032 -16.997498 0.400000
v -3.086111 -17.054659 0.400000
v -3.292399 -17.089783 0.400000
v -3.511750 -17.101740 0.400000
v -3.618383 -17.098660 0.400000
v -3.726352 -17.089466 0.400000
v -3.835391 -17.074240 0.400000
v -3.945232 -17.053055 0.400000
v -4.055607 -17.025988 0.400000
v -4.166250 -16.993114 0.400000
v -4.276894 -16.954514 0.400000
v -4.387269 -16.910259 0.400000
v -4.497110 -16.860428 0.400000
v -4.606149 -16.805096 0.400000
v -4.714118 -16.744341 0.400000
v -4.820750 -16.678240 0.400000
v -4.820750 -17.266739 0.400000
v -4.727849 -17.313671 0.400000
v -4.633037 -17.358025 0.400000
v -4.535781 -17.399513 0.400000
v -4.435546 -17.437851 0.400000
v -4.331798 -17.472752 0.400000
v -4.224000 -17.503927 0.400000
v -4.111619 -17.531094 0.400000
v -3.994120 -17.553963 0.400000
v -3.870969 -17.572248 0.400000
v -3.741630 -17.585663 0.400000
v -3.605568 -17.593924 0.400000
v -3.462250 -17.596741 0.400000
v -3.126649 -17.574966 0.400000
v -2.823436 -17.512840 0.400000
v -2.552001 -17.415154 0.400000
v -2.311732 -17.286703 0.400000
v -2.102019 -17.132280 0.400000
v -1.922250 -16.956676 0.400000
v -1.771815 -16.764690 0.400000
v -1.650102 -16.561110 0.400000
v -1.556500 -16.350733 0.400000
v -1.490398 -16.138348 0.400000
v -1.451185 -15.928753 0.400000
v -1.438250 -15.726740 0.400000
v -1.455930 -15.447462 0.400000
v -1.507738 -15.182851 0.400000
v -1.591820 -14.934740 0.400000
v -1.706324 -14.704962 0.400000
v -1.849397 -14.495351 0.400000
v -2.019187 -14.307739 0.400000
v -2.213842 -14.143962 0.400000
v -2.431509 -14.005851 0.400000
v -2.670336 -13.895240 0.400000
v -2.928470 -13.813962 0.400000
v -3.204059 -13.763851 0.400000
v -3.495250 -13.746739 0.400000
v -3.591681 -13.748703 0.400000
v -3.688743 -13.754659 0.400000
v -3.786836 -13.764700 0.400000
v -3.886361 -13.778925 0.400000
v -3.987720 -13.797426 0.400000
v -4.091312 -13.820302 0.400000
v -4.197541 -13.847646 0.400000
v -4.306806 -13.879555 0.400000
v -4.419508 -13.916122 0.400000
v -4.536049 -13.957445 0.400000
v -4.656829 -14.003619 0.400000
v -4.782250 -14.054739 0.400000
v -4.782250 -14.632239 0.400000
v -0.624250 -17.547239 0.400000
v -0.123750 -16.441740 0.400000
v 1.471250 -16.441740 0.400000
v 1.944250 -17.547239 0.400000
v 2.494250 -17.547239 0.400000
v 0.882750 -13.774240 0.400000
v 0.503250 -13.774240 0.400000
v -1.174250 -17.547239 0.400000
v 0.096250 -15.957740 0.400000
v 0.701250 -14.599239 0.400000
v 1.262250 -15.957740 0.400000
v 3.547115 -13.806107 0.400000
v 3.369794 -13.834842 0.400000
v 3.210539 -13.881145 0.400000
v 3.069102 -13.943721 0.400000
v 2.945234 -14.021269 0.400000
v 2.838687 -14.112490 0.400000
v 2.749214 -14.216085 0.400000
v 2.676565 -14.330758 0.400000
v 2.620492 -14.455208 0.400000
v 2.580748 -14.588138 0.400000
v 2.557083 -14.728248 0.400000
v 2.549250 -14.874240 0.400000
v 2.557545 -15.018535 0.400000
v 2.582607 -15.156395 0.400000
v 2.624703 -15.286654 0.400000
v 2.684102 -15.408147 0.400000
v 2.761070 -15.519710 0.400000
v 2.855875 -15.620177 0.400000
v 2.968784 -15.708384 0.400000
v 3.100065 -15.783166 0.400000
v 3.249985 -15.843357 0.400000
v 3.418810 -15.887793 0.400000
v 3.606810 -15.915309 0.400000
v 3.814250 -15.924740 0.400000
v 4.375250 -15.924740 0.400000
v 4.375250 -17.547239 0.400000
v 4.914250 -17.547239 0.400000
v 4.914250 -13.796240 0.400000
v 3.742750 -13.796240 0.400000
v 3.764750 -15.440740 0.400000
v 3.667421 -15.436303 0.400000
v 3.576452 -15.423120 0.400000
v 3.492243 -15.401381 0.400000
v 3.415195 -15.371277 0.400000
v 3.345710 -15.332999 0.400000
v 3.284188 -15.286739 0.400000
v 3.231030 -15.232688 0.400000
v 3.186639 -15.171036 0.400000
v 3.151414 -15.101974 0.400000
v 3.125757 -15.025693 0.400000
v 3.110069 -14.942385 0.400000
v 3.104750 -14.852240 0.400000
v 3.107955 -14.783216 0.400000
v 3.118016 -14.714383 0.400000
v 3.135602 -14.646849 0.400000
v 3.161380 -14.581721 0.400000
v 3.196019 -14.520107 0.400000
v 3.240188 -14.463115 0.400000
v 3.294554 -14.411851 0.400000
v 3.359787 -14.367425 0.400000
v 3.436555 -14.330942 0.400000
v 3.525526 -14.303513 0.400000
v 3.627368 -14.286242 0.400000
v 3.742750 -14.280239 0.400000
v 4.375250 -14.280239 0.400000
v 4.375250 -15.440740 0.400000
v 5.703246 -14.550011 0.399999
v 5.782131 -14.487279 0.399999
v 5.860251 -14.432607 0.399999
v 5.937454 -14.385554 0.399999
v 6.013588 -14.345682 0.399999
v 6.088500 -14.312552 0.399999
v 6.162038 -14.285724 0.399999
v 6.234047 -14.264758 0.399999
v 6.304376 -14.249216 0.399999
v 6.372871 -14.238659 0.399999
v 6.439380 -14.232646 0.399999
v 6.503751 -14.230740 0.399999
v 6.588227 -14.234464 0.399999
v 6.668063 -14.245406 0.399999
v 6.742743 -14.263224 0.399999
v 6.811750 -14.287573 0.399999
v 6.874571 -14.318110 0.399999
v 6.930688 -14.354489 0.399999
v 6.979587 -14.396370 0.399999
v 7.020751 -14.443406 0.399999
v 7.053665 -14.495255 0.399999
v 7.077813 -14.551573 0.399999
v 7.092680 -14.612016 0.399999
v 7.097750 -14.676240 0.399999
v 7.065828 -14.842245 0.399999
v 6.977567 -14.984494 0.399999
v 6.844236 -15.109709 0.399999
v 6.677104 -15.224610 0.399999
v 6.487436 -15.335921 0.399999
v 6.286501 -15.450365 0.399999
v 6.085567 -15.574662 0.399999
v 5.895899 -15.715536 0.399999
v 5.728766 -15.879708 0.399999
v 5.595436 -16.073902 0.400000
v 5.507175 -16.304838 0.400000
v 5.475250 -16.579239 0.400000
v 5.484366 -16.722885 0.400000
v 5.511052 -16.858950 0.400000
v 5.554314 -16.986498 0.400000
v 5.613158 -17.104591 0.400000
v 5.686593 -17.212297 0.399999
v 5.773625 -17.308678 0.399999
v 5.873262 -17.392797 0.399999
v 5.984510 -17.463722 0.399999
v 6.106376 -17.520514 0.399999
v 6.237866 -17.562237 0.399999
v 6.377989 -17.587959 0.399999
v 6.525750 -17.596741 0.399999
v 6.625932 -17.594439 0.399999
v 6.723114 -17.587496 0.399999
v 6.817509 -17.575857 0.399999
v 6.909325 -17.559462 0.399999
v 6.998773 -17.538254 0.399999
v 7.086063 -17.512177 0.399999
v 7.171405 -17.481173 0.399999
v 7.255010 -17.445185 0.399999
v 7.337087 -17.404154 0.399999
v 7.417846 -17.358025 0.399999
v 7.497497 -17.306740 0.399999
v 7.576250 -17.250240 0.399999
v 7.576250 -16.568239 0.399999
v 7.506040 -16.652897 0.399999
v 7.433022 -16.730795 0.399999
v 7.357368 -16.801819 0.399999
v 7.279252 -16.865850 0.399999
v 7.198843 -16.922779 0.399999
v 7.116314 -16.972490 0.399999
v 7.031837 -17.014866 0.399999
v 6.945584 -17.049795 0.399999
v 6.857728 -17.077162 0.399999
v 6.768438 -17.096851 0.399999
v 6.677889 -17.108749 0.399999
v 6.586251 -17.112740 0.399999
v 6.486430 -17.107424 0.399999
v 6.395889 -17.092216 0.399999
v 6.314516 -17.068224 0.399999
v 6.242195 -17.036554 0.399999
v 6.178811 -16.998316 0.399999
v 6.124250 -16.954615 0.399999
v 6.078398 -16.906559 0.399999
v 6.041140 -16.855259 0.399999
v 6.012360 -16.801819 0.399999
v 5.991945 -16.747347 0.399999
v 5.979780 -16.692951 0.399999
v 5.975750 -16.639740 0.399999
v 6.007673 -16.459246 0.399999
v 6.095934 -16.301744 0.399999
v 6.229265 -16.161583 0.399999
v 6.396398 -16.033110 0.399999
v 6.586065 -15.910671 0.399999
v 6.787000 -15.788615 0.399999
v 6.987935 -15.661287 0.399999
v 7.177602 -15.523036 0.399999
v 7.344735 -15.368208 0.399999
v 7.478065 -15.191152 0.399999
v 7.566326 -14.986213 0.399999
v 7.598251 -14.747740 0.399999
v 7.588978 -14.599796 0.399999
v 7.561660 -14.461613 0.399999
v 7.517040 -14.333778 0.399999
v 7.455862 -14.216888 0.399999
v 7.378871 -14.111531 0.399999
v 7.286813 -14.018302 0.399999
v 7.180432 -13.937792 0.399999
v 7.060472 -13.870591 0.399999
v 6.927680 -13.817294 0.399999
v 6.782799 -13.778492 0.399999
v 6.626575 -13.754776 0.399999
v 6.459751 -13.746739 0.399999
v 6.388263 -13.748573 0.399999
v 6.316852 -13.754073 0.399999
v 6.245594 -13.763239 0.399999
v 6.174565 -13.776073 0.399999
v 6.103842 -13.792573 0.399999
v 6.033501 -13.812739 0.399999
v 5.963617 -13.836573 0.399999
v 5.894269 -13.864073 0.399999
v 5.825532 -13.895240 0.399999
v 5.757482 -13.930073 0.399999
v 5.690196 -13.968573 0.399999
v 5.623750 -14.010739 0.400000
v 5.623750 -14.621240 0.400000
v 5.703246 -14.550011 0.399999
v 5.703246 -14.550011 -0.400001
v 5.782131 -14.487279 0.399999
v 5.782131 -14.487279 -0.400001
v 5.860251 -14.432607 0.399999
v 5.860251 -14.432607 -0.400001
v 5.937454 -14.385554 0.399999
v 5.937454 -14.385554 -0.400001
v 6.013588 -14.345682 0.399999
v 6.013588 -14.345682 -0.400001
v 6.088500 -14.312552 0.399999
v 6.088500 -14.312552 -0.400001
v 6.162038 -14.285724 0.399999
v 6.162038 -14.285724 -0.400001
v 6.234047 -14.264758 0.399999
v 6.234047 -14.264758 -0.400001
v 6.304376 -14.249216 0.399999
v 6.304376 -14.249216 -0.400001
v 6.372871 -14.238659 0.399999
v 6.372871 -14.238659 -0.400001
v 6.439380 -14.232646 0.399999
v 6.439380 -14.232646 -0.400001
v 6.503751 -14.230740 0.399999
v 6.503751 -14.230740 -0.400001
v 6.588227 -14.234464 0.399999
v 6.588227 -14.234464 -0.400001
v 6.668063 -14.245406 0.399999
v 6.668063 -14.245406 -0.400001
v 6.742743 -14.263224 0.399999
v 6.742743 -14.263224 -0.400001
v 6.811750 -14.287573 0.399999
v 6.811750 -14.287573 -0.400001
v 6.874571 -14.318110 0.399999
v 6.874571 -14.318110 -0.400001
v 6.930688 -14.354489 0.399999
v 6.930688 -14.354489 -0.400001
v 6.979587 -14.396370 0.399999
v 6.979587 -14.396370 -0.400001
v 7.020751 -14.443406 0.399999
v 7.020751 -14.443406 -0.400001
v 7.053665 -14.495255 0.399999
v 7.053665 -14.495255 -0.400001
v 7.077813 -14.551573 0.399999
v 7.077813 -14.551573 -0.400001
v 7.092680 -14.612016 0.399999
v 7.092680 -14.612016 -0.400001
v 7.097750 -14.676240 0.399999
v 7.097750 -14.676240 -0.400001
v 7.065828 -14.842245 0.399999
v 7.065828 -14.842245 -0.400001
v 6.977567 -14.984494 0.399999
v 6.977567 -14.984494 -0.400001
v 6.844236 -15.109709 0.399999
v 6.844236 -15.109709 -0.400001
v 6.677104 -15.224610 0.399999
v 6.677104 -15.224610 -0.400001
v 6.487436 -15.335921 0.399999
v 6.487436 -15.335921 -0.400001
v 6.286501 -15.450365 0.399999
v 6.286501 -15.450365 -0.400001
v 6.085567 -15.574662 0.399999
v 6.085567 -15.574662 -0.400001
v 5.895899 -15.715536 0.399999
v 5.895899 -15.715536 -0.400001
v 5.728766 -15.879708 0.399999
v 5.728766 -15.879708 -0.400001
v 5.595436 -16.073902 0.400000
v 5.595436 -16.073902 -0.400000
v 5.507175 -16.304838 0.400000
v 5.507175 -16.304838 -0.400000
v 5.475250 -16.579239 0.400000
v 5.475250 -16.579239 -0.400000
v 5.484366 -16.722885 0.400000
v 5.484366 -16.722885 -0.400000
v 5.511052 -16.858950 0.400000
v 5.511052 -16.858950 -0.400000
v 5.554314 -16.986498 0.400000
v 5.554314 -16.986498 -0.400000
v 5.613158 -17.104591 0.400000
v 5.613158 -17.104591 -0.400000
v 5.686593 -17.212297 0.399999
v 5.686593 -17.212297 -0.400001
v 5.773625 -17.308678 0.399999
v 5.773625 -17.308678 -0.400001
v 5.873262 -17.392797 0.399999
v 5.873262 -17.392797 -0.400001
v 5.984510 -17.463722 0.399999
v 5.984510 -17.463722 -0.400001
v 6.106376 -17.520514 0.399999
v 6.106376 -17.520514 -0.400001
v 6.237866 -17.562237 0.399999
v 6.237866 -17.562237 -0.400001
v 6.377989 -17.587959 0.399999
v 6.377989 -17.587959 -0.400001
v 6.525750 -17.596741 0.399999
v 6.525750 -17.596741 -0.400001
v 6.625932 -17.594439 0.399999
v 6.625932 -17.594439 -0.400001
v 6.723114 -17.587496 0.399999
v 6.723114 -17.587496 -0.400001
v 6.817509 -17.575857 0.399999
v 6.817509 -17.575857 -0.400001
v 6.909325 -17.559462 0.399999
v 6.909325 -17.559462 -0.400001
v 6.998773 -17.538254 0.399999
v 6.998773 -17.538254 -0.400001
v 7.086063 -17.512177 0.399999
v 7.086063 -17.512177 -0.400001
v 7.171405 -17.481173 0.399999
v 7.171405 -17.481173 -0.400001
v 7.255010 -17.445185 0.399999
v 7.255010 -17.445185 -0.400001
v 7.337087 -17.404154 0.399999
v 7.337087 -17.404154 -0.400001
v 7.417846 -17.358025 0.399999
v 7.417846 -17.358025 -0.400001
v 7.497497 -17.306740 0.399999
v 7.497497 -17.306740 -0.400001
v 7.576250 -17.250240 0.399999
v 7.576250 -17.250240 -0.400001
v 7.576250 -16.568239 0.399999
v 7.576250 -16.568239 -0.400001
v 7.506040 -16.652897 0.399999
v 7.506040 -16.652897 -0.400001
v 7.433022 -16.730795 0.399999
v 7.433022 -16.730795 -0.400001
v 7.357368 -16.801819 0.399999
v 7.357368 -16.801819 -0.400001
v 7.279252 -16.865850 0.399999
v 7.279252 -16.865850 -0.400001
v 7.198843 -16.922779 0.399999
v 7.198843 -16.922779 -0.400001
v 7.116314 -16.972490 0.399999
v 7.116314 -16.972490 -0.400001
v 7.031837 -17.014866 0.399999
v 7.031837 -17.014866 -0.400001
v 6.945584 -17.049795 0.399999
v 6.945584 -17.049795 -0.400001
v 6.857728 -17.077162 0.399999
v 6.857728 -17.077162 -0.400001
v 6.768438 -17.096851 0.399999
v 6.768438 -17.096851 -0.400001
v 6.677889 -17.108749 0.399999
v 6.677889 -17.108749 -0.400001
v 6.586251 -17.112740 0.399999
v 6.586251 -17.112740 -0.400001
v 6.486430 -17.107424 0.399999
v 6.486430 -17.107424 -0.400001
v 6.395889 -17.092216 0.399999
v 6.395889 -17.092216 -0.400001
v 6.314516 -17.068224 0.399999
v 6.314516 -17.068224 -0.400001
v 6.242195 -17.036554 0.399999
v 6.242195 -17.036554 -0.400001
v 6.178811 -16.998316 0.399999
v 6.178811 -16.998316 -0.400001
v 6.124250 -16.954615 0.399999
v 6.124250 -16.954615 -0.400001
v 6.078398 -16.906559 0.399999
v 6.078398 -16.906559 -0.400001
v 6.041140 -16.855259 0.399999
v 6.041140 -16.855259 -0.400001
v 6.012360 -16.801819 0.399999
v 6.012360 -16.801819 -0.400001
v 5.991945 -16.747347 0.399999
v 5.991945 -16.747347 -0.400001
v 5.979780 -16.692951 0.399999
v 5.979780 -16.692951 -0.400001
v 5.975750 -16.639740 0.399999
v 5.975750 -16.639740 -0.400001
v 6.007673 -16.459246 0.399999
v 6.007673 -16.459246 -0.400001
v 6.095934 -16.301744 0.399999
v 6.095934 -16.301744 -0.400001
v 6.229265 -16.161583 0.399999
v 6.229265 -16.161583 -0.400001
v 6.396398 -16.033110 0.399999
v 6.396398 -16.033110 -0.400001
v 6.586065 -15.910671 0.399999
v 6.586065 -15.910671 -0.400001
v 6.787000 -15.788615 0.399999
v 6.787000 -15.788615 -0.400001
v 6.987935 -15.661287 0.399999
v 6.987935 -15.661287 -0.400001
v 7.177602 -15.523036 0.399999
v 7.177602 -15.523036 -0.400001
v 7.344735 -15.368208 0.399999
v 7.344735 -15.368208 -0.400001
v 7.478065 -15.191152 0.399999
v 7.478065 -15.191152 -0.400001
v 7.566326 -14.986213 0.399999
v 7.566326 -14.986213 -0.400001
v 7.598251 -14.747740 0.399999
v 7.598251 -14.747740 -0.400001
v 7.588978 -14.599796 0.399999
v 7.588978 -14.599796 -0.400001
v 7.561660 -14.461613 0.399999
v 7.561660 -14.461613 -0.400001
v 7.517040 -14.333778 0.399999
v 7.517040 -14.333778 -0.400001
v 7.455862 -14.216888 0.399999
v 7.455862 -14.216888 -0.400001
v 7.378871 -14.111531 0.399999
v 7.378871 -14.111531 -0.400001
v 7.286813 -14.018302 0.399999
v 7.286813 -14.018302 -0.400001
v 7.180432 -13.937792 0.399999
v 7.180432 -13.937792 -0.400001
v 7.060472 -13.870591 0.399999
v 7.060472 -13.870591 -0.400001
v 6.927680 -13.817294 0.399999
v 6.927680 -13.817294 -0.400001
v 6.782799 -13.778492 0.399999
v 6.782799 -13.778492 -0.400001
v 6.626575 -13.754776 0.399999
v 6.626575 -13.754776 -0.400001
v 6.459751 -13.746739 0.399999
v 6.459751 -13.746739 -0.400001
v 6.388263 -13.748573 0.399999
v 6.388263 -13.748573 -0.400001
v 6.316852 -13.754073 0.399999
v 6.316852 -13.754073 -0.400001
v 6.245594 -13.763239 0.399999
v 6.245594 -13.763239 -0.400001
v 6.174565 -13.776073 0.399999
v 6.174565 -13.776073 -0.400001
v 6.103842 -13.792573 0.399999
v 6.103842 -13.792573 -0.400001
v 6.033501 -13.812739 0.399999
v 6.033501 -13.812739 -0.400001
v 5.963617 -13.836573 0.399999
v 5.963617 -13.836573 -0.400001
v 5.894269 -13.864073 0.399999
v 5.894269 -13.864073 -0.400001
v 5.825532 -13.895240 0.399999
v 5.825532 -13.895240 -0.400001
v 5.757482 -13.930073 0.399999
v 5.757482 -13.930073 -0.400001
v 5.690196 -13.968573 0.399999
v 5.690196 -13.968573 -0.400001
v 5.623750 -14.010739 0.400000
v 5.623750 -14.010739 -0.400000
v 5.623750 -14.621240 0.400000
v 5.623750 -14.621240 -0.400000
v 3.547115 -13.806107 0.400000
v 3.547115 -13.806107 -0.400000
v 3.369794 -13.834842 0.400000
v 3.369794 -13.834842 -0.400000
v 3.210539 -13.881145 0.400000
v 3.210539 -13.881145 -0.400000
v 3.069102 -13.943721 0.400000
v 3.069102 -13.943721 -0.400000
v 2.945234 -14.021269 0.400000
v 2.945234 -14.021269 -0.400000
v 2.838687 -14.112490 0.400000
v 2.838687 -14.112490 -0.400000
v 2.749214 -14.216085 0.400000
v 2.749214 -14.216085 -0.400000
v 2.676565 -14.330758 0.400000
v 2.676565 -14.330758 -0.400000
v 2.620492 -14.455208 0.400000
v 2.620492 -14.455208 -0.400000
v 2.580748 -14.588138 0.400000
v 2.580748 -14.588138 -0.400000
v 2.557083 -14.728248 0.400000
v 2.557083 -14.728248 -0.400000
v 2.549250 -14.874240 0.400000
v 2.549250 -14.874240 -0.400000
v 2.557545 -15.018535 0.400000
v 2.557545 -15.018535 -0.400000
v 2.582607 -15.156395 0.400000
v 2.582607 -15.156395 -0.400000
v 2.624703 -15.286654 0.400000
v 2.624703 -15.286654 -0.400000
v 2.684102 -15.408147 0.400000
v 2.684102 -15.408147 -0.400000
v 2.761070 -15.519710 0.400000
v 2.761070 -15.519710 -0.400000
v 2.855875 -15.620177 0.400000
v 2.855875 -15.620177 -0.400000
v 2.968784 -15.708384 0.400000
v 2.968784 -15.708384 -0.400000
v 3.100065 -15.783166 0.400000
v 3.100065 -15.783166 -0.400000
v 3.249985 -15.843357 0.400000
v 3.249985 -15.843357 -0.400000
v 3.418810 -15.887793 0.400000
v 3.418810 -15.887793 -0.400000
v 3.606810 -15.915309 0.400000
v 3.606810 -15.915309 -0.400000
v 3.814250 -15.924740 0.400000
v 3.814250 -15.924740 -0.400000
v 4.375250 -15.924740 0.400000
v 4.375250 -15.924740 -0.400000
v 4.375250 -17.547239 0.400000
v 4.375250 -17.547239 -0.400000
v 4.914250 -17.547239 0.400000
v 4.914250 -17.547239 -0.400000
v 4.914250 -13.796240 0.400000
v 4.914250 -13.796240 -0.400000
v 3.742750 -13.796240 0.400000
v 3.742750 -13.796240 -0.400000
v 3.764750 -15.440740 0.400000
v 3.764750 -15.440740 -0.400000
v 3.667421 -15.436303 0.400000
v 3.667421 -15.436303 -0.400000
v 3.576452 -15.423120 0.400000
v 3.576452 -15.423120 -0.400000
v 3.492243 -15.401381 0.400000
v 3.492243 -15.401381 -0.400000
v 3.415195 -15.371277 0.400000
v 3.415195 -15.371277 -0.400000
v 3.345710 -15.332999 0.400000
v 3.345710 -15.332999 -0.400000
v 3.284188 -15.286739 0.400000
v 3.284188 -15.286739 -0.400000
v 3.231030 -15.232688 0.400000
v 3.231030 -15.232688 -0.400000
v 3.186639 -15.171036 0.400000
v 3.186639 -15.171036 -0.400000
v 3.151414 -15.101974 0.400000
v 3.151414 -15.101974 -0.400000
v 3.125757 -15.025693 0.400000
v 3.125757 -15.025693 -0.400000
v 3.110069 -14.942385 0.400000
v 3.110069 -14.942385 -0.400000
v 3.104750 -14.852240 0.400000
v 3.104750 -14.852240 -0.400000
v 3.107955 -14.783216 0.400000
v 3.107955 -14.783216 -0.400000
v 3.118016 -14.714383 0.400000
v 3.118016 -14.714383 -0.400000
v 3.135602 -14.646849 0.400000
v 3.135602 -14.646849 -0.400000
v 3.161380 -14.581721 0.400000
v 3.161380 -14.581721 -0.400000
v 3.196019 -14.520107 0.400000
v 3.196019 -14.520107 -0.400000
v 3.240188 -14.463115 0.400000
v 3.240188 -14.463115 -0.400000
v 3.294554 -14.411851 0.400000
v 3.294554 -14.411851 -0.400000
v 3.359787 -14.367425 0.400000
v 3.359787 -14.367425 -0.400000
v 3.436555 -14.330942 0.400000
v 3.436555 -14.330942 -0.400000
v 3.525526 -14.303513 0.400000
v 3.525526 -14.303513 -0.400000
v 3.627368 -14.286242 0.400000
v 3.627368 -14.286242 -0.400000
v 3.742750 -14.280239 0.400000
v 3.742750 -14.280239 -0.400000
v 4.375250 -14.280239 0.400000
v 4.375250 -14.280239 -0.400000
v 4.375250 -15.440740 0.400000
v 4.375250 -15.440740 -0.400000
v -0.624250 -17.547239 0.400000
v -0.624250 -17.547239 -0.400000
v -0.123750 -16.441740 0.400000
v -0.123750 -16.441740 -0.400000
v 1.471250 -16.441740 0.400000
v 1.471250 -16.441740 -0.400000
v 1.944250 -17.547239 0.400000
v 1.944250 -17.547239 -0.400000
v 2.494250 -17.547239 0.400000
v 2.494250 -17.547239 -0.400000
v 0.882750 -13.774240 0.400000
v 0.882750 -13.774240 -0.400000
v 0.503250 -13.774240 0.400000
v 0.503250 -13.774240 -0.400000
v -1.174250 -17.547239 0.400000
v -1.174250 -17.547239 -0.400000
v 0.096250 -15.957740 0.400000
v 0.096250 -15.957740 -0.400000
v 0.701250 -14.599239 0.400000
v 0.701250 -14.599239 -0.400000
v 1.262250 -15.957740 0.400000
v 1.262250 -15.957740 -0.400000
v -4.668065 -14.567943 0.400000
v -4.668065 -14.567943 -0.400000
v -4.556267 -14.509737 0.400000
v -4.556267 -14.509737 -0.400000
v -4.446493 -14.457528 0.400000
v -4.446493 -14.457528 -0.400000
v -4.338380 -14.411221 0.400000
v -4.338380 -14.411221 -0.400000
v -4.231566 -14.370719 0.400000
v -4.231566 -14.370719 -0.400000
v -4.125688 -14.335927 0.400000
v -4.125688 -14.335927 -0.400000
v -4.020383 -14.306749 0.400000
v -4.020383 -14.306749 -0.400000
v -3.915287 -14.283092 0.400000
v -3.915287 -14.283092 -0.400000
v -3.810039 -14.264856 0.400000
v -3.810039 -14.264856 -0.400000
v -3.704276 -14.251950 0.400000
v -3.704276 -14.251950 -0.400000
v -3.597634 -14.244276 0.400000
v -3.597634 -14.244276 -0.400000
v -3.489750 -14.241739 0.400000
v -3.489750 -14.241739 -0.400000
v -3.280075 -14.254230 0.400000
v -3.280075 -14.254230 -0.400000
v -3.081018 -14.290781 0.400000
v -3.081018 -14.290781 -0.400000
v -2.894032 -14.350021 0.400000
v -2.894032 -14.350021 -0.400000
v -2.720565 -14.430573 0.400000
v -2.720565 -14.430573 -0.400000
v -2.562071 -14.531063 0.400000
v -2.562071 -14.531063 -0.400000
v -2.420000 -14.650115 0.400000
v -2.420000 -14.650115 -0.400000
v -2.295805 -14.786354 0.400000
v -2.295805 -14.786354 -0.400000
v -2.190935 -14.938406 0.400000
v -2.190935 -14.938406 -0.400000
v -2.106844 -15.104896 0.400000
v -2.106844 -15.104896 -0.400000
v -2.044981 -15.284448 0.400000
v -2.044981 -15.284448 -0.400000
v -2.006800 -15.475688 0.400000
v -2.006800 -15.475688 -0.400000
v -1.993750 -15.677239 0.400000
v -1.993750 -15.677239 -0.400000
v -2.006392 -15.882042 0.400000
v -2.006392 -15.882042 -0.400000
v -2.043556 -16.074945 0.400000
v -2.043556 -16.074945 -0.400000
v -2.104094 -16.254826 0.400000
v -2.104094 -16.254826 -0.400000
v -2.186861 -16.420555 0.400000
v -2.186861 -16.420555 -0.400000
v -2.290712 -16.571005 0.400000
v -2.290712 -16.571005 -0.400000
v -2.414500 -16.705051 0.400000
v -2.414500 -16.705051 -0.400000
v -2.557080 -16.821568 0.400000
v -2.557080 -16.821568 -0.400000
v -2.717306 -16.919426 0.400000
v -2.717306 -16.919426 -0.400000
v -2.894032 -16.997498 0.400000
v -2.894032 -16.997498 -0.400000
v -3.086111 -17.054659 0.400000
v -3.086111 -17.054659 -0.400000
v -3.292399 -17.089783 0.400000
v -3.292399 -17.089783 -0.400000
v -3.511750 -17.101740 0.400000
v -3.511750 -17.101740 -0.400000
v -3.618383 -17.098660 0.400000
v -3.618383 -17.098660 -0.400000
v -3.726352 -17.089466 0.400000
v -3.726352 -17.089466 -0.400000
v -3.835391 -17.074240 0.400000
v -3.835391 -17.074240 -0.400000
v -3.945232 -17.053055 0.400000
v -3.945232 -17.053055 -0.400000
v -4.055607 -17.025988 0.400000
v -4.055607 -17.025988 -0.400000
v -4.166250 -16.993114 0.400000
v -4.166250 -16.993114 -0.400000
v -4.276894 -16.954514 0.400000
v -4.276894 -16.954514 -0.400000
v -4.387269 -16.910259 0.400000
v -4.387269 -16.910259 -0.400000
v -4.497110 -16.860428 0.400000
v -4.497110 -16.860428 -0.400000
v -4.606149 -16.805096 0.400000
v -4.606149 -16.805096 -0.400000
v -4.714118 -16.744341 0.400000
v -4.714118 -16.744341 -0.400000
v -4.820750 -16.678240 0.400000
v -4.820750 -16.678240 -0.400000
v -4.820750 -17.266739 0.400000
v -4.820750 -17.266739 -0.400000
v -4.727849 -17.313671 0.400000
v -4.727849 -17.313671 -0.400000
v -4.633037 -17.358025 0.400000
v -4.633037 -17.358025 -0.400000
v -4.535781 -17.399513 0.400000
v -4.535781 -17.399513 -0.400000
v -4.435546 -17.437851 0.400000
v -4.435546 -17.437851 -0.400000
v -4.331798 -17.472752 0.400000
v -4.331798 -17.472752 -0.400000
v -4.224000 -17.503927 0.400000
v -4.224000 -17.503927 -0.400000
v -4.111619 -17.531094 0.400000
v -4.111619 -17.531094 -0.400000
v -3.994120 -17.553963 0.400000
v -3.994120 -17.553963 -0.400000
v -3.870969 -17.572248 0.400000
v -3.870969 -17.572248 -0.400000
v -3.741630 -17.585663 0.400000
v -3.741630 -17.585663 -0.400000
v -3.605568 -17.593924 0.400000
v -3.605568 -17.593924 -0.400000
v -3.462250 -17.596741 0.400000
v -3.462250 -17.596741 -0.400000
v -3.126649 -17.574966 0.400000
v -3.126649 -17.574966 -0.400000
v -2.823436 -17.512840 0.400000
v -2.823436 -17.512840 -0.400000
v -2.552001 -17.415154 0.400000
v -2.552001 -17.415154 -0.400000
v -2.311732 -17.286703 0.400000
v -2.311732 -17.286703 -0.400000
v -2.102019 -17.132280 0.400000
v -2.102019 -17.132280 -0.400000
v -1.922250 -16.956676 0.400000
v -1.922250 -16.956676 -0.400000
v -1.771815 -16.764690 0.400000
v -1.771815 -16.764690 -0.400000
v -1.650102 -16.561110 0.400000
v -1.650102 -16.561110 -0.400000
v -1.556500 -16.350733 0.400000
v -1.556500 -16.350733 -0.400000
v -1.490398 -16.138348 0.400000
v -1.490398 -16.138348 -0.400000
v -1.451185 -15.928753 0.400000
v -1.451185 -15.928753 -0.400000
v -1.438250 -15.726740 0.400000
v -1.438250 -15.726740 -0.400000
v -1.455930 -15.447462 0.400000
v -1.455930 -15.447462 -0.400000
v -1.507738 -15.182851 0.400000
v -1.507738 -15.182851 -0.400000
v -1.591820 -14.934740 0.400000
v -1.591820 -14.934740 -0.400000
v -1.706324 -14.704962 0.400000
v -1.706324 -14.704962 -0.400000
v -1.849397 -14.495351 0.400000
v -1.849397 -14.495351 -0.400000
v -2.019187 -14.307739 0.400000
v -2.019187 -14.307739 -0.400000
v -2.213842 -14.143962 0.400000
v -2.213842 -14.143962 -0.400000
v -2.431509 -14.005851 0.400000
v -2.431509 -14.005851 -0.400000
v -2.670336 -13.895240 0.400000
v -2.670336 -13.895240 -0.400000
v -2.928470 -13.813962 0.400000
v -2.928470 -13.813962 -0.400000
v -3.204059 -13.763851 0.400000
v -3.204059 -13.763851 -0.400000
v -3.495250 -13.746739 0.400000
v -3.495250 -13.746739 -0.400000
v -3.591681 -13.748703 0.400000
v -3.591681 -13.748703 -0.400000
v -3.688743 -13.754659 0.400000
v -3.688743 -13.754659 -0.400000
v -3.786836 -13.764700 0.400000
v -3.786836 -13.764700 -0.400000
v -3.886361 -13.778925 0.400000
v -3.886361 -13.778925 -0.400000
v -3.987720 -13.797426 0.400000
v -3.987720 -13.797426 -0.400000
v -4.091312 -13.820302 0.400000
v -4.091312 -13.820302 -0.400000
v -4.197541 -13.847646 0.400000
v -4.197541 -13.847646 -0.400000
v -4.306806 -13.879555 0.400000
v -4.306806 -13.879555 -0.400000
v -4.419508 -13.916122 0.400000
v -4.419508 -13.916122 -0.400000
v -4.536049 -13.957445 0.400000
v -4.536049 -13.957445 -0.400000
v -4.656829 -14.003619 0.400000
v -4.656829 -14.003619 -0.400000
v -4.782250 -14.054739 0.400000
v -4.782250 -14.054739 -0.400000
v -4.782250 -14.632239 0.400000
v -4.782250 -14.632239 -0.400000
v -6.019751 -14.280239 0.400001
v -6.019751 -14.280239 -0.399999
v -6.019751 -15.413239 0.400001
v -6.019751 -15.413239 -0.399999
v -7.554251 -15.413239 0.400001
v -7.554251 -15.413239 -0.399999
v -7.554251 -15.897240 0.400001
v -7.554251 -15.897240 -0.399999
v -6.019751 -15.897240 0.400001
v -6.019751 -15.897240 -0.399999
v -6.019751 -17.063240 0.400001
v -6.019751 -17.063240 -0.399999
v -7.658751 -17.063240 0.400001
v -7.658751 -17.063240 -0.399999
v -7.658751 -17.547239 0.400001
v -7.658751 -17.547239 -0.399999
v -5.480751 -17.547239 0.400000
v -5.480751 -17.547239 -0.400000
v -5.480751 -13.796240 0.400000
v -5.480751 -13.796240 -0.400000
v -7.609251 -13.796240 0.400001
v -7.609251 -13.796240 -0.399999
v -7.609251 -14.280239 0.400001
v -7.609251 -14.280239 -0.399999
vn -0.0000 -0.0000 -1.0000
vn -0.0000 -0.0000 1.0000
vn 0.6451 -0.7641 -0.0000
vn 0.5982 -0.8014 -0.0000
vn 0.5472 -0.8370 -0.0000
vn 0.4924 -0.8703 -0.0000
vn 0.4344 -0.9007 -0.0000
vn 0.3738 -0.9275 -0.0000
vn 0.3113 -0.9503 -0.0000
vn 0.2478 -0.9688 -0.0000
vn 0.1842 -0.9829 -0.0000
vn 0.1212 -0.9926 -0.0000
vn 0.0598 -0.9982 -0.0000
vn -0.0072 -1.0000 -0.0000
vn -0.0900 -0.9959 -0.0000
vn -0.1842 -0.9829 -0.0000
vn -0.2828 -0.9592 -0.0000
vn -0.3856 -0.9227 -0.0000
vn -0.4915 -0.8709 -0.0000
vn -0.5986 -0.8011 -0.0000
vn -0.7033 -0.7109 -0.0000
vn -0.8007 -0.5990 -0.0000
vn -0.8845 -0.4665 -0.0000
vn -0.9482 -0.3175 -0.0000
vn -0.9872 -0.1593 -0.0000
vn -0.9985 0.0556 -0.0000
vn -0.9314 0.3641 -0.0000
vn -0.7737 0.6335 -0.0000
vn -0.6274 0.7787 -0.0000
vn -0.5367 0.8438 -0.0000
vn -0.5005 0.8657 -0.0000
vn -0.5106 0.8598 -0.0000
vn -0.5617 0.8274 -0.0000
vn -0.6501 0.7599 -0.0000
vn -0.7661 0.6427 -0.0000
vn -0.8854 0.4648 -0.0000
vn -0.9712 0.2381 -0.0000
vn -0.9997 0.0262 -0.0000
vn -0.9918 -0.1282 -0.0000
vn -0.9663 -0.2574 -0.0000
vn -0.9231 -0.3845 -0.0000
vn -0.8626 -0.5058 -0.0000
vn -0.7860 -0.6182 -0.0000
vn -0.6952 -0.7188 -0.0000
vn -0.5927 -0.8055 -0.0000
vn -0.4810 -0.8767 -0.0000
vn -0.3632 -0.9317 -0.0000
vn -0.2420 -0.9703 -0.0000
vn -0.1202 -0.9928 -0.0000
vn -0.0182 -0.9998 -0.0000
vn 0.0471 -0.9989 -0.0000
vn 0.0968 -0.9953 -0.0000
vn 0.1491 -0.9888 -0.0000
vn 0.2033 -0.9791 -0.0000
vn 0.2586 -0.9660 -0.0000
vn 0.3140 -0.9494 -0.0000
vn 0.3686 -0.9296 -0.0000
vn 0.4214 -0.9069 -0.0000
vn 0.4717 -0.8817 -0.0000
vn 0.5189 -0.8549 -0.0000
vn 0.5623 -0.8269 -0.0000
vn 0.8896 -0.4567 -0.0000
vn 0.3393 0.9407 -0.0000
vn -0.7500 0.6614 -0.0000
vn -0.7074 0.7068 -0.0000
vn -0.6596 0.7516 -0.0000
vn -0.6063 0.7953 -0.0000
vn -0.5473 0.8370 -0.0000
vn -0.4825 0.8759 -0.0000
vn -0.4122 0.9111 -0.0000
vn -0.3367 0.9416 -0.0000
vn -0.2566 0.9665 -0.0000
vn -0.1730 0.9849 -0.0000
vn -0.0870 0.9962 -0.0000
vn 0.0048 1.0000 -0.0000
vn 0.1096 0.9940 -0.0000
vn 0.2246 0.9744 -0.0000
vn 0.3426 0.9395 -0.0000
vn 0.4598 0.8880 -0.0000
vn 0.5721 0.8202 -0.0000
vn 0.6758 0.7371 -0.0000
vn 0.7680 0.6404 -0.0000
vn 0.8467 0.5321 -0.0000
vn 0.9105 0.4135 -0.0000
vn 0.9584 0.2853 -0.0000
vn 0.9891 0.1473 -0.0000
vn 0.9988 -0.0497 -0.0000
vn 0.9418 -0.3362 -0.0000
vn 0.8047 -0.5937 -0.0000
vn 0.6690 -0.7433 -0.0000
vn 0.5764 -0.8172 -0.0000
vn 0.5308 -0.8475 -0.0000
vn 0.5272 -0.8497 -0.0000
vn 0.5624 -0.8268 -0.0000
vn 0.6354 -0.7722 -0.0000
vn 0.7422 -0.6702 -0.0000
vn 0.8648 -0.5021 -0.0000
vn 0.9638 -0.2666 -0.0000
vn 0.9994 -0.0352 -0.0000
vn 0.9917 0.1285 -0.0000
vn 0.9650 0.2624 -0.0000
vn 0.9175 0.3977 -0.0000
vn 0.8490 0.5283 -0.0000
vn 0.7616 0.6481 -0.0000
vn 0.6592 0.7519 -0.0000
vn 0.5474 0.8369 -0.0000
vn 0.4315 0.9021 -0.0000
vn 0.3162 0.9487 -0.0000
vn 0.2047 0.9788 -0.0000
vn 0.0992 0.9951 -0.0000
vn 0.0112 0.9999 -0.0000
vn -0.0512 0.9987 -0.0000
vn -0.1022 0.9948 -0.0000
vn -0.1527 0.9883 -0.0000
vn -0.2026 0.9793 -0.0000
vn -0.2515 0.9679 -0.0000
vn -0.2993 0.9542 -0.0000
vn -0.3458 0.9383 -0.0000
vn -0.3909 0.9204 -0.0000
vn -0.4344 0.9007 -0.0000
vn -0.4763 0.8793 -0.0000
vn -0.5164 0.8564 -0.0000
vn -0.8763 0.4818 -0.0000
vn -0.4078 -0.9131 -0.0000
vn -0.1053 0.9944 -0.0000
vn -0.2200 0.9755 -0.0000
vn -0.3427 0.9395 -0.0000
vn -0.4688 0.8833 -0.0000
vn -0.5921 0.8058 -0.0000
vn -0.7056 0.7086 -0.0000
vn -0.8030 0.5960 -0.0000
vn -0.8804 0.4742 -0.0000
vn -0.9370 0.3494 -0.0000
vn -0.9739 0.2269 -0.0000
vn -0.9939 0.1102 -0.0000
vn -1.0000 -0.0019 -0.0000
vn -0.9930 -0.1183 -0.0000
vn -0.9698 -0.2437 -0.0000
vn -0.9273 -0.3743 -0.0000
vn -0.8631 -0.5050 -0.0000
vn -0.7775 -0.6289 -0.0000
vn -0.6734 -0.7393 -0.0000
vn -0.5568 -0.8307 -0.0000
vn -0.4348 -0.9005 -0.0000
vn -0.3142 -0.9494 -0.0000
vn -0.2000 -0.9798 -0.0000
vn -0.0952 -0.9955 -0.0000
vn -0.0227 -0.9997 -0.0000
vn -0.7071 -0.7071 -0.0000
vn 0.7071 -0.7071 -0.0000
vn 0.7071 0.7071 -0.0000
vn -0.0252 0.9997 -0.0000
vn 0.0228 0.9997 -0.0000
vn 0.0946 0.9955 -0.0000
vn 0.1970 0.9804 -0.0000
vn 0.3075 0.9516 -0.0000
vn 0.4241 0.9056 -0.0000
vn 0.5431 0.8397 -0.0000
vn 0.6588 0.7523 -0.0000
vn 0.7645 0.6446 -0.0000
vn 0.8536 0.5209 -0.0000
vn 0.9218 0.3876 -0.0000
vn 0.9676 0.2525 -0.0000
vn 0.9925 0.1222 -0.0000
vn 1.0000 0.0063 -0.0000
vn 0.9954 -0.0956 -0.0000
vn 0.9801 -0.1986 -0.0000
vn 0.9505 -0.3106 -0.0000
vn 0.9028 -0.4300 -0.0000
vn 0.8333 -0.5528 -0.0000
vn 0.7405 -0.6721 -0.0000
vn 0.6264 -0.7795 -0.0000
vn 0.4975 -0.8674 -0.0000
vn 0.3629 -0.9318 -0.0000
vn 0.2314 -0.9729 -0.0000
vn 0.1098 -0.9940 -0.0000
vn 0.0260 -0.9997 -0.0000
vn -0.7071 0.7071 -0.0000
vn 0.5420 -0.8404 -0.0000
vn -0.5507 -0.8347 -0.0000
vn 0.8345 -0.5510 -0.0000
vn 0.5510 0.8345 -0.0000
vn -0.5449 0.8385 -0.0000
vn -0.8385 -0.5449 -0.0000
vn 0.8387 0.5446 -0.0000
vn -0.0137 -0.9999 -0.0000
vn -0.8312 0.5560 -0.0000
vn 0.4763 -0.8793 -0.0000
vn 0.4457 -0.8952 -0.0000
vn 0.4117 -0.9113 -0.0000
vn 0.3742 -0.9273 -0.0000
vn 0.3334 -0.9428 -0.0000
vn 0.2897 -0.9571 -0.0000
vn 0.2434 -0.9699 -0.0000
vn 0.1952 -0.9808 -0.0000
vn 0.1460 -0.9893 -0.0000
vn 0.0965 -0.9953 -0.0000
vn 0.0477 -0.9989 -0.0000
vn -0.0180 -0.9998 -0.0000
vn -0.1203 -0.9927 -0.0000
vn -0.2418 -0.9703 -0.0000
vn -0.3623 -0.9320 -0.0000
vn -0.4793 -0.8776 -0.0000
vn -0.5902 -0.8073 -0.0000
vn -0.6922 -0.7217 -0.0000
vn -0.7829 -0.6221 -0.0000
vn -0.8599 -0.5105 -0.0000
vn -0.9212 -0.3892 -0.0000
vn -0.9652 -0.2614 -0.0000
vn -0.9915 -0.1305 -0.0000
vn -1.0000 -0.0015 -0.0000
vn -0.9921 0.1257 -0.0000
vn -0.9670 0.2546 -0.0000
vn -0.9234 0.3838 -0.0000
vn -0.8609 0.5087 -0.0000
vn -0.7808 0.6248 -0.0000
vn -0.6854 0.7282 -0.0000
vn -0.5784 0.8158 -0.0000
vn -0.4637 0.8860 -0.0000
vn -0.3454 0.9385 -0.0000
vn -0.2269 0.9739 -0.0000
vn -0.1113 0.9938 -0.0000
vn -0.0128 0.9999 -0.0000
vn 0.0569 0.9984 -0.0000
vn 0.1116 0.9938 -0.0000
vn 0.1639 0.9865 -0.0000
vn 0.2138 0.9769 -0.0000
vn 0.2616 0.9652 -0.0000
vn 0.3072 0.9516 -0.0000
vn 0.3509 0.9364 -0.0000
vn 0.3927 0.9196 -0.0000
vn 0.4329 0.9014 -0.0000
vn 0.4716 0.8818 -0.0000
vn 0.5088 0.8609 -0.0000
vn -0.4864 0.8738 -0.0000
vn -0.8517 -0.5240 -0.0000
vn -0.4374 -0.8993 -0.0000
vn -0.4081 -0.9129 -0.0000
vn -0.3749 -0.9271 -0.0000
vn -0.3381 -0.9411 -0.0000
vn -0.2984 -0.9544 -0.0000
vn -0.2565 -0.9666 -0.0000
vn -0.2131 -0.9770 -0.0000
vn -0.1690 -0.9856 -0.0000
vn -0.1251 -0.9922 -0.0000
vn -0.0819 -0.9966 -0.0000
vn -0.0401 -0.9992 -0.0000
vn 0.0226 -0.9997 -0.0000
vn 0.1330 -0.9911 -0.0000
vn 0.2704 -0.9628 -0.0000
vn 0.4061 -0.9138 -0.0000
vn 0.5336 -0.8457 -0.0000
vn 0.6474 -0.7621 -0.0000
vn 0.7446 -0.6675 -0.0000
vn 0.8243 -0.5661 -0.0000
vn 0.8876 -0.4607 -0.0000
vn 0.9358 -0.3524 -0.0000
vn 0.9705 -0.2409 -0.0000
vn 0.9923 -0.1241 -0.0000
vn 1.0000 -0.0004 -0.0000
vn 0.9918 0.1279 -0.0000
vn 0.9664 0.2571 -0.0000
vn 0.9232 0.3844 -0.0000
vn 0.8625 0.5061 -0.0000
vn 0.7855 0.6188 -0.0000
vn 0.6942 0.7198 -0.0000
vn 0.5911 0.8066 -0.0000
vn 0.4790 0.8778 -0.0000
vn 0.3610 0.9325 -0.0000
vn 0.2401 0.9708 -0.0000
vn 0.1190 0.9929 -0.0000
vn 0.0192 0.9998 -0.0000
vn -0.0408 0.9992 -0.0000
vn -0.0816 0.9967 -0.0000
vn -0.1217 0.9926 -0.0000
vn -0.1606 0.9870 -0.0000
vn -0.1976 0.9803 -0.0000
vn -0.2325 0.9726 -0.0000
vn -0.2648 0.9643 -0.0000
vn -0.2945 0.9556 -0.0000
vn -0.3214 0.9469 -0.0000
vn -0.3457 0.9384 -0.0000
vn -0.3673 0.9301 -0.0000
vn -0.8299 0.5579 -0.0000
vn -0.5046 -0.8633 -0.0000
vt 0.727273 0.000000
vt 0.000000 0.000000
vt 0.818182 0.000000
vt 0.909091 0.000000
vt 1.000000 0.000000
vt 0.090909 0.000000
vt 0.363636 0.000000
vt 0.181818 0.000000
vt 0.272727 0.000000
vt 0.454545 0.000000
vt 0.545455 0.000000
vt 0.636364 0.000000
vt 0.855670 0.000000
vt 0.876289 0.000000
vt 0.865979 0.000000
vt 0.886598 0.000000
vt 0.896907 0.000000
vt 0.845361 0.000000
vt 0.907216 0.000000
vt 0.917526 0.000000
vt 0.927835 0.000000
vt 0.835052 0.000000
vt 0.938144 0.000000
vt 0.948454 0.000000
vt 0.958763 0.000000
vt 0.824742 0.000000
vt 0.969072 0.000000
vt 0.979381 0.000000
vt 0.989691 0.000000
vt 0.814433 0.000000
vt 0.092784 0.000000
vt 0.082474 0.000000
vt 0.072165 0.000000
vt 0.061856 0.000000
vt 0.051546 0.000000
vt 0.041237 0.000000
vt 0.030928 0.000000
vt 0.020619 0.000000
vt 0.010309 0.000000
vt 0.804124 0.000000
vt 0.113402 0.000000
vt 0.103093 0.000000
vt 0.123711 0.000000
vt 0.134021 0.000000
vt 0.144330 0.000000
vt 0.793814 0.000000
vt 0.154639 0.000000
vt 0.164948 0.000000
vt 0.783505 0.000000
vt 0.175258 0.000000
vt 0.185567 0.000000
vt 0.773196 0.000000
vt 0.195876 0.000000
vt 0.762887 0.000000
vt 0.206186 0.000000
vt 0.216495 0.000000
vt 0.752577 0.000000
vt 0.226804 0.000000
vt 0.742268 0.000000
vt 0.237113 0.000000
vt 0.247423 0.000000
vt 0.731959 0.000000
vt 0.257732 0.000000
vt 0.721649 0.000000
vt 0.268041 0.000000
vt 0.711340 0.000000
vt 0.278351 0.000000
vt 0.701031 0.000000
vt 0.288660 0.000000
vt 0.690722 0.000000
vt 0.298969 0.000000
vt 0.474227 0.000000
vt 0.494845 0.000000
vt 0.484536 0.000000
vt 0.309278 0.000000
vt 0.463918 0.000000
vt 0.680412 0.000000
vt 0.453608 0.000000
vt 0.319588 0.000000
vt 0.443299 0.000000
vt 0.432990 0.000000
vt 0.329897 0.000000
vt 0.422680 0.000000
vt 0.670103 0.000000
vt 0.412371 0.000000
vt 0.340206 0.000000
vt 0.402062 0.000000
vt 0.391753 0.000000
vt 0.350515 0.000000
vt 0.381443 0.000000
vt 0.371134 0.000000
vt 0.360825 0.000000
vt 0.659794 0.000000
vt 0.505155 0.000000
vt 0.649485 0.000000
vt 0.515464 0.000000
vt 0.525773 0.000000
vt 0.536082 0.000000
vt 0.639175 0.000000
vt 0.546392 0.000000
vt 0.556701 0.000000
vt 0.567010 0.000000
vt 0.628866 0.000000
vt 0.577320 0.000000
vt 0.587629 0.000000
vt 0.597938 0.000000
vt 0.618557 0.000000
vt 0.608247 0.000000
vt 0.400000 0.000000
vt 0.600000 0.000000
vt 0.500000 0.000000
vt 0.900000 0.000000
vt 0.700000 0.000000
vt 0.800000 0.000000
vt 0.200000 0.000000
vt 0.100000 0.000000
vt 0.300000 0.000000
vt 0.472727 0.000000
vt 0.981818 0.000000
vt 0.490909 0.000000
vt 0.509091 0.000000
vt 0.018182 0.000000
vt 0.036364 0.000000
vt 0.054545 0.000000
vt 0.072727 0.000000
vt 0.109091 0.000000
vt 0.963636 0.000000
vt 0.127273 0.000000
vt 0.945455 0.000000
vt 0.927273 0.000000
vt 0.145455 0.000000
vt 0.890909 0.000000
vt 0.872727 0.000000
vt 0.854545 0.000000
vt 0.163636 0.000000
vt 0.836364 0.000000
vt 0.781818 0.000000
vt 0.763636 0.000000
vt 0.745455 0.000000
vt 0.218182 0.000000
vt 0.709091 0.000000
vt 0.236364 0.000000
vt 0.690909 0.000000
vt 0.672727 0.000000
vt 0.254545 0.000000
vt 0.654545 0.000000
vt 0.618182 0.000000
vt 0.581818 0.000000
vt 0.563636 0.000000
vt 0.290909 0.000000
vt 0.527273 0.000000
vt 0.436364 0.000000
vt 0.309091 0.000000
vt 0.327273 0.000000
vt 0.345455 0.000000
vt 0.381818 0.000000
vt 0.418182 0.000000
vt 0.884298 0.000000
vt 0.900826 0.000000
vt 0.892562 0.000000
vt 0.917355 0.000000
vt 0.876033 0.000000
vt 0.925620 0.000000
vt 0.933884 0.000000
vt 0.867769 0.000000
vt 0.942149 0.000000
vt 0.950413 0.000000
vt 0.859504 0.000000
vt 0.958678 0.000000
vt 0.966942 0.000000
vt 0.851240 0.000000
vt 0.975207 0.000000
vt 0.983471 0.000000
vt 0.842975 0.000000
vt 0.991736 0.000000
vt 0.057851 0.000000
vt 0.049587 0.000000
vt 0.041322 0.000000
vt 0.033058 0.000000
vt 0.024793 0.000000
vt 0.016529 0.000000
vt 0.008264 0.000000
vt 0.834711 0.000000
vt 0.074380 0.000000
vt 0.066116 0.000000
vt 0.826446 0.000000
vt 0.082645 0.000000
vt 0.099174 0.000000
vt 0.107438 0.000000
vt 0.115702 0.000000
vt 0.123967 0.000000
vt 0.132231 0.000000
vt 0.140496 0.000000
vt 0.809917 0.000000
vt 0.148760 0.000000
vt 0.157025 0.000000
vt 0.165289 0.000000
vt 0.801653 0.000000
vt 0.173554 0.000000
vt 0.793388 0.000000
vt 0.190083 0.000000
vt 0.198347 0.000000
vt 0.785124 0.000000
vt 0.206612 0.000000
vt 0.214876 0.000000
vt 0.776860 0.000000
vt 0.223140 0.000000
vt 0.768595 0.000000
vt 0.231405 0.000000
vt 0.239669 0.000000
vt 0.760331 0.000000
vt 0.247934 0.000000
vt 0.752066 0.000000
vt 0.256198 0.000000
vt 0.743802 0.000000
vt 0.264463 0.000000
vt 0.735537 0.000000
vt 0.719008 0.000000
vt 0.280992 0.000000
vt 0.710744 0.000000
vt 0.702479 0.000000
vt 0.289256 0.000000
vt 0.694215 0.000000
vt 0.487603 0.000000
vt 0.504132 0.000000
vt 0.495868 0.000000
vt 0.297521 0.000000
vt 0.685950 0.000000
vt 0.512397 0.000000
vt 0.677686 0.000000
vt 0.305785 0.000000
vt 0.520661 0.000000
vt 0.669421 0.000000
vt 0.528926 0.000000
vt 0.661157 0.000000
vt 0.652893 0.000000
vt 0.314050 0.000000
vt 0.537190 0.000000
vt 0.644628 0.000000
vt 0.553719 0.000000
vt 0.322314 0.000000
vt 0.628099 0.000000
vt 0.561983 0.000000
vt 0.619835 0.000000
vt 0.570248 0.000000
vt 0.611570 0.000000
vt 0.578512 0.000000
vt 0.603306 0.000000
vt 0.586777 0.000000
vt 0.330579 0.000000
vt 0.595041 0.000000
vt 0.338843 0.000000
vt 0.479339 0.000000
vt 0.471074 0.000000
vt 0.347107 0.000000
vt 0.462810 0.000000
vt 0.355372 0.000000
vt 0.446281 0.000000
vt 0.438017 0.000000
vt 0.429752 0.000000
vt 0.371901 0.000000
vt 0.421488 0.000000
vt 0.413223 0.000000
vt 0.380165 0.000000
vt 0.404959 0.000000
vt 0.396694 0.000000
vt 0.388430 0.000000
vt 0.000000 1.000000
vt 0.008197 1.000000
vt 0.008197 0.000000
vt 0.016393 1.000000
vt 0.016393 0.000000
vt 0.024590 1.000000
vt 0.024590 0.000000
vt 0.032787 1.000000
vt 0.032787 0.000000
vt 0.040984 1.000000
vt 0.040984 0.000000
vt 0.049180 1.000000
vt 0.049180 0.000000
vt 0.057377 1.000000
vt 0.057377 0.000000
vt 0.065574 1.000000
vt 0.065574 0.000000
vt 0.073770 1.000000
vt 0.073770 0.000000
vt 0.081967 1.000000
vt 0.081967 0.000000
vt 0.090164 1.000000
vt 0.090164 0.000000
vt 0.098361 1.000000
vt 0.098361 0.000000
vt 0.106557 1.000000
vt 0.106557 0.000000
vt 0.114754 1.000000
vt 0.114754 0.000000
vt 0.122951 1.000000
vt 0.122951 0.000000
vt 0.131148 1.000000
vt 0.131148 0.000000
vt 0.139344 1.000000
vt 0.139344 0.000000
vt 0.147541 1.000000
vt 0.147541 0.000000
vt 0.155738 1.000000
vt 0.155738 0.000000
vt 0.163934 1.000000
vt 0.163934 0.000000
vt 0.172131 1.000000
vt 0.172131 0.000000
vt 0.180328 1.000000
vt 0.180328 0.000000
vt 0.188525 1.000000
vt 0.188525 0.000000
vt 0.196721 1.000000
vt 0.196721 0.000000
vt 0.204918 1.000000
vt 0.204918 0.000000
vt 0.213115 1.000000
vt 0.213115 0.000000
vt 0.221311 1.000000
vt 0.221311 0.000000
vt 0.229508 1.000000
vt 0.229508 0.000000
vt 0.237705 1.000000
vt 0.237705 0.000000
vt 0.245902 1.000000
vt 0.245902 0.000000
vt 0.254098 1.000000
vt 0.254098 0.000000
vt 0.262295 1.000000
vt 0.262295 0.000000
vt 0.270492 1.000000
vt 0.270492 0.000000
vt 0.278689 1.000000
vt 0.278689 0.000000
vt 0.286885 1.000000
vt 0.286885 0.000000
vt 0.295082 1.000000
vt 0.295082 0.000000
vt 0.303279 1.000000
vt 0.303279 0.000000
vt 0.311475 1.000000
vt 0.311475 0.000000
vt 0.319672 1.000000
vt 0.319672 0.000000
vt 0.327869 1.000000
vt 0.327869 0.000000
vt 0.336066 1.000000
vt 0.336066 0.000000
vt 0.344262 1.000000
vt 0.344262 0.000000
vt 0.352459 1.000000
vt 0.352459 0.000000
vt 0.360656 1.000000
vt 0.360656 0.000000
vt 0.368852 1.000000
vt 0.368852 0.000000
vt 0.377049 1.000000
vt 0.377049 0.000000
vt 0.385246 1.000000
vt 0.385246 0.000000
vt 0.393443 1.000000
vt 0.393443 0.000000
vt 0.401639 1.000000
vt 0.401639 0.000000
vt 0.409836 1.000000
vt 0.409836 0.000000
vt 0.418033 1.000000
vt 0.418033 0.000000
vt 0.426230 1.000000
vt 0.426230 0.000000
vt 0.434426 1.000000
vt 0.434426 0.000000
vt 0.442623 1.000000
vt 0.442623 0.000000
vt 0.450820 1.000000
vt 0.450820 0.000000
vt 0.459016 1.000000
vt 0.459016 0.000000
vt 0.467213 1.000000
vt 0.467213 0.000000
vt 0.475410 1.000000
vt 0.475410 0.000000
vt 0.483607 1.000000
vt 0.483607 0.000000
vt 0.491803 1.000000
vt 0.491803 0.000000
vt 0.500000 1.000000
vt 0.508197 1.000000
vt 0.508197 0.000000
vt 0.516393 1.000000
vt 0.516393 0.000000
vt 0.524590 1.000000
vt 0.524590 0.000000
vt 0.532787 1.000000
vt 0.532787 0.000000
vt 0.540984 1.000000
vt 0.540984 0.000000
vt 0.549180 1.000000
vt 0.549180 0.000000
vt 0.557377 1.000000
vt 0.557377 0.000000
vt 0.565574 1.000000
vt 0.565574 0.000000
vt 0.573770 1.000000
vt 0.573770 0.000000
vt 0.581967 1.000000
vt 0.581967 0.000000
vt 0.590164 1.000000
vt 0.590164 0.000000
vt 0.598361 1.000000
vt 0.598361 0.000000
vt 0.606557 1.000000
vt 0.606557 0.000000
vt 0.614754 1.000000
vt 0.614754 0.000000
vt 0.622951 1.000000
vt 0.622951 0.000000
vt 0.631148 1.000000
vt 0.631148 0.000000
vt 0.639344 1.000000
vt 0.639344 0.000000
vt 0.647541 1.000000
vt 0.647541 0.000000
vt 0.655738 1.000000
vt 0.655738 0.000000
vt 0.663934 1.000000
vt 0.663934 0.000000
vt 0.672131 1.000000
vt 0.672131 0.000000
vt 0.680328 1.000000
vt 0.680328 0.000000
vt 0.688525 1.000000
vt 0.688525 0.000000
vt 0.696721 1.000000
vt 0.696721 0.000000
vt 0.704918 1.000000
vt 0.704918 0.000000
vt 0.713115 1.000000
vt 0.713115 0.000000
vt 0.721311 1.000000
vt 0.721311 0.000000
vt 0.729508 1.000000
vt 0.729508 0.000000
vt 0.737705 1.000000
vt 0.737705 0.000000
vt 0.745902 1.000000
vt 0.745902 0.000000
vt 0.754098 1.000000
vt 0.754098 0.000000
vt 0.762295 1.000000
vt 0.762295 0.000000
vt 0.770492 1.000000
vt 0.770492 0.000000
vt 0.778689 1.000000
vt 0.778689 0.000000
vt 0.786885 1.000000
vt 0.786885 0.000000
vt 0.795082 1.000000
vt 0.795082 0.000000
vt 0.803279 1.000000
vt 0.803279 0.000000
vt 0.811475 1.000000
vt 0.811475 0.000000
vt 0.819672 1.000000
vt 0.819672 0.000000
vt 0.827869 1.000000
vt 0.827869 0.000000
vt 0.836066 1.000000
vt 0.836066 0.000000
vt 0.844262 1.000000
vt 0.844262 0.000000
vt 0.852459 1.000000
vt 0.852459 0.000000
vt 0.860656 1.000000
vt 0.860656 0.000000
vt 0.868852 1.000000
vt 0.868852 0.000000
vt 0.877049 1.000000
vt 0.877049 0.000000
vt 0.885246 1.000000
vt 0.885246 0.000000
vt 0.893443 1.000000
vt 0.893443 0.000000
vt 0.901639 1.000000
vt 0.901639 0.000000
vt 0.909836 1.000000
vt 0.909836 0.000000
vt 0.918033 1.000000
vt 0.918033 0.000000
vt 0.926230 1.000000
vt 0.926230 0.000000
vt 0.934426 1.000000
vt 0.934426 0.000000
vt 0.942623 1.000000
vt 0.942623 0.000000
vt 0.950820 1.000000
vt 0.950820 0.000000
vt 0.959016 1.000000
vt 0.959016 0.000000
vt 0.967213 1.000000
vt 0.967213 0.000000
vt 0.975410 1.000000
vt 0.975410 0.000000
vt 0.983607 1.000000
vt 0.983607 0.000000
vt 0.991803 1.000000
vt 0.991803 0.000000
vt 1.000000 1.000000
vt 0.034483 1.000000
vt 0.034483 0.000000
vt 0.068966 1.000000
vt 0.068966 0.000000
vt 0.103448 1.000000
vt 0.103448 0.000000
vt 0.137931 1.000000
vt 0.137931 0.000000
vt 0.172414 1.000000
vt 0.172414 0.000000
vt 0.206897 1.000000
vt 0.206897 0.000000
vt 0.241379 1.000000
vt 0.241379 0.000000
vt 0.275862 1.000000
vt 0.275862 0.000000
vt 0.310345 1.000000
vt 0.310345 0.000000
vt 0.344828 1.000000
vt 0.344828 0.000000
vt 0.379310 1.000000
vt 0.379310 0.000000
vt 0.413793 1.000000
vt 0.413793 0.000000
vt 0.448276 1.000000
vt 0.448276 0.000000
vt 0.482759 1.000000
vt 0.482759 0.000000
vt 0.517241 1.000000
vt 0.517241 0.000000
vt 0.551724 1.000000
vt 0.551724 0.000000
vt 0.586207 1.000000
vt 0.586207 0.000000
vt 0.620690 1.000000
vt 0.620690 0.000000
vt 0.655172 1.000000
vt 0.655172 0.000000
vt 0.689655 1.000000
vt 0.689655 0.000000
vt 0.724138 1.000000
vt 0.724138 0.000000
vt 0.758621 1.000000
vt 0.758621 0.000000
vt 0.793103 1.000000
vt 0.793103 0.000000
vt 0.827586 1.000000
vt 0.827586 0.000000
vt 0.862069 1.000000
vt 0.862069 0.000000
vt 0.896552 1.000000
vt 0.896552 0.000000
vt 0.931035 1.000000
vt 0.931035 0.000000
vt 0.965517 1.000000
vt 0.965517 0.000000
vt 0.037037 1.000000
vt 0.037037 0.000000
vt 0.074074 1.000000
vt 0.074074 0.000000
vt 0.111111 1.000000
vt 0.111111 0.000000
vt 0.148148 1.000000
vt 0.148148 0.000000
vt 0.185185 1.000000
vt 0.185185 0.000000
vt 0.222222 1.000000
vt 0.222222 0.000000
vt 0.259259 1.000000
vt 0.259259 0.000000
vt 0.296296 1.000000
vt 0.296296 0.000000
vt 0.333333 1.000000
vt 0.333333 0.000000
vt 0.370370 1.000000
vt 0.370370 0.000000
vt 0.407407 1.000000
vt 0.407407 0.000000
vt 0.444444 1.000000
vt 0.444444 0.000000
vt 0.481481 1.000000
vt 0.481481 0.000000
vt 0.518519 1.000000
vt 0.518519 0.000000
vt 0.555556 1.000000
vt 0.555556 0.000000
vt 0.592593 1.000000
vt 0.592593 0.000000
vt 0.629630 1.000000
vt 0.629630 0.000000
vt 0.666667 1.000000
vt 0.666667 0.000000
vt 0.703704 1.000000
vt 0.703704 0.000000
vt 0.740741 1.000000
vt 0.740741 0.000000
vt 0.777778 1.000000
vt 0.777778 0.000000
vt 0.814815 1.000000
vt 0.814815 0.000000
vt 0.851852 1.000000
vt 0.851852 0.000000
vt 0.888889 1.000000
vt 0.888889 0.000000
vt 0.925926 1.000000
vt 0.925926 0.000000
vt 0.962963 1.000000
vt 0.962963 0.000000
vt 0.125000 1.000000
vt 0.125000 0.000000
vt 0.250000 1.000000
vt 0.250000 0.000000
vt 0.375000 1.000000
vt 0.375000 0.000000
vt 0.625000 1.000000
vt 0.625000 0.000000
vt 0.750000 1.000000
vt 0.750000 0.000000
vt 0.875000 1.000000
vt 0.875000 0.000000
vt 0.010204 1.000000
vt 0.010204 0.000000
vt 0.020408 1.000000
vt 0.020408 0.000000
vt 0.030612 1.000000
vt 0.030612 0.000000
vt 0.040816 1.000000
vt 0.040816 0.000000
vt 0.051020 1.000000
vt 0.051020 0.000000
vt 0.061224 1.000000
vt 0.061224 0.000000
vt 0.071429 1.000000
vt 0.071429 0.000000
vt 0.081633 1.000000
vt 0.081633 0.000000
vt 0.091837 1.000000
vt 0.091837 0.000000
vt 0.102041 1.000000
vt 0.102041 0.000000
vt 0.112245 1.000000
vt 0.112245 0.000000
vt 0.122449 1.000000
vt 0.122449 0.000000
vt 0.132653 1.000000
vt 0.132653 0.000000
vt 0.142857 1.000000
vt 0.142857 0.000000
vt 0.153061 1.000000
vt 0.153061 0.000000
vt 0.163265 1.000000
vt 0.163265 0.000000
vt 0.173469 1.000000
vt 0.173469 0.000000
vt 0.183673 1.000000
vt 0.183673 0.000000
vt 0.193878 1.000000
vt 0.193878 0.000000
vt 0.204082 1.000000
vt 0.204082 0.000000
vt 0.214286 1.000000
vt 0.214286 0.000000
vt 0.224490 1.000000
vt 0.224490 0.000000
vt 0.234694 1.000000
vt 0.234694 0.000000
vt 0.244898 1.000000
vt 0.244898 0.000000
vt 0.255102 1.000000
vt 0.255102 0.000000
vt 0.265306 1.000000
vt 0.265306 0.000000
vt 0.275510 1.000000
vt 0.275510 0.000000
vt 0.285714 1.000000
vt 0.285714 0.000000
vt 0.295918 1.000000
vt 0.295918 0.000000
vt 0.306122 1.000000
vt 0.306122 0.000000
vt 0.316327 1.000000
vt 0.316327 0.000000
vt 0.326531 1.000000
vt 0.326531 0.000000
vt 0.336735 1.000000
vt 0.336735 0.000000
vt 0.346939 1.000000
vt 0.346939 0.000000
vt 0.357143 1.000000
vt 0.357143 0.000000
vt 0.367347 1.000000
vt 0.367347 0.000000
vt 0.377551 1.000000
vt 0.377551 0.000000
vt 0.387755 1.000000
vt 0.387755 0.000000
vt 0.397959 1.000000
vt 0.397959 0.000000
vt 0.408163 1.000000
vt 0.408163 0.000000
vt 0.418367 1.000000
vt 0.418367 0.000000
vt 0.428571 1.000000
vt 0.428571 0.000000
vt 0.438776 1.000000
vt 0.438776 0.000000
vt 0.448980 1.000000
vt 0.448980 0.000000
vt 0.459184 1.000000
vt 0.459184 0.000000
vt 0.469388 1.000000
vt 0.469388 0.000000
vt 0.479592 1.000000
vt 0.479592 0.000000
vt 0.489796 1.000000
vt 0.489796 0.000000
vt 0.510204 1.000000
vt 0.510204 0.000000
vt 0.520408 1.000000
vt 0.520408 0.000000
vt 0.530612 1.000000
vt 0.530612 0.000000
vt 0.540816 1.000000
vt 0.540816 0.000000
vt 0.551020 1.000000
vt 0.551020 0.000000
vt 0.561224 1.000000
vt 0.561224 0.000000
vt 0.571429 1.000000
vt 0.571429 0.000000
vt 0.581633 1.000000
vt 0.581633 0.000000
vt 0.591837 1.000000
vt 0.591837 0.000000
vt 0.602041 1.000000
vt 0.602041 0.000000
vt 0.612245 1.000000
vt 0.612245 0.000000
vt 0.622449 1.000000
vt 0.622449 0.000000
vt 0.632653 1.000000
vt 0.632653 0.000000
vt 0.642857 1.000000
vt 0.642857 0.000000
vt 0.653061 1.000000
vt 0.653061 0.000000
vt 0.663265 1.000000
vt 0.663265 0.000000
vt 0.673469 1.000000
vt 0.673469 0.000000
vt 0.683673 1.000000
vt 0.683673 0.000000
vt 0.693878 1.000000
vt 0.693878 0.000000
vt 0.704082 1.000000
vt 0.704082 0.000000
vt 0.714286 1.000000
vt 0.714286 0.000000
vt 0.724490 1.000000
vt 0.724490 0.000000
vt 0.734694 1.000000
vt 0.734694 0.000000
vt 0.744898 1.000000
vt 0.744898 0.000000
vt 0.755102 1.000000
vt 0.755102 0.000000
vt 0.765306 1.000000
vt 0.765306 0.000000
vt 0.775510 1.000000
vt 0.775510 0.000000
vt 0.785714 1.000000
vt 0.785714 0.000000
vt 0.795918 1.000000
vt 0.795918 0.000000
vt 0.806122 1.000000
vt 0.806122 0.000000
vt 0.816327 1.000000
vt 0.816327 0.000000
vt 0.826531 1.000000
vt 0.826531 0.000000
vt 0.836735 1.000000
vt 0.836735 0.000000
vt 0.846939 1.000000
vt 0.846939 0.000000
vt 0.857143 1.000000
vt 0.857143 0.000000
vt 0.867347 1.000000
vt 0.867347 0.000000
vt 0.877551 1.000000
vt 0.877551 0.000000
vt 0.887755 1.000000
vt 0.887755 0.000000
vt 0.897959 1.000000
vt 0.897959 0.000000
vt 0.908163 1.000000
vt 0.908163 0.000000
vt 0.918367 1.000000
vt 0.918367 0.000000
vt 0.928571 1.000000
vt 0.928571 0.000000
vt 0.938776 1.000000
vt 0.938776 0.000000
vt 0.948980 1.000000
vt 0.948980 0.000000
vt 0.959184 1.000000
vt 0.959184 0.000000
vt 0.969388 1.000000
vt 0.969388 0.000000
vt 0.979592 1.000000
vt 0.979592 0.000000
vt 0.989796 1.000000
vt 0.989796 0.000000
vt 0.083333 1.000000
vt 0.083333 0.000000
vt 0.166667 1.000000
vt 0.166667 0.000000
vt 0.416667 1.000000
vt 0.416667 0.000000
vt 0.583333 1.000000
vt 0.583333 0.000000
vt 0.833333 1.000000
vt 0.833333 0.000000
vt 0.916667 1.000000
vt 0.916667 0.000000
s 0
usemtl マテリアル.002
f 3809/1753/637 3801/1754/637 3810/1755/637
f 3801/1754/637 3811/1756/637 3810/1755/637
f 3801/1754/637 3812/1757/637 3811/1756/637
f 3809/1753/637 3802/1758/637 3801/1754/637
f 3809/1753/637 3805/1759/637 3802/1758/637
f 3805/1759/637 3803/1760/637 3802/1758/637
f 3805/1759/637 3804/1761/637 3803/1760/637
f 3809/1753/637 3806/1762/637 3805/1759/637
f 3809/1753/637 3807/1763/637 3806/1762/637
f 3809/1753/637 3808/1764/637 3807/1763/637
f 3896/1765/637 3898/1766/637 3897/1767/637
f 3896/1765/637 3899/1768/637 3898/1766/637
f 3896/1765/637 3900/1769/637 3899/1768/637
f 3895/1770/637 3900/1769/637 3896/1765/637
f 3895/1770/637 3901/1771/637 3900/1769/637
f 3895/1770/637 3902/1772/637 3901/1771/637
f 3895/1770/637 3903/1773/637 3902/1772/637
f 3894/1774/637 3903/1773/637 3895/1770/637
f 3894/1774/637 3904/1775/637 3903/1773/637
f 3894/1774/637 3905/1776/637 3904/1775/637
f 3894/1774/637 3906/1777/637 3905/1776/637
f 3893/1778/637 3906/1777/637 3894/1774/637
f 3893/1778/637 3907/1779/637 3906/1777/637
f 3893/1778/637 3908/1780/637 3907/1779/637
f 3893/1778/637 3909/1781/637 3908/1780/637
f 3892/1782/637 3909/1781/637 3893/1778/637
f 3892/1782/637 3822/1783/637 3909/1781/637
f 3822/1783/637 3821/1784/637 3909/1781/637
f 3821/1784/637 3820/1785/637 3909/1781/637
f 3820/1785/637 3819/1786/637 3909/1781/637
f 3819/1786/637 3818/1787/637 3909/1781/637
f 3818/1787/637 3817/1788/637 3909/1781/637
f 3817/1788/637 3816/1789/637 3909/1781/637
f 3816/1789/637 3815/1790/637 3909/1781/637
f 3815/1790/637 3814/1791/637 3909/1781/637
f 3814/1791/637 3813/1754/637 3909/1781/637
f 3813/1754/637 3910/1757/637 3909/1781/637
f 3891/1792/637 3824/1793/637 3892/1782/637
f 3824/1793/637 3823/1794/637 3892/1782/637
f 3823/1794/637 3822/1783/637 3892/1782/637
f 3891/1792/637 3825/1795/637 3824/1793/637
f 3891/1792/637 3826/1796/637 3825/1795/637
f 3891/1792/637 3827/1797/637 3826/1796/637
f 3890/1798/637 3827/1797/637 3891/1792/637
f 3890/1798/637 3828/1799/637 3827/1797/637
f 3890/1798/637 3829/1800/637 3828/1799/637
f 3889/1801/637 3829/1800/637 3890/1798/637
f 3889/1801/637 3830/1802/637 3829/1800/637
f 3889/1801/637 3831/1803/637 3830/1802/637
f 3888/1804/637 3831/1803/637 3889/1801/637
f 3888/1804/637 3832/1805/637 3831/1803/637
f 3887/1806/637 3832/1805/637 3888/1804/637
f 3887/1806/637 3833/1807/637 3832/1805/637
f 3887/1806/637 3834/1808/637 3833/1807/637
f 3886/1809/637 3834/1808/637 3887/1806/637
f 3886/1809/637 3835/1810/637 3834/1808/637
f 3885/1811/637 3835/1810/637 3886/1809/637
f 3885/1811/637 3836/1812/637 3835/1810/637
f 3885/1811/637 3837/1813/637 3836/1812/637
f 3884/1814/637 3837/1813/637 3885/1811/637
f 3884/1814/637 3838/1815/637 3837/1813/637
f 3883/1816/637 3838/1815/637 3884/1814/637
f 3883/1816/637 3839/1817/637 3838/1815/637
f 3882/1818/637 3839/1817/637 3883/1816/637
f 3882/1818/637 3840/1819/637 3839/1817/637
f 3881/1820/637 3840/1819/637 3882/1818/637
f 3881/1820/637 3841/1821/637 3840/1819/637
f 3880/1822/637 3841/1821/637 3881/1820/637
f 3880/1822/637 3842/1823/637 3841/1821/637
f 3859/1824/637 3861/1825/637 3860/1826/637
f 3880/1822/637 3843/1827/637 3842/1823/637
f 3858/1828/637 3861/1825/637 3859/1824/637
f 3879/1829/637 3843/1827/637 3880/1822/637
f 3857/1830/637 3861/1825/637 3858/1828/637
f 3879/1829/637 3844/1831/637 3843/1827/637
f 3856/1832/637 3861/1825/637 3857/1830/637
f 3855/1833/637 3861/1825/637 3856/1832/637
f 3879/1829/637 3845/1834/637 3844/1831/637
f 3854/1835/637 3861/1825/637 3855/1833/637
f 3878/1836/637 3845/1834/637 3879/1829/637
f 3853/1837/637 3861/1825/637 3854/1835/637
f 3878/1836/637 3846/1838/637 3845/1834/637
f 3852/1839/637 3861/1825/637 3853/1837/637
f 3851/1840/637 3861/1825/637 3852/1839/637
f 3878/1836/637 3847/1841/637 3846/1838/637
f 3850/1842/637 3861/1825/637 3851/1840/637
f 3849/1843/637 3861/1825/637 3850/1842/637
f 3878/1836/637 3848/1844/637 3847/1841/637
f 3848/1844/637 3861/1825/637 3849/1843/637
f 3878/1836/637 3861/1825/637 3848/1844/637
f 3877/1845/637 3861/1825/637 3878/1836/637
f 3877/1845/637 3862/1846/637 3861/1825/637
f 3876/1847/637 3862/1846/637 3877/1845/637
f 3876/1847/637 3863/1848/637 3862/1846/637
f 3876/1847/637 3864/1849/637 3863/1848/637
f 3876/1847/637 3865/1850/637 3864/1849/637
f 3875/1851/637 3865/1850/637 3876/1847/637
f 3875/1851/637 3866/1852/637 3865/1850/637
f 3875/1851/637 3867/1853/637 3866/1852/637
f 3875/1851/637 3868/1854/637 3867/1853/637
f 3874/1855/637 3868/1854/637 3875/1851/637
f 3874/1855/637 3869/1856/637 3868/1854/637
f 3874/1855/637 3870/1857/637 3869/1856/637
f 3874/1855/637 3871/1858/637 3870/1857/637
f 3873/1859/637 3871/1858/637 3874/1855/637
f 3873/1859/637 3872/1860/637 3871/1858/637
f 3915/1861/637 3917/1862/637 3916/1863/637
f 3915/1861/637 3920/1864/637 3917/1862/637
f 3920/1864/637 3918/1865/637 3917/1862/637
f 3915/1861/637 3921/1757/637 3920/1864/637
f 3919/1866/637 3918/1865/637 3920/1864/637
f 3915/1861/637 3913/1867/637 3921/1757/637
f 3913/1867/637 3919/1866/637 3921/1757/637
f 3913/1867/637 3912/1868/637 3919/1866/637
f 3912/1868/637 3918/1865/637 3919/1866/637
f 3915/1861/637 3914/1869/637 3913/1867/637
f 3911/1754/637 3918/1865/637 3912/1868/637
f 3948/1870/637 3976/1871/637 3949/1872/637
f 3976/1871/637 3950/1873/637 3949/1872/637
f 3976/1871/637 3922/1754/637 3950/1873/637
f 3976/1871/637 3923/1874/637 3922/1754/637
f 3976/1871/637 3924/1875/637 3923/1874/637
f 3976/1871/637 3925/1876/637 3924/1875/637
f 3976/1871/637 3926/1877/637 3925/1876/637
f 3976/1871/637 3927/1758/637 3926/1877/637
f 3976/1871/637 3928/1878/637 3927/1758/637
f 3976/1871/637 3975/1879/637 3928/1878/637
f 3975/1879/637 3929/1880/637 3928/1878/637
f 3948/1870/637 3977/1757/637 3976/1871/637
f 3974/1881/637 3929/1880/637 3975/1879/637
f 3973/1882/637 3929/1880/637 3974/1881/637
f 3972/1756/637 3929/1880/637 3973/1882/637
f 3972/1756/637 3930/1883/637 3929/1880/637
f 3971/1884/637 3930/1883/637 3972/1756/637
f 3970/1885/637 3930/1883/637 3971/1884/637
f 3969/1886/637 3930/1883/637 3970/1885/637
f 3969/1886/637 3931/1887/637 3930/1883/637
f 3968/1888/637 3931/1887/637 3969/1886/637
f 3967/1755/637 3931/1887/637 3968/1888/637
f 3966/1866/637 3931/1887/637 3967/1755/637
f 3966/1866/637 3932/1760/637 3931/1887/637
f 3965/1889/637 3932/1760/637 3966/1866/637
f 3964/1890/637 3932/1760/637 3965/1889/637
f 3964/1890/637 3933/1867/637 3932/1760/637
f 3963/1891/637 3933/1867/637 3964/1890/637
f 3962/1753/637 3933/1867/637 3963/1891/637
f 3962/1753/637 3934/1892/637 3933/1867/637
f 3961/1893/637 3934/1892/637 3962/1753/637
f 3961/1893/637 3935/1894/637 3934/1892/637
f 3960/1895/637 3935/1894/637 3961/1893/637
f 3959/1896/637 3935/1894/637 3960/1895/637
f 3959/1896/637 3936/1897/637 3935/1894/637
f 3958/1898/637 3936/1897/637 3959/1896/637
f 3957/1764/637 3936/1897/637 3958/1898/637
f 3957/1764/637 3937/1761/637 3936/1897/637
f 3956/1899/637 3937/1761/637 3957/1764/637
f 3955/1862/637 3937/1761/637 3956/1899/637
f 3954/1900/637 3937/1761/637 3955/1862/637
f 3953/1901/637 3937/1761/637 3954/1900/637
f 3953/1901/637 3938/1902/637 3937/1761/637
f 3952/1763/637 3938/1902/637 3953/1901/637
f 3951/1903/637 3938/1902/637 3952/1763/637
f 3948/1870/637 3946/1904/637 3977/1757/637
f 3946/1904/637 3951/1903/637 3977/1757/637
f 3946/1904/637 3938/1902/637 3951/1903/637
f 3946/1904/637 3939/1905/637 3938/1902/637
f 3946/1904/637 3940/1906/637 3939/1905/637
f 3946/1904/637 3941/1907/637 3940/1906/637
f 3946/1904/637 3942/1759/637 3941/1907/637
f 3946/1904/637 3943/1908/637 3942/1759/637
f 3946/1904/637 3944/1861/637 3943/1908/637
f 3946/1904/637 3945/1909/637 3944/1861/637
f 3948/1870/637 3947/1762/637 3946/1904/637
f 4085/1910/637 4087/1911/637 4086/1912/637
f 4085/1910/637 4088/1756/637 4087/1911/637
f 4085/1910/637 4089/1913/637 4088/1756/637
f 4084/1914/637 4089/1913/637 4085/1910/637
f 4084/1914/637 4090/1915/637 4089/1913/637
f 4084/1914/637 4091/1916/637 4090/1915/637
f 4083/1917/637 4091/1916/637 4084/1914/637
f 4083/1917/637 4092/1918/637 4091/1916/637
f 4083/1917/637 4093/1919/637 4092/1918/637
f 4082/1920/637 4093/1919/637 4083/1917/637
f 4082/1920/637 4094/1921/637 4093/1919/637
f 4082/1920/637 4095/1922/637 4094/1921/637
f 4081/1923/637 4095/1922/637 4082/1920/637
f 4081/1923/637 4096/1924/637 4095/1922/637
f 4081/1923/637 4097/1925/637 4096/1924/637
f 4080/1926/637 4097/1925/637 4081/1923/637
f 4080/1926/637 4098/1927/637 4097/1925/637
f 4080/1926/637 3985/1928/637 4098/1927/637
f 3985/1928/637 3984/1929/637 4098/1927/637
f 3984/1929/637 3983/1930/637 4098/1927/637
f 3983/1930/637 3982/1931/637 4098/1927/637
f 3982/1931/637 3981/1932/637 4098/1927/637
f 3981/1932/637 3980/1933/637 4098/1927/637
f 3980/1933/637 3979/1934/637 4098/1927/637
f 3979/1934/637 3978/1754/637 4098/1927/637
f 3978/1754/637 4099/1757/637 4098/1927/637
f 4079/1935/637 3987/1936/637 4080/1926/637
f 3987/1936/637 3986/1937/637 4080/1926/637
f 3986/1937/637 3985/1928/637 4080/1926/637
f 4078/1938/637 3989/1758/637 4079/1935/637
f 3989/1758/637 3988/1939/637 4079/1935/637
f 3988/1939/637 3987/1936/637 4079/1935/637
f 4077/1755/637 3990/1940/637 4078/1938/637
f 3990/1940/637 3989/1758/637 4078/1938/637
f 4077/1755/637 3991/1941/637 3990/1940/637
f 4077/1755/637 3992/1942/637 3991/1941/637
f 4077/1755/637 3993/1943/637 3992/1942/637
f 4077/1755/637 3994/1944/637 3993/1943/637
f 4077/1755/637 3995/1945/637 3994/1944/637
f 4076/1946/637 3995/1945/637 4077/1755/637
f 4076/1946/637 3996/1947/637 3995/1945/637
f 4076/1946/637 3997/1948/637 3996/1947/637
f 4076/1946/637 3998/1949/637 3997/1948/637
f 4075/1950/637 3998/1949/637 4076/1946/637
f 4075/1950/637 3999/1951/637 3998/1949/637
f 4075/1950/637 4000/1760/637 3999/1951/637
f 4074/1952/637 4000/1760/637 4075/1950/637
f 4074/1952/637 4001/1953/637 4000/1760/637
f 4074/1952/637 4002/1954/637 4001/1953/637
f 4073/1955/637 4002/1954/637 4074/1952/637
f 4073/1955/637 4003/1956/637 4002/1954/637
f 4073/1955/637 4004/1957/637 4003/1956/637
f 4072/1958/637 4004/1957/637 4073/1955/637
f 4072/1958/637 4005/1959/637 4004/1957/637
f 4071/1960/637 4005/1959/637 4072/1958/637
f 4071/1960/637 4006/1961/637 4005/1959/637
f 4071/1960/637 4007/1962/637 4006/1961/637
f 4070/1963/637 4007/1962/637 4071/1960/637
f 4070/1963/637 4008/1964/637 4007/1962/637
f 4069/1965/637 4008/1964/637 4070/1963/637
f 4069/1965/637 4009/1966/637 4008/1964/637
f 4068/1967/637 4009/1966/637 4069/1965/637
f 4068/1967/637 4010/1968/637 4009/1966/637
f 4067/1969/637 4010/1968/637 4068/1967/637
f 4067/1969/637 4011/1761/637 4010/1968/637
f 4066/1753/637 4011/1761/637 4067/1969/637
f 4065/1970/637 4011/1761/637 4066/1753/637
f 4065/1970/637 4012/1971/637 4011/1761/637
f 4064/1972/637 4012/1971/637 4065/1970/637
f 4063/1973/637 4012/1971/637 4064/1972/637
f 4063/1973/637 4013/1974/637 4012/1971/637
f 4062/1975/637 4013/1974/637 4063/1973/637
f 4037/1976/637 4039/1977/637 4038/1978/637
f 4062/1975/637 4014/1979/637 4013/1974/637
f 4061/1980/637 4014/1979/637 4062/1975/637
f 4037/1976/637 4040/1981/637 4039/1977/637
f 4060/1982/637 4014/1979/637 4061/1980/637
f 4060/1982/637 4015/1983/637 4014/1979/637
f 4037/1976/637 4041/1984/637 4040/1981/637
f 4059/1985/637 4015/1983/637 4060/1982/637
f 4037/1976/637 4042/1986/637 4041/1984/637
f 4058/1987/637 4015/1983/637 4059/1985/637
f 4057/1988/637 4015/1983/637 4058/1987/637
f 4057/1988/637 4016/1989/637 4015/1983/637
f 4037/1976/637 4043/1990/637 4042/1986/637
f 4056/1991/637 4016/1989/637 4057/1988/637
f 4037/1976/637 4044/1763/637 4043/1990/637
f 4055/1764/637 4016/1989/637 4056/1991/637
f 4037/1976/637 4045/1992/637 4044/1763/637
f 4055/1764/637 4017/1993/637 4016/1989/637
f 4054/1994/637 4017/1993/637 4055/1764/637
f 4037/1976/637 4046/1995/637 4045/1992/637
f 4053/1996/637 4017/1993/637 4054/1994/637
f 4037/1976/637 4047/1997/637 4046/1995/637
f 4052/1998/637 4017/1993/637 4053/1996/637
f 4037/1976/637 4048/1999/637 4047/1997/637
f 4051/2000/637 4017/1993/637 4052/1998/637
f 4037/1976/637 4049/2001/637 4048/1999/637
f 4051/2000/637 4018/2002/637 4017/1993/637
f 4050/2003/637 4018/2002/637 4051/2000/637
f 4037/1976/637 4050/2003/637 4049/2001/637
f 4037/1976/637 4018/2002/637 4050/2003/637
f 4037/1976/637 4019/2004/637 4018/2002/637
f 4036/2005/637 4019/2004/637 4037/1976/637
f 4035/2006/637 4019/2004/637 4036/2005/637
f 4035/2006/637 4020/2007/637 4019/2004/637
f 4034/2008/637 4020/2007/637 4035/2006/637
f 4034/2008/637 4021/2009/637 4020/2007/637
f 4033/1762/637 4021/2009/637 4034/2008/637
f 4032/2010/637 4021/2009/637 4033/1762/637
f 4032/2010/637 4022/1759/637 4021/2009/637
f 4031/2011/637 4022/1759/637 4032/2010/637
f 4030/2012/637 4022/1759/637 4031/2011/637
f 4030/2012/637 4023/2013/637 4022/1759/637
f 4029/2014/637 4023/2013/637 4030/2012/637
f 4028/2015/637 4023/2013/637 4029/2014/637
f 4028/2015/637 4024/2016/637 4023/2013/637
f 4027/2017/637 4024/2016/637 4028/2015/637
f 4026/2018/637 4024/2016/637 4027/2017/637
f 4026/2018/637 4025/2019/637 4024/2016/637
f 4108/1753/638 4109/1755/638 4100/1754/638
f 4100/1754/638 4109/1755/638 4110/1756/638
f 4100/1754/638 4110/1756/638 4111/1757/638
f 4108/1753/638 4100/1754/638 4101/1758/638
f 4108/1753/638 4101/1758/638 4104/1759/638
f 4104/1759/638 4101/1758/638 4102/1760/638
f 4104/1759/638 4102/1760/638 4103/1761/638
f 4108/1753/638 4104/1759/638 4105/1762/638
f 4108/1753/638 4105/1762/638 4106/1763/638
f 4108/1753/638 4106/1763/638 4107/1764/638
f 4195/1765/638 4196/1767/638 4197/1766/638
f 4195/1765/638 4197/1766/638 4198/1768/638
f 4195/1765/638 4198/1768/638 4199/1769/638
f 4194/1770/638 4195/1765/638 4199/1769/638
f 4194/1770/638 4199/1769/638 4200/1771/638
f 4194/1770/638 4200/1771/638 4201/1772/638
f 4194/1770/638 4201/1772/638 4202/1773/638
f 4193/1774/638 4194/1770/638 4202/1773/638
f 4193/1774/638 4202/1773/638 4203/1775/638
f 4193/1774/638 4203/1775/638 4204/1776/638
f 4193/1774/638 4204/1776/638 4205/1777/638
f 4192/1778/638 4193/1774/638 4205/1777/638
f 4192/1778/638 4205/1777/638 4206/1779/638
f 4192/1778/638 4206/1779/638 4207/1780/638
f 4192/1778/638 4207/1780/638 4208/1781/638
f 4191/1782/638 4192/1778/638 4208/1781/638
f 4191/1782/638 4208/1781/638 4121/1783/638
f 4121/1783/638 4208/1781/638 4120/1784/638
f 4120/1784/638 4208/1781/638 4119/1785/638
f 4119/1785/638 4208/1781/638 4118/1786/638
f 4118/1786/638 4208/1781/638 4117/1787/638
f 4117/1787/638 4208/1781/638 4116/1788/638
f 4116/1788/638 4208/1781/638 4115/1789/638
f 4115/1789/638 4208/1781/638 4114/1790/638
f 4114/1790/638 4208/1781/638 4113/1791/638
f 4113/1791/638 4208/1781/638 4112/1754/638
f 4112/1754/638 4208/1781/638 4209/1757/638
f 4190/1792/638 4191/1782/638 4123/1793/638
f 4123/1793/638 4191/1782/638 4122/1794/638
f 4122/1794/638 4191/1782/638 4121/1783/638
f 4190/1792/638 4123/1793/638 4124/1795/638
f 4190/1792/638 4124/1795/638 4125/1796/638
f 4190/1792/638 4125/1796/638 4126/1797/638
f 4189/1798/638 4190/1792/638 4126/1797/638
f 4189/1798/638 4126/1797/638 4127/1799/638
f 4189/1798/638 4127/1799/638 4128/1800/638
f 4188/1801/638 4189/1798/638 4128/1800/638
f 4188/1801/638 4128/1800/638 4129/1802/638
f 4188/1801/638 4129/1802/638 4130/1803/638
f 4187/1804/638 4188/1801/638 4130/1803/638
f 4187/1804/638 4130/1803/638 4131/1805/638
f 4186/1806/638 4187/1804/638 4131/1805/638
f 4186/1806/638 4131/1805/638 4132/1807/638
f 4186/1806/638 4132/1807/638 4133/1808/638
f 4185/1809/638 4186/1806/638 4133/1808/638
f 4185/1809/638 4133/1808/638 4134/1810/638
f 4184/1811/638 4185/1809/638 4134/1810/638
f 4184/1811/638 4134/1810/638 4135/1812/638
f 4184/1811/638 4135/1812/638 4136/1813/638
f 4183/1814/638 4184/1811/638 4136/1813/638
f 4183/1814/638 4136/1813/638 4137/1815/638
f 4182/1816/638 4183/1814/638 4137/1815/638
f 4182/1816/638 4137/1815/638 4138/1817/638
f 4181/1818/638 4182/1816/638 4138/1817/638
f 4181/1818/638 4138/1817/638 4139/1819/638
f 4180/1820/638 4181/1818/638 4139/1819/638
f 4180/1820/638 4139/1819/638 4140/1821/638
f 4179/1822/638 4180/1820/638 4140/1821/638
f 4179/1822/638 4140/1821/638 4141/1823/638
f 4158/1824/638 4159/1826/638 4160/1825/638
f 4179/1822/638 4141/1823/638 4142/1827/638
f 4157/1828/638 4158/1824/638 4160/1825/638
f 4178/1829/638 4179/1822/638 4142/1827/638
f 4156/1830/638 4157/1828/638 4160/1825/638
f 4178/1829/638 4142/1827/638 4143/1831/638
f 4155/1832/638 4156/1830/638 4160/1825/638
f 4154/1833/638 4155/1832/638 4160/1825/638
f 4178/1829/638 4143/1831/638 4144/1834/638
f 4153/1835/638 4154/1833/638 4160/1825/638
f 4177/1836/638 4178/1829/638 4144/1834/638
f 4152/1837/638 4153/1835/638 4160/1825/638
f 4177/1836/638 4144/1834/638 4145/1838/638
f 4151/1839/638 4152/1837/638 4160/1825/638
f 4150/1840/638 4151/1839/638 4160/1825/638
f 4177/1836/638 4145/1838/638 4146/1841/638
f 4149/1842/638 4150/1840/638 4160/1825/638
f 4148/1843/638 4149/1842/638 4160/1825/638
f 4177/1836/638 4146/1841/638 4147/1844/638
f 4147/1844/638 4148/1843/638 4160/1825/638
f 4177/1836/638 4147/1844/638 4160/1825/638
f 4176/1845/638 4177/1836/638 4160/1825/638
f 4176/1845/638 4160/1825/638 4161/1846/638
f 4175/1847/638 4176/1845/638 4161/1846/638
f 4175/1847/638 4161/1846/638 4162/1848/638
f 4175/1847/638 4162/1848/638 4163/1849/638
f 4175/1847/638 4163/1849/638 4164/1850/638
f 4174/1851/638 4175/1847/638 4164/1850/638
f 4174/1851/638 4164/1850/638 4165/1852/638
f 4174/1851/638 4165/1852/638 4166/1853/638
f 4174/1851/638 4166/1853/638 4167/1854/638
f 4173/1855/638 4174/1851/638 4167/1854/638
f 4173/1855/638 4167/1854/638 4168/1856/638
f 4173/1855/638 4168/1856/638 4169/1857/638
f 4173/1855/638 4169/1857/638 4170/1858/638
f 4172/1859/638 4173/1855/638 4170/1858/638
f 4172/1859/638 4170/1858/638 4171/1860/638
f 4214/1861/638 4215/1863/638 4216/1862/638
f 4214/1861/638 4216/1862/638 4219/1864/638
f 4219/1864/638 4216/1862/638 4217/1865/638
f 4214/1861/638 4219/1864/638 4220/1757/638
f 4218/1866/638 4219/1864/638 4217/1865/638
f 4214/1861/638 4220/1757/638 4212/1867/638
f 4212/1867/638 4220/1757/638 4218/1866/638
f 4212/1867/638 4218/1866/638 4211/1868/638
f 4211/1868/638 4218/1866/638 4217/1865/638
f 4214/1861/638 4212/1867/638 4213/1869/638
f 4210/1754/638 4211/1868/638 4217/1865/638
f 4247/1870/638 4248/1872/638 4275/1871/638
f 4275/1871/638 4248/1872/638 4249/1873/638
f 4275/1871/638 4249/1873/638 4221/1754/638
f 4275/1871/638 4221/1754/638 4222/1874/638
f 4275/1871/638 4222/1874/638 4223/1875/638
f 4275/1871/638 4223/1875/638 4224/1876/638
f 4275/1871/638 4224/1876/638 4225/1877/638
f 4275/1871/638 4225/1877/638 4226/1758/638
f 4275/1871/638 4226/1758/638 4227/1878/638
f 4275/1871/638 4227/1878/638 4274/1879/638
f 4274/1879/638 4227/1878/638 4228/1880/638
f 4247/1870/638 4275/1871/638 4276/1757/638
f 4273/1881/638 4274/1879/638 4228/1880/638
f 4272/1882/638 4273/1881/638 4228/1880/638
f 4271/1756/638 4272/1882/638 4228/1880/638
f 4271/1756/638 4228/1880/638 4229/1883/638
f 4270/1884/638 4271/1756/638 4229/1883/638
f 4269/1885/638 4270/1884/638 4229/1883/638
f 4268/1886/638 4269/1885/638 4229/1883/638
f 4268/1886/638 4229/1883/638 4230/1887/638
f 4267/1888/638 4268/1886/638 4230/1887/638
f 4266/1755/638 4267/1888/638 4230/1887/638
f 4265/1866/638 4266/1755/638 4230/1887/638
f 4265/1866/638 4230/1887/638 4231/1760/638
f 4264/1889/638 4265/1866/638 4231/1760/638
f 4263/1890/638 4264/1889/638 4231/1760/638
f 4263/1890/638 4231/1760/638 4232/1867/638
f 4262/1891/638 4263/1890/638 4232/1867/638
f 4261/1753/638 4262/1891/638 4232/1867/638
f 4261/1753/638 4232/1867/638 4233/1892/638
f 4260/1893/638 4261/1753/638 4233/1892/638
f 4260/1893/638 4233/1892/638 4234/1894/638
f 4259/1895/638 4260/1893/638 4234/1894/638
f 4258/1896/638 4259/1895/638 4234/1894/638
f 4258/1896/638 4234/1894/638 4235/1897/638
f 4257/1898/638 4258/1896/638 4235/1897/638
f 4256/1764/638 4257/1898/638 4235/1897/638
f 4256/1764/638 4235/1897/638 4236/1761/638
f 4255/1899/638 4256/1764/638 4236/1761/638
f 4254/1862/638 4255/1899/638 4236/1761/638
f 4253/1900/638 4254/1862/638 4236/1761/638
f 4252/1901/638 4253/1900/638 4236/1761/638
f 4252/1901/638 4236/1761/638 4237/1902/638
f 4251/1763/638 4252/1901/638 4237/1902/638
f 4250/1903/638 4251/1763/638 4237/1902/638
f 4247/1870/638 4276/1757/638 4245/1904/638
f 4245/1904/638 4276/1757/638 4250/1903/638
f 4245/1904/638 4250/1903/638 4237/1902/638
f 4245/1904/638 4237/1902/638 4238/1905/638
f 4245/1904/638 4238/1905/638 4239/1906/638
f 4245/1904/638 4239/1906/638 4240/1907/638
f 4245/1904/638 4240/1907/638 4241/1759/638
f 4245/1904/638 4241/1759/638 4242/1908/638
f 4245/1904/638 4242/1908/638 4243/1861/638
f 4245/1904/638 4243/1861/638 4244/1909/638
f 4247/1870/638 4245/1904/638 4246/1762/638
f 4384/1910/638 4385/1912/638 4386/1911/638
f 4384/1910/638 4386/1911/638 4387/1756/638
f 4384/1910/638 4387/1756/638 4388/1913/638
f 4383/1914/638 4384/1910/638 4388/1913/638
f 4383/1914/638 4388/1913/638 4389/1915/638
f 4383/1914/638 4389/1915/638 4390/1916/638
f 4382/1917/638 4383/1914/638 4390/1916/638
f 4382/1917/638 4390/1916/638 4391/1918/638
f 4382/1917/638 4391/1918/638 4392/1919/638
f 4381/1920/638 4382/1917/638 4392/1919/638
f 4381/1920/638 4392/1919/638 4393/1921/638
f 4381/1920/638 4393/1921/638 4394/1922/638
f 4380/1923/638 4381/1920/638 4394/1922/638
f 4380/1923/638 4394/1922/638 4395/1924/638
f 4380/1923/638 4395/1924/638 4396/1925/638
f 4379/1926/638 4380/1923/638 4396/1925/638
f 4379/1926/638 4396/1925/638 4397/1927/638
f 4379/1926/638 4397/1927/638 4284/1928/638
f 4284/1928/638 4397/1927/638 4283/1929/638
f 4283/1929/638 4397/1927/638 4282/1930/638
f 4282/1930/638 4397/1927/638 4281/1931/638
f 4281/1931/638 4397/1927/638 4280/1932/638
f 4280/1932/638 4397/1927/638 4279/1933/638
f 4279/1933/638 4397/1927/638 4278/1934/638
f 4278/1934/638 4397/1927/638 4277/1754/638
f 4277/1754/638 4397/1927/638 4398/1757/638
f 4378/1935/638 4379/1926/638 4286/1936/638
f 4286/1936/638 4379/1926/638 4285/1937/638
f 4285/1937/638 4379/1926/638 4284/1928/638
f 4377/1938/638 4378/1935/638 4288/1758/638
f 4288/1758/638 4378/1935/638 4287/1939/638
f 4287/1939/638 4378/1935/638 4286/1936/638
f 4376/1755/638 4377/1938/638 4289/1940/638
f 4289/1940/638 4377/1938/638 4288/1758/638
f 4376/1755/638 4289/1940/638 4290/1941/638
f 4376/1755/638 4290/1941/638 4291/1942/638
f 4376/1755/638 4291/1942/638 4292/1943/638
f 4376/1755/638 4292/1943/638 4293/1944/638
f 4376/1755/638 4293/1944/638 4294/1945/638
f 4375/1946/638 4376/1755/638 4294/1945/638
f 4375/1946/638 4294/1945/638 4295/1947/638
f 4375/1946/638 4295/1947/638 4296/1948/638
f 4375/1946/638 4296/1948/638 4297/1949/638
f 4374/1950/638 4375/1946/638 4297/1949/638
f 4374/1950/638 4297/1949/638 4298/1951/638
f 4374/1950/638 4298/1951/638 4299/1760/638
f 4373/1952/638 4374/1950/638 4299/1760/638
f 4373/1952/638 4299/1760/638 4300/1953/638
f 4373/1952/638 4300/1953/638 4301/1954/638
f 4372/1955/638 4373/1952/638 4301/1954/638
f 4372/1955/638 4301/1954/638 4302/1956/638
f 4372/1955/638 4302/1956/638 4303/1957/638
f 4371/1958/638 4372/1955/638 4303/1957/638
f 4371/1958/638 4303/1957/638 4304/1959/638
f 4370/1960/638 4371/1958/638 4304/1959/638
f 4370/1960/638 4304/1959/638 4305/1961/638
f 4370/1960/638 4305/1961/638 4306/1962/638
f 4369/1963/638 4370/1960/638 4306/1962/638
f 4369/1963/638 4306/1962/638 4307/1964/638
f 4368/1965/638 4369/1963/638 4307/1964/638
f 4368/1965/638 4307/1964/638 4308/1966/638
f 4367/1967/638 4368/1965/638 4308/1966/638
f 4367/1967/638 4308/1966/638 4309/1968/638
f 4366/1969/638 4367/1967/638 4309/1968/638
f 4366/1969/638 4309/1968/638 4310/1761/638
f 4365/1753/638 4366/1969/638 4310/1761/638
f 4364/1970/638 4365/1753/638 4310/1761/638
f 4364/1970/638 4310/1761/638 4311/1971/638
f 4363/1972/638 4364/1970/638 4311/1971/638
f 4362/1973/638 4363/1972/638 4311/1971/638
f 4362/1973/638 4311/1971/638 4312/1974/638
f 4361/1975/638 4362/1973/638 4312/1974/638
f 4336/1976/638 4337/1978/638 4338/1977/638
f 4361/1975/638 4312/1974/638 4313/1979/638
f 4360/1980/638 4361/1975/638 4313/1979/638
f 4336/1976/638 4338/1977/638 4339/1981/638
f 4359/1982/638 4360/1980/638 4313/1979/638
f 4359/1982/638 4313/1979/638 4314/1983/638
f 4336/1976/638 4339/1981/638 4340/1984/638
f 4358/1985/638 4359/1982/638 4314/1983/638
f 4336/1976/638 4340/1984/638 4341/1986/638
f 4357/1987/638 4358/1985/638 4314/1983/638
f 4356/1988/638 4357/1987/638 4314/1983/638
f 4356/1988/638 4314/1983/638 4315/1989/638
f 4336/1976/638 4341/1986/638 4342/1990/638
f 4355/1991/638 4356/1988/638 4315/1989/638
f 4336/1976/638 4342/1990/638 4343/1763/638
f 4354/1764/638 4355/1991/638 4315/1989/638
f 4336/1976/638 4343/1763/638 4344/1992/638
f 4354/1764/638 4315/1989/638 4316/1993/638
f 4353/1994/638 4354/1764/638 4316/1993/638
f 4336/1976/638 4344/1992/638 4345/1995/638
f 4352/1996/638 4353/1994/638 4316/1993/638
f 4336/1976/638 4345/1995/638 4346/1997/638
f 4351/1998/638 4352/1996/638 4316/1993/638
f 4336/1976/638 4346/1997/638 4347/1999/638
f 4350/2000/638 4351/1998/638 4316/1993/638
f 4336/1976/638 4347/1999/638 4348/2001/638
f 4350/2000/638 4316/1993/638 4317/2002/638
f 4349/2003/638 4350/2000/638 4317/2002/638
f 4336/1976/638 4348/2001/638 4349/2003/638
f 4336/1976/638 4349/2003/638 4317/2002/638
f 4336/1976/638 4317/2002/638 4318/2004/638
f 4335/2005/638 4336/1976/638 4318/2004/638
f 4334/2006/638 4335/2005/638 4318/2004/638
f 4334/2006/638 4318/2004/638 4319/2007/638
f 4333/2008/638 4334/2006/638 4319/2007/638
f 4333/2008/638 4319/2007/638 4320/2009/638
f 4332/1762/638 4333/2008/638 4320/2009/638
f 4331/2010/638 4332/1762/638 4320/2009/638
f 4331/2010/638 4320/2009/638 4321/1759/638
f 4330/2011/638 4331/2010/638 4321/1759/638
f 4329/2012/638 4330/2011/638 4321/1759/638
f 4329/2012/638 4321/1759/638 4322/2013/638
f 4328/2014/638 4329/2012/638 4322/2013/638
f 4327/2015/638 4328/2014/638 4322/2013/638
f 4327/2015/638 4322/2013/638 4323/2016/638
f 4326/2017/638 4327/2015/638 4323/2016/638
f 4325/2018/638 4326/2017/638 4323/2016/638
f 4325/2018/638 4323/2016/638 4324/2019/638
s 1
f 4400/2020/639 4402/2021/640 4401/2022/640 4399/1754/639
f 4402/2021/640 4404/2023/641 4403/2024/641 4401/2022/640
f 4404/2023/641 4406/2025/642 4405/2026/642 4403/2024/641
f 4406/2025/642 4408/2027/643 4407/2028/643 4405/2026/642
f 4408/2027/643 4410/2029/644 4409/2030/644 4407/2028/643
f 4410/2029/644 4412/2031/645 4411/2032/645 4409/2030/644
f 4412/2031/645 4414/2033/646 4413/2034/646 4411/2032/645
f 4414/2033/646 4416/2035/647 4415/2036/647 4413/2034/646
f 4416/2035/647 4418/2037/648 4417/2038/648 4415/2036/647
f 4418/2037/648 4420/2039/649 4419/2040/649 4417/2038/648
f 4420/2039/649 4422/2041/650 4421/2042/650 4419/2040/649
f 4422/2041/650 4424/2043/651 4423/2044/651 4421/2042/650
f 4424/2043/651 4426/2045/652 4425/2046/652 4423/2044/651
f 4426/2045/652 4428/2047/653 4427/2048/653 4425/2046/652
f 4428/2047/653 4430/2049/654 4429/2050/654 4427/2048/653
f 4430/2049/654 4432/2051/655 4431/2052/655 4429/2050/654
f 4432/2051/655 4434/2053/656 4433/2054/656 4431/2052/655
f 4434/2053/656 4436/2055/657 4435/2056/657 4433/2054/656
f 4436/2055/657 4438/2057/658 4437/2058/658 4435/2056/657
f 4438/2057/658 4440/2059/659 4439/2060/659 4437/2058/658
f 4440/2059/659 4442/2061/660 4441/2062/660 4439/2060/659
f 4442/2061/660 4444/2063/661 4443/2064/661 4441/2062/660
f 4444/2063/661 4446/2065/662 4445/2066/662 4443/2064/661
f 4446/2065/662 4448/2067/663 4447/2068/663 4445/2066/662
f 4448/2067/663 4450/2069/664 4449/2070/664 4447/2068/663
f 4450/2069/664 4452/2071/665 4451/2072/665 4449/2070/664
f 4452/2071/665 4454/2073/666 4453/2074/666 4451/2072/665
f 4454/2073/666 4456/2075/667 4455/2076/667 4453/2074/666
f 4456/2075/667 4458/2077/668 4457/2078/668 4455/2076/667
f 4458/2077/668 4460/2079/669 4459/2080/669 4457/2078/668
f 4460/2079/669 4462/2081/670 4461/2082/670 4459/2080/669
f 4462/2081/670 4464/2083/671 4463/2084/671 4461/2082/670
f 4464/2083/671 4466/2085/672 4465/2086/672 4463/2084/671
f 4466/2085/672 4468/2087/673 4467/2088/673 4465/2086/672
f 4468/2087/673 4470/2089/674 4469/2090/674 4467/2088/673
f 4470/2089/674 4472/2091/675 4471/2092/675 4469/2090/674
f 4472/2091/675 4474/2093/676 4473/2094/676 4471/2092/675
f 4474/2093/676 4476/2095/677 4475/2096/677 4473/2094/676
f 4476/2095/677 4478/2097/678 4477/2098/678 4475/2096/677
f 4478/2097/678 4480/2099/679 4479/2100/679 4477/2098/678
f 4480/2099/679 4482/2101/680 4481/2102/680 4479/2100/679
f 4482/2101/680 4484/2103/681 4483/2104/681 4481/2102/680
f 4484/2103/681 4486/2105/682 4485/2106/682 4483/2104/681
f 4486/2105/682 4488/2107/683 4487/2108/683 4485/2106/682
f 4488/2107/683 4490/2109/684 4489/2110/684 4487/2108/683
f 4490/2109/684 4492/2111/685 4491/2112/685 4489/2110/684
f 4492/2111/685 4494/2113/686 4493/2114/686 4491/2112/685
f 4494/2113/686 4496/2115/687 4495/2116/687 4493/2114/686
f 4496/2115/687 4498/2117/688 4497/2118/688 4495/2116/687
f 4498/2117/688 4500/2119/689 4499/2120/689 4497/2118/688
f 4500/2119/689 4502/2121/690 4501/2122/690 4499/2120/689
f 4502/2121/690 4504/2123/691 4503/2124/691 4501/2122/690
f 4504/2123/691 4506/2125/692 4505/2126/692 4503/2124/691
f 4506/2125/692 4508/2127/693 4507/2128/693 4505/2126/692
f 4508/2127/693 4510/2129/694 4509/2130/694 4507/2128/693
f 4510/2129/694 4512/2131/695 4511/2132/695 4509/2130/694
f 4512/2131/695 4514/2133/696 4513/2134/696 4511/2132/695
f 4514/2133/696 4516/2135/697 4515/2136/697 4513/2134/696
f 4516/2135/697 4518/2137/698 4517/2138/698 4515/2136/697
f 4518/2137/698 4520/2139/699 4519/2140/699 4517/2138/698
f 4520/2139/699 4522/2141/700 4521/1863/700 4519/2140/699
f 4522/2141/700 4524/2142/701 4523/2143/701 4521/1863/700
f 4524/2142/701 4526/2144/702 4525/2145/702 4523/2143/701
f 4526/2144/702 4528/2146/703 4527/2147/703 4525/2145/702
f 4528/2146/703 4530/2148/704 4529/2149/704 4527/2147/703
f 4530/2148/704 4532/2150/705 4531/2151/705 4529/2149/704
f 4532/2150/705 4534/2152/706 4533/2153/706 4531/2151/705
f 4534/2152/706 4536/2154/707 4535/2155/707 4533/2153/706
f 4536/2154/707 4538/2156/708 4537/2157/708 4535/2155/707
f 4538/2156/708 4540/2158/709 4539/2159/709 4537/2157/708
f 4540/2158/709 4542/2160/710 4541/2161/710 4539/2159/709
f 4542/2160/710 4544/2162/711 4543/2163/711 4541/2161/710
f 4544/2162/711 4546/2164/712 4545/2165/712 4543/2163/711
f 4546/2164/712 4548/2166/713 4547/2167/713 4545/2165/712
f 4548/2166/713 4550/2168/714 4549/2169/714 4547/2167/713
f 4550/2168/714 4552/2170/715 4551/2171/715 4549/2169/714
f 4552/2170/715 4554/2172/716 4553/2173/716 4551/2171/715
f 4554/2172/716 4556/2174/717 4555/2175/717 4553/2173/716
f 4556/2174/717 4558/2176/718 4557/2177/718 4555/2175/717
f 4558/2176/718 4560/2178/719 4559/2179/719 4557/2177/718
f 4560/2178/719 4562/2180/720 4561/2181/720 4559/2179/719
f 4562/2180/720 4564/2182/721 4563/2183/721 4561/2181/720
f 4564/2182/721 4566/2184/722 4565/2185/722 4563/2183/721
f 4566/2184/722 4568/2186/723 4567/2187/723 4565/2185/722
f 4568/2186/723 4570/2188/724 4569/2189/724 4567/2187/723
f 4570/2188/724 4572/2190/725 4571/2191/725 4569/2189/724
f 4572/2190/725 4574/2192/726 4573/2193/726 4571/2191/725
f 4574/2192/726 4576/2194/727 4575/2195/727 4573/2193/726
f 4576/2194/727 4578/2196/728 4577/2197/728 4575/2195/727
f 4578/2196/728 4580/2198/729 4579/2199/729 4577/2197/728
f 4580/2198/729 4582/2200/730 4581/2201/730 4579/2199/729
f 4582/2200/730 4584/2202/731 4583/2203/731 4581/2201/730
f 4584/2202/731 4586/2204/732 4585/2205/732 4583/2203/731
f 4586/2204/732 4588/2206/733 4587/2207/733 4585/2205/732
f 4588/2206/733 4590/2208/734 4589/2209/734 4587/2207/733
f 4590/2208/734 4592/2210/735 4591/2211/735 4589/2209/734
f 4592/2210/735 4594/2212/736 4593/2213/736 4591/2211/735
f 4594/2212/736 4596/2214/737 4595/2215/737 4593/2213/736
f 4596/2214/737 4598/2216/738 4597/2217/738 4595/2215/737
f 4598/2216/738 4600/2218/739 4599/2219/739 4597/2217/738
f 4600/2218/739 4602/2220/740 4601/2221/740 4599/2219/739
f 4602/2220/740 4604/2222/741 4603/2223/741 4601/2221/740
f 4604/2222/741 4606/2224/742 4605/2225/742 4603/2223/741
f 4606/2224/742 4608/2226/743 4607/2227/743 4605/2225/742
f 4608/2226/743 4610/2228/744 4609/2229/744 4607/2227/743
f 4610/2228/744 4612/2230/745 4611/2231/745 4609/2229/744
f 4612/2230/745 4614/2232/746 4613/2233/746 4611/2231/745
f 4614/2232/746 4616/2234/747 4615/2235/747 4613/2233/746
f 4616/2234/747 4618/2236/748 4617/2237/748 4615/2235/747
f 4618/2236/748 4620/2238/749 4619/2239/749 4617/2237/748
f 4620/2238/749 4622/2240/750 4621/2241/750 4619/2239/749
f 4622/2240/750 4624/2242/751 4623/2243/751 4621/2241/750
f 4624/2242/751 4626/2244/752 4625/2245/752 4623/2243/751
f 4626/2244/752 4628/2246/753 4627/2247/753 4625/2245/752
f 4628/2246/753 4630/2248/754 4629/2249/754 4627/2247/753
f 4630/2248/754 4632/2250/755 4631/2251/755 4629/2249/754
f 4632/2250/755 4634/2252/756 4633/2253/756 4631/2251/755
f 4634/2252/756 4636/2254/757 4635/2255/757 4633/2253/756
f 4636/2254/757 4638/2256/758 4637/2257/758 4635/2255/757
f 4638/2256/758 4640/2258/759 4639/2259/759 4637/2257/758
f 4640/2258/759 4642/2260/760 4641/2261/760 4639/2259/759
f 4642/2260/760 4400/2262/639 4399/1757/639 4641/2261/760
f 4644/2020/761 4646/2263/762 4645/2264/762 4643/1754/761
f 4646/2263/762 4648/2265/763 4647/2266/763 4645/2264/762
f 4648/2265/763 4650/2267/764 4649/2268/764 4647/2266/763
f 4650/2267/764 4652/2269/765 4651/2270/765 4649/2268/764
f 4652/2269/765 4654/2271/766 4653/2272/766 4651/2270/765
f 4654/2271/766 4656/2273/767 4655/2274/767 4653/2272/766
f 4656/2273/767 4658/2275/768 4657/2276/768 4655/2274/767
f 4658/2275/768 4660/2277/769 4659/2278/769 4657/2276/768
f 4660/2277/769 4662/2279/770 4661/2280/770 4659/2278/769
f 4662/2279/770 4664/2281/771 4663/2282/771 4661/2280/770
f 4664/2281/771 4666/2283/772 4665/2284/772 4663/2282/771
f 4666/2283/772 4668/2285/773 4667/2286/773 4665/2284/772
f 4668/2285/773 4670/2287/774 4669/2288/774 4667/2286/773
f 4670/2287/774 4672/2289/775 4671/2290/775 4669/2288/774
f 4672/2289/775 4674/2291/776 4673/2292/776 4671/2290/775
f 4674/2291/776 4676/2293/777 4675/2294/777 4673/2292/776
f 4676/2293/777 4678/2295/778 4677/2296/778 4675/2294/777
f 4678/2295/778 4680/2297/779 4679/2298/779 4677/2296/778
f 4680/2297/779 4682/2299/780 4681/2300/780 4679/2298/779
f 4682/2299/780 4684/2301/781 4683/2302/781 4681/2300/780
f 4684/2301/781 4686/2303/782 4685/2304/782 4683/2302/781
f 4686/2303/782 4688/2305/783 4687/2306/783 4685/2304/782
f 4688/2305/783 4690/2307/784 4689/2308/784 4687/2306/783
f 4690/2307/784 4692/2309/785 4691/2310/785 4689/2308/784
f 4692/2309/785 4694/2311/785 4693/2312/785 4691/2310/785
f 4694/2311/785 4696/2313/786 4695/2314/786 4693/2312/785
f 4696/2313/786 4698/2315/787 4697/2316/787 4695/2314/786
f 4698/2315/787 4700/2317/788 4699/2318/788 4697/2316/787
f 4700/2317/788 4644/2262/761 4643/1757/761 4699/2318/788
f 4702/2020/789 4704/2319/790 4703/2320/790 4701/1754/789
f 4704/2319/790 4706/2321/791 4705/2322/791 4703/2320/790
f 4706/2321/791 4708/2323/792 4707/2324/792 4705/2322/791
f 4708/2323/792 4710/2325/793 4709/2326/793 4707/2324/792
f 4710/2325/793 4712/2327/794 4711/2328/794 4709/2326/793
f 4712/2327/794 4714/2329/795 4713/2330/795 4711/2328/794
f 4714/2329/795 4716/2331/796 4715/2332/796 4713/2330/795
f 4716/2331/796 4718/2333/797 4717/2334/797 4715/2332/796
f 4718/2333/797 4720/2335/798 4719/2336/798 4717/2334/797
f 4720/2335/798 4722/2337/799 4721/2338/799 4719/2336/798
f 4722/2337/799 4724/2339/800 4723/2340/800 4721/2338/799
f 4724/2339/800 4726/2341/801 4725/2342/801 4723/2340/800
f 4726/2341/801 4728/2343/802 4727/2344/802 4725/2342/801
f 4728/2343/802 4730/2345/803 4729/2346/803 4727/2344/802
f 4730/2345/803 4732/2347/804 4731/2348/804 4729/2346/803
f 4732/2347/804 4734/2349/805 4733/2350/805 4731/2348/804
f 4734/2349/805 4736/2351/806 4735/2352/806 4733/2350/805
f 4736/2351/806 4738/2353/807 4737/2354/807 4735/2352/806
f 4738/2353/807 4740/2355/808 4739/2356/808 4737/2354/807
f 4740/2355/808 4742/2357/809 4741/2358/809 4739/2356/808
f 4742/2357/809 4744/2359/810 4743/2360/810 4741/2358/809
f 4744/2359/810 4746/2361/811 4745/2362/811 4743/2360/810
f 4746/2361/811 4748/2363/812 4747/2364/812 4745/2362/811
f 4748/2363/812 4750/2365/813 4749/2366/813 4747/2364/812
f 4750/2365/813 4752/2367/785 4751/2368/785 4749/2366/813
f 4752/2367/785 4754/2369/814 4753/2370/814 4751/2368/785
f 4754/2369/814 4702/2262/789 4701/1757/789 4753/2370/814
f 4756/2020/815 4758/2371/815 4757/2372/815 4755/1754/815
f 4758/2371/815 4760/2373/816 4759/2374/816 4757/2372/815
f 4760/2373/816 4762/2375/816 4761/2376/816 4759/2374/816
f 4762/2375/816 4764/2141/817 4763/1863/817 4761/2376/816
f 4764/2141/817 4766/2377/818 4765/2378/818 4763/1863/817
f 4766/2377/818 4768/2379/819 4767/2380/819 4765/2378/818
f 4768/2379/819 4770/2381/820 4769/2382/820 4767/2380/819
f 4770/2381/820 4756/2262/815 4755/1757/815 4769/2382/820
f 4772/2020/821 4774/2335/822 4773/2336/822 4771/1754/821
f 4774/2335/822 4776/2353/823 4775/2354/823 4773/2336/822
f 4776/2353/823 4772/2262/821 4771/1757/821 4775/2354/823
f 4778/2020/824 4780/2383/825 4779/2384/825 4777/1754/824
f 4780/2383/825 4782/2385/826 4781/2386/826 4779/2384/825
f 4782/2385/826 4784/2387/827 4783/2388/827 4781/2386/826
f 4784/2387/827 4786/2389/828 4785/2390/828 4783/2388/827
f 4786/2389/828 4788/2391/829 4787/2392/829 4785/2390/828
f 4788/2391/829 4790/2393/830 4789/2394/830 4787/2392/829
f 4790/2393/830 4792/2395/831 4791/2396/831 4789/2394/830
f 4792/2395/831 4794/2397/832 4793/2398/832 4791/2396/831
f 4794/2397/832 4796/2399/833 4795/2400/833 4793/2398/832
f 4796/2399/833 4798/2401/834 4797/2402/834 4795/2400/833
f 4798/2401/834 4800/2403/835 4799/2404/835 4797/2402/834
f 4800/2403/835 4802/2405/836 4801/2406/836 4799/2404/835
f 4802/2405/836 4804/2407/837 4803/2408/837 4801/2406/836
f 4804/2407/837 4806/2409/838 4805/2410/838 4803/2408/837
f 4806/2409/838 4808/2411/839 4807/2412/839 4805/2410/838
f 4808/2411/839 4810/2413/840 4809/2414/840 4807/2412/839
f 4810/2413/840 4812/2415/841 4811/2416/841 4809/2414/840
f 4812/2415/841 4814/2417/842 4813/2418/842 4811/2416/841
f 4814/2417/842 4816/2419/843 4815/2420/843 4813/2418/842
f 4816/2419/843 4818/2421/844 4817/2422/844 4815/2420/843
f 4818/2421/844 4820/2423/845 4819/2424/845 4817/2422/844
f 4820/2423/845 4822/2425/846 4821/2426/846 4819/2424/845
f 4822/2425/846 4824/2427/847 4823/2428/847 4821/2426/846
f 4824/2427/847 4826/2429/848 4825/2430/848 4823/2428/847
f 4826/2429/848 4828/2431/849 4827/2432/849 4825/2430/848
f 4828/2431/849 4830/2433/850 4829/2434/850 4827/2432/849
f 4830/2433/850 4832/2435/851 4831/2436/851 4829/2434/850
f 4832/2435/851 4834/2437/852 4833/2438/852 4831/2436/851
f 4834/2437/852 4836/2439/853 4835/2440/853 4833/2438/852
f 4836/2439/853 4838/2441/854 4837/2442/854 4835/2440/853
f 4838/2441/854 4840/2443/855 4839/2444/855 4837/2442/854
f 4840/2443/855 4842/2445/856 4841/2446/856 4839/2444/855
f 4842/2445/856 4844/2447/857 4843/2448/857 4841/2446/856
f 4844/2447/857 4846/2449/858 4845/2450/858 4843/2448/857
f 4846/2449/858 4848/2451/859 4847/2452/859 4845/2450/858
f 4848/2451/859 4850/2453/860 4849/2454/860 4847/2452/859
f 4850/2453/860 4852/2455/861 4851/2456/861 4849/2454/860
f 4852/2455/861 4854/2457/862 4853/2458/862 4851/2456/861
f 4854/2457/862 4856/2459/863 4855/2460/863 4853/2458/862
f 4856/2459/863 4858/2461/864 4857/2462/864 4855/2460/863
f 4858/2461/864 4860/2463/865 4859/2464/865 4857/2462/864
f 4860/2463/865 4862/2465/866 4861/2466/866 4859/2464/865
f 4862/2465/866 4864/2467/867 4863/2468/867 4861/2466/866
f 4864/2467/867 4866/2469/868 4865/2470/868 4863/2468/867
f 4866/2469/868 4868/2471/869 4867/2472/869 4865/2470/868
f 4868/2471/869 4870/2473/870 4869/2474/870 4867/2472/869
f 4870/2473/870 4872/2475/871 4871/2476/871 4869/2474/870
f 4872/2475/871 4874/2477/872 4873/2478/872 4871/2476/871
f 4874/2477/872 4876/2141/873 4875/1863/873 4873/2478/872
f 4876/2141/873 4878/2479/874 4877/2480/874 4875/1863/873
f 4878/2479/874 4880/2481/875 4879/2482/875 4877/2480/874
f 4880/2481/875 4882/2483/876 4881/2484/876 4879/2482/875
f 4882/2483/876 4884/2485/877 4883/2486/877 4881/2484/876
f 4884/2485/877 4886/2487/878 4885/2488/878 4883/2486/877
f 4886/2487/878 4888/2489/879 4887/2490/879 4885/2488/878
f 4888/2489/879 4890/2491/880 4889/2492/880 4887/2490/879
f 4890/2491/880 4892/2493/881 4891/2494/881 4889/2492/880
f 4892/2493/881 4894/2495/882 4893/2496/882 4891/2494/881
f 4894/2495/882 4896/2497/883 4895/2498/883 4893/2496/882
f 4896/2497/883 4898/2499/884 4897/2500/884 4895/2498/883
f 4898/2499/884 4900/2501/885 4899/2502/885 4897/2500/884
f 4900/2501/885 4902/2503/886 4901/2504/886 4899/2502/885
f 4902/2503/886 4904/2505/887 4903/2506/887 4901/2504/886
f 4904/2505/887 4906/2507/888 4905/2508/888 4903/2506/887
f 4906/2507/888 4908/2509/889 4907/2510/889 4905/2508/888
f 4908/2509/889 4910/2511/890 4909/2512/890 4907/2510/889
f 4910/2511/890 4912/2513/891 4911/2514/891 4909/2512/890
f 4912/2513/891 4914/2515/892 4913/2516/892 4911/2514/891
f 4914/2515/892 4916/2517/893 4915/2518/893 4913/2516/892
f 4916/2517/893 4918/2519/894 4917/2520/894 4915/2518/893
f 4918/2519/894 4920/2521/895 4919/2522/895 4917/2520/894
f 4920/2521/895 4922/2523/896 4921/2524/896 4919/2522/895
f 4922/2523/896 4924/2525/897 4923/2526/897 4921/2524/896
f 4924/2525/897 4926/2527/898 4925/2528/898 4923/2526/897
f 4926/2527/898 4928/2529/899 4927/2530/899 4925/2528/898
f 4928/2529/899 4930/2531/900 4929/2532/900 4927/2530/899
f 4930/2531/900 4932/2533/901 4931/2534/901 4929/2532/900
f 4932/2533/901 4934/2535/902 4933/2536/902 4931/2534/901
f 4934/2535/902 4936/2537/903 4935/2538/903 4933/2536/902
f 4936/2537/903 4938/2539/904 4937/2540/904 4935/2538/903
f 4938/2539/904 4940/2541/905 4939/2542/905 4937/2540/904
f 4940/2541/905 4942/2543/906 4941/2544/906 4939/2542/905
f 4942/2543/906 4944/2545/907 4943/2546/907 4941/2544/906
f 4944/2545/907 4946/2547/908 4945/2548/908 4943/2546/907
f 4946/2547/908 4948/2549/909 4947/2550/909 4945/2548/908
f 4948/2549/909 4950/2551/910 4949/2552/910 4947/2550/909
f 4950/2551/910 4952/2553/911 4951/2554/911 4949/2552/910
f 4952/2553/911 4954/2555/912 4953/2556/912 4951/2554/911
f 4954/2555/912 4956/2557/913 4955/2558/913 4953/2556/912
f 4956/2557/913 4958/2559/914 4957/2560/914 4955/2558/913
f 4958/2559/914 4960/2561/915 4959/2562/915 4957/2560/914
f 4960/2561/915 4962/2563/916 4961/2564/916 4959/2562/915
f 4962/2563/916 4964/2565/917 4963/2566/917 4961/2564/916
f 4964/2565/917 4966/2567/918 4965/2568/918 4963/2566/917
f 4966/2567/918 4968/2569/919 4967/2570/919 4965/2568/918
f 4968/2569/919 4970/2571/920 4969/2572/920 4967/2570/919
f 4970/2571/920 4972/2573/921 4971/2574/921 4969/2572/920
f 4972/2573/921 4778/2262/824 4777/1757/824 4971/2574/921
f 4974/2020/785 4976/2575/814 4975/2576/814 4973/1754/785
f 4976/2575/814 4978/2577/814 4977/2578/814 4975/2576/814
f 4978/2577/814 4980/2373/785 4979/2374/785 4977/2578/814
f 4980/2373/785 4982/2335/785 4981/2336/785 4979/2374/785
f 4982/2335/785 4984/2579/814 4983/2580/814 4981/2336/785
f 4984/2579/814 4986/2141/814 4985/1863/814 4983/2580/814
f 4986/2141/814 4988/2581/785 4987/2582/785 4985/1863/814
f 4988/2581/785 4990/2353/786 4989/2354/786 4987/2582/785
f 4990/2353/786 4992/2379/787 4991/2380/787 4989/2354/786
f 4992/2379/787 4994/2583/814 4993/2584/814 4991/2380/787
f 4994/2583/814 4996/2585/785 4995/2586/785 4993/2584/814
f 4996/2585/785 4974/2262/785 4973/1757/785 4995/2586/785
