# Blender 4.1.1
# www.blender.org
mtllib GameClearSceneobj.mtl
o テキスト.001
v -5.593501 -8.113428 -0.400000
v -5.593501 -9.246428 -0.400000
v -7.128001 -9.246428 -0.399999
v -7.128001 -9.730429 -0.399999
v -5.593501 -9.730429 -0.400000
v -5.593501 -10.896429 -0.400000
v -7.232500 -10.896429 -0.399999
v -7.232500 -11.380428 -0.399999
v -5.054501 -11.380428 -0.400000
v -5.054501 -7.629429 -0.400000
v -7.183001 -7.629429 -0.399999
v -7.183001 -8.113428 -0.399999
v -3.707000 -11.380428 -0.400000
v -3.707000 -8.459929 -0.400000
v -3.696000 -8.459929 -0.400000
v -2.541000 -9.911928 -0.400000
v -2.453000 -9.911928 -0.400000
v -1.298000 -8.459929 -0.400000
v -1.287000 -8.459929 -0.400000
v -1.287000 -11.380428 -0.400000
v -0.748000 -11.380428 -0.400000
v -0.748000 -7.629429 -0.400000
v -1.254000 -7.629429 -0.400000
v -2.497000 -9.169429 -0.400000
v -3.745500 -7.629429 -0.400000
v -4.246000 -7.629429 -0.400000
v -4.246000 -11.380428 -0.400000
v 0.203500 -11.380428 -0.400000
v 0.704000 -10.274929 -0.400000
v 2.299001 -10.274929 -0.400000
v 2.772000 -11.380428 -0.400000
v 3.322001 -11.380428 -0.400000
v 1.710500 -7.607429 -0.400000
v 1.331000 -7.607429 -0.400000
v -0.346500 -11.380428 -0.400000
v 0.924000 -9.790929 -0.400000
v 1.529001 -8.432428 -0.400000
v 2.090000 -9.790929 -0.400000
v 3.813798 -11.174204 -0.400000
v 3.933926 -11.221132 -0.400000
v 4.051610 -11.262866 -0.400000
v 4.167574 -11.299559 -0.400000
v 4.282546 -11.331362 -0.400000
v 4.397250 -11.358429 -0.400000
v 4.512413 -11.380913 -0.400000
v 4.628759 -11.398966 -0.400000
v 4.747016 -11.412741 -0.400000
v 4.867908 -11.422392 -0.400000
v 4.992161 -11.428070 -0.400000
v 5.120501 -11.429929 -0.400000
v 5.401258 -11.413492 -0.400000
v 5.667521 -11.365355 -0.400001
v 5.917398 -11.287272 -0.400001
v 6.149000 -11.181003 -0.400001
v 6.360435 -11.048303 -0.400001
v 6.549813 -10.890928 -0.400001
v 6.715243 -10.710638 -0.400001
v 6.854834 -10.509188 -0.400001
v 6.966696 -10.288335 -0.400001
v 7.048938 -10.049836 -0.400001
v 7.099670 -9.795448 -0.400001
v 7.117001 -9.526929 -0.400001
v 7.099240 -9.256389 -0.400001
v 7.047335 -8.998853 -0.400001
v 6.963345 -8.756328 -0.400001
v 6.849335 -8.530818 -0.400001
v 6.707366 -8.324329 -0.400001
v 6.539501 -8.138866 -0.400001
v 6.347804 -7.976435 -0.400001
v 6.134335 -7.839040 -0.400001
v 5.901157 -7.728686 -0.400001
v 5.650334 -7.647380 -0.400001
v 5.383928 -7.597126 -0.400000
v 5.104001 -7.579928 -0.400000
v 4.996512 -7.581479 -0.400000
v 4.893091 -7.586370 -0.400000
v 4.792305 -7.594968 -0.400000
v 4.692723 -7.607633 -0.400000
v 4.592911 -7.624728 -0.400000
v 4.491438 -7.646616 -0.400000
v 4.386871 -7.673661 -0.400000
v 4.277778 -7.706225 -0.400000
v 4.162727 -7.744671 -0.400000
v 4.040285 -7.789361 -0.400000
v 3.909020 -7.840660 -0.400000
v 3.767500 -7.898929 -0.400000
v 3.767500 -8.443428 -0.400000
v 3.877831 -8.385341 -0.400000
v 3.988773 -8.332105 -0.400000
v 4.100249 -8.283756 -0.400000
v 4.212184 -8.240336 -0.400000
v 4.324502 -8.201880 -0.400000
v 4.437125 -8.168428 -0.400000
v 4.549977 -8.140018 -0.400000
v 4.662982 -8.116688 -0.400000
v 4.776062 -8.098475 -0.400000
v 4.889143 -8.085420 -0.400000
v 5.002149 -8.077558 -0.400000
v 5.115000 -8.074928 -0.400000
v 5.314458 -8.087628 -0.400000
v 5.504787 -8.124734 -0.400000
v 5.684422 -8.184756 -0.400001
v 5.851797 -8.266207 -0.400001
v 6.005345 -8.367594 -0.400001
v 6.143500 -8.487429 -0.400001
v 6.264698 -8.624222 -0.400001
v 6.367371 -8.776484 -0.400001
v 6.449953 -8.942725 -0.400001
v 6.510880 -9.121456 -0.400001
v 6.548584 -9.311188 -0.400001
v 6.561501 -9.510428 -0.400001
v 6.548648 -9.714075 -0.400001
v 6.510931 -9.906225 -0.400001
v 6.449610 -10.085694 -0.400001
v 6.365945 -10.251299 -0.400001
v 6.261197 -10.401855 -0.400001
v 6.136626 -10.536179 -0.400001
v 5.993492 -10.653086 -0.400001
v 5.833056 -10.751391 -0.400001
v 5.656579 -10.829913 -0.400001
v 5.465320 -10.887465 -0.400000
v 5.260540 -10.922866 -0.400000
v 5.043500 -10.934929 -0.400000
v 4.971186 -10.933582 -0.400000
v 4.899940 -10.929658 -0.400000
v 4.829688 -10.923327 -0.400000
v 4.760352 -10.914762 -0.400000
v 4.691857 -10.904135 -0.400000
v 4.624125 -10.891617 -0.400000
v 4.557082 -10.877379 -0.400000
v 4.490649 -10.861595 -0.400000
v 4.424750 -10.844437 -0.400000
v 4.359311 -10.826075 -0.400000
v 4.294253 -10.806682 -0.400000
v 4.229500 -10.786428 -0.400000
v 4.229500 -10.016429 -0.400000
v 4.950001 -10.016429 -0.400000
v 4.950001 -9.532429 -0.400000
v 3.690500 -9.532429 -0.400000
v 3.690500 -11.121929 -0.400000
v -5.593501 -8.113428 0.400000
v -5.593501 -9.246428 0.400000
v -7.128001 -9.246428 0.400001
v -7.128001 -9.730429 0.400001
v -5.593501 -9.730429 0.400000
v -5.593501 -10.896429 0.400000
v -7.232500 -10.896429 0.400001
v -7.232500 -11.380428 0.400001
v -5.054501 -11.380428 0.400000
v -5.054501 -7.629429 0.400000
v -7.183001 -7.629429 0.400001
v -7.183001 -8.113428 0.400001
v -3.707000 -11.380428 0.400000
v -3.707000 -8.459929 0.400000
v -3.696000 -8.459929 0.400000
v -2.541000 -9.911928 0.400000
v -2.453000 -9.911928 0.400000
v -1.298000 -8.459929 0.400000
v -1.287000 -8.459929 0.400000
v -1.287000 -11.380428 0.400000
v -0.748000 -11.380428 0.400000
v -0.748000 -7.629429 0.400000
v -1.254000 -7.629429 0.400000
v -2.497000 -9.169429 0.400000
v -3.745500 -7.629429 0.400000
v -4.246000 -7.629429 0.400000
v -4.246000 -11.380428 0.400000
v 0.203500 -11.380428 0.400000
v 0.704001 -10.274929 0.400000
v 2.299001 -10.274929 0.400000
v 2.772000 -11.380428 0.400000
v 3.322001 -11.380428 0.400000
v 1.710500 -7.607429 0.400000
v 1.331000 -7.607429 0.400000
v -0.346500 -11.380428 0.400000
v 0.924000 -9.790929 0.400000
v 1.529001 -8.432428 0.400000
v 2.090000 -9.790929 0.400000
v 3.813798 -11.174204 0.400000
v 3.933926 -11.221132 0.400000
v 4.051610 -11.262866 0.400000
v 4.167574 -11.299559 0.400000
v 4.282546 -11.331362 0.400000
v 4.397250 -11.358429 0.400000
v 4.512413 -11.380913 0.400000
v 4.628759 -11.398966 0.400000
v 4.747016 -11.412741 0.400000
v 4.867908 -11.422392 0.400000
v 4.992161 -11.428070 0.400000
v 5.120501 -11.429929 0.400000
v 5.401258 -11.413492 0.400000
v 5.667521 -11.365355 0.399999
v 5.917398 -11.287272 0.399999
v 6.149000 -11.181003 0.399999
v 6.360435 -11.048303 0.399999
v 6.549813 -10.890928 0.399999
v 6.715243 -10.710638 0.399999
v 6.854834 -10.509188 0.399999
v 6.966696 -10.288335 0.399999
v 7.048938 -10.049836 0.399999
v 7.099670 -9.795448 0.399999
v 7.117001 -9.526929 0.399999
v 7.099240 -9.256389 0.399999
v 7.047335 -8.998853 0.399999
v 6.963345 -8.756328 0.399999
v 6.849335 -8.530818 0.399999
v 6.707366 -8.324329 0.399999
v 6.539501 -8.138866 0.399999
v 6.347804 -7.976435 0.399999
v 6.134335 -7.839040 0.399999
v 5.901157 -7.728686 0.399999
v 5.650334 -7.647380 0.399999
v 5.383928 -7.597126 0.400000
v 5.104001 -7.579928 0.400000
v 4.996512 -7.581479 0.400000
v 4.893091 -7.586370 0.400000
v 4.792305 -7.594968 0.400000
v 4.692723 -7.607633 0.400000
v 4.592911 -7.624728 0.400000
v 4.491438 -7.646616 0.400000
v 4.386871 -7.673661 0.400000
v 4.277778 -7.706225 0.400000
v 4.162727 -7.744671 0.400000
v 4.040285 -7.789361 0.400000
v 3.909020 -7.840660 0.400000
v 3.767500 -7.898929 0.400000
v 3.767500 -8.443428 0.400000
v 3.877831 -8.385341 0.400000
v 3.988773 -8.332105 0.400000
v 4.100249 -8.283756 0.400000
v 4.212184 -8.240336 0.400000
v 4.324502 -8.201880 0.400000
v 4.437125 -8.168428 0.400000
v 4.549977 -8.140018 0.400000
v 4.662982 -8.116688 0.400000
v 4.776062 -8.098475 0.400000
v 4.889143 -8.085420 0.400000
v 5.002149 -8.077558 0.400000
v 5.115000 -8.074928 0.400000
v 5.314458 -8.087628 0.400000
v 5.504787 -8.124734 0.400000
v 5.684422 -8.184756 0.399999
v 5.851797 -8.266207 0.399999
v 6.005345 -8.367594 0.399999
v 6.143500 -8.487429 0.399999
v 6.264698 -8.624222 0.399999
v 6.367371 -8.776484 0.399999
v 6.449953 -8.942725 0.399999
v 6.510880 -9.121456 0.399999
v 6.548584 -9.311188 0.399999
v 6.561501 -9.510428 0.399999
v 6.548648 -9.714075 0.399999
v 6.510931 -9.906225 0.399999
v 6.449610 -10.085694 0.399999
v 6.365945 -10.251299 0.399999
v 6.261197 -10.401855 0.399999
v 6.136626 -10.536179 0.399999
v 5.993492 -10.653086 0.399999
v 5.833056 -10.751391 0.399999
v 5.656579 -10.829913 0.399999
v 5.465320 -10.887465 0.400000
v 5.260540 -10.922866 0.400000
v 5.043500 -10.934929 0.400000
v 4.971186 -10.933582 0.400000
v 4.899940 -10.929658 0.400000
v 4.829688 -10.923327 0.400000
v 4.760352 -10.914762 0.400000
v 4.691857 -10.904135 0.400000
v 4.624125 -10.891617 0.400000
v 4.557082 -10.877379 0.400000
v 4.490649 -10.861595 0.400000
v 4.424750 -10.844437 0.400000
v 4.359311 -10.826075 0.400000
v 4.294253 -10.806682 0.400000
v 4.229500 -10.786428 0.400000
v 4.229500 -10.016429 0.400000
v 4.950001 -10.016429 0.400000
v 4.950001 -9.532429 0.400000
v 3.690500 -9.532429 0.400000
v 3.690500 -11.121929 0.400000
v 3.813798 -11.174204 0.400000
v 3.813798 -11.174204 -0.400000
v 3.933926 -11.221132 0.400000
v 3.933926 -11.221132 -0.400000
v 4.051610 -11.262866 0.400000
v 4.051610 -11.262866 -0.400000
v 4.167574 -11.299559 0.400000
v 4.167574 -11.299559 -0.400000
v 4.282546 -11.331362 0.400000
v 4.282546 -11.331362 -0.400000
v 4.397250 -11.358429 0.400000
v 4.397250 -11.358429 -0.400000
v 4.512413 -11.380913 0.400000
v 4.512413 -11.380913 -0.400000
v 4.628759 -11.398966 0.400000
v 4.628759 -11.398966 -0.400000
v 4.747016 -11.412741 0.400000
v 4.747016 -11.412741 -0.400000
v 4.867908 -11.422392 0.400000
v 4.867908 -11.422392 -0.400000
v 4.992161 -11.428070 0.400000
v 4.992161 -11.428070 -0.400000
v 5.120501 -11.429929 0.400000
v 5.120501 -11.429929 -0.400000
v 5.401258 -11.413492 0.400000
v 5.401258 -11.413492 -0.400000
v 5.667521 -11.365355 0.399999
v 5.667521 -11.365355 -0.400001
v 5.917398 -11.287272 0.399999
v 5.917398 -11.287272 -0.400001
v 6.149000 -11.181003 0.399999
v 6.149000 -11.181003 -0.400001
v 6.360435 -11.048303 0.399999
v 6.360435 -11.048303 -0.400001
v 6.549813 -10.890928 0.399999
v 6.549813 -10.890928 -0.400001
v 6.715243 -10.710638 0.399999
v 6.715243 -10.710638 -0.400001
v 6.854834 -10.509188 0.399999
v 6.854834 -10.509188 -0.400001
v 6.966696 -10.288335 0.399999
v 6.966696 -10.288335 -0.400001
v 7.048938 -10.049836 0.399999
v 7.048938 -10.049836 -0.400001
v 7.099670 -9.795448 0.399999
v 7.099670 -9.795448 -0.400001
v 7.117001 -9.526929 0.399999
v 7.117001 -9.526929 -0.400001
v 7.099240 -9.256389 0.399999
v 7.099240 -9.256389 -0.400001
v 7.047335 -8.998853 0.399999
v 7.047335 -8.998853 -0.400001
v 6.963345 -8.756328 0.399999
v 6.963345 -8.756328 -0.400001
v 6.849335 -8.530818 0.399999
v 6.849335 -8.530818 -0.400001
v 6.707366 -8.324329 0.399999
v 6.707366 -8.324329 -0.400001
v 6.539501 -8.138866 0.399999
v 6.539501 -8.138866 -0.400001
v 6.347804 -7.976435 0.399999
v 6.347804 -7.976435 -0.400001
v 6.134335 -7.839040 0.399999
v 6.134335 -7.839040 -0.400001
v 5.901157 -7.728686 0.399999
v 5.901157 -7.728686 -0.400001
v 5.650334 -7.647380 0.399999
v 5.650334 -7.647380 -0.400001
v 5.383928 -7.597126 0.400000
v 5.383928 -7.597126 -0.400000
v 5.104001 -7.579928 0.400000
v 5.104001 -7.579928 -0.400000
v 4.996512 -7.581479 0.400000
v 4.996512 -7.581479 -0.400000
v 4.893091 -7.586370 0.400000
v 4.893091 -7.586370 -0.400000
v 4.792305 -7.594968 0.400000
v 4.792305 -7.594968 -0.400000
v 4.692723 -7.607633 0.400000
v 4.692723 -7.607633 -0.400000
v 4.592911 -7.624728 0.400000
v 4.592911 -7.624728 -0.400000
v 4.491438 -7.646616 0.400000
v 4.491438 -7.646616 -0.400000
v 4.386871 -7.673661 0.400000
v 4.386871 -7.673661 -0.400000
v 4.277778 -7.706225 0.400000
v 4.277778 -7.706225 -0.400000
v 4.162727 -7.744671 0.400000
v 4.162727 -7.744671 -0.400000
v 4.040285 -7.789361 0.400000
v 4.040285 -7.789361 -0.400000
v 3.909020 -7.840660 0.400000
v 3.909020 -7.840660 -0.400000
v 3.767500 -7.898929 0.400000
v 3.767500 -7.898929 -0.400000
v 3.767500 -8.443428 0.400000
v 3.767500 -8.443428 -0.400000
v 3.877831 -8.385341 0.400000
v 3.877831 -8.385341 -0.400000
v 3.988773 -8.332105 0.400000
v 3.988773 -8.332105 -0.400000
v 4.100249 -8.283756 0.400000
v 4.100249 -8.283756 -0.400000
v 4.212184 -8.240336 0.400000
v 4.212184 -8.240336 -0.400000
v 4.324502 -8.201880 0.400000
v 4.324502 -8.201880 -0.400000
v 4.437125 -8.168428 0.400000
v 4.437125 -8.168428 -0.400000
v 4.549977 -8.140018 0.400000
v 4.549977 -8.140018 -0.400000
v 4.662982 -8.116688 0.400000
v 4.662982 -8.116688 -0.400000
v 4.776062 -8.098475 0.400000
v 4.776062 -8.098475 -0.400000
v 4.889143 -8.085420 0.400000
v 4.889143 -8.085420 -0.400000
v 5.002149 -8.077558 0.400000
v 5.002149 -8.077558 -0.400000
v 5.115000 -8.074928 0.400000
v 5.115000 -8.074928 -0.400000
v 5.314458 -8.087628 0.400000
v 5.314458 -8.087628 -0.400000
v 5.504787 -8.124734 0.400000
v 5.504787 -8.124734 -0.400000
v 5.684422 -8.184756 0.399999
v 5.684422 -8.184756 -0.400001
v 5.851797 -8.266207 0.399999
v 5.851797 -8.266207 -0.400001
v 6.005345 -8.367594 0.399999
v 6.005345 -8.367594 -0.400001
v 6.143500 -8.487429 0.399999
v 6.143500 -8.487429 -0.400001
v 6.264698 -8.624222 0.399999
v 6.264698 -8.624222 -0.400001
v 6.367371 -8.776484 0.399999
v 6.367371 -8.776484 -0.400001
v 6.449953 -8.942725 0.399999
v 6.449953 -8.942725 -0.400001
v 6.510880 -9.121456 0.399999
v 6.510880 -9.121456 -0.400001
v 6.548584 -9.311188 0.399999
v 6.548584 -9.311188 -0.400001
v 6.561501 -9.510428 0.399999
v 6.561501 -9.510428 -0.400001
v 6.548648 -9.714075 0.399999
v 6.548648 -9.714075 -0.400001
v 6.510931 -9.906225 0.399999
v 6.510931 -9.906225 -0.400001
v 6.449610 -10.085694 0.399999
v 6.449610 -10.085694 -0.400001
v 6.365945 -10.251299 0.399999
v 6.365945 -10.251299 -0.400001
v 6.261197 -10.401855 0.399999
v 6.261197 -10.401855 -0.400001
v 6.136626 -10.536179 0.399999
v 6.136626 -10.536179 -0.400001
v 5.993492 -10.653086 0.399999
v 5.993492 -10.653086 -0.400001
v 5.833056 -10.751391 0.399999
v 5.833056 -10.751391 -0.400001
v 5.656579 -10.829913 0.399999
v 5.656579 -10.829913 -0.400001
v 5.465320 -10.887465 0.400000
v 5.465320 -10.887465 -0.400000
v 5.260540 -10.922866 0.400000
v 5.260540 -10.922866 -0.400000
v 5.043500 -10.934929 0.400000
v 5.043500 -10.934929 -0.400000
v 4.971186 -10.933582 0.400000
v 4.971186 -10.933582 -0.400000
v 4.899940 -10.929658 0.400000
v 4.899940 -10.929658 -0.400000
v 4.829688 -10.923327 0.400000
v 4.829688 -10.923327 -0.400000
v 4.760352 -10.914762 0.400000
v 4.760352 -10.914762 -0.400000
v 4.691857 -10.904135 0.400000
v 4.691857 -10.904135 -0.400000
v 4.624125 -10.891617 0.400000
v 4.624125 -10.891617 -0.400000
v 4.557082 -10.877379 0.400000
v 4.557082 -10.877379 -0.400000
v 4.490649 -10.861595 0.400000
v 4.490649 -10.861595 -0.400000
v 4.424750 -10.844437 0.400000
v 4.424750 -10.844437 -0.400000
v 4.359311 -10.826075 0.400000
v 4.359311 -10.826075 -0.400000
v 4.294253 -10.806682 0.400000
v 4.294253 -10.806682 -0.400000
v 4.229500 -10.786428 0.400000
v 4.229500 -10.786428 -0.400000
v 4.229500 -10.016429 0.400000
v 4.229500 -10.016429 -0.400000
v 4.950001 -10.016429 0.400000
v 4.950001 -10.016429 -0.400000
v 4.950001 -9.532429 0.400000
v 4.950001 -9.532429 -0.400000
v 3.690500 -9.532429 0.400000
v 3.690500 -9.532429 -0.400000
v 3.690500 -11.121929 0.400000
v 3.690500 -11.121929 -0.400000
v 0.203500 -11.380428 0.400000
v 0.203500 -11.380428 -0.400000
v 0.704001 -10.274929 0.400000
v 0.704000 -10.274929 -0.400000
v 2.299001 -10.274929 0.400000
v 2.299001 -10.274929 -0.400000
v 2.772000 -11.380428 0.400000
v 2.772000 -11.380428 -0.400000
v 3.322001 -11.380428 0.400000
v 3.322001 -11.380428 -0.400000
v 1.710500 -7.607429 0.400000
v 1.710500 -7.607429 -0.400000
v 1.331000 -7.607429 0.400000
v 1.331000 -7.607429 -0.400000
v -0.346500 -11.380428 0.400000
v -0.346500 -11.380428 -0.400000
v 0.924000 -9.790929 0.400000
v 0.924000 -9.790929 -0.400000
v 1.529001 -8.432428 0.400000
v 1.529001 -8.432428 -0.400000
v 2.090000 -9.790929 0.400000
v 2.090000 -9.790929 -0.400000
v -3.707000 -11.380428 0.400000
v -3.707000 -11.380428 -0.400000
v -3.707000 -8.459929 0.400000
v -3.707000 -8.459929 -0.400000
v -3.696000 -8.459929 0.400000
v -3.696000 -8.459929 -0.400000
v -2.541000 -9.911928 0.400000
v -2.541000 -9.911928 -0.400000
v -2.453000 -9.911928 0.400000
v -2.453000 -9.911928 -0.400000
v -1.298000 -8.459929 0.400000
v -1.298000 -8.459929 -0.400000
v -1.287000 -8.459929 0.400000
v -1.287000 -8.459929 -0.400000
v -1.287000 -11.380428 0.400000
v -1.287000 -11.380428 -0.400000
v -0.748000 -11.380428 0.400000
v -0.748000 -11.380428 -0.400000
v -0.748000 -7.629429 0.400000
v -0.748000 -7.629429 -0.400000
v -1.254000 -7.629429 0.400000
v -1.254000 -7.629429 -0.400000
v -2.497000 -9.169429 0.400000
v -2.497000 -9.169429 -0.400000
v -3.745500 -7.629429 0.400000
v -3.745500 -7.629429 -0.400000
v -4.246000 -7.629429 0.400000
v -4.246000 -7.629429 -0.400000
v -4.246000 -11.380428 0.400000
v -4.246000 -11.380428 -0.400000
v -5.593501 -8.113428 0.400000
v -5.593501 -8.113428 -0.400000
v -5.593501 -9.246428 0.400000
v -5.593501 -9.246428 -0.400000
v -7.128001 -9.246428 0.400001
v -7.128001 -9.246428 -0.399999
v -7.128001 -9.730429 0.400001
v -7.128001 -9.730429 -0.399999
v -5.593501 -9.730429 0.400000
v -5.593501 -9.730429 -0.400000
v -5.593501 -10.896429 0.400000
v -5.593501 -10.896429 -0.400000
v -7.232500 -10.896429 0.400001
v -7.232500 -10.896429 -0.399999
v -7.232500 -11.380428 0.400001
v -7.232500 -11.380428 -0.399999
v -5.054501 -11.380428 0.400000
v -5.054501 -11.380428 -0.400000
v -5.054501 -7.629429 0.400000
v -5.054501 -7.629429 -0.400000
v -7.183001 -7.629429 0.400001
v -7.183001 -7.629429 -0.399999
v -7.183001 -8.113428 0.400001
v -7.183001 -8.113428 -0.399999
vn -0.0000 -0.0000 -1.0000
vn -0.0000 -0.0000 1.0000
vn -0.3491 -0.9371 -0.0000
vn -0.3771 -0.9262 -0.0000
vn -0.3180 -0.9481 -0.0000
vn -0.2842 -0.9588 -0.0000
vn -0.2482 -0.9687 -0.0000
vn -0.2107 -0.9776 -0.0000
vn -0.1725 -0.9850 -0.0000
vn -0.1345 -0.9909 -0.0000
vn -0.0977 -0.9952 -0.0000
vn -0.0626 -0.9980 -0.0000
vn -0.0301 -0.9995 -0.0000
vn 0.0220 -0.9998 -0.0000
vn 0.1184 -0.9930 -0.0000
vn 0.2385 -0.9711 -0.0000
vn 0.3584 -0.9336 -0.0000
vn 0.4753 -0.8798 -0.0000
vn 0.5867 -0.8098 -0.0000
vn 0.6895 -0.7242 -0.0000
vn 0.7812 -0.6243 -0.0000
vn 0.8590 -0.5119 -0.0000
vn 0.9209 -0.3898 -0.0000
vn 0.9652 -0.2614 -0.0000
vn 0.9915 -0.1303 -0.0000
vn 1.0000 0.0006 -0.0000
vn 0.9913 0.1318 -0.0000
vn 0.9648 0.2630 -0.0000
vn 0.9208 0.3901 -0.0000
vn 0.8602 0.5100 -0.0000
vn 0.7845 0.6202 -0.0000
vn 0.6955 0.7186 -0.0000
vn 0.5951 0.8036 -0.0000
vn 0.4855 0.8742 -0.0000
vn 0.3688 0.9295 -0.0000
vn 0.2474 0.9689 -0.0000
vn 0.1236 0.9923 -0.0000
vn 0.0235 0.9997 -0.0000
vn -0.0308 0.9995 -0.0000
vn -0.0661 0.9978 -0.0000
vn -0.1056 0.9944 -0.0000
vn -0.1475 0.9891 -0.0000
vn -0.1899 0.9818 -0.0000
vn -0.2307 0.9730 -0.0000
vn -0.2683 0.9633 -0.0000
vn -0.3015 0.9535 -0.0000
vn -0.3299 0.9440 -0.0000
vn -0.3535 0.9355 -0.0000
vn -0.3724 0.9281 -0.0000
vn -0.8309 0.5565 -0.0000
vn -0.5168 -0.8561 -0.0000
vn 0.4493 -0.8934 -0.0000
vn 0.4153 -0.9097 -0.0000
vn 0.3798 -0.9250 -0.0000
vn 0.3429 -0.9394 -0.0000
vn 0.3798 -0.9251 -0.0000
vn 0.3044 -0.9525 -0.0000
vn 0.2645 -0.9644 -0.0000
vn 0.2232 -0.9748 -0.0000
vn 0.1806 -0.9835 -0.0000
vn 0.1369 -0.9906 -0.0000
vn 0.0921 -0.9958 -0.0000
vn 0.0464 -0.9989 -0.0000
vn -0.0201 -0.9998 -0.0000
vn -0.1277 -0.9918 -0.0000
vn -0.2547 -0.9670 -0.0000
vn -0.3780 -0.9258 -0.0000
vn -0.4953 -0.8687 -0.0000
vn -0.6044 -0.7967 -0.0000
vn -0.7034 -0.7108 -0.0000
vn -0.7905 -0.6124 -0.0000
vn -0.8642 -0.5031 -0.0000
vn -0.9231 -0.3846 -0.0000
vn -0.9658 -0.2593 -0.0000
vn -0.9915 -0.1301 -0.0000
vn -0.9658 -0.2594 -0.0000
vn -1.0000 -0.0009 -0.0000
vn -0.9918 0.1281 -0.0000
vn -0.9660 0.2586 -0.0000
vn -0.9216 0.3881 -0.0000
vn -0.8588 0.5123 -0.0000
vn -0.7790 0.6271 -0.0000
vn -0.6845 0.7290 -0.0000
vn -0.5788 0.8154 -0.0000
vn -0.4655 0.8851 -0.0000
vn -0.3480 0.9375 -0.0000
vn -0.2297 0.9733 -0.0000
vn -0.1131 0.9936 -0.0000
vn -0.0185 0.9998 -0.0000
vn 0.0368 0.9993 -0.0000
vn 0.0724 0.9974 -0.0000
vn 0.1062 0.9943 -0.0000
vn 0.1380 0.9904 -0.0000
vn 0.1676 0.9859 -0.0000
vn 0.1947 0.9809 -0.0000
vn 0.2195 0.9756 -0.0000
vn 0.1948 0.9809 -0.0000
vn 0.2416 0.9704 -0.0000
vn 0.2611 0.9653 -0.0000
vn 0.2779 0.9606 -0.0000
vn 0.2921 0.9564 -0.0000
vn 0.8058 0.5922 -0.0000
vn 0.7071 -0.7071 -0.0000
vn 0.8058 0.5923 -0.0000
vn 0.7071 0.7071 -0.0000
vn -0.7071 0.7071 -0.0000
vn -0.8338 -0.5521 -0.0000
vn 0.5420 -0.8404 -0.0000
vn -0.5507 -0.8347 -0.0000
vn 0.8345 -0.5510 -0.0000
vn -0.5508 -0.8347 -0.0000
vn 0.5510 0.8345 -0.0000
vn -0.5449 0.8385 -0.0000
vn -0.8385 -0.5449 -0.0000
vn -0.8385 -0.5448 -0.0000
vn -0.0137 -0.9999 -0.0000
vn 0.8387 0.5446 -0.0000
vn -0.8312 0.5560 -0.0000
vn -0.4344 -0.9007 -0.0000
vn -0.4345 -0.9007 -0.0000
vn 0.4344 -0.9007 -0.0000
vn 0.4345 -0.9007 -0.0000
vn -0.7071 -0.7071 -0.0000
vn -0.4312 0.9022 -0.0000
vn -0.0011 1.0000 -0.0000
vn 0.4303 0.9027 -0.0000
vn -0.0010 1.0000 -0.0000
vt 0.727273 0.000000
vt 0.000000 0.000000
vt 0.818182 0.000000
vt 0.909091 0.000000
vt 1.000000 0.000000
vt 0.090909 0.000000
vt 0.363636 0.000000
vt 0.181818 0.000000
vt 0.272727 0.000000
vt 0.454545 0.000000
vt 0.545455 0.000000
vt 0.636364 0.000000
vt 0.571429 0.000000
vt 0.714286 0.000000
vt 0.642857 0.000000
vt 0.428571 0.000000
vt 0.357143 0.000000
vt 0.785714 0.000000
vt 0.928571 0.000000
vt 0.857143 0.000000
vt 0.142857 0.000000
vt 0.071429 0.000000
vt 0.500000 0.000000
vt 0.285714 0.000000
vt 0.214286 0.000000
vt 0.400000 0.000000
vt 0.600000 0.000000
vt 0.900000 0.000000
vt 0.700000 0.000000
vt 0.800000 0.000000
vt 0.200000 0.000000
vt 0.100000 0.000000
vt 0.300000 0.000000
vt 0.336634 0.000000
vt 0.356436 0.000000
vt 0.346535 0.000000
vt 0.366337 0.000000
vt 0.376238 0.000000
vt 0.386139 0.000000
vt 0.326733 0.000000
vt 0.396040 0.000000
vt 0.405941 0.000000
vt 0.415842 0.000000
vt 0.316832 0.000000
vt 0.425743 0.000000
vt 0.435644 0.000000
vt 0.306931 0.000000
vt 0.445545 0.000000
vt 0.455446 0.000000
vt 0.297030 0.000000
vt 0.465347 0.000000
vt 0.574257 0.000000
vt 0.564356 0.000000
vt 0.554455 0.000000
vt 0.544554 0.000000
vt 0.534653 0.000000
vt 0.524752 0.000000
vt 0.514852 0.000000
vt 0.504951 0.000000
vt 0.495050 0.000000
vt 0.485149 0.000000
vt 0.475248 0.000000
vt 0.287129 0.000000
vt 0.594059 0.000000
vt 0.584158 0.000000
vt 0.603960 0.000000
vt 0.613861 0.000000
vt 0.623762 0.000000
vt 0.277228 0.000000
vt 0.633663 0.000000
vt 0.643564 0.000000
vt 0.267327 0.000000
vt 0.653465 0.000000
vt 0.663366 0.000000
vt 0.257426 0.000000
vt 0.673267 0.000000
vt 0.247525 0.000000
vt 0.683168 0.000000
vt 0.693069 0.000000
vt 0.237624 0.000000
vt 0.702970 0.000000
vt 0.227723 0.000000
vt 0.712871 0.000000
vt 0.722772 0.000000
vt 0.217822 0.000000
vt 0.970297 0.000000
vt 0.990099 0.000000
vt 0.980198 0.000000
vt 0.960396 0.000000
vt 0.732673 0.000000
vt 0.207921 0.000000
vt 0.742574 0.000000
vt 0.950495 0.000000
vt 0.198020 0.000000
vt 0.752475 0.000000
vt 0.762376 0.000000
vt 0.188119 0.000000
vt 0.772277 0.000000
vt 0.178218 0.000000
vt 0.782178 0.000000
vt 0.792079 0.000000
vt 0.168317 0.000000
vt 0.801980 0.000000
vt 0.940594 0.000000
vt 0.930693 0.000000
vt 0.920792 0.000000
vt 0.811881 0.000000
vt 0.910891 0.000000
vt 0.900990 0.000000
vt 0.891089 0.000000
vt 0.821782 0.000000
vt 0.158416 0.000000
vt 0.881188 0.000000
vt 0.871287 0.000000
vt 0.861386 0.000000
vt 0.831683 0.000000
vt 0.851485 0.000000
vt 0.841584 0.000000
vt 0.148515 0.000000
vt 0.009901 0.000000
vt 0.138614 0.000000
vt 0.019802 0.000000
vt 0.029703 0.000000
vt 0.128713 0.000000
vt 0.039604 0.000000
vt 0.049505 0.000000
vt 0.059406 0.000000
vt 0.118812 0.000000
vt 0.069307 0.000000
vt 0.079208 0.000000
vt 0.089109 0.000000
vt 0.108911 0.000000
vt 0.099010 0.000000
vt 0.009804 1.000000
vt 0.000000 1.000000
vt 0.019608 1.000000
vt 0.009804 0.000000
vt 0.029412 1.000000
vt 0.019608 0.000000
vt 0.039216 1.000000
vt 0.029412 0.000000
vt 0.049020 1.000000
vt 0.039216 0.000000
vt 0.058824 1.000000
vt 0.049020 0.000000
vt 0.068627 1.000000
vt 0.058824 0.000000
vt 0.078431 1.000000
vt 0.068627 0.000000
vt 0.088235 1.000000
vt 0.078431 0.000000
vt 0.098039 1.000000
vt 0.088235 0.000000
vt 0.107843 1.000000
vt 0.098039 0.000000
vt 0.117647 1.000000
vt 0.107843 0.000000
vt 0.127451 1.000000
vt 0.117647 0.000000
vt 0.137255 1.000000
vt 0.127451 0.000000
vt 0.147059 1.000000
vt 0.137255 0.000000
vt 0.156863 1.000000
vt 0.147059 0.000000
vt 0.166667 1.000000
vt 0.156863 0.000000
vt 0.176471 1.000000
vt 0.166667 0.000000
vt 0.186275 1.000000
vt 0.176471 0.000000
vt 0.196078 1.000000
vt 0.186275 0.000000
vt 0.205882 1.000000
vt 0.196078 0.000000
vt 0.215686 1.000000
vt 0.205882 0.000000
vt 0.225490 1.000000
vt 0.215686 0.000000
vt 0.235294 1.000000
vt 0.225490 0.000000
vt 0.245098 1.000000
vt 0.235294 0.000000
vt 0.254902 1.000000
vt 0.245098 0.000000
vt 0.264706 1.000000
vt 0.254902 0.000000
vt 0.274510 1.000000
vt 0.264706 0.000000
vt 0.284314 1.000000
vt 0.274510 0.000000
vt 0.294118 1.000000
vt 0.284314 0.000000
vt 0.303922 1.000000
vt 0.294118 0.000000
vt 0.313726 1.000000
vt 0.303922 0.000000
vt 0.323529 1.000000
vt 0.313726 0.000000
vt 0.333333 1.000000
vt 0.323529 0.000000
vt 0.343137 1.000000
vt 0.333333 0.000000
vt 0.352941 1.000000
vt 0.343137 0.000000
vt 0.362745 1.000000
vt 0.352941 0.000000
vt 0.372549 1.000000
vt 0.362745 0.000000
vt 0.382353 1.000000
vt 0.372549 0.000000
vt 0.392157 1.000000
vt 0.382353 0.000000
vt 0.401961 1.000000
vt 0.392157 0.000000
vt 0.411765 1.000000
vt 0.401961 0.000000
vt 0.421569 1.000000
vt 0.411765 0.000000
vt 0.431373 1.000000
vt 0.421569 0.000000
vt 0.441176 1.000000
vt 0.431373 0.000000
vt 0.450980 1.000000
vt 0.441176 0.000000
vt 0.460784 1.000000
vt 0.450980 0.000000
vt 0.470588 1.000000
vt 0.460784 0.000000
vt 0.480392 1.000000
vt 0.470588 0.000000
vt 0.490196 1.000000
vt 0.480392 0.000000
vt 0.500000 1.000000
vt 0.490196 0.000000
vt 0.509804 1.000000
vt 0.519608 1.000000
vt 0.509804 0.000000
vt 0.529412 1.000000
vt 0.519608 0.000000
vt 0.539216 1.000000
vt 0.529412 0.000000
vt 0.549020 1.000000
vt 0.539216 0.000000
vt 0.558824 1.000000
vt 0.549020 0.000000
vt 0.568627 1.000000
vt 0.558824 0.000000
vt 0.578431 1.000000
vt 0.568627 0.000000
vt 0.588235 1.000000
vt 0.578431 0.000000
vt 0.598039 1.000000
vt 0.588235 0.000000
vt 0.607843 1.000000
vt 0.598039 0.000000
vt 0.617647 1.000000
vt 0.607843 0.000000
vt 0.627451 1.000000
vt 0.617647 0.000000
vt 0.637255 1.000000
vt 0.627451 0.000000
vt 0.647059 1.000000
vt 0.637255 0.000000
vt 0.656863 1.000000
vt 0.647059 0.000000
vt 0.666667 1.000000
vt 0.656863 0.000000
vt 0.676471 1.000000
vt 0.666667 0.000000
vt 0.686275 1.000000
vt 0.676471 0.000000
vt 0.696078 1.000000
vt 0.686275 0.000000
vt 0.705882 1.000000
vt 0.696078 0.000000
vt 0.715686 1.000000
vt 0.705882 0.000000
vt 0.725490 1.000000
vt 0.715686 0.000000
vt 0.735294 1.000000
vt 0.725490 0.000000
vt 0.745098 1.000000
vt 0.735294 0.000000
vt 0.754902 1.000000
vt 0.745098 0.000000
vt 0.764706 1.000000
vt 0.754902 0.000000
vt 0.774510 1.000000
vt 0.764706 0.000000
vt 0.784314 1.000000
vt 0.774510 0.000000
vt 0.794118 1.000000
vt 0.784314 0.000000
vt 0.803922 1.000000
vt 0.794118 0.000000
vt 0.813725 1.000000
vt 0.803922 0.000000
vt 0.823529 1.000000
vt 0.813725 0.000000
vt 0.833333 1.000000
vt 0.823529 0.000000
vt 0.843137 1.000000
vt 0.833333 0.000000
vt 0.852941 1.000000
vt 0.843137 0.000000
vt 0.862745 1.000000
vt 0.852941 0.000000
vt 0.872549 1.000000
vt 0.862745 0.000000
vt 0.882353 1.000000
vt 0.872549 0.000000
vt 0.892157 1.000000
vt 0.882353 0.000000
vt 0.901961 1.000000
vt 0.892157 0.000000
vt 0.911765 1.000000
vt 0.901961 0.000000
vt 0.921569 1.000000
vt 0.911765 0.000000
vt 0.931373 1.000000
vt 0.921569 0.000000
vt 0.941176 1.000000
vt 0.931373 0.000000
vt 0.950980 1.000000
vt 0.941176 0.000000
vt 0.960784 1.000000
vt 0.950980 0.000000
vt 0.970588 1.000000
vt 0.960784 0.000000
vt 0.980392 1.000000
vt 0.970588 0.000000
vt 0.990196 1.000000
vt 0.980392 0.000000
vt 1.000000 1.000000
vt 0.990196 0.000000
vt 0.125000 1.000000
vt 0.250000 1.000000
vt 0.125000 0.000000
vt 0.375000 1.000000
vt 0.250000 0.000000
vt 0.375000 0.000000
vt 0.625000 1.000000
vt 0.750000 1.000000
vt 0.625000 0.000000
vt 0.875000 1.000000
vt 0.750000 0.000000
vt 0.875000 0.000000
vt 0.066667 1.000000
vt 0.133333 1.000000
vt 0.066667 0.000000
vt 0.200000 1.000000
vt 0.133333 0.000000
vt 0.266667 1.000000
vt 0.266667 0.000000
vt 0.400000 1.000000
vt 0.466667 1.000000
vt 0.533333 1.000000
vt 0.466667 0.000000
vt 0.600000 1.000000
vt 0.533333 0.000000
vt 0.733333 1.000000
vt 0.800000 1.000000
vt 0.733333 0.000000
vt 0.866667 1.000000
vt 0.933333 1.000000
vt 0.866667 0.000000
vt 0.933333 0.000000
vt 0.083333 1.000000
vt 0.083333 0.000000
vt 0.416667 1.000000
vt 0.416667 0.000000
vt 0.583333 1.000000
vt 0.583333 0.000000
vt 0.916667 1.000000
vt 0.916667 0.000000
s 0
usemtl マテリアル.001
f 9/1/1 1/2/1 10/3/1
f 1/2/1 11/4/1 10/3/1
f 1/2/1 12/5/1 11/4/1
f 9/1/1 2/6/1 1/2/1
f 9/1/1 5/7/1 2/6/1
f 5/7/1 3/8/1 2/6/1
f 5/7/1 4/9/1 3/8/1
f 9/1/1 6/10/1 5/7/1
f 9/1/1 7/11/1 6/10/1
f 9/1/1 8/12/1 7/11/1
f 21/13/1 23/14/1 22/15/1
f 21/13/1 19/16/1 23/14/1
f 19/16/1 18/17/1 23/14/1
f 18/17/1 24/18/1 23/14/1
f 24/18/1 26/19/1 25/20/1
f 24/18/1 15/21/1 26/19/1
f 15/21/1 14/22/1 26/19/1
f 14/22/1 27/5/1 26/19/1
f 21/13/1 20/23/1 19/16/1
f 17/24/1 24/18/1 18/17/1
f 24/18/1 16/25/1 15/21/1
f 13/2/1 27/5/1 14/22/1
f 17/24/1 16/25/1 24/18/1
f 32/26/1 34/27/1 33/23/1
f 32/26/1 37/28/1 34/27/1
f 37/28/1 35/29/1 34/27/1
f 32/26/1 38/5/1 37/28/1
f 36/30/1 35/29/1 37/28/1
f 32/26/1 30/31/1 38/5/1
f 30/31/1 36/30/1 38/5/1
f 30/31/1 29/32/1 36/30/1
f 29/32/1 35/29/1 36/30/1
f 32/26/1 31/33/1 30/31/1
f 28/2/1 35/29/1 29/32/1
f 73/34/1 75/35/1 74/36/1
f 73/34/1 76/37/1 75/35/1
f 73/34/1 77/38/1 76/37/1
f 73/34/1 78/39/1 77/38/1
f 72/40/1 78/39/1 73/34/1
f 72/40/1 79/41/1 78/39/1
f 72/40/1 80/42/1 79/41/1
f 72/40/1 81/43/1 80/42/1
f 71/44/1 81/43/1 72/40/1
f 71/44/1 82/45/1 81/43/1
f 71/44/1 83/46/1 82/45/1
f 70/47/1 83/46/1 71/44/1
f 70/47/1 84/48/1 83/46/1
f 70/47/1 85/49/1 84/48/1
f 69/50/1 85/49/1 70/47/1
f 69/50/1 86/51/1 85/49/1
f 69/50/1 97/52/1 86/51/1
f 97/52/1 96/53/1 86/51/1
f 96/53/1 95/54/1 86/51/1
f 95/54/1 94/55/1 86/51/1
f 94/55/1 93/56/1 86/51/1
f 93/56/1 92/57/1 86/51/1
f 92/57/1 91/58/1 86/51/1
f 91/58/1 90/59/1 86/51/1
f 90/59/1 89/60/1 86/51/1
f 89/60/1 88/61/1 86/51/1
f 88/61/1 87/62/1 86/51/1
f 68/63/1 99/64/1 69/50/1
f 99/64/1 98/65/1 69/50/1
f 98/65/1 97/52/1 69/50/1
f 68/63/1 100/66/1 99/64/1
f 68/63/1 101/67/1 100/66/1
f 68/63/1 102/68/1 101/67/1
f 67/69/1 102/68/1 68/63/1
f 67/69/1 103/70/1 102/68/1
f 67/69/1 104/71/1 103/70/1
f 66/72/1 104/71/1 67/69/1
f 66/72/1 105/73/1 104/71/1
f 66/72/1 106/74/1 105/73/1
f 65/75/1 106/74/1 66/72/1
f 65/75/1 107/76/1 106/74/1
f 64/77/1 107/76/1 65/75/1
f 64/77/1 108/78/1 107/76/1
f 64/77/1 109/79/1 108/78/1
f 63/80/1 109/79/1 64/77/1
f 63/80/1 110/81/1 109/79/1
f 62/82/1 110/81/1 63/80/1
f 62/82/1 111/83/1 110/81/1
f 62/82/1 112/84/1 111/83/1
f 61/85/1 112/84/1 62/82/1
f 137/86/1 139/87/1 138/88/1
f 137/86/1 136/89/1 139/87/1
f 136/89/1 140/5/1 139/87/1
f 61/85/1 113/90/1 112/84/1
f 60/91/1 113/90/1 61/85/1
f 60/91/1 114/92/1 113/90/1
f 135/93/1 140/5/1 136/89/1
f 59/94/1 114/92/1 60/91/1
f 59/94/1 115/95/1 114/92/1
f 59/94/1 116/96/1 115/95/1
f 58/97/1 116/96/1 59/94/1
f 58/97/1 117/98/1 116/96/1
f 57/99/1 117/98/1 58/97/1
f 57/99/1 118/100/1 117/98/1
f 57/99/1 119/101/1 118/100/1
f 56/102/1 119/101/1 57/99/1
f 56/102/1 120/103/1 119/101/1
f 134/104/1 140/5/1 135/93/1
f 133/105/1 140/5/1 134/104/1
f 132/106/1 140/5/1 133/105/1
f 56/102/1 121/107/1 120/103/1
f 131/108/1 140/5/1 132/106/1
f 130/109/1 140/5/1 131/108/1
f 129/110/1 140/5/1 130/109/1
f 56/102/1 122/111/1 121/107/1
f 55/112/1 122/111/1 56/102/1
f 128/113/1 140/5/1 129/110/1
f 127/114/1 140/5/1 128/113/1
f 126/115/1 140/5/1 127/114/1
f 55/112/1 123/116/1 122/111/1
f 125/117/1 140/5/1 126/115/1
f 124/118/1 140/5/1 125/117/1
f 123/116/1 140/5/1 124/118/1
f 55/112/1 140/5/1 123/116/1
f 54/119/1 140/5/1 55/112/1
f 54/119/1 39/2/1 140/5/1
f 54/119/1 40/120/1 39/2/1
f 53/121/1 40/120/1 54/119/1
f 53/121/1 41/122/1 40/120/1
f 53/121/1 42/123/1 41/122/1
f 52/124/1 42/123/1 53/121/1
f 52/124/1 43/125/1 42/123/1
f 52/124/1 44/126/1 43/125/1
f 52/124/1 45/127/1 44/126/1
f 51/128/1 45/127/1 52/124/1
f 51/128/1 46/129/1 45/127/1
f 51/128/1 47/130/1 46/129/1
f 51/128/1 48/131/1 47/130/1
f 50/132/1 48/131/1 51/128/1
f 50/132/1 49/133/1 48/131/1
f 149/1/2 150/3/2 141/2/2
f 141/2/2 150/3/2 151/4/2
f 141/2/2 151/4/2 152/5/2
f 149/1/2 141/2/2 142/6/2
f 149/1/2 142/6/2 145/7/2
f 145/7/2 142/6/2 143/8/2
f 145/7/2 143/8/2 144/9/2
f 149/1/2 145/7/2 146/10/2
f 149/1/2 146/10/2 147/11/2
f 149/1/2 147/11/2 148/12/2
f 161/13/2 162/15/2 163/14/2
f 161/13/2 163/14/2 159/16/2
f 159/16/2 163/14/2 158/17/2
f 158/17/2 163/14/2 164/18/2
f 164/18/2 165/20/2 166/19/2
f 164/18/2 166/19/2 155/21/2
f 155/21/2 166/19/2 154/22/2
f 154/22/2 166/19/2 167/5/2
f 161/13/2 159/16/2 160/23/2
f 157/24/2 158/17/2 164/18/2
f 164/18/2 155/21/2 156/25/2
f 153/2/2 154/22/2 167/5/2
f 157/24/2 164/18/2 156/25/2
f 172/26/2 173/23/2 174/27/2
f 172/26/2 174/27/2 177/28/2
f 177/28/2 174/27/2 175/29/2
f 172/26/2 177/28/2 178/5/2
f 176/30/2 177/28/2 175/29/2
f 172/26/2 178/5/2 170/31/2
f 170/31/2 178/5/2 176/30/2
f 170/31/2 176/30/2 169/32/2
f 169/32/2 176/30/2 175/29/2
f 172/26/2 170/31/2 171/33/2
f 168/2/2 169/32/2 175/29/2
f 213/34/2 214/36/2 215/35/2
f 213/34/2 215/35/2 216/37/2
f 213/34/2 216/37/2 217/38/2
f 213/34/2 217/38/2 218/39/2
f 212/40/2 213/34/2 218/39/2
f 212/40/2 218/39/2 219/41/2
f 212/40/2 219/41/2 220/42/2
f 212/40/2 220/42/2 221/43/2
f 211/44/2 212/40/2 221/43/2
f 211/44/2 221/43/2 222/45/2
f 211/44/2 222/45/2 223/46/2
f 210/47/2 211/44/2 223/46/2
f 210/47/2 223/46/2 224/48/2
f 210/47/2 224/48/2 225/49/2
f 209/50/2 210/47/2 225/49/2
f 209/50/2 225/49/2 226/51/2
f 209/50/2 226/51/2 237/52/2
f 237/52/2 226/51/2 236/53/2
f 236/53/2 226/51/2 235/54/2
f 235/54/2 226/51/2 234/55/2
f 234/55/2 226/51/2 233/56/2
f 233/56/2 226/51/2 232/57/2
f 232/57/2 226/51/2 231/58/2
f 231/58/2 226/51/2 230/59/2
f 230/59/2 226/51/2 229/60/2
f 229/60/2 226/51/2 228/61/2
f 228/61/2 226/51/2 227/62/2
f 208/63/2 209/50/2 239/64/2
f 239/64/2 209/50/2 238/65/2
f 238/65/2 209/50/2 237/52/2
f 208/63/2 239/64/2 240/66/2
f 208/63/2 240/66/2 241/67/2
f 208/63/2 241/67/2 242/68/2
f 207/69/2 208/63/2 242/68/2
f 207/69/2 242/68/2 243/70/2
f 207/69/2 243/70/2 244/71/2
f 206/72/2 207/69/2 244/71/2
f 206/72/2 244/71/2 245/73/2
f 206/72/2 245/73/2 246/74/2
f 205/75/2 206/72/2 246/74/2
f 205/75/2 246/74/2 247/76/2
f 204/77/2 205/75/2 247/76/2
f 204/77/2 247/76/2 248/78/2
f 204/77/2 248/78/2 249/79/2
f 203/80/2 204/77/2 249/79/2
f 203/80/2 249/79/2 250/81/2
f 202/82/2 203/80/2 250/81/2
f 202/82/2 250/81/2 251/83/2
f 202/82/2 251/83/2 252/84/2
f 201/85/2 202/82/2 252/84/2
f 277/86/2 278/88/2 279/87/2
f 277/86/2 279/87/2 276/89/2
f 276/89/2 279/87/2 280/5/2
f 201/85/2 252/84/2 253/90/2
f 200/91/2 201/85/2 253/90/2
f 200/91/2 253/90/2 254/92/2
f 275/93/2 276/89/2 280/5/2
f 199/94/2 200/91/2 254/92/2
f 199/94/2 254/92/2 255/95/2
f 199/94/2 255/95/2 256/96/2
f 198/97/2 199/94/2 256/96/2
f 198/97/2 256/96/2 257/98/2
f 197/99/2 198/97/2 257/98/2
f 197/99/2 257/98/2 258/100/2
f 197/99/2 258/100/2 259/101/2
f 196/102/2 197/99/2 259/101/2
f 196/102/2 259/101/2 260/103/2
f 274/104/2 275/93/2 280/5/2
f 273/105/2 274/104/2 280/5/2
f 272/106/2 273/105/2 280/5/2
f 196/102/2 260/103/2 261/107/2
f 271/108/2 272/106/2 280/5/2
f 270/109/2 271/108/2 280/5/2
f 269/110/2 270/109/2 280/5/2
f 196/102/2 261/107/2 262/111/2
f 195/112/2 196/102/2 262/111/2
f 268/113/2 269/110/2 280/5/2
f 267/114/2 268/113/2 280/5/2
f 266/115/2 267/114/2 280/5/2
f 195/112/2 262/111/2 263/116/2
f 265/117/2 266/115/2 280/5/2
f 264/118/2 265/117/2 280/5/2
f 263/116/2 264/118/2 280/5/2
f 195/112/2 263/116/2 280/5/2
f 194/119/2 195/112/2 280/5/2
f 194/119/2 280/5/2 179/2/2
f 194/119/2 179/2/2 180/120/2
f 193/121/2 194/119/2 180/120/2
f 193/121/2 180/120/2 181/122/2
f 193/121/2 181/122/2 182/123/2
f 192/124/2 193/121/2 182/123/2
f 192/124/2 182/123/2 183/125/2
f 192/124/2 183/125/2 184/126/2
f 192/124/2 184/126/2 185/127/2
f 191/128/2 192/124/2 185/127/2
f 191/128/2 185/127/2 186/129/2
f 191/128/2 186/129/2 187/130/2
f 191/128/2 187/130/2 188/131/2
f 190/132/2 191/128/2 188/131/2
f 190/132/2 188/131/2 189/133/2
s 1
f 284/134/3 281/2/4 282/135/4
f 286/136/5 283/137/3 284/134/3
f 288/138/6 285/139/5 286/136/5
f 290/140/7 287/141/6 288/138/6
f 292/142/8 289/143/7 290/140/7
f 294/144/9 291/145/8 292/142/8
f 296/146/10 293/147/9 294/144/9
f 298/148/11 295/149/10 296/146/10
f 300/150/12 297/151/11 298/148/11
f 302/152/13 299/153/12 300/150/12
f 304/154/14 301/155/13 302/152/13
f 306/156/15 303/157/14 304/154/14
f 308/158/16 305/159/15 306/156/15
f 310/160/17 307/161/16 308/158/16
f 312/162/18 309/163/17 310/160/17
f 314/164/19 311/165/18 312/162/18
f 316/166/20 313/167/19 314/164/19
f 318/168/21 315/169/20 316/166/20
f 320/170/22 317/171/21 318/168/21
f 322/172/23 319/173/22 320/170/22
f 324/174/24 321/175/23 322/172/23
f 326/176/25 323/177/24 324/174/24
f 328/178/26 325/179/25 326/176/25
f 330/180/27 327/181/26 328/178/26
f 332/182/28 329/183/27 330/180/27
f 334/184/29 331/185/28 332/182/28
f 336/186/30 333/187/29 334/184/29
f 338/188/31 335/189/30 336/186/30
f 340/190/32 337/191/31 338/188/31
f 342/192/33 339/193/32 340/190/32
f 344/194/34 341/195/33 342/192/33
f 346/196/35 343/197/34 344/194/34
f 348/198/36 345/199/35 346/196/35
f 350/200/37 347/201/36 348/198/36
f 352/202/38 349/203/37 350/200/37
f 354/204/39 351/205/38 352/202/38
f 356/206/40 353/207/39 354/204/39
f 358/208/41 355/209/40 356/206/40
f 360/210/42 357/211/41 358/208/41
f 362/212/43 359/213/42 360/210/42
f 364/214/44 361/215/43 362/212/43
f 366/216/45 363/217/44 364/214/44
f 368/218/46 365/219/45 366/216/45
f 370/220/47 367/221/46 368/218/46
f 372/222/48 369/223/47 370/220/47
f 374/224/49 371/225/48 372/222/48
f 376/226/50 373/227/49 374/224/49
f 378/228/51 375/229/50 376/226/50
f 380/230/52 377/231/51 378/228/51
f 382/232/53 379/233/52 380/230/52
f 384/234/54 381/235/53 382/232/53
f 386/236/55 383/23/56 384/234/54
f 388/237/57 385/238/55 386/236/55
f 390/239/58 387/240/57 388/237/57
f 392/241/59 389/242/58 390/239/58
f 394/243/60 391/244/59 392/241/59
f 396/245/61 393/246/60 394/243/60
f 398/247/62 395/248/61 396/245/61
f 400/249/63 397/250/62 398/247/62
f 402/251/64 399/252/63 400/249/63
f 404/253/65 401/254/64 402/251/64
f 406/255/66 403/256/65 404/253/65
f 408/257/67 405/258/66 406/255/66
f 410/259/68 407/260/67 408/257/67
f 412/261/69 409/262/68 410/259/68
f 414/263/70 411/264/69 412/261/69
f 416/265/71 413/266/70 414/263/70
f 418/267/72 415/268/71 416/265/71
f 420/269/73 417/270/72 418/267/72
f 422/271/74 419/272/73 420/269/73
f 424/273/75 421/274/76 422/271/74
f 426/275/77 423/276/75 424/273/75
f 428/277/78 425/278/77 426/275/77
f 430/279/79 427/280/78 428/277/78
f 432/281/80 429/282/79 430/279/79
f 434/283/81 431/284/80 432/281/80
f 436/285/82 433/286/81 434/283/81
f 438/287/83 435/288/82 436/285/82
f 440/289/84 437/290/83 438/287/83
f 442/291/85 439/292/84 440/289/84
f 444/293/86 441/294/85 442/291/85
f 446/295/87 443/296/86 444/293/86
f 448/297/88 445/298/87 446/295/87
f 450/299/89 447/300/88 448/297/88
f 452/301/90 449/302/89 450/299/89
f 454/303/91 451/304/90 452/301/90
f 456/305/92 453/306/91 454/303/91
f 458/307/93 455/308/92 456/305/92
f 460/309/94 457/310/93 458/307/93
f 462/311/95 459/312/94 460/309/94
f 464/313/96 461/314/97 462/311/95
f 466/315/98 463/316/96 464/313/96
f 468/317/99 465/318/98 466/315/98
f 470/319/100 467/320/99 468/317/99
f 472/321/101 469/322/100 470/319/100
f 474/323/102 471/324/101 472/321/101
f 476/325/103 473/326/104 474/323/102
f 478/327/103 475/328/103 476/325/103
f 480/329/105 477/330/103 478/327/103
f 482/331/106 479/332/105 480/329/105
f 484/333/107 481/334/106 482/331/106
f 282/335/4 483/336/107 484/333/107
f 488/337/108 485/2/108 486/135/108
f 490/338/109 487/339/108 488/337/108
f 492/340/109 489/341/109 490/338/109
f 494/234/110 491/342/111 492/340/109
f 496/343/112 493/23/110 494/234/110
f 498/344/113 495/345/112 496/343/112
f 500/346/114 497/347/113 498/344/113
f 486/335/108 499/348/115 500/346/114
f 504/200/116 501/2/117 502/135/117
f 506/267/118 503/203/116 504/200/116
f 502/335/117 505/270/118 506/267/118
f 510/349/103 507/2/103 508/135/103
f 512/350/119 509/351/103 510/349/103
f 514/352/120 511/353/120 512/350/119
f 516/354/121 513/31/119 514/352/120
f 518/200/122 515/355/122 516/354/121
f 520/356/123 517/203/121 518/200/122
f 522/357/123 519/26/123 520/356/123
f 524/358/103 521/359/123 522/357/123
f 526/360/105 523/361/103 524/358/103
f 528/267/124 525/27/105 526/360/105
f 530/362/125 527/270/124 528/267/124
f 532/363/126 529/364/127 530/362/125
f 534/365/106 531/30/126 532/363/126
f 536/366/123 533/367/106 534/365/106
f 508/335/103 535/368/123 536/366/123
f 540/369/106 537/2/123 538/135/123
f 542/166/106 539/370/106 540/369/106
f 544/338/123 541/169/106 542/166/106
f 546/200/123 543/341/123 544/338/123
f 548/371/106 545/203/123 546/200/123
f 550/234/106 547/372/106 548/371/106
f 552/373/123 549/23/106 550/234/106
f 554/267/103 551/374/123 552/373/123
f 556/344/105 553/270/103 554/267/103
f 558/301/106 555/347/105 556/344/105
f 560/375/123 557/304/106 558/301/106
f 538/335/123 559/376/123 560/375/123
f 284/134/3 283/137/3 281/2/4
f 286/136/5 285/139/5 283/137/3
f 288/138/6 287/141/6 285/139/5
f 290/140/7 289/143/7 287/141/6
f 292/142/8 291/145/8 289/143/7
f 294/144/9 293/147/9 291/145/8
f 296/146/10 295/149/10 293/147/9
f 298/148/11 297/151/11 295/149/10
f 300/150/12 299/153/12 297/151/11
f 302/152/13 301/155/13 299/153/12
f 304/154/14 303/157/14 301/155/13
f 306/156/15 305/159/15 303/157/14
f 308/158/16 307/161/16 305/159/15
f 310/160/17 309/163/17 307/161/16
f 312/162/18 311/165/18 309/163/17
f 314/164/19 313/167/19 311/165/18
f 316/166/20 315/169/20 313/167/19
f 318/168/21 317/171/21 315/169/20
f 320/170/22 319/173/22 317/171/21
f 322/172/23 321/175/23 319/173/22
f 324/174/24 323/177/24 321/175/23
f 326/176/25 325/179/25 323/177/24
f 328/178/26 327/181/26 325/179/25
f 330/180/27 329/183/27 327/181/26
f 332/182/28 331/185/28 329/183/27
f 334/184/29 333/187/29 331/185/28
f 336/186/30 335/189/30 333/187/29
f 338/188/31 337/191/31 335/189/30
f 340/190/32 339/193/32 337/191/31
f 342/192/33 341/195/33 339/193/32
f 344/194/34 343/197/34 341/195/33
f 346/196/35 345/199/35 343/197/34
f 348/198/36 347/201/36 345/199/35
f 350/200/37 349/203/37 347/201/36
f 352/202/38 351/205/38 349/203/37
f 354/204/39 353/207/39 351/205/38
f 356/206/40 355/209/40 353/207/39
f 358/208/41 357/211/41 355/209/40
f 360/210/42 359/213/42 357/211/41
f 362/212/43 361/215/43 359/213/42
f 364/214/44 363/217/44 361/215/43
f 366/216/45 365/219/45 363/217/44
f 368/218/46 367/221/46 365/219/45
f 370/220/47 369/223/47 367/221/46
f 372/222/48 371/225/48 369/223/47
f 374/224/49 373/227/49 371/225/48
f 376/226/50 375/229/50 373/227/49
f 378/228/51 377/231/51 375/229/50
f 380/230/52 379/233/52 377/231/51
f 382/232/53 381/235/53 379/233/52
f 384/234/54 383/23/56 381/235/53
f 386/236/55 385/238/55 383/23/56
f 388/237/57 387/240/57 385/238/55
f 390/239/58 389/242/58 387/240/57
f 392/241/59 391/244/59 389/242/58
f 394/243/60 393/246/60 391/244/59
f 396/245/61 395/248/61 393/246/60
f 398/247/62 397/250/62 395/248/61
f 400/249/63 399/252/63 397/250/62
f 402/251/64 401/254/64 399/252/63
f 404/253/65 403/256/65 401/254/64
f 406/255/66 405/258/66 403/256/65
f 408/257/67 407/260/67 405/258/66
f 410/259/68 409/262/68 407/260/67
f 412/261/69 411/264/69 409/262/68
f 414/263/70 413/266/70 411/264/69
f 416/265/71 415/268/71 413/266/70
f 418/267/72 417/270/72 415/268/71
f 420/269/73 419/272/73 417/270/72
f 422/271/74 421/274/76 419/272/73
f 424/273/75 423/276/75 421/274/76
f 426/275/77 425/278/77 423/276/75
f 428/277/78 427/280/78 425/278/77
f 430/279/79 429/282/79 427/280/78
f 432/281/80 431/284/80 429/282/79
f 434/283/81 433/286/81 431/284/80
f 436/285/82 435/288/82 433/286/81
f 438/287/83 437/290/83 435/288/82
f 440/289/84 439/292/84 437/290/83
f 442/291/85 441/294/85 439/292/84
f 444/293/86 443/296/86 441/294/85
f 446/295/87 445/298/87 443/296/86
f 448/297/88 447/300/88 445/298/87
f 450/299/89 449/302/89 447/300/88
f 452/301/90 451/304/90 449/302/89
f 454/303/91 453/306/91 451/304/90
f 456/305/92 455/308/92 453/306/91
f 458/307/93 457/310/93 455/308/92
f 460/309/94 459/312/94 457/310/93
f 462/311/95 461/314/97 459/312/94
f 464/313/96 463/316/96 461/314/97
f 466/315/98 465/318/98 463/316/96
f 468/317/99 467/320/99 465/318/98
f 470/319/100 469/322/100 467/320/99
f 472/321/101 471/324/101 469/322/100
f 474/323/102 473/326/104 471/324/101
f 476/325/103 475/328/103 473/326/104
f 478/327/103 477/330/103 475/328/103
f 480/329/105 479/332/105 477/330/103
f 482/331/106 481/334/106 479/332/105
f 484/333/107 483/336/107 481/334/106
f 282/335/4 281/5/4 483/336/107
f 488/337/108 487/339/108 485/2/108
f 490/338/109 489/341/109 487/339/108
f 492/340/109 491/342/111 489/341/109
f 494/234/110 493/23/110 491/342/111
f 496/343/112 495/345/112 493/23/110
f 498/344/113 497/347/113 495/345/112
f 500/346/114 499/348/115 497/347/113
f 486/335/108 485/5/108 499/348/115
f 504/200/116 503/203/116 501/2/117
f 506/267/118 505/270/118 503/203/116
f 502/335/117 501/5/117 505/270/118
f 510/349/103 509/351/103 507/2/103
f 512/350/119 511/353/120 509/351/103
f 514/352/120 513/31/119 511/353/120
f 516/354/121 515/355/122 513/31/119
f 518/200/122 517/203/121 515/355/122
f 520/356/123 519/26/123 517/203/121
f 522/357/123 521/359/123 519/26/123
f 524/358/103 523/361/103 521/359/123
f 526/360/105 525/27/105 523/361/103
f 528/267/124 527/270/124 525/27/105
f 530/362/125 529/364/127 527/270/124
f 532/363/126 531/30/126 529/364/127
f 534/365/106 533/367/106 531/30/126
f 536/366/123 535/368/123 533/367/106
f 508/335/103 507/5/103 535/368/123
f 540/369/106 539/370/106 537/2/123
f 542/166/106 541/169/106 539/370/106
f 544/338/123 543/341/123 541/169/106
f 546/200/123 545/203/123 543/341/123
f 548/371/106 547/372/106 545/203/123
f 550/234/106 549/23/106 547/372/106
f 552/373/123 551/374/123 549/23/106
f 554/267/103 553/270/103 551/374/123
f 556/344/105 555/347/105 553/270/103
f 558/301/106 557/304/106 555/347/105
f 560/375/123 559/376/123 557/304/106
f 538/335/123 537/5/123 559/376/123
o テキスト
v -14.564698 8.457323 -0.399999
v -14.555084 8.410583 -0.399999
v -14.539595 8.366219 -0.399999
v -14.518667 8.324667 -0.399999
v -14.492741 8.286365 -0.399999
v -14.462251 8.251750 -0.399999
v -14.427637 8.221260 -0.399999
v -14.389335 8.195333 -0.399999
v -14.347782 8.174406 -0.399999
v -14.303418 8.158916 -0.399999
v -14.256680 8.149302 -0.399999
v -14.208002 8.146000 -0.399999
v -14.159323 8.149302 -0.399999
v -14.112583 8.158916 -0.399999
v -14.068219 8.174406 -0.399999
v -14.026667 8.195333 -0.399999
v -13.988365 8.221260 -0.399999
v -13.953751 8.251750 -0.399999
v -13.923262 8.286365 -0.399999
v -13.897335 8.324667 -0.399999
v -13.876408 8.366219 -0.399999
v -13.860918 8.410583 -0.399999
v -13.851303 8.457323 -0.399999
v -13.848001 8.506000 -0.399999
v -13.851305 8.554677 -0.399999
v -13.860920 8.601417 -0.399999
v -13.876410 8.645782 -0.399999
v -13.897336 8.687333 -0.399999
v -13.923263 8.725636 -0.399999
v -13.953753 8.760250 -0.399999
v -13.988367 8.790740 -0.399999
v -14.026669 8.816667 -0.399999
v -14.068220 8.837594 -0.399999
v -14.112585 8.853084 -0.399999
v -14.159325 8.862698 -0.399999
v -14.208002 8.866000 -0.399999
v -14.256681 8.862698 -0.399999
v -14.303421 8.853083 -0.399999
v -14.347786 8.837593 -0.399999
v -14.389338 8.816667 -0.399999
v -14.427639 8.790739 -0.399999
v -14.462254 8.760250 -0.399999
v -14.492743 8.725636 -0.399999
v -14.518670 8.687333 -0.399999
v -14.539597 8.645781 -0.399999
v -14.555086 8.601417 -0.399999
v -14.564701 8.554677 -0.399999
v -14.568003 8.506000 -0.399999
v -14.256508 12.339871 -0.399999
v -14.306056 12.321472 -0.399999
v -14.350688 12.290781 -0.399999
v -14.390445 12.247778 -0.399999
v -14.425367 12.192441 -0.399999
v -14.455500 12.124750 -0.399999
v -14.480882 12.044683 -0.399999
v -14.501555 11.952222 -0.399999
v -14.517563 11.847343 -0.399999
v -14.528946 11.730028 -0.399999
v -14.535745 11.600254 -0.399999
v -14.538002 11.458000 -0.399999
v -14.537752 11.393003 -0.399999
v -14.537003 11.330028 -0.399999
v -14.535751 11.269094 -0.399999
v -14.534002 11.210222 -0.399999
v -14.531752 11.153434 -0.399999
v -14.529003 11.098750 -0.399999
v -14.525753 11.046191 -0.399999
v -14.522003 10.995778 -0.399999
v -14.517754 10.947532 -0.399999
v -14.513002 10.901472 -0.399999
v -14.507752 10.857621 -0.399999
v -14.502002 10.816000 -0.399999
v -14.352003 9.784000 -0.399999
v -14.342976 9.721104 -0.399999
v -14.333807 9.664333 -0.399999
v -14.324345 9.613563 -0.399999
v -14.314445 9.568666 -0.399999
v -14.303963 9.529521 -0.399999
v -14.292751 9.496000 -0.399999
v -14.280664 9.467979 -0.399999
v -14.267557 9.445333 -0.399999
v -14.253283 9.427938 -0.399999
v -14.237696 9.415667 -0.399999
v -14.220652 9.408396 -0.399999
v -14.202002 9.406000 -0.399999
v -14.183350 9.408396 -0.399999
v -14.166306 9.415667 -0.399999
v -14.150719 9.427938 -0.399999
v -14.136444 9.445333 -0.399999
v -14.123337 9.467979 -0.399999
v -14.111250 9.496000 -0.399999
v -14.100039 9.529521 -0.399999
v -14.089556 9.568666 -0.399999
v -14.079657 9.613563 -0.399999
v -14.070194 9.664333 -0.399999
v -14.061026 9.721104 -0.399999
v -14.052002 9.784000 -0.399999
v -13.902002 10.816000 -0.399999
v -13.896250 10.857621 -0.399999
v -13.891001 10.901472 -0.399999
v -13.886251 10.947532 -0.399999
v -13.882001 10.995778 -0.399999
v -13.878252 11.046191 -0.399999
v -13.875002 11.098750 -0.399999
v -13.872252 11.153434 -0.399999
v -13.870002 11.210222 -0.399999
v -13.868252 11.269094 -0.399999
v -13.867002 11.330028 -0.399999
v -13.866253 11.393003 -0.399999
v -13.866002 11.458000 -0.399999
v -13.868258 11.600254 -0.399999
v -13.875057 11.730028 -0.399999
v -13.886440 11.847344 -0.399999
v -13.902447 11.952223 -0.399999
v -13.923120 12.044684 -0.399999
v -13.948503 12.124750 -0.399999
v -13.978635 12.192441 -0.399999
v -14.013557 12.247778 -0.399999
v -14.053314 12.290781 -0.399999
v -14.097946 12.321472 -0.399999
v -14.147495 12.339871 -0.399999
v -14.202002 12.346001 -0.399999
v -13.163815 9.366924 -0.399999
v -13.128002 9.172389 -0.399999
v -13.069691 8.991438 -0.399999
v -12.990003 8.825111 -0.399999
v -12.890066 8.674452 -0.399999
v -12.771003 8.540500 -0.399999
v -12.633940 8.424298 -0.399999
v -12.480002 8.326889 -0.399999
v -12.310315 8.249312 -0.399999
v -12.126002 8.192611 -0.399999
v -11.928190 8.157826 -0.399999
v -11.718002 8.146000 -0.399999
v -11.516085 8.158284 -0.399999
v -11.325169 8.194277 -0.399999
v -11.146502 8.252687 -0.399999
v -10.981335 8.332222 -0.399999
v -10.830918 8.431590 -0.399999
v -10.696502 8.549500 -0.399999
v -10.579334 8.684660 -0.399999
v -10.480668 8.835777 -0.399999
v -10.401752 9.001562 -0.399999
v -10.343836 9.180722 -0.399999
v -10.308168 9.371965 -0.399999
v -10.296001 9.574000 -0.399999
v -10.308627 9.763629 -0.399999
v -10.345502 9.944528 -0.399999
v -10.405127 10.115219 -0.399999
v -10.486002 10.274222 -0.399999
v -10.586627 10.420059 -0.399999
v -10.705502 10.551250 -0.399999
v -10.841127 10.666316 -0.399999
v -10.992002 10.763778 -0.399999
v -11.156627 10.842156 -0.399999
v -11.333502 10.899972 -0.399999
v -11.521127 10.935747 -0.399999
v -11.718002 10.948000 -0.399999
v -11.924412 10.936205 -0.399999
v -12.119755 10.901639 -0.399999
v -12.302723 10.845531 -0.399999
v -12.472004 10.769112 -0.399999
v -12.626286 10.673608 -0.399999
v -12.764254 10.560250 -0.399999
v -12.884597 10.430267 -0.399999
v -12.986003 10.284889 -0.399999
v -13.067159 10.125343 -0.399999
v -13.126753 9.952861 -0.399999
v -13.163471 9.768670 -0.399999
v -13.176003 9.574000 -0.399999
v -10.849266 9.435608 -0.399999
v -10.870613 9.305861 -0.399999
v -10.905376 9.185406 -0.399999
v -10.952890 9.074889 -0.399999
v -11.012487 8.974955 -0.399999
v -11.083502 8.886250 -0.399999
v -11.165266 8.809420 -0.399999
v -11.257113 8.745111 -0.399999
v -11.358377 8.693969 -0.399999
v -11.468391 8.656639 -0.399999
v -11.586489 8.633767 -0.399999
v -11.712002 8.625999 -0.399999
v -11.848545 8.633420 -0.399999
v -11.975837 8.655361 -0.399999
v -12.093378 8.691343 -0.399999
v -12.200669 8.740889 -0.399999
v -12.297211 8.803517 -0.399999
v -12.382502 8.878750 -0.399999
v -12.456043 8.966107 -0.399999
v -12.517334 9.065111 -0.399999
v -12.565876 9.175282 -0.399999
v -12.601168 9.296139 -0.399999
v -12.622710 9.427205 -0.399999
v -12.630001 9.568000 -0.399999
v -12.622137 9.695365 -0.399999
v -12.599084 9.815917 -0.399999
v -12.561657 9.928843 -0.399999
v -12.510668 10.033334 -0.399999
v -12.446929 10.128572 -0.399999
v -12.371252 10.213750 -0.399999
v -12.284451 10.288053 -0.399999
v -12.187336 10.350667 -0.399999
v -12.080721 10.400782 -0.399999
v -11.965419 10.437583 -0.399999
v -11.842241 10.460260 -0.399999
v -11.712002 10.468000 -0.399999
v -11.589009 10.460264 -0.399999
v -11.472557 10.437611 -0.399999
v -11.363440 10.400875 -0.399999
v -11.262446 10.350889 -0.399999
v -11.170370 10.288486 -0.399999
v -11.088001 10.214500 -0.399999
v -11.016133 10.129764 -0.399999
v -10.955557 10.035111 -0.399999
v -10.907064 9.931375 -0.399999
v -10.871446 9.819389 -0.399999
v -10.849495 9.699986 -0.399999
v -10.842002 9.574000 -0.399999
v -8.652000 10.276000 -0.399999
v -8.664001 10.276000 -0.399999
v -8.731255 10.388795 -0.399999
v -8.798028 10.490361 -0.399999
v -8.864345 10.580969 -0.399999
v -8.930223 10.660889 -0.399999
v -8.995685 10.730392 -0.399999
v -9.060751 10.789750 -0.399999
v -9.125443 10.839232 -0.399999
v -9.189779 10.879111 -0.399999
v -9.253782 10.909657 -0.399999
v -9.317472 10.931139 -0.399999
v -9.380873 10.943830 -0.399999
v -9.444000 10.948000 -0.399999
v -9.497768 10.945871 -0.399999
v -9.551140 10.939472 -0.399999
v -9.604219 10.928782 -0.399999
v -9.657112 10.913778 -0.399999
v -9.709921 10.894441 -0.399999
v -9.762751 10.870750 -0.399999
v -9.815705 10.842684 -0.399999
v -9.868890 10.810223 -0.399999
v -9.922407 10.773344 -0.399999
v -9.976362 10.732028 -0.399999
v -10.030859 10.686254 -0.399999
v -10.086001 10.636000 -0.399999
v -9.804001 10.174000 -0.399999
v -9.762576 10.211966 -0.399999
v -9.719611 10.247723 -0.399999
v -9.675563 10.281062 -0.399999
v -9.630889 10.311778 -0.399999
v -9.586049 10.339660 -0.399999
v -9.541501 10.364500 -0.399999
v -9.497702 10.386090 -0.399999
v -9.455112 10.404222 -0.399999
v -9.414188 10.418688 -0.399999
v -9.375390 10.429277 -0.399999
v -9.339174 10.435785 -0.399999
v -9.306001 10.438000 -0.399999
v -9.216248 10.430532 -0.399999
v -9.130473 10.408750 -0.399999
v -9.049408 10.373593 -0.399999
v -8.973780 10.326000 -0.399999
v -8.904318 10.266906 -0.399999
v -8.841751 10.197250 -0.399999
v -8.786810 10.117969 -0.399999
v -8.740223 10.030000 -0.399999
v -8.702720 9.934281 -0.399999
v -8.675029 9.831750 -0.399999
v -8.657880 9.723344 -0.399999
v -8.652000 9.610000 -0.399999
v -8.652000 8.200000 -0.399999
v -8.118001 8.200000 -0.399999
v -8.118001 10.894000 -0.399999
v -8.652000 10.894000 -0.399999
v -7.377514 8.412368 -0.399999
v -7.297611 8.365444 -0.399999
v -7.217625 8.323187 -0.399999
v -7.136889 8.285555 -0.399999
v -7.054736 8.252507 -0.399999
v -6.970500 8.224000 -0.399999
v -6.883514 8.199993 -0.399999
v -6.793111 8.180445 -0.399999
v -6.698626 8.165312 -0.399999
v -6.599389 8.154555 -0.399999
v -6.494737 8.148132 -0.399999
v -6.384001 8.146000 -0.399999
v -6.181806 8.160007 -0.399999
v -5.995445 8.200556 -0.399999
v -5.825251 8.265438 -0.399999
v -5.671556 8.352445 -0.399999
v -5.534695 8.459368 -0.400000
v -5.415000 8.584000 -0.400000
v -5.312806 8.724132 -0.400000
v -5.228445 8.877556 -0.400000
v -5.162251 9.042063 -0.400000
v -5.114556 9.215445 -0.400000
v -5.085695 9.395493 -0.400000
v -5.076000 9.580000 -0.400000
v -5.086584 9.778334 -0.400000
v -5.117667 9.964666 -0.400000
v -5.168250 10.138000 -0.400000
v -5.237333 10.297334 -0.400000
v -5.323917 10.441667 -0.400000
v -5.427001 10.570000 -0.400000
v -5.545584 10.681334 -0.400000
v -5.678667 10.774667 -0.399999
v -5.825251 10.849000 -0.399999
v -5.984334 10.903334 -0.399999
v -6.154917 10.936666 -0.399999
v -6.336000 10.948000 -0.399999
v -6.509012 10.937861 -0.399999
v -6.670585 10.907389 -0.399999
v -6.820033 10.856500 -0.399999
v -6.956668 10.785111 -0.399999
v -7.079803 10.693139 -0.399999
v -7.188751 10.580500 -0.399999
v -7.282824 10.447111 -0.399999
v -7.361334 10.292889 -0.399999
v -7.423594 10.117750 -0.399999
v -7.468917 9.921611 -0.399999
v -7.496614 9.704389 -0.399999
v -7.506001 9.466000 -0.399999
v -5.610001 9.466000 -0.400000
v -5.635618 9.337885 -0.399999
v -5.670444 9.220583 -0.399999
v -5.714437 9.114157 -0.399999
v -5.767556 9.018666 -0.399999
v -5.829757 8.934177 -0.399999
v -5.901000 8.860750 -0.399999
v -5.981244 8.798448 -0.399999
v -6.070445 8.747334 -0.399999
v -6.168563 8.707469 -0.399999
v -6.275556 8.678917 -0.399999
v -6.391382 8.661739 -0.399999
v -6.516001 8.656000 -0.399999
v -6.596640 8.658479 -0.399999
v -6.676612 8.665833 -0.399999
v -6.756001 8.677938 -0.399999
v -6.834890 8.694667 -0.399999
v -6.913363 8.715896 -0.399999
v -6.991501 8.741500 -0.399999
v -7.069390 8.771354 -0.399999
v -7.147112 8.805333 -0.399999
v -7.224751 8.843312 -0.399999
v -7.302390 8.885166 -0.399999
v -7.380112 8.930771 -0.399999
v -7.458000 8.980000 -0.399999
v -7.458000 8.464000 -0.399999
v -6.969041 9.918813 -0.399999
v -6.951333 10.011000 -0.399999
v -6.925125 10.096188 -0.399999
v -6.890666 10.174000 -0.399999
v -6.848208 10.244062 -0.399999
v -6.798000 10.306000 -0.399999
v -6.740292 10.359438 -0.399999
v -6.675334 10.404000 -0.399999
v -6.603375 10.439313 -0.399999
v -6.524667 10.465000 -0.399999
v -6.439459 10.480687 -0.399999
v -6.348001 10.486000 -0.399999
v -6.249383 10.481031 -0.399999
v -6.157557 10.466250 -0.399999
v -6.072563 10.441844 -0.399999
v -5.994445 10.408000 -0.399999
v -5.923244 10.364906 -0.399999
v -5.859001 10.312750 -0.399999
v -5.801758 10.251719 -0.399999
v -5.751556 10.182000 -0.399999
v -5.708438 10.103782 -0.399999
v -5.672445 10.017250 -0.399999
v -5.643619 9.922594 -0.399999
v -5.622000 9.820000 -0.400000
v -6.978001 9.820000 -0.399999
v -4.675379 8.317837 -0.400000
v -4.622028 8.284194 -0.400000
v -4.573219 8.254844 -0.400000
v -4.528223 8.229555 -0.400000
v -4.486309 8.208100 -0.400000
v -4.446750 8.190249 -0.400000
v -4.408816 8.175774 -0.400000
v -4.371778 8.164444 -0.400000
v -4.334907 8.156031 -0.400000
v -4.297473 8.150306 -0.400000
v -4.258747 8.147038 -0.400000
v -4.218000 8.146000 -0.400000
v -4.161733 8.147764 -0.400000
v -4.109861 8.153111 -0.400000
v -4.062282 8.162125 -0.400000
v -4.018889 8.174889 -0.400000
v -3.979580 8.191486 -0.400000
v -3.944250 8.212000 -0.400000
v -3.912795 8.236514 -0.400000
v -3.885111 8.265111 -0.400000
v -3.861094 8.297874 -0.400000
v -3.840639 8.334888 -0.400000
v -3.823642 8.376236 -0.400000
v -3.810000 8.422000 -0.400000
v -3.751257 8.377497 -0.400000
v -3.692055 8.336972 -0.400000
v -3.632437 8.300406 -0.400000
v -3.572444 8.267777 -0.400000
v -3.512118 8.239066 -0.400000
v -3.451500 8.214250 -0.400000
v -3.390632 8.193309 -0.400000
v -3.329556 8.176222 -0.400000
v -3.268312 8.162969 -0.400000
v -3.206944 8.153527 -0.400000
v -3.145494 8.147879 -0.400000
v -3.084000 8.146000 -0.400000
v -2.987827 8.152340 -0.400000
v -2.897611 8.170722 -0.400000
v -2.813812 8.200188 -0.400000
v -2.736889 8.239778 -0.400000
v -2.667299 8.288534 -0.400000
v -2.605500 8.345500 -0.400000
v -2.551951 8.409715 -0.400000
v -2.507111 8.480222 -0.400000
v -2.471437 8.556063 -0.400000
v -2.445389 8.636278 -0.400000
v -2.429424 8.719910 -0.400000
v -2.424000 8.806000 -0.400000
v -2.433813 8.931962 -0.400000
v -2.462000 9.043694 -0.400000
v -2.506688 9.142468 -0.400000
v -2.566000 9.229555 -0.400000
v -2.638063 9.306226 -0.400000
v -2.721000 9.373750 -0.400000
v -2.812938 9.433399 -0.400000
v -2.912000 9.486444 -0.400000
v -3.016313 9.534156 -0.400000
v -3.124000 9.577806 -0.400000
v -3.233188 9.618663 -0.400000
v -3.342000 9.658000 -0.400000
v -3.816000 9.826000 -0.400000
v -3.816000 9.970000 -0.400000
v -3.812625 10.049910 -0.400000
v -3.802500 10.121778 -0.400000
v -3.785625 10.185813 -0.400000
v -3.762000 10.242222 -0.400000
v -3.731625 10.291215 -0.400000
v -3.694500 10.333000 -0.400000
v -3.650625 10.367785 -0.400000
v -3.600000 10.395778 -0.400000
v -3.542625 10.417188 -0.400000
v -3.478500 10.432222 -0.400000
v -3.407625 10.441091 -0.400000
v -3.330000 10.444000 -0.400000
v -3.256403 10.441108 -0.400000
v -3.182723 10.432362 -0.400000
v -3.109125 10.417656 -0.400000
v -3.035778 10.396889 -0.400000
v -2.962847 10.369955 -0.400000
v -2.890500 10.336750 -0.400000
v -2.818903 10.297171 -0.400000
v -2.748222 10.251111 -0.400000
v -2.678625 10.198469 -0.400000
v -2.610278 10.139139 -0.400000
v -2.543347 10.073017 -0.400000
v -2.478000 10.000000 -0.400000
v -2.478000 10.582000 -0.400000
v -2.532257 10.640879 -0.400000
v -2.590056 10.694528 -0.400000
v -2.651438 10.742969 -0.400000
v -2.716445 10.786222 -0.400000
v -2.785118 10.824309 -0.400000
v -2.857500 10.857250 -0.400000
v -2.933632 10.885066 -0.400000
v -3.013556 10.907778 -0.400000
v -3.097313 10.925406 -0.400000
v -3.184945 10.937972 -0.400000
v -3.276493 10.945497 -0.400000
v -3.372000 10.948000 -0.400000
v -3.505942 10.942215 -0.400000
v -3.634029 10.924723 -0.400000
v -3.755157 10.895312 -0.400000
v -3.868223 10.853778 -0.400000
v -3.972122 10.799910 -0.400000
v -4.065751 10.733500 -0.400000
v -4.148004 10.654341 -0.400000
v -4.217778 10.562222 -0.400000
v -4.273969 10.456938 -0.400000
v -4.315473 10.338278 -0.400000
v -4.341184 10.206035 -0.400000
v -4.350000 10.059999 -0.400000
v -4.350000 8.674000 -0.400000
v -4.350747 8.649858 -0.400000
v -4.352973 8.628361 -0.400000
v -4.356657 8.609406 -0.400000
v -4.361778 8.592889 -0.400000
v -4.368317 8.578705 -0.400000
v -4.376250 8.566750 -0.400000
v -4.385560 8.556920 -0.400000
v -4.396223 8.549111 -0.400000
v -4.408219 8.543219 -0.400000
v -4.421528 8.539139 -0.400000
v -4.436129 8.536767 -0.400000
v -4.452000 8.536000 -0.400000
v -4.466601 8.537114 -0.400000
v -4.483306 8.540417 -0.400000
v -4.501969 8.545844 -0.400000
v -4.522445 8.553333 -0.400000
v -4.544587 8.562822 -0.400000
v -4.568251 8.574250 -0.400000
v -4.593288 8.587552 -0.400000
v -4.619556 8.602667 -0.400000
v -4.646907 8.619532 -0.400000
v -4.675195 8.638083 -0.400000
v -4.704275 8.658260 -0.400000
v -4.734000 8.680000 -0.400000
v -4.734000 8.356000 -0.400000
v -3.703444 9.492907 -0.400000
v -3.594556 9.453250 -0.400000
v -3.490500 9.412469 -0.400000
v -3.392445 9.370000 -0.400000
v -3.301556 9.325281 -0.400000
v -3.219000 9.277750 -0.400000
v -3.145945 9.226844 -0.400000
v -3.083556 9.172000 -0.400000
v -3.033000 9.112657 -0.400000
v -2.995445 9.048250 -0.400000
v -2.972056 8.978219 -0.400000
v -2.964000 8.902000 -0.400000
v -2.967316 8.847927 -0.400000
v -2.977028 8.796917 -0.400000
v -2.992781 8.749281 -0.400000
v -3.014222 8.705334 -0.400000
v -3.040996 8.665385 -0.400000
v -3.072750 8.629750 -0.400000
v -3.109128 8.598740 -0.400000
v -3.149778 8.572666 -0.400000
v -3.194344 8.551844 -0.400000
v -3.242472 8.536583 -0.400000
v -3.293809 8.527198 -0.400000
v -3.348000 8.524000 -0.400000
v -3.389750 8.525732 -0.400000
v -3.431000 8.530861 -0.400000
v -3.471750 8.539281 -0.400000
v -3.512000 8.550889 -0.400000
v -3.551750 8.565579 -0.400000
v -3.591000 8.583250 -0.400000
v -3.629750 8.603795 -0.400000
v -3.668000 8.627111 -0.400000
v -3.705750 8.653093 -0.400000
v -3.743001 8.681639 -0.400000
v -3.779750 8.712643 -0.400000
v -3.816000 8.746000 -0.400000
v -3.816000 9.532000 -0.400000
v -2.124001 10.894000 -0.400000
v -2.124001 10.414000 -0.400000
v -1.272001 10.414000 -0.400000
v -1.272001 9.034000 -0.400000
v -1.276577 8.959170 -0.400000
v -1.289612 8.893361 -0.400000
v -1.310063 8.836094 -0.400000
v -1.336890 8.786889 -0.400000
v -1.369049 8.745268 -0.400000
v -1.405501 8.710750 -0.400000
v -1.445202 8.682858 -0.400000
v -1.487112 8.661111 -0.400000
v -1.530188 8.645031 -0.400000
v -1.573390 8.634139 -0.400000
v -1.615674 8.627954 -0.400000
v -1.656000 8.625999 -0.400000
v -1.704132 8.627375 -0.400000
v -1.752556 8.631500 -0.400000
v -1.801313 8.638375 -0.400000
v -1.850445 8.648000 -0.400000
v -1.899994 8.660375 -0.400000
v -1.950001 8.675500 -0.400000
v -2.000507 8.693375 -0.400000
v -2.051556 8.714000 -0.400000
v -2.103188 8.737375 -0.400000
v -2.155445 8.763500 -0.400000
v -2.208369 8.792375 -0.400000
v -2.262001 8.823999 -0.400000
v -2.262001 8.326000 -0.400000
v -2.213501 8.301031 -0.400000
v -2.161501 8.277250 -0.400000
v -2.106751 8.254844 -0.400000
v -2.050001 8.234000 -0.400000
v -1.992001 8.214907 -0.400000
v -1.933501 8.197750 -0.400000
v -1.875251 8.182718 -0.400000
v -1.818001 8.170000 -0.400000
v -1.762501 8.159781 -0.400000
v -1.709501 8.152250 -0.400000
v -1.659751 8.147593 -0.400000
v -1.614001 8.146000 -0.400000
v -1.474504 8.153364 -0.400000
v -1.347028 8.174916 -0.400000
v -1.231594 8.209844 -0.400000
v -1.128223 8.257333 -0.400000
v -1.036935 8.316572 -0.400000
v -0.957751 8.386749 -0.400000
v -0.890692 8.467052 -0.400000
v -0.835778 8.556666 -0.400000
v -0.793032 8.654781 -0.400000
v -0.762473 8.760583 -0.400000
v -0.744122 8.873260 -0.400000
v -0.738001 8.992000 -0.400000
v -0.738001 10.414000 -0.400000
v -0.270000 10.414000 -0.400000
v -0.270000 10.474000 -0.400000
v -1.272001 11.452001 -0.400000
v -1.272001 10.894000 -0.400000
v 2.094810 11.394934 -0.400000
v 2.135973 11.403473 -0.400000
v 2.175095 11.417219 -0.400000
v 2.211779 11.435778 -0.400000
v 2.245629 11.458754 -0.400000
v 2.276251 11.485750 -0.400000
v 2.303247 11.516372 -0.400000
v 2.326223 11.550222 -0.400000
v 2.344782 11.586906 -0.400000
v 2.358529 11.626028 -0.400000
v 2.367067 11.667192 -0.400000
v 2.370001 11.710000 -0.400000
v 2.367067 11.752810 -0.400000
v 2.358528 11.793972 -0.400000
v 2.344782 11.833094 -0.400000
v 2.326223 11.869778 -0.400000
v 2.303247 11.903628 -0.400000
v 2.276251 11.934250 -0.400000
v 2.245629 11.961246 -0.400000
v 2.211779 11.984222 -0.400000
v 2.175095 12.002781 -0.400000
v 2.135973 12.016528 -0.400000
v 2.094810 12.025066 -0.400000
v 2.052001 12.028000 -0.400000
v 2.009192 12.025066 -0.400000
v 1.968029 12.016527 -0.400000
v 1.928907 12.002781 -0.400000
v 1.892223 11.984222 -0.400000
v 1.858372 11.961246 -0.400000
v 1.827751 11.934250 -0.400000
v 1.800754 11.903628 -0.400000
v 1.777779 11.869778 -0.400000
v 1.759220 11.833094 -0.400000
v 1.745473 11.793972 -0.400000
v 1.736935 11.752810 -0.400000
v 1.734001 11.710000 -0.400000
v 1.736935 11.667191 -0.400000
v 1.745473 11.626028 -0.400000
v 1.759220 11.586906 -0.400000
v 1.777779 11.550222 -0.400000
v 1.800755 11.516372 -0.400000
v 1.827751 11.485750 -0.400000
v 1.858372 11.458754 -0.400000
v 1.892223 11.435778 -0.400000
v 1.928907 11.417219 -0.400000
v 1.968029 11.403472 -0.400000
v 2.009192 11.394934 -0.400000
v 2.052001 11.392000 -0.400000
v 2.322001 8.200000 -0.400000
v 2.322001 10.894000 -0.400000
v 1.788001 10.894000 -0.400000
v 1.788001 8.200000 -0.400000
v 3.152587 10.245142 -0.400000
v 3.226195 10.287639 -0.400000
v 3.298594 10.325594 -0.400000
v 3.369556 10.359111 -0.400000
v 3.438851 10.388295 -0.400000
v 3.506250 10.413250 -0.400000
v 3.571524 10.434080 -0.400000
v 3.634445 10.450889 -0.400000
v 3.694782 10.463781 -0.400000
v 3.752306 10.472861 -0.400000
v 3.806789 10.478232 -0.400000
v 3.858001 10.480000 -0.400000
v 3.910341 10.477910 -0.400000
v 3.959223 10.471778 -0.400000
v 4.004438 10.461813 -0.400000
v 4.045778 10.448222 -0.400000
v 4.083035 10.431215 -0.400000
v 4.116001 10.411000 -0.400000
v 4.144466 10.387785 -0.400000
v 4.168223 10.361778 -0.400000
v 4.187063 10.333187 -0.400000
v 4.200778 10.302222 -0.400000
v 4.209161 10.269091 -0.400000
v 4.212001 10.234000 -0.400000
v 4.208185 10.203438 -0.400000
v 4.196473 10.171500 -0.400000
v 4.176469 10.137813 -0.400000
v 4.147779 10.102000 -0.400000
v 4.110004 10.063687 -0.400000
v 4.062751 10.022500 -0.400000
v 4.005622 9.978063 -0.400000
v 3.938223 9.930000 -0.400000
v 3.860157 9.877937 -0.400000
v 3.771029 9.821500 -0.400000
v 3.670442 9.760312 -0.400000
v 3.558001 9.694000 -0.400000
v 3.452806 9.622636 -0.400000
v 3.358945 9.555083 -0.400000
v 3.276001 9.490656 -0.400000
v 3.203557 9.428667 -0.400000
v 3.141195 9.368427 -0.400000
v 3.088501 9.309250 -0.400000
v 3.045056 9.250448 -0.400000
v 3.010445 9.191334 -0.400000
v 2.984251 9.131219 -0.400000
v 2.966056 9.069417 -0.400000
v 2.955445 9.005239 -0.400000
v 2.952001 8.938000 -0.400000
v 2.959733 8.822844 -0.400000
v 2.982361 8.714749 -0.400000
v 3.019032 8.614281 -0.400000
v 3.068889 8.521999 -0.400000
v 3.131080 8.438469 -0.400000
v 3.204751 8.364250 -0.400000
v 3.289046 8.299906 -0.400000
v 3.383112 8.246000 -0.400000
v 3.486094 8.203094 -0.400000
v 3.597139 8.171750 -0.400000
v 3.715393 8.152531 -0.400000
v 3.840001 8.146000 -0.400000
v 3.921094 8.147403 -0.400000
v 3.999750 8.151722 -0.400000
v 4.076531 8.159124 -0.400000
v 4.152000 8.169778 -0.400000
v 4.226719 8.183847 -0.400000
v 4.301250 8.201500 -0.400000
v 4.376157 8.222902 -0.400000
v 4.452001 8.248222 -0.400000
v 4.529345 8.277625 -0.400000
v 4.608751 8.311277 -0.400000
v 4.690782 8.349347 -0.400000
v 4.776001 8.392000 -0.400000
v 4.776001 8.968000 -0.400000
v 4.689667 8.910618 -0.400000
v 4.604834 8.858444 -0.400000
v 4.521750 8.811438 -0.400000
v 4.440667 8.769555 -0.400000
v 4.361834 8.732757 -0.400000
v 4.285501 8.701000 -0.400000
v 4.211917 8.674243 -0.400000
v 4.141334 8.652445 -0.400000
v 4.074000 8.635563 -0.400000
v 4.010167 8.623555 -0.400000
v 3.950084 8.616382 -0.400000
v 3.894001 8.614000 -0.400000
v 3.840835 8.618876 -0.400000
v 3.789668 8.627501 -0.400000
v 3.741001 8.639875 -0.400000
v 3.695335 8.656000 -0.400000
v 3.653168 8.675875 -0.400000
v 3.615001 8.699500 -0.400000
v 3.581335 8.726875 -0.400000
v 3.552668 8.758000 -0.400000
v 3.529501 8.792875 -0.400000
v 3.512334 8.831500 -0.400000
v 3.501667 8.873875 -0.400000
v 3.498001 8.920000 -0.400000
v 3.522793 9.009781 -0.400000
v 3.591334 9.094750 -0.400000
v 3.694876 9.177343 -0.400000
v 3.824668 9.260000 -0.400000
v 3.971959 9.345157 -0.400000
v 4.128001 9.435250 -0.400000
v 4.284042 9.532719 -0.400000
v 4.431334 9.640000 -0.400000
v 4.561126 9.759531 -0.400000
v 4.664667 9.893750 -0.400000
v 4.733209 10.045094 -0.400000
v 4.758000 10.216000 -0.400000
v 4.750841 10.326195 -0.400000
v 4.729723 10.428555 -0.400000
v 4.695189 10.522750 -0.400000
v 4.647779 10.608444 -0.400000
v 4.588036 10.685306 -0.400000
v 4.516501 10.753000 -0.400000
v 4.433716 10.811194 -0.400000
v 4.340223 10.859556 -0.400000
v 4.236563 10.897750 -0.400000
v 4.123279 10.925445 -0.400000
v 4.000910 10.942306 -0.400000
v 3.870001 10.948000 -0.400000
v 3.806865 10.946497 -0.400000
v 3.743417 10.941973 -0.400000
v 3.679594 10.934406 -0.400000
v 3.615334 10.923778 -0.400000
v 3.550573 10.910067 -0.400000
v 3.485250 10.893250 -0.400000
v 3.419302 10.873309 -0.400000
v 3.352667 10.850223 -0.400000
v 3.285282 10.823969 -0.400000
v 3.217084 10.794528 -0.400000
v 3.148011 10.761879 -0.400000
v 3.078001 10.726000 -0.400000
v 3.078001 10.198000 -0.400000
v 5.176622 8.317837 -0.400000
v 5.229973 8.284194 -0.400000
v 5.278782 8.254844 -0.400000
v 5.323779 8.229555 -0.400000
v 5.365692 8.208100 -0.400000
v 5.405251 8.190249 -0.400000
v 5.443185 8.175774 -0.400000
v 5.480223 8.164444 -0.400000
v 5.517095 8.156031 -0.400000
v 5.554528 8.150306 -0.400000
v 5.593254 8.147038 -0.400000
v 5.634001 8.146000 -0.400001
v 5.690269 8.147764 -0.400001
v 5.742140 8.153111 -0.400001
v 5.789720 8.162125 -0.400001
v 5.833112 8.174889 -0.400001
v 5.872421 8.191486 -0.400001
v 5.907751 8.212000 -0.400001
v 5.939206 8.236514 -0.400001
v 5.966890 8.265111 -0.400001
v 5.990908 8.297874 -0.400001
v 6.011363 8.334888 -0.400001
v 6.028359 8.376236 -0.400001
v 6.042001 8.422000 -0.400001
v 6.100744 8.377497 -0.400001
v 6.159945 8.336972 -0.400001
v 6.219563 8.300406 -0.400001
v 6.279556 8.267777 -0.400001
v 6.339882 8.239066 -0.400001
v 6.400500 8.214250 -0.400001
v 6.461369 8.193309 -0.400001
v 6.522445 8.176222 -0.400001
v 6.583688 8.162969 -0.400001
v 6.645056 8.153527 -0.400001
v 6.706508 8.147879 -0.400001
v 6.768001 8.146000 -0.400001
v 6.864175 8.152340 -0.400001
v 6.954390 8.170722 -0.400001
v 7.038189 8.200188 -0.400001
v 7.115112 8.239778 -0.400001
v 7.184702 8.288534 -0.400001
v 7.246501 8.345500 -0.400001
v 7.300050 8.409715 -0.400001
v 7.344890 8.480222 -0.400001
v 7.380563 8.556063 -0.400001
v 7.406612 8.636278 -0.400001
v 7.422577 8.719910 -0.400001
v 7.428001 8.806000 -0.400001
v 7.418188 8.931962 -0.400001
v 7.390001 9.043694 -0.400001
v 7.345313 9.142468 -0.400001
v 7.286000 9.229555 -0.400001
v 7.213938 9.306226 -0.400001
v 7.131001 9.373750 -0.400001
v 7.039062 9.433399 -0.400001
v 6.940001 9.486444 -0.400001
v 6.835689 9.534156 -0.400001
v 6.728001 9.577806 -0.400001
v 6.618814 9.618663 -0.400001
v 6.510001 9.658000 -0.400001
v 6.036001 9.826000 -0.400001
v 6.036001 9.970000 -0.400001
v 6.039376 10.049910 -0.400001
v 6.049501 10.121778 -0.400001
v 6.066377 10.185813 -0.400001
v 6.090001 10.242222 -0.400001
v 6.120376 10.291215 -0.400001
v 6.157501 10.333000 -0.400001
v 6.201377 10.367785 -0.400001
v 6.252002 10.395778 -0.400001
v 6.309377 10.417188 -0.400001
v 6.373502 10.432222 -0.400001
v 6.444376 10.441091 -0.400001
v 6.522001 10.444000 -0.400001
v 6.595598 10.441108 -0.400001
v 6.669279 10.432362 -0.400001
v 6.742876 10.417656 -0.400001
v 6.816223 10.396889 -0.400001
v 6.889153 10.369955 -0.400001
v 6.961501 10.336750 -0.400001
v 7.033098 10.297171 -0.400001
v 7.103779 10.251111 -0.400001
v 7.173376 10.198469 -0.400001
v 7.241723 10.139139 -0.400001
v 7.308654 10.073017 -0.400001
v 7.374002 10.000000 -0.400001
v 7.374002 10.582000 -0.400001
v 7.319743 10.640879 -0.400001
v 7.261944 10.694528 -0.400001
v 7.200562 10.742969 -0.400001
v 7.135556 10.786222 -0.400001
v 7.066882 10.824309 -0.400001
v 6.994500 10.857250 -0.400001
v 6.918368 10.885066 -0.400001
v 6.838445 10.907778 -0.400001
v 6.754688 10.925406 -0.400001
v 6.667056 10.937972 -0.400001
v 6.575508 10.945497 -0.400001
v 6.480001 10.948000 -0.400001
v 6.346059 10.942215 -0.400001
v 6.217973 10.924723 -0.400001
v 6.096844 10.895312 -0.400001
v 5.983778 10.853778 -0.400001
v 5.879879 10.799910 -0.400001
v 5.786251 10.733500 -0.400001
v 5.703997 10.654341 -0.400001
v 5.634223 10.562222 -0.400001
v 5.578032 10.456938 -0.400000
v 5.536529 10.338278 -0.400000
v 5.510817 10.206035 -0.400000
v 5.502001 10.059999 -0.400000
v 5.502001 8.674000 -0.400000
v 5.501254 8.649858 -0.400000
v 5.499028 8.628361 -0.400000
v 5.495345 8.609406 -0.400000
v 5.490223 8.592889 -0.400000
v 5.483685 8.578705 -0.400000
v 5.475751 8.566750 -0.400000
v 5.466442 8.556920 -0.400000
v 5.455779 8.549111 -0.400000
v 5.443782 8.543219 -0.400000
v 5.430473 8.539139 -0.400000
v 5.415873 8.536767 -0.400000
v 5.400001 8.536000 -0.400000
v 5.385400 8.537114 -0.400000
v 5.368695 8.540417 -0.400000
v 5.350032 8.545844 -0.400000
v 5.329556 8.553333 -0.400000
v 5.307414 8.562822 -0.400000
v 5.283751 8.574250 -0.400000
v 5.258713 8.587552 -0.400000
v 5.232445 8.602667 -0.400000
v 5.205094 8.619532 -0.400000
v 5.176806 8.638083 -0.400000
v 5.147727 8.658260 -0.400000
v 5.118001 8.680000 -0.400000
v 5.118001 8.356000 -0.400000
v 6.148557 9.492907 -0.400001
v 6.257445 9.453250 -0.400001
v 6.361501 9.412469 -0.400001
v 6.459557 9.370000 -0.400001
v 6.550446 9.325281 -0.400001
v 6.633001 9.277750 -0.400001
v 6.706057 9.226844 -0.400001
v 6.768446 9.172000 -0.400001
v 6.819001 9.112657 -0.400001
v 6.856557 9.048250 -0.400001
v 6.879946 8.978219 -0.400001
v 6.888000 8.902000 -0.400001
v 6.884686 8.847927 -0.400001
v 6.874974 8.796917 -0.400001
v 6.859221 8.749281 -0.400001
v 6.837780 8.705334 -0.400001
v 6.811006 8.665385 -0.400001
v 6.779252 8.629750 -0.400001
v 6.742873 8.598740 -0.400001
v 6.702224 8.572666 -0.400001
v 6.657658 8.551844 -0.400001
v 6.609529 8.536583 -0.400001
v 6.558192 8.527198 -0.400001
v 6.504001 8.524000 -0.400001
v 6.462248 8.525732 -0.400001
v 6.420998 8.530861 -0.400001
v 6.380249 8.539281 -0.400001
v 6.339999 8.550889 -0.400001
v 6.300249 8.565579 -0.400001
v 6.261000 8.583250 -0.400001
v 6.222250 8.603795 -0.400001
v 6.184000 8.627111 -0.400001
v 6.146251 8.653093 -0.400001
v 6.109001 8.681639 -0.400001
v 6.072251 8.712643 -0.400001
v 6.036001 8.746000 -0.400001
v 6.036001 9.532000 -0.400001
v 10.086001 8.200000 -0.400001
v 10.086001 12.292000 -0.400001
v 9.552002 12.292000 -0.400001
v 9.552002 8.200000 -0.400001
v 7.458002 8.200000 -0.400001
v 8.178001 8.200000 -0.400001
v 9.528002 9.574000 -0.400001
v 8.334002 10.894000 -0.400001
v 7.698001 10.894000 -0.400001
v 8.850001 9.574000 -0.400001
v 10.612623 8.317837 -0.400001
v 10.665974 8.284194 -0.400001
v 10.714783 8.254844 -0.400001
v 10.759779 8.229555 -0.400001
v 10.801693 8.208100 -0.400001
v 10.841251 8.190249 -0.400001
v 10.879186 8.175774 -0.400001
v 10.916224 8.164444 -0.400001
v 10.953095 8.156031 -0.400001
v 10.990530 8.150306 -0.400001
v 11.029255 8.147038 -0.400001
v 11.070002 8.146000 -0.400001
v 11.126268 8.147764 -0.400001
v 11.178141 8.153111 -0.400001
v 11.225720 8.162125 -0.400001
v 11.269114 8.174889 -0.400001
v 11.308422 8.191486 -0.400001
v 11.343752 8.212000 -0.400001
v 11.375207 8.236514 -0.400001
v 11.402891 8.265111 -0.400001
v 11.426908 8.297874 -0.400001
v 11.447363 8.334888 -0.400001
v 11.464360 8.376236 -0.400001
v 11.478003 8.422000 -0.400001
v 11.536746 8.377497 -0.400001
v 11.595947 8.336972 -0.400001
v 11.655565 8.300406 -0.400001
v 11.715558 8.267777 -0.400001
v 11.775884 8.239066 -0.400001
v 11.836502 8.214250 -0.400001
v 11.897370 8.193309 -0.400001
v 11.958447 8.176222 -0.400001
v 12.019690 8.162969 -0.400001
v 12.081057 8.153527 -0.400001
v 12.142509 8.147879 -0.400001
v 12.204002 8.146000 -0.400001
v 12.300177 8.152340 -0.400001
v 12.390392 8.170722 -0.400001
v 12.474190 8.200188 -0.400001
v 12.551113 8.239778 -0.400001
v 12.620703 8.288534 -0.400001
v 12.682501 8.345500 -0.400001
v 12.736050 8.409715 -0.400001
v 12.780890 8.480222 -0.400001
v 12.816565 8.556063 -0.400001
v 12.842613 8.636278 -0.400001
v 12.858579 8.719910 -0.400001
v 12.864002 8.806000 -0.400001
v 12.854189 8.931962 -0.400001
v 12.826002 9.043694 -0.400001
v 12.781314 9.142468 -0.400001
v 12.722002 9.229555 -0.400001
v 12.649940 9.306226 -0.400001
v 12.567003 9.373750 -0.400001
v 12.475065 9.433399 -0.400001
v 12.376003 9.486444 -0.400001
v 12.271690 9.534156 -0.400001
v 12.164002 9.577806 -0.400001
v 12.054814 9.618663 -0.400001
v 11.946002 9.658000 -0.400001
v 11.472002 9.826000 -0.400001
v 11.472002 9.970000 -0.400001
v 11.475377 10.049910 -0.400001
v 11.485502 10.121778 -0.400001
v 11.502378 10.185813 -0.400001
v 11.526002 10.242222 -0.400001
v 11.556377 10.291215 -0.400001
v 11.593502 10.333000 -0.400001
v 11.637378 10.367785 -0.400001
v 11.688003 10.395778 -0.400001
v 11.745378 10.417188 -0.400001
v 11.809503 10.432222 -0.400001
v 11.880377 10.441091 -0.400001
v 11.958002 10.444000 -0.400001
v 12.031601 10.441108 -0.400001
v 12.105282 10.432362 -0.400001
v 12.178879 10.417656 -0.400001
v 12.252225 10.396889 -0.400001
v 12.325155 10.369955 -0.400001
v 12.397502 10.336750 -0.400001
v 12.469099 10.297171 -0.400001
v 12.539780 10.251111 -0.400001
v 12.609377 10.198469 -0.400001
v 12.677723 10.139139 -0.400001
v 12.744654 10.073017 -0.400001
v 12.810001 10.000000 -0.400001
v 12.810001 10.582000 -0.400001
v 12.755743 10.640879 -0.400001
v 12.697945 10.694528 -0.400001
v 12.636563 10.742969 -0.400001
v 12.571556 10.786222 -0.400001
v 12.502884 10.824309 -0.400001
v 12.430501 10.857250 -0.400001
v 12.354369 10.885066 -0.400001
v 12.274445 10.907778 -0.400001
v 12.190689 10.925406 -0.400001
v 12.103057 10.937972 -0.400001
v 12.011509 10.945497 -0.400001
v 11.916002 10.948000 -0.400001
v 11.782063 10.942215 -0.400001
v 11.653975 10.924723 -0.400001
v 11.532847 10.895312 -0.400001
v 11.419781 10.853778 -0.400001
v 11.315882 10.799910 -0.400001
v 11.222253 10.733500 -0.400001
v 11.139999 10.654341 -0.400001
v 11.070225 10.562222 -0.400001
v 11.014033 10.456938 -0.400001
v 10.972530 10.338278 -0.400001
v 10.946818 10.206035 -0.400001
v 10.938002 10.059999 -0.400001
v 10.938002 8.674000 -0.400001
v 10.937254 8.649858 -0.400001
v 10.935028 8.628361 -0.400001
v 10.931344 8.609406 -0.400001
v 10.926223 8.592889 -0.400001
v 10.919685 8.578705 -0.400001
v 10.911751 8.566750 -0.400001
v 10.902441 8.556920 -0.400001
v 10.891779 8.549111 -0.400001
v 10.879782 8.543219 -0.400001
v 10.866473 8.539139 -0.400001
v 10.851873 8.536767 -0.400001
v 10.836001 8.536000 -0.400001
v 10.821402 8.537114 -0.400001
v 10.804697 8.540417 -0.400001
v 10.786034 8.545844 -0.400001
v 10.765558 8.553333 -0.400001
v 10.743416 8.562822 -0.400001
v 10.719752 8.574250 -0.400001
v 10.694714 8.587552 -0.400001
v 10.668447 8.602667 -0.400001
v 10.641096 8.619532 -0.400001
v 10.612808 8.638083 -0.400001
v 10.583728 8.658260 -0.400001
v 10.554002 8.680000 -0.400001
v 10.554002 8.356000 -0.400001
v 11.584558 9.492907 -0.400001
v 11.693446 9.453250 -0.400001
v 11.797502 9.412469 -0.400001
v 11.895557 9.370000 -0.400001
v 11.986446 9.325281 -0.400001
v 12.069002 9.277750 -0.400001
v 12.142058 9.226844 -0.400001
v 12.204447 9.172000 -0.400001
v 12.255003 9.112657 -0.400001
v 12.292559 9.048250 -0.400001
v 12.315947 8.978219 -0.400001
v 12.324002 8.902000 -0.400001
v 12.320684 8.847927 -0.400001
v 12.310973 8.796917 -0.400001
v 12.295220 8.749281 -0.400001
v 12.273780 8.705334 -0.400001
v 12.247005 8.665385 -0.400001
v 12.215252 8.629750 -0.400001
v 12.178874 8.598740 -0.400001
v 12.138225 8.572666 -0.400001
v 12.093658 8.551844 -0.400001
v 12.045530 8.536583 -0.400001
v 11.994193 8.527198 -0.400001
v 11.940001 8.524000 -0.400001
v 11.898249 8.525732 -0.400001
v 11.856998 8.530861 -0.400001
v 11.816250 8.539281 -0.400001
v 11.776000 8.550889 -0.400001
v 11.736250 8.565579 -0.400001
v 11.697001 8.583250 -0.400001
v 11.658251 8.603795 -0.400001
v 11.620001 8.627111 -0.400001
v 11.582252 8.653093 -0.400001
v 11.545002 8.681639 -0.400001
v 11.508251 8.712643 -0.400001
v 11.472002 8.746000 -0.400001
v 11.472002 9.532000 -0.400001
v 13.164001 10.894000 -0.400001
v 13.164001 10.414000 -0.400001
v 14.016001 10.414000 -0.400001
v 14.016001 9.034000 -0.400001
v 14.011425 8.959170 -0.400001
v 13.998390 8.893361 -0.400001
v 13.977938 8.836094 -0.400001
v 13.951112 8.786889 -0.400001
v 13.918953 8.745268 -0.400001
v 13.882502 8.710750 -0.400001
v 13.842800 8.682858 -0.400001
v 13.800891 8.661111 -0.400001
v 13.757814 8.645031 -0.400001
v 13.714613 8.634139 -0.400001
v 13.672328 8.627954 -0.400001
v 13.632002 8.625999 -0.400001
v 13.583870 8.627375 -0.400001
v 13.535445 8.631500 -0.400001
v 13.486688 8.638375 -0.400001
v 13.437555 8.648000 -0.400001
v 13.388006 8.660375 -0.400001
v 13.338000 8.675500 -0.400001
v 13.287493 8.693375 -0.400001
v 13.236444 8.714000 -0.400001
v 13.184813 8.737375 -0.400001
v 13.132556 8.763500 -0.400001
v 13.079633 8.792375 -0.400001
v 13.026001 8.823999 -0.400001
v 13.026001 8.326000 -0.400001
v 13.074500 8.301031 -0.400001
v 13.126501 8.277250 -0.400001
v 13.181251 8.254844 -0.400001
v 13.238001 8.234000 -0.400001
v 13.296000 8.214907 -0.400001
v 13.354500 8.197750 -0.400001
v 13.412750 8.182718 -0.400001
v 13.470001 8.170000 -0.400001
v 13.525500 8.159781 -0.400001
v 13.578501 8.152250 -0.400001
v 13.628251 8.147593 -0.400001
v 13.674002 8.146000 -0.400001
v 13.813498 8.153364 -0.400001
v 13.940973 8.174916 -0.400001
v 14.056408 8.209844 -0.400001
v 14.159779 8.257333 -0.400001
v 14.251067 8.316572 -0.400001
v 14.330252 8.386749 -0.400001
v 14.397311 8.467052 -0.400001
v 14.452225 8.556666 -0.400001
v 14.494970 8.654781 -0.400001
v 14.525530 8.760583 -0.400001
v 14.543880 8.873260 -0.400001
v 14.550001 8.992000 -0.400001
v 14.550001 10.414000 -0.400001
v 15.018002 10.414000 -0.400001
v 15.018002 10.474000 -0.400001
v 14.016001 11.452001 -0.400001
v 14.016001 10.894000 -0.400001
v -14.564698 8.457323 0.400001
v -14.555084 8.410583 0.400001
v -14.539595 8.366219 0.400001
v -14.518667 8.324667 0.400001
v -14.492741 8.286365 0.400001
v -14.462251 8.251750 0.400001
v -14.427637 8.221260 0.400001
v -14.389335 8.195333 0.400001
v -14.347782 8.174406 0.400001
v -14.303418 8.158916 0.400001
v -14.256680 8.149302 0.400001
v -14.208002 8.146000 0.400001
v -14.159323 8.149302 0.400001
v -14.112583 8.158916 0.400001
v -14.068219 8.174406 0.400001
v -14.026667 8.195333 0.400001
v -13.988365 8.221260 0.400001
v -13.953751 8.251750 0.400001
v -13.923262 8.286365 0.400001
v -13.897335 8.324667 0.400001
v -13.876408 8.366219 0.400001
v -13.860918 8.410583 0.400001
v -13.851303 8.457323 0.400001
v -13.848001 8.506000 0.400001
v -13.851305 8.554677 0.400001
v -13.860920 8.601417 0.400001
v -13.876410 8.645782 0.400001
v -13.897336 8.687333 0.400001
v -13.923263 8.725636 0.400001
v -13.953753 8.760250 0.400001
v -13.988367 8.790740 0.400001
v -14.026669 8.816667 0.400001
v -14.068220 8.837594 0.400001
v -14.112585 8.853084 0.400001
v -14.159325 8.862698 0.400001
v -14.208002 8.866000 0.400001
v -14.256681 8.862698 0.400001
v -14.303421 8.853083 0.400001
v -14.347786 8.837593 0.400001
v -14.389338 8.816667 0.400001
v -14.427639 8.790739 0.400001
v -14.462254 8.760250 0.400001
v -14.492743 8.725636 0.400001
v -14.518670 8.687333 0.400001
v -14.539597 8.645781 0.400001
v -14.555086 8.601417 0.400001
v -14.564701 8.554677 0.400001
v -14.568003 8.506000 0.400001
v -14.256508 12.339871 0.400001
v -14.306056 12.321472 0.400001
v -14.350688 12.290781 0.400001
v -14.390445 12.247778 0.400001
v -14.425367 12.192441 0.400001
v -14.455500 12.124750 0.400001
v -14.480882 12.044683 0.400001
v -14.501555 11.952222 0.400001
v -14.517563 11.847343 0.400001
v -14.528946 11.730028 0.400001
v -14.535745 11.600254 0.400001
v -14.538002 11.458000 0.400001
v -14.537752 11.393003 0.400001
v -14.537003 11.330028 0.400001
v -14.535751 11.269094 0.400001
v -14.534002 11.210222 0.400001
v -14.531752 11.153434 0.400001
v -14.529003 11.098750 0.400001
v -14.525753 11.046191 0.400001
v -14.522003 10.995778 0.400001
v -14.517754 10.947532 0.400001
v -14.513002 10.901472 0.400001
v -14.507752 10.857621 0.400001
v -14.502002 10.816000 0.400001
v -14.352003 9.784000 0.400001
v -14.342976 9.721104 0.400001
v -14.333807 9.664333 0.400001
v -14.324345 9.613563 0.400001
v -14.314445 9.568666 0.400001
v -14.303963 9.529521 0.400001
v -14.292751 9.496000 0.400001
v -14.280664 9.467979 0.400001
v -14.267557 9.445333 0.400001
v -14.253283 9.427938 0.400001
v -14.237696 9.415667 0.400001
v -14.220652 9.408396 0.400001
v -14.202002 9.406000 0.400001
v -14.183350 9.408396 0.400001
v -14.166306 9.415667 0.400001
v -14.150719 9.427938 0.400001
v -14.136444 9.445333 0.400001
v -14.123337 9.467979 0.400001
v -14.111250 9.496000 0.400001
v -14.100039 9.529521 0.400001
v -14.089556 9.568666 0.400001
v -14.079657 9.613563 0.400001
v -14.070194 9.664333 0.400001
v -14.061026 9.721104 0.400001
v -14.052002 9.784000 0.400001
v -13.902002 10.816000 0.400001
v -13.896250 10.857621 0.400001
v -13.891001 10.901472 0.400001
v -13.886251 10.947532 0.400001
v -13.882001 10.995778 0.400001
v -13.878252 11.046191 0.400001
v -13.875002 11.098750 0.400001
v -13.872252 11.153434 0.400001
v -13.870002 11.210222 0.400001
v -13.868252 11.269094 0.400001
v -13.867002 11.330028 0.400001
v -13.866253 11.393003 0.400001
v -13.866002 11.458000 0.400001
v -13.868258 11.600254 0.400001
v -13.875057 11.730028 0.400001
v -13.886440 11.847344 0.400001
v -13.902447 11.952223 0.400001
v -13.923120 12.044684 0.400001
v -13.948503 12.124750 0.400001
v -13.978635 12.192441 0.400001
v -14.013557 12.247778 0.400001
v -14.053314 12.290781 0.400001
v -14.097946 12.321472 0.400001
v -14.147495 12.339871 0.400001
v -14.202002 12.346001 0.400001
v -13.163815 9.366924 0.400001
v -13.128002 9.172389 0.400001
v -13.069691 8.991438 0.400001
v -12.990003 8.825111 0.400001
v -12.890066 8.674452 0.400001
v -12.771003 8.540500 0.400001
v -12.633940 8.424298 0.400001
v -12.480002 8.326889 0.400001
v -12.310315 8.249312 0.400001
v -12.126002 8.192611 0.400001
v -11.928190 8.157826 0.400001
v -11.718002 8.146000 0.400001
v -11.516085 8.158284 0.400001
v -11.325169 8.194277 0.400001
v -11.146502 8.252687 0.400001
v -10.981335 8.332222 0.400001
v -10.830918 8.431590 0.400001
v -10.696502 8.549500 0.400001
v -10.579334 8.684660 0.400001
v -10.480668 8.835777 0.400001
v -10.401752 9.001562 0.400001
v -10.343836 9.180722 0.400001
v -10.308168 9.371965 0.400001
v -10.296001 9.574000 0.400001
v -10.308627 9.763629 0.400001
v -10.345502 9.944528 0.400001
v -10.405127 10.115219 0.400001
v -10.486002 10.274222 0.400001
v -10.586627 10.420059 0.400001
v -10.705502 10.551250 0.400001
v -10.841127 10.666316 0.400001
v -10.992002 10.763778 0.400001
v -11.156627 10.842156 0.400001
v -11.333502 10.899972 0.400001
v -11.521127 10.935747 0.400001
v -11.718002 10.948000 0.400001
v -11.924412 10.936205 0.400001
v -12.119755 10.901639 0.400001
v -12.302723 10.845531 0.400001
v -12.472004 10.769112 0.400001
v -12.626286 10.673608 0.400001
v -12.764254 10.560250 0.400001
v -12.884597 10.430267 0.400001
v -12.986003 10.284889 0.400001
v -13.067159 10.125343 0.400001
v -13.126753 9.952861 0.400001
v -13.163471 9.768670 0.400001
v -13.176003 9.574000 0.400001
v -10.849266 9.435608 0.400001
v -10.870613 9.305861 0.400001
v -10.905376 9.185406 0.400001
v -10.952890 9.074889 0.400001
v -11.012487 8.974955 0.400001
v -11.083502 8.886250 0.400001
v -11.165266 8.809420 0.400001
v -11.257113 8.745111 0.400001
v -11.358377 8.693969 0.400001
v -11.468391 8.656639 0.400001
v -11.586489 8.633767 0.400001
v -11.712002 8.625999 0.400001
v -11.848545 8.633420 0.400001
v -11.975837 8.655361 0.400001
v -12.093378 8.691343 0.400001
v -12.200669 8.740889 0.400001
v -12.297211 8.803517 0.400001
v -12.382502 8.878750 0.400001
v -12.456043 8.966107 0.400001
v -12.517334 9.065111 0.400001
v -12.565876 9.175282 0.400001
v -12.601168 9.296139 0.400001
v -12.622710 9.427205 0.400001
v -12.630001 9.568000 0.400001
v -12.622137 9.695365 0.400001
v -12.599084 9.815917 0.400001
v -12.561657 9.928843 0.400001
v -12.510668 10.033334 0.400001
v -12.446929 10.128572 0.400001
v -12.371252 10.213750 0.400001
v -12.284451 10.288053 0.400001
v -12.187336 10.350667 0.400001
v -12.080721 10.400782 0.400001
v -11.965419 10.437583 0.400001
v -11.842241 10.460260 0.400001
v -11.712002 10.468000 0.400001
v -11.589009 10.460264 0.400001
v -11.472557 10.437611 0.400001
v -11.363440 10.400875 0.400001
v -11.262446 10.350889 0.400001
v -11.170370 10.288486 0.400001
v -11.088001 10.214500 0.400001
v -11.016133 10.129764 0.400001
v -10.955557 10.035111 0.400001
v -10.907064 9.931375 0.400001
v -10.871446 9.819389 0.400001
v -10.849495 9.699986 0.400001
v -10.842002 9.574000 0.400001
v -8.652000 10.276000 0.400001
v -8.664001 10.276000 0.400001
v -8.731255 10.388795 0.400001
v -8.798028 10.490361 0.400001
v -8.864345 10.580969 0.400001
v -8.930223 10.660889 0.400001
v -8.995685 10.730392 0.400001
v -9.060751 10.789750 0.400001
v -9.125443 10.839232 0.400001
v -9.189779 10.879111 0.400001
v -9.253782 10.909657 0.400001
v -9.317472 10.931139 0.400001
v -9.380873 10.943830 0.400001
v -9.444000 10.948000 0.400001
v -9.497768 10.945871 0.400001
v -9.551140 10.939472 0.400001
v -9.604219 10.928782 0.400001
v -9.657112 10.913778 0.400001
v -9.709921 10.894441 0.400001
v -9.762751 10.870750 0.400001
v -9.815705 10.842684 0.400001
v -9.868890 10.810223 0.400001
v -9.922407 10.773344 0.400001
v -9.976362 10.732028 0.400001
v -10.030859 10.686254 0.400001
v -10.086001 10.636000 0.400001
v -9.804001 10.174000 0.400001
v -9.762576 10.211966 0.400001
v -9.719611 10.247723 0.400001
v -9.675563 10.281062 0.400001
v -9.630889 10.311778 0.400001
v -9.586049 10.339660 0.400001
v -9.541501 10.364500 0.400001
v -9.497702 10.386090 0.400001
v -9.455112 10.404222 0.400001
v -9.414188 10.418688 0.400001
v -9.375390 10.429277 0.400001
v -9.339174 10.435785 0.400001
v -9.306001 10.438000 0.400001
v -9.216248 10.430532 0.400001
v -9.130473 10.408750 0.400001
v -9.049408 10.373593 0.400001
v -8.973780 10.326000 0.400001
v -8.904318 10.266906 0.400001
v -8.841751 10.197250 0.400001
v -8.786810 10.117969 0.400001
v -8.740223 10.030000 0.400001
v -8.702720 9.934281 0.400001
v -8.675029 9.831750 0.400001
v -8.657880 9.723344 0.400001
v -8.652000 9.610000 0.400001
v -8.652000 8.200000 0.400001
v -8.118001 8.200000 0.400001
v -8.118001 10.894000 0.400001
v -8.652000 10.894000 0.400001
v -7.377514 8.412368 0.400001
v -7.297611 8.365444 0.400001
v -7.217625 8.323187 0.400001
v -7.136889 8.285555 0.400001
v -7.054736 8.252507 0.400001
v -6.970500 8.224000 0.400001
v -6.883514 8.199993 0.400001
v -6.793111 8.180445 0.400001
v -6.698626 8.165312 0.400001
v -6.599389 8.154555 0.400001
v -6.494737 8.148132 0.400001
v -6.384001 8.146000 0.400001
v -6.181806 8.160007 0.400001
v -5.995445 8.200556 0.400001
v -5.825251 8.265438 0.400001
v -5.671556 8.352445 0.400001
v -5.534695 8.459368 0.400000
v -5.415000 8.584000 0.400000
v -5.312806 8.724132 0.400000
v -5.228445 8.877556 0.400000
v -5.162251 9.042063 0.400000
v -5.114556 9.215445 0.400000
v -5.085695 9.395493 0.400000
v -5.076000 9.580000 0.400000
v -5.086584 9.778334 0.400000
v -5.117667 9.964666 0.400000
v -5.168250 10.138000 0.400000
v -5.237333 10.297334 0.400000
v -5.323917 10.441667 0.400000
v -5.427001 10.570000 0.400000
v -5.545584 10.681334 0.400000
v -5.678667 10.774667 0.400001
v -5.825251 10.849000 0.400001
v -5.984334 10.903334 0.400001
v -6.154917 10.936666 0.400001
v -6.336000 10.948000 0.400001
v -6.509012 10.937861 0.400001
v -6.670585 10.907389 0.400001
v -6.820033 10.856500 0.400001
v -6.956668 10.785111 0.400001
v -7.079803 10.693139 0.400001
v -7.188751 10.580500 0.400001
v -7.282824 10.447111 0.400001
v -7.361334 10.292889 0.400001
v -7.423594 10.117750 0.400001
v -7.468917 9.921611 0.400001
v -7.496614 9.704389 0.400001
v -7.506001 9.466000 0.400001
v -5.610001 9.466000 0.400000
v -5.635618 9.337885 0.400001
v -5.670444 9.220583 0.400001
v -5.714437 9.114157 0.400001
v -5.767556 9.018666 0.400001
v -5.829757 8.934177 0.400001
v -5.901000 8.860750 0.400001
v -5.981244 8.798448 0.400001
v -6.070445 8.747334 0.400001
v -6.168563 8.707469 0.400001
v -6.275556 8.678917 0.400001
v -6.391382 8.661739 0.400001
v -6.516001 8.656000 0.400001
v -6.596640 8.658479 0.400001
v -6.676612 8.665833 0.400001
v -6.756001 8.677938 0.400001
v -6.834890 8.694667 0.400001
v -6.913363 8.715896 0.400001
v -6.991501 8.741500 0.400001
v -7.069390 8.771354 0.400001
v -7.147112 8.805333 0.400001
v -7.224751 8.843312 0.400001
v -7.302390 8.885166 0.400001
v -7.380112 8.930771 0.400001
v -7.458000 8.980000 0.400001
v -7.458000 8.464000 0.400001
v -6.969041 9.918813 0.400001
v -6.951333 10.011000 0.400001
v -6.925125 10.096188 0.400001
v -6.890666 10.174000 0.400001
v -6.848208 10.244062 0.400001
v -6.798000 10.306000 0.400001
v -6.740292 10.359438 0.400001
v -6.675334 10.404000 0.400001
v -6.603375 10.439313 0.400001
v -6.524667 10.465000 0.400001
v -6.439459 10.480687 0.400001
v -6.348001 10.486000 0.400001
v -6.249383 10.481031 0.400001
v -6.157557 10.466250 0.400001
v -6.072563 10.441844 0.400001
v -5.994445 10.408000 0.400001
v -5.923244 10.364906 0.400001
v -5.859001 10.312750 0.400001
v -5.801758 10.251719 0.400001
v -5.751556 10.182000 0.400001
v -5.708438 10.103782 0.400001
v -5.672445 10.017250 0.400001
v -5.643619 9.922594 0.400001
v -5.622000 9.820000 0.400000
v -6.978001 9.820000 0.400001
v -4.675379 8.317837 0.400000
v -4.622028 8.284194 0.400000
v -4.573219 8.254844 0.400000
v -4.528223 8.229555 0.400000
v -4.486309 8.208100 0.400000
v -4.446750 8.190249 0.400000
v -4.408816 8.175774 0.400000
v -4.371778 8.164444 0.400000
v -4.334907 8.156031 0.400000
v -4.297473 8.150306 0.400000
v -4.258747 8.147038 0.400000
v -4.218000 8.146000 0.400000
v -4.161733 8.147764 0.400000
v -4.109861 8.153111 0.400000
v -4.062282 8.162125 0.400000
v -4.018889 8.174889 0.400000
v -3.979580 8.191486 0.400000
v -3.944250 8.212000 0.400000
v -3.912795 8.236514 0.400000
v -3.885111 8.265111 0.400000
v -3.861094 8.297874 0.400000
v -3.840639 8.334888 0.400000
v -3.823642 8.376236 0.400000
v -3.810000 8.422000 0.400000
v -3.751257 8.377497 0.400000
v -3.692055 8.336972 0.400000
v -3.632437 8.300406 0.400000
v -3.572444 8.267777 0.400000
v -3.512118 8.239066 0.400000
v -3.451500 8.214250 0.400000
v -3.390632 8.193309 0.400000
v -3.329556 8.176222 0.400000
v -3.268312 8.162969 0.400000
v -3.206944 8.153527 0.400000
v -3.145494 8.147879 0.400000
v -3.084000 8.146000 0.400000
v -2.987827 8.152340 0.400000
v -2.897611 8.170722 0.400000
v -2.813812 8.200188 0.400000
v -2.736889 8.239778 0.400000
v -2.667299 8.288534 0.400000
v -2.605500 8.345500 0.400000
v -2.551951 8.409715 0.400000
v -2.507111 8.480222 0.400000
v -2.471437 8.556063 0.400000
v -2.445389 8.636278 0.400000
v -2.429424 8.719910 0.400000
v -2.424000 8.806000 0.400000
v -2.433813 8.931962 0.400000
v -2.462000 9.043694 0.400000
v -2.506688 9.142468 0.400000
v -2.566000 9.229555 0.400000
v -2.638063 9.306226 0.400000
v -2.721000 9.373750 0.400000
v -2.812938 9.433399 0.400000
v -2.912000 9.486444 0.400000
v -3.016313 9.534156 0.400000
v -3.124000 9.577806 0.400000
v -3.233188 9.618663 0.400000
v -3.342000 9.658000 0.400000
v -3.816000 9.826000 0.400000
v -3.816000 9.970000 0.400000
v -3.812625 10.049910 0.400000
v -3.802500 10.121778 0.400000
v -3.785625 10.185813 0.400000
v -3.762000 10.242222 0.400000
v -3.731625 10.291215 0.400000
v -3.694500 10.333000 0.400000
v -3.650625 10.367785 0.400000
v -3.600000 10.395778 0.400000
v -3.542625 10.417188 0.400000
v -3.478500 10.432222 0.400000
v -3.407625 10.441091 0.400000
v -3.330000 10.444000 0.400000
v -3.256403 10.441108 0.400000
v -3.182723 10.432362 0.400000
v -3.109125 10.417656 0.400000
v -3.035778 10.396889 0.400000
v -2.962847 10.369955 0.400000
v -2.890500 10.336750 0.400000
v -2.818903 10.297171 0.400000
v -2.748222 10.251111 0.400000
v -2.678625 10.198469 0.400000
v -2.610278 10.139139 0.400000
v -2.543347 10.073017 0.400000
v -2.478000 10.000000 0.400000
v -2.478000 10.582000 0.400000
v -2.532257 10.640879 0.400000
v -2.590056 10.694528 0.400000
v -2.651438 10.742969 0.400000
v -2.716445 10.786222 0.400000
v -2.785118 10.824309 0.400000
v -2.857500 10.857250 0.400000
v -2.933632 10.885066 0.400000
v -3.013556 10.907778 0.400000
v -3.097313 10.925406 0.400000
v -3.184945 10.937972 0.400000
v -3.276493 10.945497 0.400000
v -3.372000 10.948000 0.400000
v -3.505942 10.942215 0.400000
v -3.634029 10.924723 0.400000
v -3.755157 10.895312 0.400000
v -3.868223 10.853778 0.400000
v -3.972122 10.799910 0.400000
v -4.065751 10.733500 0.400000
v -4.148004 10.654341 0.400000
v -4.217778 10.562222 0.400000
v -4.273969 10.456938 0.400000
v -4.315473 10.338278 0.400000
v -4.341184 10.206035 0.400000
v -4.350000 10.059999 0.400000
v -4.350000 8.674000 0.400000
v -4.350747 8.649858 0.400000
v -4.352973 8.628361 0.400000
v -4.356657 8.609406 0.400000
v -4.361778 8.592889 0.400000
v -4.368317 8.578705 0.400000
v -4.376250 8.566750 0.400000
v -4.385560 8.556920 0.400000
v -4.396223 8.549111 0.400000
v -4.408219 8.543219 0.400000
v -4.421528 8.539139 0.400000
v -4.436129 8.536767 0.400000
v -4.452000 8.536000 0.400000
v -4.466601 8.537114 0.400000
v -4.483306 8.540417 0.400000
v -4.501969 8.545844 0.400000
v -4.522445 8.553333 0.400000
v -4.544587 8.562822 0.400000
v -4.568251 8.574250 0.400000
v -4.593288 8.587552 0.400000
v -4.619556 8.602667 0.400000
v -4.646907 8.619532 0.400000
v -4.675195 8.638083 0.400000
v -4.704275 8.658260 0.400000
v -4.734000 8.680000 0.400000
v -4.734000 8.356000 0.400000
v -3.703444 9.492907 0.400000
v -3.594556 9.453250 0.400000
v -3.490500 9.412469 0.400000
v -3.392445 9.370000 0.400000
v -3.301556 9.325281 0.400000
v -3.219000 9.277750 0.400000
v -3.145945 9.226844 0.400000
v -3.083556 9.172000 0.400000
v -3.033000 9.112657 0.400000
v -2.995445 9.048250 0.400000
v -2.972056 8.978219 0.400000
v -2.964000 8.902000 0.400000
v -2.967316 8.847927 0.400000
v -2.977028 8.796917 0.400000
v -2.992781 8.749281 0.400000
v -3.014222 8.705334 0.400000
v -3.040996 8.665385 0.400000
v -3.072750 8.629750 0.400000
v -3.109128 8.598740 0.400000
v -3.149778 8.572666 0.400000
v -3.194344 8.551844 0.400000
v -3.242472 8.536583 0.400000
v -3.293809 8.527198 0.400000
v -3.348000 8.524000 0.400000
v -3.389750 8.525732 0.400000
v -3.431000 8.530861 0.400000
v -3.471750 8.539281 0.400000
v -3.512000 8.550889 0.400000
v -3.551750 8.565579 0.400000
v -3.591000 8.583250 0.400000
v -3.629750 8.603795 0.400000
v -3.668000 8.627111 0.400000
v -3.705750 8.653093 0.400000
v -3.743001 8.681639 0.400000
v -3.779750 8.712643 0.400000
v -3.816000 8.746000 0.400000
v -3.816000 9.532000 0.400000
v -2.124001 10.894000 0.400000
v -2.124001 10.414000 0.400000
v -1.272001 10.414000 0.400000
v -1.272001 9.034000 0.400000
v -1.276577 8.959170 0.400000
v -1.289612 8.893361 0.400000
v -1.310063 8.836094 0.400000
v -1.336890 8.786889 0.400000
v -1.369049 8.745268 0.400000
v -1.405501 8.710750 0.400000
v -1.445202 8.682858 0.400000
v -1.487112 8.661111 0.400000
v -1.530188 8.645031 0.400000
v -1.573390 8.634139 0.400000
v -1.615674 8.627954 0.400000
v -1.656000 8.625999 0.400000
v -1.704132 8.627375 0.400000
v -1.752556 8.631500 0.400000
v -1.801313 8.638375 0.400000
v -1.850445 8.648000 0.400000
v -1.899994 8.660375 0.400000
v -1.950001 8.675500 0.400000
v -2.000507 8.693375 0.400000
v -2.051556 8.714000 0.400000
v -2.103188 8.737375 0.400000
v -2.155445 8.763500 0.400000
v -2.208369 8.792375 0.400000
v -2.262001 8.823999 0.400000
v -2.262001 8.326000 0.400000
v -2.213501 8.301031 0.400000
v -2.161501 8.277250 0.400000
v -2.106751 8.254844 0.400000
v -2.050001 8.234000 0.400000
v -1.992001 8.214907 0.400000
v -1.933501 8.197750 0.400000
v -1.875251 8.182718 0.400000
v -1.818001 8.170000 0.400000
v -1.762501 8.159781 0.400000
v -1.709501 8.152250 0.400000
v -1.659751 8.147593 0.400000
v -1.614001 8.146000 0.400000
v -1.474504 8.153364 0.400000
v -1.347028 8.174916 0.400000
v -1.231594 8.209844 0.400000
v -1.128223 8.257333 0.400000
v -1.036935 8.316572 0.400000
v -0.957750 8.386749 0.400000
v -0.890691 8.467052 0.400000
v -0.835778 8.556666 0.400000
v -0.793032 8.654781 0.400000
v -0.762473 8.760583 0.400000
v -0.744122 8.873260 0.400000
v -0.738000 8.992000 0.400000
v -0.738000 10.414000 0.400000
v -0.270000 10.414000 0.400000
v -0.270000 10.474000 0.400000
v -1.272001 11.452001 0.400000
v -1.272001 10.894000 0.400000
v 2.094810 11.394934 0.400000
v 2.135973 11.403473 0.400000
v 2.175095 11.417219 0.400000
v 2.211779 11.435778 0.400000
v 2.245629 11.458754 0.400000
v 2.276251 11.485750 0.400000
v 2.303247 11.516372 0.400000
v 2.326223 11.550222 0.400000
v 2.344782 11.586906 0.400000
v 2.358529 11.626028 0.400000
v 2.367067 11.667192 0.400000
v 2.370001 11.710000 0.400000
v 2.367067 11.752810 0.400000
v 2.358528 11.793972 0.400000
v 2.344782 11.833094 0.400000
v 2.326223 11.869778 0.400000
v 2.303247 11.903628 0.400000
v 2.276251 11.934250 0.400000
v 2.245629 11.961246 0.400000
v 2.211779 11.984222 0.400000
v 2.175095 12.002781 0.400000
v 2.135973 12.016528 0.400000
v 2.094810 12.025066 0.400000
v 2.052001 12.028000 0.400000
v 2.009192 12.025066 0.400000
v 1.968029 12.016527 0.400000
v 1.928907 12.002781 0.400000
v 1.892223 11.984222 0.400000
v 1.858372 11.961246 0.400000
v 1.827751 11.934250 0.400000
v 1.800754 11.903628 0.400000
v 1.777779 11.869778 0.400000
v 1.759220 11.833094 0.400000
v 1.745473 11.793972 0.400000
v 1.736935 11.752810 0.400000
v 1.734001 11.710000 0.400000
v 1.736935 11.667191 0.400000
v 1.745473 11.626028 0.400000
v 1.759220 11.586906 0.400000
v 1.777779 11.550222 0.400000
v 1.800755 11.516372 0.400000
v 1.827751 11.485750 0.400000
v 1.858372 11.458754 0.400000
v 1.892223 11.435778 0.400000
v 1.928907 11.417219 0.400000
v 1.968029 11.403472 0.400000
v 2.009192 11.394934 0.400000
v 2.052001 11.392000 0.400000
v 2.322001 8.200000 0.400000
v 2.322001 10.894000 0.400000
v 1.788001 10.894000 0.400000
v 1.788001 8.200000 0.400000
v 3.152587 10.245142 0.400000
v 3.226195 10.287639 0.400000
v 3.298594 10.325594 0.400000
v 3.369556 10.359111 0.400000
v 3.438851 10.388295 0.400000
v 3.506250 10.413250 0.400000
v 3.571524 10.434080 0.400000
v 3.634445 10.450889 0.400000
v 3.694782 10.463781 0.400000
v 3.752306 10.472861 0.400000
v 3.806789 10.478232 0.400000
v 3.858001 10.480000 0.400000
v 3.910341 10.477910 0.400000
v 3.959223 10.471778 0.400000
v 4.004438 10.461813 0.400000
v 4.045778 10.448222 0.400000
v 4.083035 10.431215 0.400000
v 4.116001 10.411000 0.400000
v 4.144466 10.387785 0.400000
v 4.168223 10.361778 0.400000
v 4.187063 10.333187 0.400000
v 4.200778 10.302222 0.400000
v 4.209161 10.269091 0.400000
v 4.212001 10.234000 0.400000
v 4.208185 10.203438 0.400000
v 4.196473 10.171500 0.400000
v 4.176469 10.137813 0.400000
v 4.147779 10.102000 0.400000
v 4.110004 10.063687 0.400000
v 4.062751 10.022500 0.400000
v 4.005622 9.978063 0.400000
v 3.938223 9.930000 0.400000
v 3.860157 9.877937 0.400000
v 3.771029 9.821500 0.400000
v 3.670442 9.760312 0.400000
v 3.558001 9.694000 0.400000
v 3.452806 9.622636 0.400000
v 3.358945 9.555083 0.400000
v 3.276001 9.490656 0.400000
v 3.203557 9.428667 0.400000
v 3.141195 9.368427 0.400000
v 3.088501 9.309250 0.400000
v 3.045056 9.250448 0.400000
v 3.010445 9.191334 0.400000
v 2.984251 9.131219 0.400000
v 2.966056 9.069417 0.400000
v 2.955445 9.005239 0.400000
v 2.952001 8.938000 0.400000
v 2.959733 8.822844 0.400000
v 2.982361 8.714749 0.400000
v 3.019032 8.614281 0.400000
v 3.068889 8.521999 0.400000
v 3.131080 8.438469 0.400000
v 3.204751 8.364250 0.400000
v 3.289046 8.299906 0.400000
v 3.383112 8.246000 0.400000
v 3.486094 8.203094 0.400000
v 3.597139 8.171750 0.400000
v 3.715393 8.152531 0.400000
v 3.840001 8.146000 0.400000
v 3.921094 8.147403 0.400000
v 3.999750 8.151722 0.400000
v 4.076531 8.159124 0.400000
v 4.152000 8.169778 0.400000
v 4.226719 8.183847 0.400000
v 4.301250 8.201500 0.400000
v 4.376157 8.222902 0.400000
v 4.452001 8.248222 0.400000
v 4.529345 8.277625 0.400000
v 4.608751 8.311277 0.400000
v 4.690782 8.349347 0.400000
v 4.776001 8.392000 0.400000
v 4.776001 8.968000 0.400000
v 4.689667 8.910618 0.400000
v 4.604834 8.858444 0.400000
v 4.521750 8.811438 0.400000
v 4.440667 8.769555 0.400000
v 4.361834 8.732757 0.400000
v 4.285501 8.701000 0.400000
v 4.211917 8.674243 0.400000
v 4.141334 8.652445 0.400000
v 4.074000 8.635563 0.400000
v 4.010167 8.623555 0.400000
v 3.950084 8.616382 0.400000
v 3.894001 8.614000 0.400000
v 3.840835 8.618876 0.400000
v 3.789668 8.627501 0.400000
v 3.741001 8.639875 0.400000
v 3.695335 8.656000 0.400000
v 3.653168 8.675875 0.400000
v 3.615001 8.699500 0.400000
v 3.581335 8.726875 0.400000
v 3.552668 8.758000 0.400000
v 3.529501 8.792875 0.400000
v 3.512334 8.831500 0.400000
v 3.501667 8.873875 0.400000
v 3.498001 8.920000 0.400000
v 3.522793 9.009781 0.400000
v 3.591334 9.094750 0.400000
v 3.694876 9.177343 0.400000
v 3.824668 9.260000 0.400000
v 3.971959 9.345157 0.400000
v 4.128001 9.435250 0.400000
v 4.284042 9.532719 0.400000
v 4.431334 9.640000 0.400000
v 4.561126 9.759531 0.400000
v 4.664667 9.893750 0.400000
v 4.733209 10.045094 0.400000
v 4.758000 10.216000 0.400000
v 4.750841 10.326195 0.400000
v 4.729723 10.428555 0.400000
v 4.695189 10.522750 0.400000
v 4.647779 10.608444 0.400000
v 4.588036 10.685306 0.400000
v 4.516501 10.753000 0.400000
v 4.433716 10.811194 0.400000
v 4.340223 10.859556 0.400000
v 4.236563 10.897750 0.400000
v 4.123279 10.925445 0.400000
v 4.000910 10.942306 0.400000
v 3.870001 10.948000 0.400000
v 3.806865 10.946497 0.400000
v 3.743417 10.941973 0.400000
v 3.679594 10.934406 0.400000
v 3.615334 10.923778 0.400000
v 3.550573 10.910067 0.400000
v 3.485250 10.893250 0.400000
v 3.419302 10.873309 0.400000
v 3.352667 10.850223 0.400000
v 3.285282 10.823969 0.400000
v 3.217084 10.794528 0.400000
v 3.148011 10.761879 0.400000
v 3.078001 10.726000 0.400000
v 3.078001 10.198000 0.400000
v 5.176622 8.317837 0.400000
v 5.229973 8.284194 0.400000
v 5.278782 8.254844 0.400000
v 5.323779 8.229555 0.400000
v 5.365692 8.208100 0.400000
v 5.405251 8.190249 0.400000
v 5.443185 8.175774 0.400000
v 5.480223 8.164444 0.400000
v 5.517095 8.156031 0.400000
v 5.554528 8.150306 0.400000
v 5.593254 8.147038 0.400000
v 5.634001 8.146000 0.399999
v 5.690269 8.147764 0.399999
v 5.742140 8.153111 0.399999
v 5.789720 8.162125 0.399999
v 5.833112 8.174889 0.399999
v 5.872421 8.191486 0.399999
v 5.907751 8.212000 0.399999
v 5.939206 8.236514 0.399999
v 5.966890 8.265111 0.399999
v 5.990908 8.297874 0.399999
v 6.011363 8.334888 0.399999
v 6.028359 8.376236 0.399999
v 6.042001 8.422000 0.399999
v 6.100744 8.377497 0.399999
v 6.159945 8.336972 0.399999
v 6.219563 8.300406 0.399999
v 6.279556 8.267777 0.399999
v 6.339882 8.239066 0.399999
v 6.400500 8.214250 0.399999
v 6.461369 8.193309 0.399999
v 6.522445 8.176222 0.399999
v 6.583688 8.162969 0.399999
v 6.645056 8.153527 0.399999
v 6.706508 8.147879 0.399999
v 6.768001 8.146000 0.399999
v 6.864175 8.152340 0.399999
v 6.954390 8.170722 0.399999
v 7.038189 8.200188 0.399999
v 7.115112 8.239778 0.399999
v 7.184702 8.288534 0.399999
v 7.246501 8.345500 0.399999
v 7.300050 8.409715 0.399999
v 7.344890 8.480222 0.399999
v 7.380563 8.556063 0.399999
v 7.406612 8.636278 0.399999
v 7.422577 8.719910 0.399999
v 7.428001 8.806000 0.399999
v 7.418188 8.931962 0.399999
v 7.390001 9.043694 0.399999
v 7.345313 9.142468 0.399999
v 7.286000 9.229555 0.399999
v 7.213938 9.306226 0.399999
v 7.131001 9.373750 0.399999
v 7.039062 9.433399 0.399999
v 6.940001 9.486444 0.399999
v 6.835689 9.534156 0.399999
v 6.728001 9.577806 0.399999
v 6.618814 9.618663 0.399999
v 6.510001 9.658000 0.399999
v 6.036001 9.826000 0.399999
v 6.036001 9.970000 0.399999
v 6.039376 10.049910 0.399999
v 6.049501 10.121778 0.399999
v 6.066377 10.185813 0.399999
v 6.090001 10.242222 0.399999
v 6.120376 10.291215 0.399999
v 6.157501 10.333000 0.399999
v 6.201377 10.367785 0.399999
v 6.252002 10.395778 0.399999
v 6.309377 10.417188 0.399999
v 6.373502 10.432222 0.399999
v 6.444376 10.441091 0.399999
v 6.522001 10.444000 0.399999
v 6.595598 10.441108 0.399999
v 6.669279 10.432362 0.399999
v 6.742876 10.417656 0.399999
v 6.816223 10.396889 0.399999
v 6.889153 10.369955 0.399999
v 6.961501 10.336750 0.399999
v 7.033098 10.297171 0.399999
v 7.103779 10.251111 0.399999
v 7.173376 10.198469 0.399999
v 7.241723 10.139139 0.399999
v 7.308654 10.073017 0.399999
v 7.374002 10.000000 0.399999
v 7.374002 10.582000 0.399999
v 7.319743 10.640879 0.399999
v 7.261944 10.694528 0.399999
v 7.200562 10.742969 0.399999
v 7.135556 10.786222 0.399999
v 7.066882 10.824309 0.399999
v 6.994500 10.857250 0.399999
v 6.918368 10.885066 0.399999
v 6.838445 10.907778 0.399999
v 6.754688 10.925406 0.399999
v 6.667056 10.937972 0.399999
v 6.575508 10.945497 0.399999
v 6.480001 10.948000 0.399999
v 6.346059 10.942215 0.399999
v 6.217973 10.924723 0.399999
v 6.096844 10.895312 0.399999
v 5.983778 10.853778 0.399999
v 5.879879 10.799910 0.399999
v 5.786251 10.733500 0.399999
v 5.703997 10.654341 0.399999
v 5.634223 10.562222 0.399999
v 5.578032 10.456938 0.400000
v 5.536529 10.338278 0.400000
v 5.510817 10.206035 0.400000
v 5.502001 10.059999 0.400000
v 5.502001 8.674000 0.400000
v 5.501254 8.649858 0.400000
v 5.499028 8.628361 0.400000
v 5.495345 8.609406 0.400000
v 5.490223 8.592889 0.400000
v 5.483685 8.578705 0.400000
v 5.475751 8.566750 0.400000
v 5.466442 8.556920 0.400000
v 5.455779 8.549111 0.400000
v 5.443782 8.543219 0.400000
v 5.430473 8.539139 0.400000
v 5.415873 8.536767 0.400000
v 5.400001 8.536000 0.400000
v 5.385400 8.537114 0.400000
v 5.368695 8.540417 0.400000
v 5.350032 8.545844 0.400000
v 5.329556 8.553333 0.400000
v 5.307414 8.562822 0.400000
v 5.283751 8.574250 0.400000
v 5.258713 8.587552 0.400000
v 5.232445 8.602667 0.400000
v 5.205094 8.619532 0.400000
v 5.176806 8.638083 0.400000
v 5.147727 8.658260 0.400000
v 5.118001 8.680000 0.400000
v 5.118001 8.356000 0.400000
v 6.148557 9.492907 0.399999
v 6.257445 9.453250 0.399999
v 6.361501 9.412469 0.399999
v 6.459557 9.370000 0.399999
v 6.550446 9.325281 0.399999
v 6.633001 9.277750 0.399999
v 6.706057 9.226844 0.399999
v 6.768446 9.172000 0.399999
v 6.819001 9.112657 0.399999
v 6.856557 9.048250 0.399999
v 6.879946 8.978219 0.399999
v 6.888000 8.902000 0.399999
v 6.884686 8.847927 0.399999
v 6.874974 8.796917 0.399999
v 6.859221 8.749281 0.399999
v 6.837780 8.705334 0.399999
v 6.811006 8.665385 0.399999
v 6.779252 8.629750 0.399999
v 6.742873 8.598740 0.399999
v 6.702224 8.572666 0.399999
v 6.657658 8.551844 0.399999
v 6.609529 8.536583 0.399999
v 6.558192 8.527198 0.399999
v 6.504001 8.524000 0.399999
v 6.462248 8.525732 0.399999
v 6.420998 8.530861 0.399999
v 6.380249 8.539281 0.399999
v 6.339999 8.550889 0.399999
v 6.300249 8.565579 0.399999
v 6.261000 8.583250 0.399999
v 6.222250 8.603795 0.399999
v 6.184000 8.627111 0.399999
v 6.146251 8.653093 0.399999
v 6.109001 8.681639 0.399999
v 6.072251 8.712643 0.399999
v 6.036001 8.746000 0.399999
v 6.036001 9.532000 0.399999
v 10.086001 8.200000 0.399999
v 10.086001 12.292000 0.399999
v 9.552002 12.292000 0.399999
v 9.552002 8.200000 0.399999
v 7.458002 8.200000 0.399999
v 8.178001 8.200000 0.399999
v 9.528002 9.574000 0.399999
v 8.334002 10.894000 0.399999
v 7.698001 10.894000 0.399999
v 8.850001 9.574000 0.399999
v 10.612623 8.317837 0.399999
v 10.665974 8.284194 0.399999
v 10.714783 8.254844 0.399999
v 10.759779 8.229555 0.399999
v 10.801693 8.208100 0.399999
v 10.841251 8.190249 0.399999
v 10.879186 8.175774 0.399999
v 10.916224 8.164444 0.399999
v 10.953095 8.156031 0.399999
v 10.990530 8.150306 0.399999
v 11.029255 8.147038 0.399999
v 11.070002 8.146000 0.399999
v 11.126268 8.147764 0.399999
v 11.178141 8.153111 0.399999
v 11.225720 8.162125 0.399999
v 11.269114 8.174889 0.399999
v 11.308422 8.191486 0.399999
v 11.343752 8.212000 0.399999
v 11.375207 8.236514 0.399999
v 11.402891 8.265111 0.399999
v 11.426908 8.297874 0.399999
v 11.447363 8.334888 0.399999
v 11.464360 8.376236 0.399999
v 11.478003 8.422000 0.399999
v 11.536746 8.377497 0.399999
v 11.595947 8.336972 0.399999
v 11.655565 8.300406 0.399999
v 11.715558 8.267777 0.399999
v 11.775884 8.239066 0.399999
v 11.836502 8.214250 0.399999
v 11.897370 8.193309 0.399999
v 11.958447 8.176222 0.399999
v 12.019690 8.162969 0.399999
v 12.081057 8.153527 0.399999
v 12.142509 8.147879 0.399999
v 12.204002 8.146000 0.399999
v 12.300177 8.152340 0.399999
v 12.390392 8.170722 0.399999
v 12.474190 8.200188 0.399999
v 12.551113 8.239778 0.399999
v 12.620703 8.288534 0.399999
v 12.682501 8.345500 0.399999
v 12.736050 8.409715 0.399999
v 12.780890 8.480222 0.399999
v 12.816565 8.556063 0.399999
v 12.842613 8.636278 0.399999
v 12.858579 8.719910 0.399999
v 12.864002 8.806000 0.399999
v 12.854189 8.931962 0.399999
v 12.826002 9.043694 0.399999
v 12.781314 9.142468 0.399999
v 12.722002 9.229555 0.399999
v 12.649940 9.306226 0.399999
v 12.567003 9.373750 0.399999
v 12.475065 9.433399 0.399999
v 12.376003 9.486444 0.399999
v 12.271690 9.534156 0.399999
v 12.164002 9.577806 0.399999
v 12.054814 9.618663 0.399999
v 11.946002 9.658000 0.399999
v 11.472002 9.826000 0.399999
v 11.472002 9.970000 0.399999
v 11.475377 10.049910 0.399999
v 11.485502 10.121778 0.399999
v 11.502378 10.185813 0.399999
v 11.526002 10.242222 0.399999
v 11.556377 10.291215 0.399999
v 11.593502 10.333000 0.399999
v 11.637378 10.367785 0.399999
v 11.688003 10.395778 0.399999
v 11.745378 10.417188 0.399999
v 11.809503 10.432222 0.399999
v 11.880377 10.441091 0.399999
v 11.958002 10.444000 0.399999
v 12.031601 10.441108 0.399999
v 12.105282 10.432362 0.399999
v 12.178879 10.417656 0.399999
v 12.252225 10.396889 0.399999
v 12.325155 10.369955 0.399999
v 12.397502 10.336750 0.399999
v 12.469099 10.297171 0.399999
v 12.539780 10.251111 0.399999
v 12.609377 10.198469 0.399999
v 12.677723 10.139139 0.399999
v 12.744654 10.073017 0.399999
v 12.810001 10.000000 0.399999
v 12.810001 10.582000 0.399999
v 12.755743 10.640879 0.399999
v 12.697945 10.694528 0.399999
v 12.636563 10.742969 0.399999
v 12.571556 10.786222 0.399999
v 12.502884 10.824309 0.399999
v 12.430501 10.857250 0.399999
v 12.354369 10.885066 0.399999
v 12.274445 10.907778 0.399999
v 12.190689 10.925406 0.399999
v 12.103057 10.937972 0.399999
v 12.011509 10.945497 0.399999
v 11.916002 10.948000 0.399999
v 11.782063 10.942215 0.399999
v 11.653975 10.924723 0.399999
v 11.532847 10.895312 0.399999
v 11.419781 10.853778 0.399999
v 11.315882 10.799910 0.399999
v 11.222253 10.733500 0.399999
v 11.139999 10.654341 0.399999
v 11.070225 10.562222 0.399999
v 11.014033 10.456938 0.399999
v 10.972530 10.338278 0.399999
v 10.946818 10.206035 0.399999
v 10.938002 10.059999 0.399999
v 10.938002 8.674000 0.399999
v 10.937254 8.649858 0.399999
v 10.935028 8.628361 0.399999
v 10.931344 8.609406 0.399999
v 10.926223 8.592889 0.399999
v 10.919685 8.578705 0.399999
v 10.911751 8.566750 0.399999
v 10.902441 8.556920 0.399999
v 10.891779 8.549111 0.399999
v 10.879782 8.543219 0.399999
v 10.866473 8.539139 0.399999
v 10.851873 8.536767 0.399999
v 10.836001 8.536000 0.399999
v 10.821402 8.537114 0.399999
v 10.804697 8.540417 0.399999
v 10.786034 8.545844 0.399999
v 10.765558 8.553333 0.399999
v 10.743416 8.562822 0.399999
v 10.719752 8.574250 0.399999
v 10.694714 8.587552 0.399999
v 10.668447 8.602667 0.399999
v 10.641096 8.619532 0.399999
v 10.612808 8.638083 0.399999
v 10.583728 8.658260 0.399999
v 10.554002 8.680000 0.399999
v 10.554002 8.356000 0.399999
v 11.584558 9.492907 0.399999
v 11.693446 9.453250 0.399999
v 11.797502 9.412469 0.399999
v 11.895557 9.370000 0.399999
v 11.986446 9.325281 0.399999
v 12.069002 9.277750 0.399999
v 12.142058 9.226844 0.399999
v 12.204447 9.172000 0.399999
v 12.255003 9.112657 0.399999
v 12.292559 9.048250 0.399999
v 12.315947 8.978219 0.399999
v 12.324002 8.902000 0.399999
v 12.320684 8.847927 0.399999
v 12.310973 8.796917 0.399999
v 12.295220 8.749281 0.399999
v 12.273780 8.705334 0.399999
v 12.247005 8.665385 0.399999
v 12.215252 8.629750 0.399999
v 12.178874 8.598740 0.399999
v 12.138225 8.572666 0.399999
v 12.093658 8.551844 0.399999
v 12.045530 8.536583 0.399999
v 11.994193 8.527198 0.399999
v 11.940001 8.524000 0.399999
v 11.898249 8.525732 0.399999
v 11.856998 8.530861 0.399999
v 11.816250 8.539281 0.399999
v 11.776000 8.550889 0.399999
v 11.736250 8.565579 0.399999
v 11.697001 8.583250 0.399999
v 11.658251 8.603795 0.399999
v 11.620001 8.627111 0.399999
v 11.582252 8.653093 0.399999
v 11.545002 8.681639 0.399999
v 11.508251 8.712643 0.399999
v 11.472002 8.746000 0.399999
v 11.472002 9.532000 0.399999
v 13.164001 10.894000 0.399999
v 13.164001 10.414000 0.399999
v 14.016001 10.414000 0.399999
v 14.016001 9.034000 0.399999
v 14.011425 8.959170 0.399999
v 13.998390 8.893361 0.399999
v 13.977938 8.836094 0.399999
v 13.951112 8.786889 0.399999
v 13.918953 8.745268 0.399999
v 13.882502 8.710750 0.399999
v 13.842800 8.682858 0.399999
v 13.800891 8.661111 0.399999
v 13.757814 8.645031 0.399999
v 13.714613 8.634139 0.399999
v 13.672328 8.627954 0.399999
v 13.632002 8.625999 0.399999
v 13.583870 8.627375 0.399999
v 13.535445 8.631500 0.399999
v 13.486688 8.638375 0.399999
v 13.437555 8.648000 0.399999
v 13.388006 8.660375 0.399999
v 13.338000 8.675500 0.399999
v 13.287493 8.693375 0.399999
v 13.236444 8.714000 0.399999
v 13.184813 8.737375 0.399999
v 13.132556 8.763500 0.399999
v 13.079633 8.792375 0.399999
v 13.026001 8.823999 0.399999
v 13.026001 8.326000 0.399999
v 13.074500 8.301031 0.399999
v 13.126501 8.277250 0.399999
v 13.181251 8.254844 0.399999
v 13.238001 8.234000 0.399999
v 13.296000 8.214907 0.399999
v 13.354500 8.197750 0.399999
v 13.412750 8.182718 0.399999
v 13.470001 8.170000 0.399999
v 13.525500 8.159781 0.399999
v 13.578501 8.152250 0.399999
v 13.628251 8.147593 0.399999
v 13.674002 8.146000 0.399999
v 13.813498 8.153364 0.399999
v 13.940973 8.174916 0.399999
v 14.056408 8.209844 0.399999
v 14.159779 8.257333 0.399999
v 14.251067 8.316572 0.399999
v 14.330252 8.386749 0.399999
v 14.397311 8.467052 0.399999
v 14.452225 8.556666 0.399999
v 14.494970 8.654781 0.399999
v 14.525530 8.760583 0.399999
v 14.543880 8.873260 0.399999
v 14.550001 8.992000 0.399999
v 14.550001 10.414000 0.399999
v 15.018002 10.414000 0.399999
v 15.018002 10.474000 0.399999
v 14.016001 11.452001 0.399999
v 14.016001 10.894000 0.399999
v 13.164001 10.894000 0.399999
v 13.164001 10.894000 -0.400001
v 13.164001 10.414000 0.399999
v 13.164001 10.414000 -0.400001
v 14.016001 10.414000 0.399999
v 14.016001 10.414000 -0.400001
v 14.016001 9.034000 0.399999
v 14.016001 9.034000 -0.400001
v 14.011425 8.959170 0.399999
v 14.011425 8.959170 -0.400001
v 13.998390 8.893361 0.399999
v 13.998390 8.893361 -0.400001
v 13.977938 8.836094 0.399999
v 13.977938 8.836094 -0.400001
v 13.951112 8.786889 0.399999
v 13.951112 8.786889 -0.400001
v 13.918953 8.745268 0.399999
v 13.918953 8.745268 -0.400001
v 13.882502 8.710750 0.399999
v 13.882502 8.710750 -0.400001
v 13.842800 8.682858 0.399999
v 13.842800 8.682858 -0.400001
v 13.800891 8.661111 0.399999
v 13.800891 8.661111 -0.400001
v 13.757814 8.645031 0.399999
v 13.757814 8.645031 -0.400001
v 13.714613 8.634139 0.399999
v 13.714613 8.634139 -0.400001
v 13.672328 8.627954 0.399999
v 13.672328 8.627954 -0.400001
v 13.632002 8.625999 0.399999
v 13.632002 8.625999 -0.400001
v 13.583870 8.627375 0.399999
v 13.583870 8.627375 -0.400001
v 13.535445 8.631500 0.399999
v 13.535445 8.631500 -0.400001
v 13.486688 8.638375 0.399999
v 13.486688 8.638375 -0.400001
v 13.437555 8.648000 0.399999
v 13.437555 8.648000 -0.400001
v 13.388006 8.660375 0.399999
v 13.388006 8.660375 -0.400001
v 13.338000 8.675500 0.399999
v 13.338000 8.675500 -0.400001
v 13.287493 8.693375 0.399999
v 13.287493 8.693375 -0.400001
v 13.236444 8.714000 0.399999
v 13.236444 8.714000 -0.400001
v 13.184813 8.737375 0.399999
v 13.184813 8.737375 -0.400001
v 13.132556 8.763500 0.399999
v 13.132556 8.763500 -0.400001
v 13.079633 8.792375 0.399999
v 13.079633 8.792375 -0.400001
v 13.026001 8.823999 0.399999
v 13.026001 8.823999 -0.400001
v 13.026001 8.326000 0.399999
v 13.026001 8.326000 -0.400001
v 13.074500 8.301031 0.399999
v 13.074500 8.301031 -0.400001
v 13.126501 8.277250 0.399999
v 13.126501 8.277250 -0.400001
v 13.181251 8.254844 0.399999
v 13.181251 8.254844 -0.400001
v 13.238001 8.234000 0.399999
v 13.238001 8.234000 -0.400001
v 13.296000 8.214907 0.399999
v 13.296000 8.214907 -0.400001
v 13.354500 8.197750 0.399999
v 13.354500 8.197750 -0.400001
v 13.412750 8.182718 0.399999
v 13.412750 8.182718 -0.400001
v 13.470001 8.170000 0.399999
v 13.470001 8.170000 -0.400001
v 13.525500 8.159781 0.399999
v 13.525500 8.159781 -0.400001
v 13.578501 8.152250 0.399999
v 13.578501 8.152250 -0.400001
v 13.628251 8.147593 0.399999
v 13.628251 8.147593 -0.400001
v 13.674002 8.146000 0.399999
v 13.674002 8.146000 -0.400001
v 13.813498 8.153364 0.399999
v 13.813498 8.153364 -0.400001
v 13.940973 8.174916 0.399999
v 13.940973 8.174916 -0.400001
v 14.056408 8.209844 0.399999
v 14.056408 8.209844 -0.400001
v 14.159779 8.257333 0.399999
v 14.159779 8.257333 -0.400001
v 14.251067 8.316572 0.399999
v 14.251067 8.316572 -0.400001
v 14.330252 8.386749 0.399999
v 14.330252 8.386749 -0.400001
v 14.397311 8.467052 0.399999
v 14.397311 8.467052 -0.400001
v 14.452225 8.556666 0.399999
v 14.452225 8.556666 -0.400001
v 14.494970 8.654781 0.399999
v 14.494970 8.654781 -0.400001
v 14.525530 8.760583 0.399999
v 14.525530 8.760583 -0.400001
v 14.543880 8.873260 0.399999
v 14.543880 8.873260 -0.400001
v 14.550001 8.992000 0.399999
v 14.550001 8.992000 -0.400001
v 14.550001 10.414000 0.399999
v 14.550001 10.414000 -0.400001
v 15.018002 10.414000 0.399999
v 15.018002 10.414000 -0.400001
v 15.018002 10.474000 0.399999
v 15.018002 10.474000 -0.400001
v 14.016001 11.452001 0.399999
v 14.016001 11.452001 -0.400001
v 14.016001 10.894000 0.399999
v 14.016001 10.894000 -0.400001
v 10.612623 8.317837 0.399999
v 10.612623 8.317837 -0.400001
v 10.665974 8.284194 0.399999
v 10.665974 8.284194 -0.400001
v 10.714783 8.254844 0.399999
v 10.714783 8.254844 -0.400001
v 10.759779 8.229555 0.399999
v 10.759779 8.229555 -0.400001
v 10.801693 8.208100 0.399999
v 10.801693 8.208100 -0.400001
v 10.841251 8.190249 0.399999
v 10.841251 8.190249 -0.400001
v 10.879186 8.175774 0.399999
v 10.879186 8.175774 -0.400001
v 10.916224 8.164444 0.399999
v 10.916224 8.164444 -0.400001
v 10.953095 8.156031 0.399999
v 10.953095 8.156031 -0.400001
v 10.990530 8.150306 0.399999
v 10.990530 8.150306 -0.400001
v 11.029255 8.147038 0.399999
v 11.029255 8.147038 -0.400001
v 11.070002 8.146000 0.399999
v 11.070002 8.146000 -0.400001
v 11.126268 8.147764 0.399999
v 11.126268 8.147764 -0.400001
v 11.178141 8.153111 0.399999
v 11.178141 8.153111 -0.400001
v 11.225720 8.162125 0.399999
v 11.225720 8.162125 -0.400001
v 11.269114 8.174889 0.399999
v 11.269114 8.174889 -0.400001
v 11.308422 8.191486 0.399999
v 11.308422 8.191486 -0.400001
v 11.343752 8.212000 0.399999
v 11.343752 8.212000 -0.400001
v 11.375207 8.236514 0.399999
v 11.375207 8.236514 -0.400001
v 11.402891 8.265111 0.399999
v 11.402891 8.265111 -0.400001
v 11.426908 8.297874 0.399999
v 11.426908 8.297874 -0.400001
v 11.447363 8.334888 0.399999
v 11.447363 8.334888 -0.400001
v 11.464360 8.376236 0.399999
v 11.464360 8.376236 -0.400001
v 11.478003 8.422000 0.399999
v 11.478003 8.422000 -0.400001
v 11.536746 8.377497 0.399999
v 11.536746 8.377497 -0.400001
v 11.595947 8.336972 0.399999
v 11.595947 8.336972 -0.400001
v 11.655565 8.300406 0.399999
v 11.655565 8.300406 -0.400001
v 11.715558 8.267777 0.399999
v 11.715558 8.267777 -0.400001
v 11.775884 8.239066 0.399999
v 11.775884 8.239066 -0.400001
v 11.836502 8.214250 0.399999
v 11.836502 8.214250 -0.400001
v 11.897370 8.193309 0.399999
v 11.897370 8.193309 -0.400001
v 11.958447 8.176222 0.399999
v 11.958447 8.176222 -0.400001
v 12.019690 8.162969 0.399999
v 12.019690 8.162969 -0.400001
v 12.081057 8.153527 0.399999
v 12.081057 8.153527 -0.400001
v 12.142509 8.147879 0.399999
v 12.142509 8.147879 -0.400001
v 12.204002 8.146000 0.399999
v 12.204002 8.146000 -0.400001
v 12.300177 8.152340 0.399999
v 12.300177 8.152340 -0.400001
v 12.390392 8.170722 0.399999
v 12.390392 8.170722 -0.400001
v 12.474190 8.200188 0.399999
v 12.474190 8.200188 -0.400001
v 12.551113 8.239778 0.399999
v 12.551113 8.239778 -0.400001
v 12.620703 8.288534 0.399999
v 12.620703 8.288534 -0.400001
v 12.682501 8.345500 0.399999
v 12.682501 8.345500 -0.400001
v 12.736050 8.409715 0.399999
v 12.736050 8.409715 -0.400001
v 12.780890 8.480222 0.399999
v 12.780890 8.480222 -0.400001
v 12.816565 8.556063 0.399999
v 12.816565 8.556063 -0.400001
v 12.842613 8.636278 0.399999
v 12.842613 8.636278 -0.400001
v 12.858579 8.719910 0.399999
v 12.858579 8.719910 -0.400001
v 12.864002 8.806000 0.399999
v 12.864002 8.806000 -0.400001
v 12.854189 8.931962 0.399999
v 12.854189 8.931962 -0.400001
v 12.826002 9.043694 0.399999
v 12.826002 9.043694 -0.400001
v 12.781314 9.142468 0.399999
v 12.781314 9.142468 -0.400001
v 12.722002 9.229555 0.399999
v 12.722002 9.229555 -0.400001
v 12.649940 9.306226 0.399999
v 12.649940 9.306226 -0.400001
v 12.567003 9.373750 0.399999
v 12.567003 9.373750 -0.400001
v 12.475065 9.433399 0.399999
v 12.475065 9.433399 -0.400001
v 12.376003 9.486444 0.399999
v 12.376003 9.486444 -0.400001
v 12.271690 9.534156 0.399999
v 12.271690 9.534156 -0.400001
v 12.164002 9.577806 0.399999
v 12.164002 9.577806 -0.400001
v 12.054814 9.618663 0.399999
v 12.054814 9.618663 -0.400001
v 11.946002 9.658000 0.399999
v 11.946002 9.658000 -0.400001
v 11.472002 9.826000 0.399999
v 11.472002 9.826000 -0.400001
v 11.472002 9.970000 0.399999
v 11.472002 9.970000 -0.400001
v 11.475377 10.049910 0.399999
v 11.475377 10.049910 -0.400001
v 11.485502 10.121778 0.399999
v 11.485502 10.121778 -0.400001
v 11.502378 10.185813 0.399999
v 11.502378 10.185813 -0.400001
v 11.526002 10.242222 0.399999
v 11.526002 10.242222 -0.400001
v 11.556377 10.291215 0.399999
v 11.556377 10.291215 -0.400001
v 11.593502 10.333000 0.399999
v 11.593502 10.333000 -0.400001
v 11.637378 10.367785 0.399999
v 11.637378 10.367785 -0.400001
v 11.688003 10.395778 0.399999
v 11.688003 10.395778 -0.400001
v 11.745378 10.417188 0.399999
v 11.745378 10.417188 -0.400001
v 11.809503 10.432222 0.399999
v 11.809503 10.432222 -0.400001
v 11.880377 10.441091 0.399999
v 11.880377 10.441091 -0.400001
v 11.958002 10.444000 0.399999
v 11.958002 10.444000 -0.400001
v 12.031601 10.441108 0.399999
v 12.031601 10.441108 -0.400001
v 12.105282 10.432362 0.399999
v 12.105282 10.432362 -0.400001
v 12.178879 10.417656 0.399999
v 12.178879 10.417656 -0.400001
v 12.252225 10.396889 0.399999
v 12.252225 10.396889 -0.400001
v 12.325155 10.369955 0.399999
v 12.325155 10.369955 -0.400001
v 12.397502 10.336750 0.399999
v 12.397502 10.336750 -0.400001
v 12.469099 10.297171 0.399999
v 12.469099 10.297171 -0.400001
v 12.539780 10.251111 0.399999
v 12.539780 10.251111 -0.400001
v 12.609377 10.198469 0.399999
v 12.609377 10.198469 -0.400001
v 12.677723 10.139139 0.399999
v 12.677723 10.139139 -0.400001
v 12.744654 10.073017 0.399999
v 12.744654 10.073017 -0.400001
v 12.810001 10.000000 0.399999
v 12.810001 10.000000 -0.400001
v 12.810001 10.582000 0.399999
v 12.810001 10.582000 -0.400001
v 12.755743 10.640879 0.399999
v 12.755743 10.640879 -0.400001
v 12.697945 10.694528 0.399999
v 12.697945 10.694528 -0.400001
v 12.636563 10.742969 0.399999
v 12.636563 10.742969 -0.400001
v 12.571556 10.786222 0.399999
v 12.571556 10.786222 -0.400001
v 12.502884 10.824309 0.399999
v 12.502884 10.824309 -0.400001
v 12.430501 10.857250 0.399999
v 12.430501 10.857250 -0.400001
v 12.354369 10.885066 0.399999
v 12.354369 10.885066 -0.400001
v 12.274445 10.907778 0.399999
v 12.274445 10.907778 -0.400001
v 12.190689 10.925406 0.399999
v 12.190689 10.925406 -0.400001
v 12.103057 10.937972 0.399999
v 12.103057 10.937972 -0.400001
v 12.011509 10.945497 0.399999
v 12.011509 10.945497 -0.400001
v 11.916002 10.948000 0.399999
v 11.916002 10.948000 -0.400001
v 11.782063 10.942215 0.399999
v 11.782063 10.942215 -0.400001
v 11.653975 10.924723 0.399999
v 11.653975 10.924723 -0.400001
v 11.532847 10.895312 0.399999
v 11.532847 10.895312 -0.400001
v 11.419781 10.853778 0.399999
v 11.419781 10.853778 -0.400001
v 11.315882 10.799910 0.399999
v 11.315882 10.799910 -0.400001
v 11.222253 10.733500 0.399999
v 11.222253 10.733500 -0.400001
v 11.139999 10.654341 0.399999
v 11.139999 10.654341 -0.400001
v 11.070225 10.562222 0.399999
v 11.070225 10.562222 -0.400001
v 11.014033 10.456938 0.399999
v 11.014033 10.456938 -0.400001
v 10.972530 10.338278 0.399999
v 10.972530 10.338278 -0.400001
v 10.946818 10.206035 0.399999
v 10.946818 10.206035 -0.400001
v 10.938002 10.059999 0.399999
v 10.938002 10.059999 -0.400001
v 10.938002 8.674000 0.399999
v 10.938002 8.674000 -0.400001
v 10.937254 8.649858 0.399999
v 10.937254 8.649858 -0.400001
v 10.935028 8.628361 0.399999
v 10.935028 8.628361 -0.400001
v 10.931344 8.609406 0.399999
v 10.931344 8.609406 -0.400001
v 10.926223 8.592889 0.399999
v 10.926223 8.592889 -0.400001
v 10.919685 8.578705 0.399999
v 10.919685 8.578705 -0.400001
v 10.911751 8.566750 0.399999
v 10.911751 8.566750 -0.400001
v 10.902441 8.556920 0.399999
v 10.902441 8.556920 -0.400001
v 10.891779 8.549111 0.399999
v 10.891779 8.549111 -0.400001
v 10.879782 8.543219 0.399999
v 10.879782 8.543219 -0.400001
v 10.866473 8.539139 0.399999
v 10.866473 8.539139 -0.400001
v 10.851873 8.536767 0.399999
v 10.851873 8.536767 -0.400001
v 10.836001 8.536000 0.399999
v 10.836001 8.536000 -0.400001
v 10.821402 8.537114 0.399999
v 10.821402 8.537114 -0.400001
v 10.804697 8.540417 0.399999
v 10.804697 8.540417 -0.400001
v 10.786034 8.545844 0.399999
v 10.786034 8.545844 -0.400001
v 10.765558 8.553333 0.399999
v 10.765558 8.553333 -0.400001
v 10.743416 8.562822 0.399999
v 10.743416 8.562822 -0.400001
v 10.719752 8.574250 0.399999
v 10.719752 8.574250 -0.400001
v 10.694714 8.587552 0.399999
v 10.694714 8.587552 -0.400001
v 10.668447 8.602667 0.399999
v 10.668447 8.602667 -0.400001
v 10.641096 8.619532 0.399999
v 10.641096 8.619532 -0.400001
v 10.612808 8.638083 0.399999
v 10.612808 8.638083 -0.400001
v 10.583728 8.658260 0.399999
v 10.583728 8.658260 -0.400001
v 10.554002 8.680000 0.399999
v 10.554002 8.680000 -0.400001
v 10.554002 8.356000 0.399999
v 10.554002 8.356000 -0.400001
v 11.584558 9.492907 0.399999
v 11.584558 9.492907 -0.400001
v 11.693446 9.453250 0.399999
v 11.693446 9.453250 -0.400001
v 11.797502 9.412469 0.399999
v 11.797502 9.412469 -0.400001
v 11.895557 9.370000 0.399999
v 11.895557 9.370000 -0.400001
v 11.986446 9.325281 0.399999
v 11.986446 9.325281 -0.400001
v 12.069002 9.277750 0.399999
v 12.069002 9.277750 -0.400001
v 12.142058 9.226844 0.399999
v 12.142058 9.226844 -0.400001
v 12.204447 9.172000 0.399999
v 12.204447 9.172000 -0.400001
v 12.255003 9.112657 0.399999
v 12.255003 9.112657 -0.400001
v 12.292559 9.048250 0.399999
v 12.292559 9.048250 -0.400001
v 12.315947 8.978219 0.399999
v 12.315947 8.978219 -0.400001
v 12.324002 8.902000 0.399999
v 12.324002 8.902000 -0.400001
v 12.320684 8.847927 0.399999
v 12.320684 8.847927 -0.400001
v 12.310973 8.796917 0.399999
v 12.310973 8.796917 -0.400001
v 12.295220 8.749281 0.399999
v 12.295220 8.749281 -0.400001
v 12.273780 8.705334 0.399999
v 12.273780 8.705334 -0.400001
v 12.247005 8.665385 0.399999
v 12.247005 8.665385 -0.400001
v 12.215252 8.629750 0.399999
v 12.215252 8.629750 -0.400001
v 12.178874 8.598740 0.399999
v 12.178874 8.598740 -0.400001
v 12.138225 8.572666 0.399999
v 12.138225 8.572666 -0.400001
v 12.093658 8.551844 0.399999
v 12.093658 8.551844 -0.400001
v 12.045530 8.536583 0.399999
v 12.045530 8.536583 -0.400001
v 11.994193 8.527198 0.399999
v 11.994193 8.527198 -0.400001
v 11.940001 8.524000 0.399999
v 11.940001 8.524000 -0.400001
v 11.898249 8.525732 0.399999
v 11.898249 8.525732 -0.400001
v 11.856998 8.530861 0.399999
v 11.856998 8.530861 -0.400001
v 11.816250 8.539281 0.399999
v 11.816250 8.539281 -0.400001
v 11.776000 8.550889 0.399999
v 11.776000 8.550889 -0.400001
v 11.736250 8.565579 0.399999
v 11.736250 8.565579 -0.400001
v 11.697001 8.583250 0.399999
v 11.697001 8.583250 -0.400001
v 11.658251 8.603795 0.399999
v 11.658251 8.603795 -0.400001
v 11.620001 8.627111 0.399999
v 11.620001 8.627111 -0.400001
v 11.582252 8.653093 0.399999
v 11.582252 8.653093 -0.400001
v 11.545002 8.681639 0.399999
v 11.545002 8.681639 -0.400001
v 11.508251 8.712643 0.399999
v 11.508251 8.712643 -0.400001
v 11.472002 8.746000 0.399999
v 11.472002 8.746000 -0.400001
v 11.472002 9.532000 0.399999
v 11.472002 9.532000 -0.400001
v 7.458002 8.200000 0.399999
v 7.458002 8.200000 -0.400001
v 8.178001 8.200000 0.399999
v 8.178001 8.200000 -0.400001
v 9.528002 9.574000 0.399999
v 9.528002 9.574000 -0.400001
v 8.334002 10.894000 0.399999
v 8.334002 10.894000 -0.400001
v 7.698001 10.894000 0.399999
v 7.698001 10.894000 -0.400001
v 8.850001 9.574000 0.399999
v 8.850001 9.574000 -0.400001
v 10.086001 8.200000 0.399999
v 10.086001 8.200000 -0.400001
v 10.086001 12.292000 0.399999
v 10.086001 12.292000 -0.400001
v 9.552002 12.292000 0.399999
v 9.552002 12.292000 -0.400001
v 9.552002 8.200000 0.399999
v 9.552002 8.200000 -0.400001
v 5.176622 8.317837 0.400000
v 5.176622 8.317837 -0.400000
v 5.229973 8.284194 0.400000
v 5.229973 8.284194 -0.400000
v 5.278782 8.254844 0.400000
v 5.278782 8.254844 -0.400000
v 5.323779 8.229555 0.400000
v 5.323779 8.229555 -0.400000
v 5.365692 8.208100 0.400000
v 5.365692 8.208100 -0.400000
v 5.405251 8.190249 0.400000
v 5.405251 8.190249 -0.400000
v 5.443185 8.175774 0.400000
v 5.443185 8.175774 -0.400000
v 5.480223 8.164444 0.400000
v 5.480223 8.164444 -0.400000
v 5.517095 8.156031 0.400000
v 5.517095 8.156031 -0.400000
v 5.554528 8.150306 0.400000
v 5.554528 8.150306 -0.400000
v 5.593254 8.147038 0.400000
v 5.593254 8.147038 -0.400000
v 5.634001 8.146000 0.399999
v 5.634001 8.146000 -0.400001
v 5.690269 8.147764 0.399999
v 5.690269 8.147764 -0.400001
v 5.742140 8.153111 0.399999
v 5.742140 8.153111 -0.400001
v 5.789720 8.162125 0.399999
v 5.789720 8.162125 -0.400001
v 5.833112 8.174889 0.399999
v 5.833112 8.174889 -0.400001
v 5.872421 8.191486 0.399999
v 5.872421 8.191486 -0.400001
v 5.907751 8.212000 0.399999
v 5.907751 8.212000 -0.400001
v 5.939206 8.236514 0.399999
v 5.939206 8.236514 -0.400001
v 5.966890 8.265111 0.399999
v 5.966890 8.265111 -0.400001
v 5.990908 8.297874 0.399999
v 5.990908 8.297874 -0.400001
v 6.011363 8.334888 0.399999
v 6.011363 8.334888 -0.400001
v 6.028359 8.376236 0.399999
v 6.028359 8.376236 -0.400001
v 6.042001 8.422000 0.399999
v 6.042001 8.422000 -0.400001
v 6.100744 8.377497 0.399999
v 6.100744 8.377497 -0.400001
v 6.159945 8.336972 0.399999
v 6.159945 8.336972 -0.400001
v 6.219563 8.300406 0.399999
v 6.219563 8.300406 -0.400001
v 6.279556 8.267777 0.399999
v 6.279556 8.267777 -0.400001
v 6.339882 8.239066 0.399999
v 6.339882 8.239066 -0.400001
v 6.400500 8.214250 0.399999
v 6.400500 8.214250 -0.400001
v 6.461369 8.193309 0.399999
v 6.461369 8.193309 -0.400001
v 6.522445 8.176222 0.399999
v 6.522445 8.176222 -0.400001
v 6.583688 8.162969 0.399999
v 6.583688 8.162969 -0.400001
v 6.645056 8.153527 0.399999
v 6.645056 8.153527 -0.400001
v 6.706508 8.147879 0.399999
v 6.706508 8.147879 -0.400001
v 6.768001 8.146000 0.399999
v 6.768001 8.146000 -0.400001
v 6.864175 8.152340 0.399999
v 6.864175 8.152340 -0.400001
v 6.954390 8.170722 0.399999
v 6.954390 8.170722 -0.400001
v 7.038189 8.200188 0.399999
v 7.038189 8.200188 -0.400001
v 7.115112 8.239778 0.399999
v 7.115112 8.239778 -0.400001
v 7.184702 8.288534 0.399999
v 7.184702 8.288534 -0.400001
v 7.246501 8.345500 0.399999
v 7.246501 8.345500 -0.400001
v 7.300050 8.409715 0.399999
v 7.300050 8.409715 -0.400001
v 7.344890 8.480222 0.399999
v 7.344890 8.480222 -0.400001
v 7.380563 8.556063 0.399999
v 7.380563 8.556063 -0.400001
v 7.406612 8.636278 0.399999
v 7.406612 8.636278 -0.400001
v 7.422577 8.719910 0.399999
v 7.422577 8.719910 -0.400001
v 7.428001 8.806000 0.399999
v 7.428001 8.806000 -0.400001
v 7.418188 8.931962 0.399999
v 7.418188 8.931962 -0.400001
v 7.390001 9.043694 0.399999
v 7.390001 9.043694 -0.400001
v 7.345313 9.142468 0.399999
v 7.345313 9.142468 -0.400001
v 7.286000 9.229555 0.399999
v 7.286000 9.229555 -0.400001
v 7.213938 9.306226 0.399999
v 7.213938 9.306226 -0.400001
v 7.131001 9.373750 0.399999
v 7.131001 9.373750 -0.400001
v 7.039062 9.433399 0.399999
v 7.039062 9.433399 -0.400001
v 6.940001 9.486444 0.399999
v 6.940001 9.486444 -0.400001
v 6.835689 9.534156 0.399999
v 6.835689 9.534156 -0.400001
v 6.728001 9.577806 0.399999
v 6.728001 9.577806 -0.400001
v 6.618814 9.618663 0.399999
v 6.618814 9.618663 -0.400001
v 6.510001 9.658000 0.399999
v 6.510001 9.658000 -0.400001
v 6.036001 9.826000 0.399999
v 6.036001 9.826000 -0.400001
v 6.036001 9.970000 0.399999
v 6.036001 9.970000 -0.400001
v 6.039376 10.049910 0.399999
v 6.039376 10.049910 -0.400001
v 6.049501 10.121778 0.399999
v 6.049501 10.121778 -0.400001
v 6.066377 10.185813 0.399999
v 6.066377 10.185813 -0.400001
v 6.090001 10.242222 0.399999
v 6.090001 10.242222 -0.400001
v 6.120376 10.291215 0.399999
v 6.120376 10.291215 -0.400001
v 6.157501 10.333000 0.399999
v 6.157501 10.333000 -0.400001
v 6.201377 10.367785 0.399999
v 6.201377 10.367785 -0.400001
v 6.252002 10.395778 0.399999
v 6.252002 10.395778 -0.400001
v 6.309377 10.417188 0.399999
v 6.309377 10.417188 -0.400001
v 6.373502 10.432222 0.399999
v 6.373502 10.432222 -0.400001
v 6.444376 10.441091 0.399999
v 6.444376 10.441091 -0.400001
v 6.522001 10.444000 0.399999
v 6.522001 10.444000 -0.400001
v 6.595598 10.441108 0.399999
v 6.595598 10.441108 -0.400001
v 6.669279 10.432362 0.399999
v 6.669279 10.432362 -0.400001
v 6.742876 10.417656 0.399999
v 6.742876 10.417656 -0.400001
v 6.816223 10.396889 0.399999
v 6.816223 10.396889 -0.400001
v 6.889153 10.369955 0.399999
v 6.889153 10.369955 -0.400001
v 6.961501 10.336750 0.399999
v 6.961501 10.336750 -0.400001
v 7.033098 10.297171 0.399999
v 7.033098 10.297171 -0.400001
v 7.103779 10.251111 0.399999
v 7.103779 10.251111 -0.400001
v 7.173376 10.198469 0.399999
v 7.173376 10.198469 -0.400001
v 7.241723 10.139139 0.399999
v 7.241723 10.139139 -0.400001
v 7.308654 10.073017 0.399999
v 7.308654 10.073017 -0.400001
v 7.374002 10.000000 0.399999
v 7.374002 10.000000 -0.400001
v 7.374002 10.582000 0.399999
v 7.374002 10.582000 -0.400001
v 7.319743 10.640879 0.399999
v 7.319743 10.640879 -0.400001
v 7.261944 10.694528 0.399999
v 7.261944 10.694528 -0.400001
v 7.200562 10.742969 0.399999
v 7.200562 10.742969 -0.400001
v 7.135556 10.786222 0.399999
v 7.135556 10.786222 -0.400001
v 7.066882 10.824309 0.399999
v 7.066882 10.824309 -0.400001
v 6.994500 10.857250 0.399999
v 6.994500 10.857250 -0.400001
v 6.918368 10.885066 0.399999
v 6.918368 10.885066 -0.400001
v 6.838445 10.907778 0.399999
v 6.838445 10.907778 -0.400001
v 6.754688 10.925406 0.399999
v 6.754688 10.925406 -0.400001
v 6.667056 10.937972 0.399999
v 6.667056 10.937972 -0.400001
v 6.575508 10.945497 0.399999
v 6.575508 10.945497 -0.400001
v 6.480001 10.948000 0.399999
v 6.480001 10.948000 -0.400001
v 6.346059 10.942215 0.399999
v 6.346059 10.942215 -0.400001
v 6.217973 10.924723 0.399999
v 6.217973 10.924723 -0.400001
v 6.096844 10.895312 0.399999
v 6.096844 10.895312 -0.400001
v 5.983778 10.853778 0.399999
v 5.983778 10.853778 -0.400001
v 5.879879 10.799910 0.399999
v 5.879879 10.799910 -0.400001
v 5.786251 10.733500 0.399999
v 5.786251 10.733500 -0.400001
v 5.703997 10.654341 0.399999
v 5.703997 10.654341 -0.400001
v 5.634223 10.562222 0.399999
v 5.634223 10.562222 -0.400001
v 5.578032 10.456938 0.400000
v 5.578032 10.456938 -0.400000
v 5.536529 10.338278 0.400000
v 5.536529 10.338278 -0.400000
v 5.510817 10.206035 0.400000
v 5.510817 10.206035 -0.400000
v 5.502001 10.059999 0.400000
v 5.502001 10.059999 -0.400000
v 5.502001 8.674000 0.400000
v 5.502001 8.674000 -0.400000
v 5.501254 8.649858 0.400000
v 5.501254 8.649858 -0.400000
v 5.499028 8.628361 0.400000
v 5.499028 8.628361 -0.400000
v 5.495345 8.609406 0.400000
v 5.495345 8.609406 -0.400000
v 5.490223 8.592889 0.400000
v 5.490223 8.592889 -0.400000
v 5.483685 8.578705 0.400000
v 5.483685 8.578705 -0.400000
v 5.475751 8.566750 0.400000
v 5.475751 8.566750 -0.400000
v 5.466442 8.556920 0.400000
v 5.466442 8.556920 -0.400000
v 5.455779 8.549111 0.400000
v 5.455779 8.549111 -0.400000
v 5.443782 8.543219 0.400000
v 5.443782 8.543219 -0.400000
v 5.430473 8.539139 0.400000
v 5.430473 8.539139 -0.400000
v 5.415873 8.536767 0.400000
v 5.415873 8.536767 -0.400000
v 5.400001 8.536000 0.400000
v 5.400001 8.536000 -0.400000
v 5.385400 8.537114 0.400000
v 5.385400 8.537114 -0.400000
v 5.368695 8.540417 0.400000
v 5.368695 8.540417 -0.400000
v 5.350032 8.545844 0.400000
v 5.350032 8.545844 -0.400000
v 5.329556 8.553333 0.400000
v 5.329556 8.553333 -0.400000
v 5.307414 8.562822 0.400000
v 5.307414 8.562822 -0.400000
v 5.283751 8.574250 0.400000
v 5.283751 8.574250 -0.400000
v 5.258713 8.587552 0.400000
v 5.258713 8.587552 -0.400000
v 5.232445 8.602667 0.400000
v 5.232445 8.602667 -0.400000
v 5.205094 8.619532 0.400000
v 5.205094 8.619532 -0.400000
v 5.176806 8.638083 0.400000
v 5.176806 8.638083 -0.400000
v 5.147727 8.658260 0.400000
v 5.147727 8.658260 -0.400000
v 5.118001 8.680000 0.400000
v 5.118001 8.680000 -0.400000
v 5.118001 8.356000 0.400000
v 5.118001 8.356000 -0.400000
v 6.148557 9.492907 0.399999
v 6.148557 9.492907 -0.400001
v 6.257445 9.453250 0.399999
v 6.257445 9.453250 -0.400001
v 6.361501 9.412469 0.399999
v 6.361501 9.412469 -0.400001
v 6.459557 9.370000 0.399999
v 6.459557 9.370000 -0.400001
v 6.550446 9.325281 0.399999
v 6.550446 9.325281 -0.400001
v 6.633001 9.277750 0.399999
v 6.633001 9.277750 -0.400001
v 6.706057 9.226844 0.399999
v 6.706057 9.226844 -0.400001
v 6.768446 9.172000 0.399999
v 6.768446 9.172000 -0.400001
v 6.819001 9.112657 0.399999
v 6.819001 9.112657 -0.400001
v 6.856557 9.048250 0.399999
v 6.856557 9.048250 -0.400001
v 6.879946 8.978219 0.399999
v 6.879946 8.978219 -0.400001
v 6.888000 8.902000 0.399999
v 6.888000 8.902000 -0.400001
v 6.884686 8.847927 0.399999
v 6.884686 8.847927 -0.400001
v 6.874974 8.796917 0.399999
v 6.874974 8.796917 -0.400001
v 6.859221 8.749281 0.399999
v 6.859221 8.749281 -0.400001
v 6.837780 8.705334 0.399999
v 6.837780 8.705334 -0.400001
v 6.811006 8.665385 0.399999
v 6.811006 8.665385 -0.400001
v 6.779252 8.629750 0.399999
v 6.779252 8.629750 -0.400001
v 6.742873 8.598740 0.399999
v 6.742873 8.598740 -0.400001
v 6.702224 8.572666 0.399999
v 6.702224 8.572666 -0.400001
v 6.657658 8.551844 0.399999
v 6.657658 8.551844 -0.400001
v 6.609529 8.536583 0.399999
v 6.609529 8.536583 -0.400001
v 6.558192 8.527198 0.399999
v 6.558192 8.527198 -0.400001
v 6.504001 8.524000 0.399999
v 6.504001 8.524000 -0.400001
v 6.462248 8.525732 0.399999
v 6.462248 8.525732 -0.400001
v 6.420998 8.530861 0.399999
v 6.420998 8.530861 -0.400001
v 6.380249 8.539281 0.399999
v 6.380249 8.539281 -0.400001
v 6.339999 8.550889 0.399999
v 6.339999 8.550889 -0.400001
v 6.300249 8.565579 0.399999
v 6.300249 8.565579 -0.400001
v 6.261000 8.583250 0.399999
v 6.261000 8.583250 -0.400001
v 6.222250 8.603795 0.399999
v 6.222250 8.603795 -0.400001
v 6.184000 8.627111 0.399999
v 6.184000 8.627111 -0.400001
v 6.146251 8.653093 0.399999
v 6.146251 8.653093 -0.400001
v 6.109001 8.681639 0.399999
v 6.109001 8.681639 -0.400001
v 6.072251 8.712643 0.399999
v 6.072251 8.712643 -0.400001
v 6.036001 8.746000 0.399999
v 6.036001 8.746000 -0.400001
v 6.036001 9.532000 0.399999
v 6.036001 9.532000 -0.400001
v 3.152587 10.245142 0.400000
v 3.152587 10.245142 -0.400000
v 3.226195 10.287639 0.400000
v 3.226195 10.287639 -0.400000
v 3.298594 10.325594 0.400000
v 3.298594 10.325594 -0.400000
v 3.369556 10.359111 0.400000
v 3.369556 10.359111 -0.400000
v 3.438851 10.388295 0.400000
v 3.438851 10.388295 -0.400000
v 3.506250 10.413250 0.400000
v 3.506250 10.413250 -0.400000
v 3.571524 10.434080 0.400000
v 3.571524 10.434080 -0.400000
v 3.634445 10.450889 0.400000
v 3.634445 10.450889 -0.400000
v 3.694782 10.463781 0.400000
v 3.694782 10.463781 -0.400000
v 3.752306 10.472861 0.400000
v 3.752306 10.472861 -0.400000
v 3.806789 10.478232 0.400000
v 3.806789 10.478232 -0.400000
v 3.858001 10.480000 0.400000
v 3.858001 10.480000 -0.400000
v 3.910341 10.477910 0.400000
v 3.910341 10.477910 -0.400000
v 3.959223 10.471778 0.400000
v 3.959223 10.471778 -0.400000
v 4.004438 10.461813 0.400000
v 4.004438 10.461813 -0.400000
v 4.045778 10.448222 0.400000
v 4.045778 10.448222 -0.400000
v 4.083035 10.431215 0.400000
v 4.083035 10.431215 -0.400000
v 4.116001 10.411000 0.400000
v 4.116001 10.411000 -0.400000
v 4.144466 10.387785 0.400000
v 4.144466 10.387785 -0.400000
v 4.168223 10.361778 0.400000
v 4.168223 10.361778 -0.400000
v 4.187063 10.333187 0.400000
v 4.187063 10.333187 -0.400000
v 4.200778 10.302222 0.400000
v 4.200778 10.302222 -0.400000
v 4.209161 10.269091 0.400000
v 4.209161 10.269091 -0.400000
v 4.212001 10.234000 0.400000
v 4.212001 10.234000 -0.400000
v 4.208185 10.203438 0.400000
v 4.208185 10.203438 -0.400000
v 4.196473 10.171500 0.400000
v 4.196473 10.171500 -0.400000
v 4.176469 10.137813 0.400000
v 4.176469 10.137813 -0.400000
v 4.147779 10.102000 0.400000
v 4.147779 10.102000 -0.400000
v 4.110004 10.063687 0.400000
v 4.110004 10.063687 -0.400000
v 4.062751 10.022500 0.400000
v 4.062751 10.022500 -0.400000
v 4.005622 9.978063 0.400000
v 4.005622 9.978063 -0.400000
v 3.938223 9.930000 0.400000
v 3.938223 9.930000 -0.400000
v 3.860157 9.877937 0.400000
v 3.860157 9.877937 -0.400000
v 3.771029 9.821500 0.400000
v 3.771029 9.821500 -0.400000
v 3.670442 9.760312 0.400000
v 3.670442 9.760312 -0.400000
v 3.558001 9.694000 0.400000
v 3.558001 9.694000 -0.400000
v 3.452806 9.622636 0.400000
v 3.452806 9.622636 -0.400000
v 3.358945 9.555083 0.400000
v 3.358945 9.555083 -0.400000
v 3.276001 9.490656 0.400000
v 3.276001 9.490656 -0.400000
v 3.203557 9.428667 0.400000
v 3.203557 9.428667 -0.400000
v 3.141195 9.368427 0.400000
v 3.141195 9.368427 -0.400000
v 3.088501 9.309250 0.400000
v 3.088501 9.309250 -0.400000
v 3.045056 9.250448 0.400000
v 3.045056 9.250448 -0.400000
v 3.010445 9.191334 0.400000
v 3.010445 9.191334 -0.400000
v 2.984251 9.131219 0.400000
v 2.984251 9.131219 -0.400000
v 2.966056 9.069417 0.400000
v 2.966056 9.069417 -0.400000
v 2.955445 9.005239 0.400000
v 2.955445 9.005239 -0.400000
v 2.952001 8.938000 0.400000
v 2.952001 8.938000 -0.400000
v 2.959733 8.822844 0.400000
v 2.959733 8.822844 -0.400000
v 2.982361 8.714749 0.400000
v 2.982361 8.714749 -0.400000
v 3.019032 8.614281 0.400000
v 3.019032 8.614281 -0.400000
v 3.068889 8.521999 0.400000
v 3.068889 8.521999 -0.400000
v 3.131080 8.438469 0.400000
v 3.131080 8.438469 -0.400000
v 3.204751 8.364250 0.400000
v 3.204751 8.364250 -0.400000
v 3.289046 8.299906 0.400000
v 3.289046 8.299906 -0.400000
v 3.383112 8.246000 0.400000
v 3.383112 8.246000 -0.400000
v 3.486094 8.203094 0.400000
v 3.486094 8.203094 -0.400000
v 3.597139 8.171750 0.400000
v 3.597139 8.171750 -0.400000
v 3.715393 8.152531 0.400000
v 3.715393 8.152531 -0.400000
v 3.840001 8.146000 0.400000
v 3.840001 8.146000 -0.400000
v 3.921094 8.147403 0.400000
v 3.921094 8.147403 -0.400000
v 3.999750 8.151722 0.400000
v 3.999750 8.151722 -0.400000
v 4.076531 8.159124 0.400000
v 4.076531 8.159124 -0.400000
v 4.152000 8.169778 0.400000
v 4.152000 8.169778 -0.400000
v 4.226719 8.183847 0.400000
v 4.226719 8.183847 -0.400000
v 4.301250 8.201500 0.400000
v 4.301250 8.201500 -0.400000
v 4.376157 8.222902 0.400000
v 4.376157 8.222902 -0.400000
v 4.452001 8.248222 0.400000
v 4.452001 8.248222 -0.400000
v 4.529345 8.277625 0.400000
v 4.529345 8.277625 -0.400000
v 4.608751 8.311277 0.400000
v 4.608751 8.311277 -0.400000
v 4.690782 8.349347 0.400000
v 4.690782 8.349347 -0.400000
v 4.776001 8.392000 0.400000
v 4.776001 8.392000 -0.400000
v 4.776001 8.968000 0.400000
v 4.776001 8.968000 -0.400000
v 4.689667 8.910618 0.400000
v 4.689667 8.910618 -0.400000
v 4.604834 8.858444 0.400000
v 4.604834 8.858444 -0.400000
v 4.521750 8.811438 0.400000
v 4.521750 8.811438 -0.400000
v 4.440667 8.769555 0.400000
v 4.440667 8.769555 -0.400000
v 4.361834 8.732757 0.400000
v 4.361834 8.732757 -0.400000
v 4.285501 8.701000 0.400000
v 4.285501 8.701000 -0.400000
v 4.211917 8.674243 0.400000
v 4.211917 8.674243 -0.400000
v 4.141334 8.652445 0.400000
v 4.141334 8.652445 -0.400000
v 4.074000 8.635563 0.400000
v 4.074000 8.635563 -0.400000
v 4.010167 8.623555 0.400000
v 4.010167 8.623555 -0.400000
v 3.950084 8.616382 0.400000
v 3.950084 8.616382 -0.400000
v 3.894001 8.614000 0.400000
v 3.894001 8.614000 -0.400000
v 3.840835 8.618876 0.400000
v 3.840835 8.618876 -0.400000
v 3.789668 8.627501 0.400000
v 3.789668 8.627501 -0.400000
v 3.741001 8.639875 0.400000
v 3.741001 8.639875 -0.400000
v 3.695335 8.656000 0.400000
v 3.695335 8.656000 -0.400000
v 3.653168 8.675875 0.400000
v 3.653168 8.675875 -0.400000
v 3.615001 8.699500 0.400000
v 3.615001 8.699500 -0.400000
v 3.581335 8.726875 0.400000
v 3.581335 8.726875 -0.400000
v 3.552668 8.758000 0.400000
v 3.552668 8.758000 -0.400000
v 3.529501 8.792875 0.400000
v 3.529501 8.792875 -0.400000
v 3.512334 8.831500 0.400000
v 3.512334 8.831500 -0.400000
v 3.501667 8.873875 0.400000
v 3.501667 8.873875 -0.400000
v 3.498001 8.920000 0.400000
v 3.498001 8.920000 -0.400000
v 3.522793 9.009781 0.400000
v 3.522793 9.009781 -0.400000
v 3.591334 9.094750 0.400000
v 3.591334 9.094750 -0.400000
v 3.694876 9.177343 0.400000
v 3.694876 9.177343 -0.400000
v 3.824668 9.260000 0.400000
v 3.824668 9.260000 -0.400000
v 3.971959 9.345157 0.400000
v 3.971959 9.345157 -0.400000
v 4.128001 9.435250 0.400000
v 4.128001 9.435250 -0.400000
v 4.284042 9.532719 0.400000
v 4.284042 9.532719 -0.400000
v 4.431334 9.640000 0.400000
v 4.431334 9.640000 -0.400000
v 4.561126 9.759531 0.400000
v 4.561126 9.759531 -0.400000
v 4.664667 9.893750 0.400000
v 4.664667 9.893750 -0.400000
v 4.733209 10.045094 0.400000
v 4.733209 10.045094 -0.400000
v 4.758000 10.216000 0.400000
v 4.758000 10.216000 -0.400000
v 4.750841 10.326195 0.400000
v 4.750841 10.326195 -0.400000
v 4.729723 10.428555 0.400000
v 4.729723 10.428555 -0.400000
v 4.695189 10.522750 0.400000
v 4.695189 10.522750 -0.400000
v 4.647779 10.608444 0.400000
v 4.647779 10.608444 -0.400000
v 4.588036 10.685306 0.400000
v 4.588036 10.685306 -0.400000
v 4.516501 10.753000 0.400000
v 4.516501 10.753000 -0.400000
v 4.433716 10.811194 0.400000
v 4.433716 10.811194 -0.400000
v 4.340223 10.859556 0.400000
v 4.340223 10.859556 -0.400000
v 4.236563 10.897750 0.400000
v 4.236563 10.897750 -0.400000
v 4.123279 10.925445 0.400000
v 4.123279 10.925445 -0.400000
v 4.000910 10.942306 0.400000
v 4.000910 10.942306 -0.400000
v 3.870001 10.948000 0.400000
v 3.870001 10.948000 -0.400000
v 3.806865 10.946497 0.400000
v 3.806865 10.946497 -0.400000
v 3.743417 10.941973 0.400000
v 3.743417 10.941973 -0.400000
v 3.679594 10.934406 0.400000
v 3.679594 10.934406 -0.400000
v 3.615334 10.923778 0.400000
v 3.615334 10.923778 -0.400000
v 3.550573 10.910067 0.400000
v 3.550573 10.910067 -0.400000
v 3.485250 10.893250 0.400000
v 3.485250 10.893250 -0.400000
v 3.419302 10.873309 0.400000
v 3.419302 10.873309 -0.400000
v 3.352667 10.850223 0.400000
v 3.352667 10.850223 -0.400000
v 3.285282 10.823969 0.400000
v 3.285282 10.823969 -0.400000
v 3.217084 10.794528 0.400000
v 3.217084 10.794528 -0.400000
v 3.148011 10.761879 0.400000
v 3.148011 10.761879 -0.400000
v 3.078001 10.726000 0.400000
v 3.078001 10.726000 -0.400000
v 3.078001 10.198000 0.400000
v 3.078001 10.198000 -0.400000
v 2.322001 8.200000 0.400000
v 2.322001 8.200000 -0.400000
v 2.322001 10.894000 0.400000
v 2.322001 10.894000 -0.400000
v 1.788001 10.894000 0.400000
v 1.788001 10.894000 -0.400000
v 1.788001 8.200000 0.400000
v 1.788001 8.200000 -0.400000
v 2.094810 11.394934 0.400000
v 2.094810 11.394934 -0.400000
v 2.135973 11.403473 0.400000
v 2.135973 11.403473 -0.400000
v 2.175095 11.417219 0.400000
v 2.175095 11.417219 -0.400000
v 2.211779 11.435778 0.400000
v 2.211779 11.435778 -0.400000
v 2.245629 11.458754 0.400000
v 2.245629 11.458754 -0.400000
v 2.276251 11.485750 0.400000
v 2.276251 11.485750 -0.400000
v 2.303247 11.516372 0.400000
v 2.303247 11.516372 -0.400000
v 2.326223 11.550222 0.400000
v 2.326223 11.550222 -0.400000
v 2.344782 11.586906 0.400000
v 2.344782 11.586906 -0.400000
v 2.358529 11.626028 0.400000
v 2.358529 11.626028 -0.400000
v 2.367067 11.667192 0.400000
v 2.367067 11.667192 -0.400000
v 2.370001 11.710000 0.400000
v 2.370001 11.710000 -0.400000
v 2.367067 11.752810 0.400000
v 2.367067 11.752810 -0.400000
v 2.358528 11.793972 0.400000
v 2.358528 11.793972 -0.400000
v 2.344782 11.833094 0.400000
v 2.344782 11.833094 -0.400000
v 2.326223 11.869778 0.400000
v 2.326223 11.869778 -0.400000
v 2.303247 11.903628 0.400000
v 2.303247 11.903628 -0.400000
v 2.276251 11.934250 0.400000
v 2.276251 11.934250 -0.400000
v 2.245629 11.961246 0.400000
v 2.245629 11.961246 -0.400000
v 2.211779 11.984222 0.400000
v 2.211779 11.984222 -0.400000
v 2.175095 12.002781 0.400000
v 2.175095 12.002781 -0.400000
v 2.135973 12.016528 0.400000
v 2.135973 12.016528 -0.400000
v 2.094810 12.025066 0.400000
v 2.094810 12.025066 -0.400000
v 2.052001 12.028000 0.400000
v 2.052001 12.028000 -0.400000
v 2.009192 12.025066 0.400000
v 2.009192 12.025066 -0.400000
v 1.968029 12.016527 0.400000
v 1.968029 12.016527 -0.400000
v 1.928907 12.002781 0.400000
v 1.928907 12.002781 -0.400000
v 1.892223 11.984222 0.400000
v 1.892223 11.984222 -0.400000
v 1.858372 11.961246 0.400000
v 1.858372 11.961246 -0.400000
v 1.827751 11.934250 0.400000
v 1.827751 11.934250 -0.400000
v 1.800754 11.903628 0.400000
v 1.800754 11.903628 -0.400000
v 1.777779 11.869778 0.400000
v 1.777779 11.869778 -0.400000
v 1.759220 11.833094 0.400000
v 1.759220 11.833094 -0.400000
v 1.745473 11.793972 0.400000
v 1.745473 11.793972 -0.400000
v 1.736935 11.752810 0.400000
v 1.736935 11.752810 -0.400000
v 1.734001 11.710000 0.400000
v 1.734001 11.710000 -0.400000
v 1.736935 11.667191 0.400000
v 1.736935 11.667191 -0.400000
v 1.745473 11.626028 0.400000
v 1.745473 11.626028 -0.400000
v 1.759220 11.586906 0.400000
v 1.759220 11.586906 -0.400000
v 1.777779 11.550222 0.400000
v 1.777779 11.550222 -0.400000
v 1.800755 11.516372 0.400000
v 1.800755 11.516372 -0.400000
v 1.827751 11.485750 0.400000
v 1.827751 11.485750 -0.400000
v 1.858372 11.458754 0.400000
v 1.858372 11.458754 -0.400000
v 1.892223 11.435778 0.400000
v 1.892223 11.435778 -0.400000
v 1.928907 11.417219 0.400000
v 1.928907 11.417219 -0.400000
v 1.968029 11.403472 0.400000
v 1.968029 11.403472 -0.400000
v 2.009192 11.394934 0.400000
v 2.009192 11.394934 -0.400000
v 2.052001 11.392000 0.400000
v 2.052001 11.392000 -0.400000
v -2.124001 10.894000 0.400000
v -2.124001 10.894000 -0.400000
v -2.124001 10.414000 0.400000
v -2.124001 10.414000 -0.400000
v -1.272001 10.414000 0.400000
v -1.272001 10.414000 -0.400000
v -1.272001 9.034000 0.400000
v -1.272001 9.034000 -0.400000
v -1.276577 8.959170 0.400000
v -1.276577 8.959170 -0.400000
v -1.289612 8.893361 0.400000
v -1.289612 8.893361 -0.400000
v -1.310063 8.836094 0.400000
v -1.310063 8.836094 -0.400000
v -1.336890 8.786889 0.400000
v -1.336890 8.786889 -0.400000
v -1.369049 8.745268 0.400000
v -1.369049 8.745268 -0.400000
v -1.405501 8.710750 0.400000
v -1.405501 8.710750 -0.400000
v -1.445202 8.682858 0.400000
v -1.445202 8.682858 -0.400000
v -1.487112 8.661111 0.400000
v -1.487112 8.661111 -0.400000
v -1.530188 8.645031 0.400000
v -1.530188 8.645031 -0.400000
v -1.573390 8.634139 0.400000
v -1.573390 8.634139 -0.400000
v -1.615674 8.627954 0.400000
v -1.615674 8.627954 -0.400000
v -1.656000 8.625999 0.400000
v -1.656000 8.625999 -0.400000
v -1.704132 8.627375 0.400000
v -1.704132 8.627375 -0.400000
v -1.752556 8.631500 0.400000
v -1.752556 8.631500 -0.400000
v -1.801313 8.638375 0.400000
v -1.801313 8.638375 -0.400000
v -1.850445 8.648000 0.400000
v -1.850445 8.648000 -0.400000
v -1.899994 8.660375 0.400000
v -1.899994 8.660375 -0.400000
v -1.950001 8.675500 0.400000
v -1.950001 8.675500 -0.400000
v -2.000507 8.693375 0.400000
v -2.000507 8.693375 -0.400000
v -2.051556 8.714000 0.400000
v -2.051556 8.714000 -0.400000
v -2.103188 8.737375 0.400000
v -2.103188 8.737375 -0.400000
v -2.155445 8.763500 0.400000
v -2.155445 8.763500 -0.400000
v -2.208369 8.792375 0.400000
v -2.208369 8.792375 -0.400000
v -2.262001 8.823999 0.400000
v -2.262001 8.823999 -0.400000
v -2.262001 8.326000 0.400000
v -2.262001 8.326000 -0.400000
v -2.213501 8.301031 0.400000
v -2.213501 8.301031 -0.400000
v -2.161501 8.277250 0.400000
v -2.161501 8.277250 -0.400000
v -2.106751 8.254844 0.400000
v -2.106751 8.254844 -0.400000
v -2.050001 8.234000 0.400000
v -2.050001 8.234000 -0.400000
v -1.992001 8.214907 0.400000
v -1.992001 8.214907 -0.400000
v -1.933501 8.197750 0.400000
v -1.933501 8.197750 -0.400000
v -1.875251 8.182718 0.400000
v -1.875251 8.182718 -0.400000
v -1.818001 8.170000 0.400000
v -1.818001 8.170000 -0.400000
v -1.762501 8.159781 0.400000
v -1.762501 8.159781 -0.400000
v -1.709501 8.152250 0.400000
v -1.709501 8.152250 -0.400000
v -1.659751 8.147593 0.400000
v -1.659751 8.147593 -0.400000
v -1.614001 8.146000 0.400000
v -1.614001 8.146000 -0.400000
v -1.474504 8.153364 0.400000
v -1.474504 8.153364 -0.400000
v -1.347028 8.174916 0.400000
v -1.347028 8.174916 -0.400000
v -1.231594 8.209844 0.400000
v -1.231594 8.209844 -0.400000
v -1.128223 8.257333 0.400000
v -1.128223 8.257333 -0.400000
v -1.036935 8.316572 0.400000
v -1.036935 8.316572 -0.400000
v -0.957750 8.386749 0.400000
v -0.957751 8.386749 -0.400000
v -0.890691 8.467052 0.400000
v -0.890692 8.467052 -0.400000
v -0.835778 8.556666 0.400000
v -0.835778 8.556666 -0.400000
v -0.793032 8.654781 0.400000
v -0.793032 8.654781 -0.400000
v -0.762473 8.760583 0.400000
v -0.762473 8.760583 -0.400000
v -0.744122 8.873260 0.400000
v -0.744122 8.873260 -0.400000
v -0.738000 8.992000 0.400000
v -0.738001 8.992000 -0.400000
v -0.738000 10.414000 0.400000
v -0.738001 10.414000 -0.400000
v -0.270000 10.414000 0.400000
v -0.270000 10.414000 -0.400000
v -0.270000 10.474000 0.400000
v -0.270000 10.474000 -0.400000
v -1.272001 11.452001 0.400000
v -1.272001 11.452001 -0.400000
v -1.272001 10.894000 0.400000
v -1.272001 10.894000 -0.400000
v -4.675379 8.317837 0.400000
v -4.675379 8.317837 -0.400000
v -4.622028 8.284194 0.400000
v -4.622028 8.284194 -0.400000
v -4.573219 8.254844 0.400000
v -4.573219 8.254844 -0.400000
v -4.528223 8.229555 0.400000
v -4.528223 8.229555 -0.400000
v -4.486309 8.208100 0.400000
v -4.486309 8.208100 -0.400000
v -4.446750 8.190249 0.400000
v -4.446750 8.190249 -0.400000
v -4.408816 8.175774 0.400000
v -4.408816 8.175774 -0.400000
v -4.371778 8.164444 0.400000
v -4.371778 8.164444 -0.400000
v -4.334907 8.156031 0.400000
v -4.334907 8.156031 -0.400000
v -4.297473 8.150306 0.400000
v -4.297473 8.150306 -0.400000
v -4.258747 8.147038 0.400000
v -4.258747 8.147038 -0.400000
v -4.218000 8.146000 0.400000
v -4.218000 8.146000 -0.400000
v -4.161733 8.147764 0.400000
v -4.161733 8.147764 -0.400000
v -4.109861 8.153111 0.400000
v -4.109861 8.153111 -0.400000
v -4.062282 8.162125 0.400000
v -4.062282 8.162125 -0.400000
v -4.018889 8.174889 0.400000
v -4.018889 8.174889 -0.400000
v -3.979580 8.191486 0.400000
v -3.979580 8.191486 -0.400000
v -3.944250 8.212000 0.400000
v -3.944250 8.212000 -0.400000
v -3.912795 8.236514 0.400000
v -3.912795 8.236514 -0.400000
v -3.885111 8.265111 0.400000
v -3.885111 8.265111 -0.400000
v -3.861094 8.297874 0.400000
v -3.861094 8.297874 -0.400000
v -3.840639 8.334888 0.400000
v -3.840639 8.334888 -0.400000
v -3.823642 8.376236 0.400000
v -3.823642 8.376236 -0.400000
v -3.810000 8.422000 0.400000
v -3.810000 8.422000 -0.400000
v -3.751257 8.377497 0.400000
v -3.751257 8.377497 -0.400000
v -3.692055 8.336972 0.400000
v -3.692055 8.336972 -0.400000
v -3.632437 8.300406 0.400000
v -3.632437 8.300406 -0.400000
v -3.572444 8.267777 0.400000
v -3.572444 8.267777 -0.400000
v -3.512118 8.239066 0.400000
v -3.512118 8.239066 -0.400000
v -3.451500 8.214250 0.400000
v -3.451500 8.214250 -0.400000
v -3.390632 8.193309 0.400000
v -3.390632 8.193309 -0.400000
v -3.329556 8.176222 0.400000
v -3.329556 8.176222 -0.400000
v -3.268312 8.162969 0.400000
v -3.268312 8.162969 -0.400000
v -3.206944 8.153527 0.400000
v -3.206944 8.153527 -0.400000
v -3.145494 8.147879 0.400000
v -3.145494 8.147879 -0.400000
v -3.084000 8.146000 0.400000
v -3.084000 8.146000 -0.400000
v -2.987827 8.152340 0.400000
v -2.987827 8.152340 -0.400000
v -2.897611 8.170722 0.400000
v -2.897611 8.170722 -0.400000
v -2.813812 8.200188 0.400000
v -2.813812 8.200188 -0.400000
v -2.736889 8.239778 0.400000
v -2.736889 8.239778 -0.400000
v -2.667299 8.288534 0.400000
v -2.667299 8.288534 -0.400000
v -2.605500 8.345500 0.400000
v -2.605500 8.345500 -0.400000
v -2.551951 8.409715 0.400000
v -2.551951 8.409715 -0.400000
v -2.507111 8.480222 0.400000
v -2.507111 8.480222 -0.400000
v -2.471437 8.556063 0.400000
v -2.471437 8.556063 -0.400000
v -2.445389 8.636278 0.400000
v -2.445389 8.636278 -0.400000
v -2.429424 8.719910 0.400000
v -2.429424 8.719910 -0.400000
v -2.424000 8.806000 0.400000
v -2.424000 8.806000 -0.400000
v -2.433813 8.931962 0.400000
v -2.433813 8.931962 -0.400000
v -2.462000 9.043694 0.400000
v -2.462000 9.043694 -0.400000
v -2.506688 9.142468 0.400000
v -2.506688 9.142468 -0.400000
v -2.566000 9.229555 0.400000
v -2.566000 9.229555 -0.400000
v -2.638063 9.306226 0.400000
v -2.638063 9.306226 -0.400000
v -2.721000 9.373750 0.400000
v -2.721000 9.373750 -0.400000
v -2.812938 9.433399 0.400000
v -2.812938 9.433399 -0.400000
v -2.912000 9.486444 0.400000
v -2.912000 9.486444 -0.400000
v -3.016313 9.534156 0.400000
v -3.016313 9.534156 -0.400000
v -3.124000 9.577806 0.400000
v -3.124000 9.577806 -0.400000
v -3.233188 9.618663 0.400000
v -3.233188 9.618663 -0.400000
v -3.342000 9.658000 0.400000
v -3.342000 9.658000 -0.400000
v -3.816000 9.826000 0.400000
v -3.816000 9.826000 -0.400000
v -3.816000 9.970000 0.400000
v -3.816000 9.970000 -0.400000
v -3.812625 10.049910 0.400000
v -3.812625 10.049910 -0.400000
v -3.802500 10.121778 0.400000
v -3.802500 10.121778 -0.400000
v -3.785625 10.185813 0.400000
v -3.785625 10.185813 -0.400000
v -3.762000 10.242222 0.400000
v -3.762000 10.242222 -0.400000
v -3.731625 10.291215 0.400000
v -3.731625 10.291215 -0.400000
v -3.694500 10.333000 0.400000
v -3.694500 10.333000 -0.400000
v -3.650625 10.367785 0.400000
v -3.650625 10.367785 -0.400000
v -3.600000 10.395778 0.400000
v -3.600000 10.395778 -0.400000
v -3.542625 10.417188 0.400000
v -3.542625 10.417188 -0.400000
v -3.478500 10.432222 0.400000
v -3.478500 10.432222 -0.400000
v -3.407625 10.441091 0.400000
v -3.407625 10.441091 -0.400000
v -3.330000 10.444000 0.400000
v -3.330000 10.444000 -0.400000
v -3.256403 10.441108 0.400000
v -3.256403 10.441108 -0.400000
v -3.182723 10.432362 0.400000
v -3.182723 10.432362 -0.400000
v -3.109125 10.417656 0.400000
v -3.109125 10.417656 -0.400000
v -3.035778 10.396889 0.400000
v -3.035778 10.396889 -0.400000
v -2.962847 10.369955 0.400000
v -2.962847 10.369955 -0.400000
v -2.890500 10.336750 0.400000
v -2.890500 10.336750 -0.400000
v -2.818903 10.297171 0.400000
v -2.818903 10.297171 -0.400000
v -2.748222 10.251111 0.400000
v -2.748222 10.251111 -0.400000
v -2.678625 10.198469 0.400000
v -2.678625 10.198469 -0.400000
v -2.610278 10.139139 0.400000
v -2.610278 10.139139 -0.400000
v -2.543347 10.073017 0.400000
v -2.543347 10.073017 -0.400000
v -2.478000 10.000000 0.400000
v -2.478000 10.000000 -0.400000
v -2.478000 10.582000 0.400000
v -2.478000 10.582000 -0.400000
v -2.532257 10.640879 0.400000
v -2.532257 10.640879 -0.400000
v -2.590056 10.694528 0.400000
v -2.590056 10.694528 -0.400000
v -2.651438 10.742969 0.400000
v -2.651438 10.742969 -0.400000
v -2.716445 10.786222 0.400000
v -2.716445 10.786222 -0.400000
v -2.785118 10.824309 0.400000
v -2.785118 10.824309 -0.400000
v -2.857500 10.857250 0.400000
v -2.857500 10.857250 -0.400000
v -2.933632 10.885066 0.400000
v -2.933632 10.885066 -0.400000
v -3.013556 10.907778 0.400000
v -3.013556 10.907778 -0.400000
v -3.097313 10.925406 0.400000
v -3.097313 10.925406 -0.400000
v -3.184945 10.937972 0.400000
v -3.184945 10.937972 -0.400000
v -3.276493 10.945497 0.400000
v -3.276493 10.945497 -0.400000
v -3.372000 10.948000 0.400000
v -3.372000 10.948000 -0.400000
v -3.505942 10.942215 0.400000
v -3.505942 10.942215 -0.400000
v -3.634029 10.924723 0.400000
v -3.634029 10.924723 -0.400000
v -3.755157 10.895312 0.400000
v -3.755157 10.895312 -0.400000
v -3.868223 10.853778 0.400000
v -3.868223 10.853778 -0.400000
v -3.972122 10.799910 0.400000
v -3.972122 10.799910 -0.400000
v -4.065751 10.733500 0.400000
v -4.065751 10.733500 -0.400000
v -4.148004 10.654341 0.400000
v -4.148004 10.654341 -0.400000
v -4.217778 10.562222 0.400000
v -4.217778 10.562222 -0.400000
v -4.273969 10.456938 0.400000
v -4.273969 10.456938 -0.400000
v -4.315473 10.338278 0.400000
v -4.315473 10.338278 -0.400000
v -4.341184 10.206035 0.400000
v -4.341184 10.206035 -0.400000
v -4.350000 10.059999 0.400000
v -4.350000 10.059999 -0.400000
v -4.350000 8.674000 0.400000
v -4.350000 8.674000 -0.400000
v -4.350747 8.649858 0.400000
v -4.350747 8.649858 -0.400000
v -4.352973 8.628361 0.400000
v -4.352973 8.628361 -0.400000
v -4.356657 8.609406 0.400000
v -4.356657 8.609406 -0.400000
v -4.361778 8.592889 0.400000
v -4.361778 8.592889 -0.400000
v -4.368317 8.578705 0.400000
v -4.368317 8.578705 -0.400000
v -4.376250 8.566750 0.400000
v -4.376250 8.566750 -0.400000
v -4.385560 8.556920 0.400000
v -4.385560 8.556920 -0.400000
v -4.396223 8.549111 0.400000
v -4.396223 8.549111 -0.400000
v -4.408219 8.543219 0.400000
v -4.408219 8.543219 -0.400000
v -4.421528 8.539139 0.400000
v -4.421528 8.539139 -0.400000
v -4.436129 8.536767 0.400000
v -4.436129 8.536767 -0.400000
v -4.452000 8.536000 0.400000
v -4.452000 8.536000 -0.400000
v -4.466601 8.537114 0.400000
v -4.466601 8.537114 -0.400000
v -4.483306 8.540417 0.400000
v -4.483306 8.540417 -0.400000
v -4.501969 8.545844 0.400000
v -4.501969 8.545844 -0.400000
v -4.522445 8.553333 0.400000
v -4.522445 8.553333 -0.400000
v -4.544587 8.562822 0.400000
v -4.544587 8.562822 -0.400000
v -4.568251 8.574250 0.400000
v -4.568251 8.574250 -0.400000
v -4.593288 8.587552 0.400000
v -4.593288 8.587552 -0.400000
v -4.619556 8.602667 0.400000
v -4.619556 8.602667 -0.400000
v -4.646907 8.619532 0.400000
v -4.646907 8.619532 -0.400000
v -4.675195 8.638083 0.400000
v -4.675195 8.638083 -0.400000
v -4.704275 8.658260 0.400000
v -4.704275 8.658260 -0.400000
v -4.734000 8.680000 0.400000
v -4.734000 8.680000 -0.400000
v -4.734000 8.356000 0.400000
v -4.734000 8.356000 -0.400000
v -3.703444 9.492907 0.400000
v -3.703444 9.492907 -0.400000
v -3.594556 9.453250 0.400000
v -3.594556 9.453250 -0.400000
v -3.490500 9.412469 0.400000
v -3.490500 9.412469 -0.400000
v -3.392445 9.370000 0.400000
v -3.392445 9.370000 -0.400000
v -3.301556 9.325281 0.400000
v -3.301556 9.325281 -0.400000
v -3.219000 9.277750 0.400000
v -3.219000 9.277750 -0.400000
v -3.145945 9.226844 0.400000
v -3.145945 9.226844 -0.400000
v -3.083556 9.172000 0.400000
v -3.083556 9.172000 -0.400000
v -3.033000 9.112657 0.400000
v -3.033000 9.112657 -0.400000
v -2.995445 9.048250 0.400000
v -2.995445 9.048250 -0.400000
v -2.972056 8.978219 0.400000
v -2.972056 8.978219 -0.400000
v -2.964000 8.902000 0.400000
v -2.964000 8.902000 -0.400000
v -2.967316 8.847927 0.400000
v -2.967316 8.847927 -0.400000
v -2.977028 8.796917 0.400000
v -2.977028 8.796917 -0.400000
v -2.992781 8.749281 0.400000
v -2.992781 8.749281 -0.400000
v -3.014222 8.705334 0.400000
v -3.014222 8.705334 -0.400000
v -3.040996 8.665385 0.400000
v -3.040996 8.665385 -0.400000
v -3.072750 8.629750 0.400000
v -3.072750 8.629750 -0.400000
v -3.109128 8.598740 0.400000
v -3.109128 8.598740 -0.400000
v -3.149778 8.572666 0.400000
v -3.149778 8.572666 -0.400000
v -3.194344 8.551844 0.400000
v -3.194344 8.551844 -0.400000
v -3.242472 8.536583 0.400000
v -3.242472 8.536583 -0.400000
v -3.293809 8.527198 0.400000
v -3.293809 8.527198 -0.400000
v -3.348000 8.524000 0.400000
v -3.348000 8.524000 -0.400000
v -3.389750 8.525732 0.400000
v -3.389750 8.525732 -0.400000
v -3.431000 8.530861 0.400000
v -3.431000 8.530861 -0.400000
v -3.471750 8.539281 0.400000
v -3.471750 8.539281 -0.400000
v -3.512000 8.550889 0.400000
v -3.512000 8.550889 -0.400000
v -3.551750 8.565579 0.400000
v -3.551750 8.565579 -0.400000
v -3.591000 8.583250 0.400000
v -3.591000 8.583250 -0.400000
v -3.629750 8.603795 0.400000
v -3.629750 8.603795 -0.400000
v -3.668000 8.627111 0.400000
v -3.668000 8.627111 -0.400000
v -3.705750 8.653093 0.400000
v -3.705750 8.653093 -0.400000
v -3.743001 8.681639 0.400000
v -3.743001 8.681639 -0.400000
v -3.779750 8.712643 0.400000
v -3.779750 8.712643 -0.400000
v -3.816000 8.746000 0.400000
v -3.816000 8.746000 -0.400000
v -3.816000 9.532000 0.400000
v -3.816000 9.532000 -0.400000
v -7.377514 8.412368 0.400001
v -7.377514 8.412368 -0.399999
v -7.297611 8.365444 0.400001
v -7.297611 8.365444 -0.399999
v -7.217625 8.323187 0.400001
v -7.217625 8.323187 -0.399999
v -7.136889 8.285555 0.400001
v -7.136889 8.285555 -0.399999
v -7.054736 8.252507 0.400001
v -7.054736 8.252507 -0.399999
v -6.970500 8.224000 0.400001
v -6.970500 8.224000 -0.399999
v -6.883514 8.199993 0.400001
v -6.883514 8.199993 -0.399999
v -6.793111 8.180445 0.400001
v -6.793111 8.180445 -0.399999
v -6.698626 8.165312 0.400001
v -6.698626 8.165312 -0.399999
v -6.599389 8.154555 0.400001
v -6.599389 8.154555 -0.399999
v -6.494737 8.148132 0.400001
v -6.494737 8.148132 -0.399999
v -6.384001 8.146000 0.400001
v -6.384001 8.146000 -0.399999
v -6.181806 8.160007 0.400001
v -6.181806 8.160007 -0.399999
v -5.995445 8.200556 0.400001
v -5.995445 8.200556 -0.399999
v -5.825251 8.265438 0.400001
v -5.825251 8.265438 -0.399999
v -5.671556 8.352445 0.400001
v -5.671556 8.352445 -0.399999
v -5.534695 8.459368 0.400000
v -5.534695 8.459368 -0.400000
v -5.415000 8.584000 0.400000
v -5.415000 8.584000 -0.400000
v -5.312806 8.724132 0.400000
v -5.312806 8.724132 -0.400000
v -5.228445 8.877556 0.400000
v -5.228445 8.877556 -0.400000
v -5.162251 9.042063 0.400000
v -5.162251 9.042063 -0.400000
v -5.114556 9.215445 0.400000
v -5.114556 9.215445 -0.400000
v -5.085695 9.395493 0.400000
v -5.085695 9.395493 -0.400000
v -5.076000 9.580000 0.400000
v -5.076000 9.580000 -0.400000
v -5.086584 9.778334 0.400000
v -5.086584 9.778334 -0.400000
v -5.117667 9.964666 0.400000
v -5.117667 9.964666 -0.400000
v -5.168250 10.138000 0.400000
v -5.168250 10.138000 -0.400000
v -5.237333 10.297334 0.400000
v -5.237333 10.297334 -0.400000
v -5.323917 10.441667 0.400000
v -5.323917 10.441667 -0.400000
v -5.427001 10.570000 0.400000
v -5.427001 10.570000 -0.400000
v -5.545584 10.681334 0.400000
v -5.545584 10.681334 -0.400000
v -5.678667 10.774667 0.400001
v -5.678667 10.774667 -0.399999
v -5.825251 10.849000 0.400001
v -5.825251 10.849000 -0.399999
v -5.984334 10.903334 0.400001
v -5.984334 10.903334 -0.399999
v -6.154917 10.936666 0.400001
v -6.154917 10.936666 -0.399999
v -6.336000 10.948000 0.400001
v -6.336000 10.948000 -0.399999
v -6.509012 10.937861 0.400001
v -6.509012 10.937861 -0.399999
v -6.670585 10.907389 0.400001
v -6.670585 10.907389 -0.399999
v -6.820033 10.856500 0.400001
v -6.820033 10.856500 -0.399999
v -6.956668 10.785111 0.400001
v -6.956668 10.785111 -0.399999
v -7.079803 10.693139 0.400001
v -7.079803 10.693139 -0.399999
v -7.188751 10.580500 0.400001
v -7.188751 10.580500 -0.399999
v -7.282824 10.447111 0.400001
v -7.282824 10.447111 -0.399999
v -7.361334 10.292889 0.400001
v -7.361334 10.292889 -0.399999
v -7.423594 10.117750 0.400001
v -7.423594 10.117750 -0.399999
v -7.468917 9.921611 0.400001
v -7.468917 9.921611 -0.399999
v -7.496614 9.704389 0.400001
v -7.496614 9.704389 -0.399999
v -7.506001 9.466000 0.400001
v -7.506001 9.466000 -0.399999
v -5.610001 9.466000 0.400000
v -5.610001 9.466000 -0.400000
v -5.635618 9.337885 0.400001
v -5.635618 9.337885 -0.399999
v -5.670444 9.220583 0.400001
v -5.670444 9.220583 -0.399999
v -5.714437 9.114157 0.400001
v -5.714437 9.114157 -0.399999
v -5.767556 9.018666 0.400001
v -5.767556 9.018666 -0.399999
v -5.829757 8.934177 0.400001
v -5.829757 8.934177 -0.399999
v -5.901000 8.860750 0.400001
v -5.901000 8.860750 -0.399999
v -5.981244 8.798448 0.400001
v -5.981244 8.798448 -0.399999
v -6.070445 8.747334 0.400001
v -6.070445 8.747334 -0.399999
v -6.168563 8.707469 0.400001
v -6.168563 8.707469 -0.399999
v -6.275556 8.678917 0.400001
v -6.275556 8.678917 -0.399999
v -6.391382 8.661739 0.400001
v -6.391382 8.661739 -0.399999
v -6.516001 8.656000 0.400001
v -6.516001 8.656000 -0.399999
v -6.596640 8.658479 0.400001
v -6.596640 8.658479 -0.399999
v -6.676612 8.665833 0.400001
v -6.676612 8.665833 -0.399999
v -6.756001 8.677938 0.400001
v -6.756001 8.677938 -0.399999
v -6.834890 8.694667 0.400001
v -6.834890 8.694667 -0.399999
v -6.913363 8.715896 0.400001
v -6.913363 8.715896 -0.399999
v -6.991501 8.741500 0.400001
v -6.991501 8.741500 -0.399999
v -7.069390 8.771354 0.400001
v -7.069390 8.771354 -0.399999
v -7.147112 8.805333 0.400001
v -7.147112 8.805333 -0.399999
v -7.224751 8.843312 0.400001
v -7.224751 8.843312 -0.399999
v -7.302390 8.885166 0.400001
v -7.302390 8.885166 -0.399999
v -7.380112 8.930771 0.400001
v -7.380112 8.930771 -0.399999
v -7.458000 8.980000 0.400001
v -7.458000 8.980000 -0.399999
v -7.458000 8.464000 0.400001
v -7.458000 8.464000 -0.399999
v -6.969041 9.918813 0.400001
v -6.969041 9.918813 -0.399999
v -6.951333 10.011000 0.400001
v -6.951333 10.011000 -0.399999
v -6.925125 10.096188 0.400001
v -6.925125 10.096188 -0.399999
v -6.890666 10.174000 0.400001
v -6.890666 10.174000 -0.399999
v -6.848208 10.244062 0.400001
v -6.848208 10.244062 -0.399999
v -6.798000 10.306000 0.400001
v -6.798000 10.306000 -0.399999
v -6.740292 10.359438 0.400001
v -6.740292 10.359438 -0.399999
v -6.675334 10.404000 0.400001
v -6.675334 10.404000 -0.399999
v -6.603375 10.439313 0.400001
v -6.603375 10.439313 -0.399999
v -6.524667 10.465000 0.400001
v -6.524667 10.465000 -0.399999
v -6.439459 10.480687 0.400001
v -6.439459 10.480687 -0.399999
v -6.348001 10.486000 0.400001
v -6.348001 10.486000 -0.399999
v -6.249383 10.481031 0.400001
v -6.249383 10.481031 -0.399999
v -6.157557 10.466250 0.400001
v -6.157557 10.466250 -0.399999
v -6.072563 10.441844 0.400001
v -6.072563 10.441844 -0.399999
v -5.994445 10.408000 0.400001
v -5.994445 10.408000 -0.399999
v -5.923244 10.364906 0.400001
v -5.923244 10.364906 -0.399999
v -5.859001 10.312750 0.400001
v -5.859001 10.312750 -0.399999
v -5.801758 10.251719 0.400001
v -5.801758 10.251719 -0.399999
v -5.751556 10.182000 0.400001
v -5.751556 10.182000 -0.399999
v -5.708438 10.103782 0.400001
v -5.708438 10.103782 -0.399999
v -5.672445 10.017250 0.400001
v -5.672445 10.017250 -0.399999
v -5.643619 9.922594 0.400001
v -5.643619 9.922594 -0.399999
v -5.622000 9.820000 0.400000
v -5.622000 9.820000 -0.400000
v -6.978001 9.820000 0.400001
v -6.978001 9.820000 -0.399999
v -8.652000 10.276000 0.400001
v -8.652000 10.276000 -0.399999
v -8.664001 10.276000 0.400001
v -8.664001 10.276000 -0.399999
v -8.731255 10.388795 0.400001
v -8.731255 10.388795 -0.399999
v -8.798028 10.490361 0.400001
v -8.798028 10.490361 -0.399999
v -8.864345 10.580969 0.400001
v -8.864345 10.580969 -0.399999
v -8.930223 10.660889 0.400001
v -8.930223 10.660889 -0.399999
v -8.995685 10.730392 0.400001
v -8.995685 10.730392 -0.399999
v -9.060751 10.789750 0.400001
v -9.060751 10.789750 -0.399999
v -9.125443 10.839232 0.400001
v -9.125443 10.839232 -0.399999
v -9.189779 10.879111 0.400001
v -9.189779 10.879111 -0.399999
v -9.253782 10.909657 0.400001
v -9.253782 10.909657 -0.399999
v -9.317472 10.931139 0.400001
v -9.317472 10.931139 -0.399999
v -9.380873 10.943830 0.400001
v -9.380873 10.943830 -0.399999
v -9.444000 10.948000 0.400001
v -9.444000 10.948000 -0.399999
v -9.497768 10.945871 0.400001
v -9.497768 10.945871 -0.399999
v -9.551140 10.939472 0.400001
v -9.551140 10.939472 -0.399999
v -9.604219 10.928782 0.400001
v -9.604219 10.928782 -0.399999
v -9.657112 10.913778 0.400001
v -9.657112 10.913778 -0.399999
v -9.709921 10.894441 0.400001
v -9.709921 10.894441 -0.399999
v -9.762751 10.870750 0.400001
v -9.762751 10.870750 -0.399999
v -9.815705 10.842684 0.400001
v -9.815705 10.842684 -0.399999
v -9.868890 10.810223 0.400001
v -9.868890 10.810223 -0.399999
v -9.922407 10.773344 0.400001
v -9.922407 10.773344 -0.399999
v -9.976362 10.732028 0.400001
v -9.976362 10.732028 -0.399999
v -10.030859 10.686254 0.400001
v -10.030859 10.686254 -0.399999
v -10.086001 10.636000 0.400001
v -10.086001 10.636000 -0.399999
v -9.804001 10.174000 0.400001
v -9.804001 10.174000 -0.399999
v -9.762576 10.211966 0.400001
v -9.762576 10.211966 -0.399999
v -9.719611 10.247723 0.400001
v -9.719611 10.247723 -0.399999
v -9.675563 10.281062 0.400001
v -9.675563 10.281062 -0.399999
v -9.630889 10.311778 0.400001
v -9.630889 10.311778 -0.399999
v -9.586049 10.339660 0.400001
v -9.586049 10.339660 -0.399999
v -9.541501 10.364500 0.400001
v -9.541501 10.364500 -0.399999
v -9.497702 10.386090 0.400001
v -9.497702 10.386090 -0.399999
v -9.455112 10.404222 0.400001
v -9.455112 10.404222 -0.399999
v -9.414188 10.418688 0.400001
v -9.414188 10.418688 -0.399999
v -9.375390 10.429277 0.400001
v -9.375390 10.429277 -0.399999
v -9.339174 10.435785 0.400001
v -9.339174 10.435785 -0.399999
v -9.306001 10.438000 0.400001
v -9.306001 10.438000 -0.399999
v -9.216248 10.430532 0.400001
v -9.216248 10.430532 -0.399999
v -9.130473 10.408750 0.400001
v -9.130473 10.408750 -0.399999
v -9.049408 10.373593 0.400001
v -9.049408 10.373593 -0.399999
v -8.973780 10.326000 0.400001
v -8.973780 10.326000 -0.399999
v -8.904318 10.266906 0.400001
v -8.904318 10.266906 -0.399999
v -8.841751 10.197250 0.400001
v -8.841751 10.197250 -0.399999
v -8.786810 10.117969 0.400001
v -8.786810 10.117969 -0.399999
v -8.740223 10.030000 0.400001
v -8.740223 10.030000 -0.399999
v -8.702720 9.934281 0.400001
v -8.702720 9.934281 -0.399999
v -8.675029 9.831750 0.400001
v -8.675029 9.831750 -0.399999
v -8.657880 9.723344 0.400001
v -8.657880 9.723344 -0.399999
v -8.652000 9.610000 0.400001
v -8.652000 9.610000 -0.399999
v -8.652000 8.200000 0.400001
v -8.652000 8.200000 -0.399999
v -8.118001 8.200000 0.400001
v -8.118001 8.200000 -0.399999
v -8.118001 10.894000 0.400001
v -8.118001 10.894000 -0.399999
v -8.652000 10.894000 0.400001
v -8.652000 10.894000 -0.399999
v -13.163815 9.366924 0.400001
v -13.163815 9.366924 -0.399999
v -13.128002 9.172389 0.400001
v -13.128002 9.172389 -0.399999
v -13.069691 8.991438 0.400001
v -13.069691 8.991438 -0.399999
v -12.990003 8.825111 0.400001
v -12.990003 8.825111 -0.399999
v -12.890066 8.674452 0.400001
v -12.890066 8.674452 -0.399999
v -12.771003 8.540500 0.400001
v -12.771003 8.540500 -0.399999
v -12.633940 8.424298 0.400001
v -12.633940 8.424298 -0.399999
v -12.480002 8.326889 0.400001
v -12.480002 8.326889 -0.399999
v -12.310315 8.249312 0.400001
v -12.310315 8.249312 -0.399999
v -12.126002 8.192611 0.400001
v -12.126002 8.192611 -0.399999
v -11.928190 8.157826 0.400001
v -11.928190 8.157826 -0.399999
v -11.718002 8.146000 0.400001
v -11.718002 8.146000 -0.399999
v -11.516085 8.158284 0.400001
v -11.516085 8.158284 -0.399999
v -11.325169 8.194277 0.400001
v -11.325169 8.194277 -0.399999
v -11.146502 8.252687 0.400001
v -11.146502 8.252687 -0.399999
v -10.981335 8.332222 0.400001
v -10.981335 8.332222 -0.399999
v -10.830918 8.431590 0.400001
v -10.830918 8.431590 -0.399999
v -10.696502 8.549500 0.400001
v -10.696502 8.549500 -0.399999
v -10.579334 8.684660 0.400001
v -10.579334 8.684660 -0.399999
v -10.480668 8.835777 0.400001
v -10.480668 8.835777 -0.399999
v -10.401752 9.001562 0.400001
v -10.401752 9.001562 -0.399999
v -10.343836 9.180722 0.400001
v -10.343836 9.180722 -0.399999
v -10.308168 9.371965 0.400001
v -10.308168 9.371965 -0.399999
v -10.296001 9.574000 0.400001
v -10.296001 9.574000 -0.399999
v -10.308627 9.763629 0.400001
v -10.308627 9.763629 -0.399999
v -10.345502 9.944528 0.400001
v -10.345502 9.944528 -0.399999
v -10.405127 10.115219 0.400001
v -10.405127 10.115219 -0.399999
v -10.486002 10.274222 0.400001
v -10.486002 10.274222 -0.399999
v -10.586627 10.420059 0.400001
v -10.586627 10.420059 -0.399999
v -10.705502 10.551250 0.400001
v -10.705502 10.551250 -0.399999
v -10.841127 10.666316 0.400001
v -10.841127 10.666316 -0.399999
v -10.992002 10.763778 0.400001
v -10.992002 10.763778 -0.399999
v -11.156627 10.842156 0.400001
v -11.156627 10.842156 -0.399999
v -11.333502 10.899972 0.400001
v -11.333502 10.899972 -0.399999
v -11.521127 10.935747 0.400001
v -11.521127 10.935747 -0.399999
v -11.718002 10.948000 0.400001
v -11.718002 10.948000 -0.399999
v -11.924412 10.936205 0.400001
v -11.924412 10.936205 -0.399999
v -12.119755 10.901639 0.400001
v -12.119755 10.901639 -0.399999
v -12.302723 10.845531 0.400001
v -12.302723 10.845531 -0.399999
v -12.472004 10.769112 0.400001
v -12.472004 10.769112 -0.399999
v -12.626286 10.673608 0.400001
v -12.626286 10.673608 -0.399999
v -12.764254 10.560250 0.400001
v -12.764254 10.560250 -0.399999
v -12.884597 10.430267 0.400001
v -12.884597 10.430267 -0.399999
v -12.986003 10.284889 0.400001
v -12.986003 10.284889 -0.399999
v -13.067159 10.125343 0.400001
v -13.067159 10.125343 -0.399999
v -13.126753 9.952861 0.400001
v -13.126753 9.952861 -0.399999
v -13.163471 9.768670 0.400001
v -13.163471 9.768670 -0.399999
v -13.176003 9.574000 0.400001
v -13.176003 9.574000 -0.399999
v -10.849266 9.435608 0.400001
v -10.849266 9.435608 -0.399999
v -10.870613 9.305861 0.400001
v -10.870613 9.305861 -0.399999
v -10.905376 9.185406 0.400001
v -10.905376 9.185406 -0.399999
v -10.952890 9.074889 0.400001
v -10.952890 9.074889 -0.399999
v -11.012487 8.974955 0.400001
v -11.012487 8.974955 -0.399999
v -11.083502 8.886250 0.400001
v -11.083502 8.886250 -0.399999
v -11.165266 8.809420 0.400001
v -11.165266 8.809420 -0.399999
v -11.257113 8.745111 0.400001
v -11.257113 8.745111 -0.399999
v -11.358377 8.693969 0.400001
v -11.358377 8.693969 -0.399999
v -11.468391 8.656639 0.400001
v -11.468391 8.656639 -0.399999
v -11.586489 8.633767 0.400001
v -11.586489 8.633767 -0.399999
v -11.712002 8.625999 0.400001
v -11.712002 8.625999 -0.399999
v -11.848545 8.633420 0.400001
v -11.848545 8.633420 -0.399999
v -11.975837 8.655361 0.400001
v -11.975837 8.655361 -0.399999
v -12.093378 8.691343 0.400001
v -12.093378 8.691343 -0.399999
v -12.200669 8.740889 0.400001
v -12.200669 8.740889 -0.399999
v -12.297211 8.803517 0.400001
v -12.297211 8.803517 -0.399999
v -12.382502 8.878750 0.400001
v -12.382502 8.878750 -0.399999
v -12.456043 8.966107 0.400001
v -12.456043 8.966107 -0.399999
v -12.517334 9.065111 0.400001
v -12.517334 9.065111 -0.399999
v -12.565876 9.175282 0.400001
v -12.565876 9.175282 -0.399999
v -12.601168 9.296139 0.400001
v -12.601168 9.296139 -0.399999
v -12.622710 9.427205 0.400001
v -12.622710 9.427205 -0.399999
v -12.630001 9.568000 0.400001
v -12.630001 9.568000 -0.399999
v -12.622137 9.695365 0.400001
v -12.622137 9.695365 -0.399999
v -12.599084 9.815917 0.400001
v -12.599084 9.815917 -0.399999
v -12.561657 9.928843 0.400001
v -12.561657 9.928843 -0.399999
v -12.510668 10.033334 0.400001
v -12.510668 10.033334 -0.399999
v -12.446929 10.128572 0.400001
v -12.446929 10.128572 -0.399999
v -12.371252 10.213750 0.400001
v -12.371252 10.213750 -0.399999
v -12.284451 10.288053 0.400001
v -12.284451 10.288053 -0.399999
v -12.187336 10.350667 0.400001
v -12.187336 10.350667 -0.399999
v -12.080721 10.400782 0.400001
v -12.080721 10.400782 -0.399999
v -11.965419 10.437583 0.400001
v -11.965419 10.437583 -0.399999
v -11.842241 10.460260 0.400001
v -11.842241 10.460260 -0.399999
v -11.712002 10.468000 0.400001
v -11.712002 10.468000 -0.399999
v -11.589009 10.460264 0.400001
v -11.589009 10.460264 -0.399999
v -11.472557 10.437611 0.400001
v -11.472557 10.437611 -0.399999
v -11.363440 10.400875 0.400001
v -11.363440 10.400875 -0.399999
v -11.262446 10.350889 0.400001
v -11.262446 10.350889 -0.399999
v -11.170370 10.288486 0.400001
v -11.170370 10.288486 -0.399999
v -11.088001 10.214500 0.400001
v -11.088001 10.214500 -0.399999
v -11.016133 10.129764 0.400001
v -11.016133 10.129764 -0.399999
v -10.955557 10.035111 0.400001
v -10.955557 10.035111 -0.399999
v -10.907064 9.931375 0.400001
v -10.907064 9.931375 -0.399999
v -10.871446 9.819389 0.400001
v -10.871446 9.819389 -0.399999
v -10.849495 9.699986 0.400001
v -10.849495 9.699986 -0.399999
v -10.842002 9.574000 0.400001
v -10.842002 9.574000 -0.399999
v -14.256508 12.339871 0.400001
v -14.256508 12.339871 -0.399999
v -14.306056 12.321472 0.400001
v -14.306056 12.321472 -0.399999
v -14.350688 12.290781 0.400001
v -14.350688 12.290781 -0.399999
v -14.390445 12.247778 0.400001
v -14.390445 12.247778 -0.399999
v -14.425367 12.192441 0.400001
v -14.425367 12.192441 -0.399999
v -14.455500 12.124750 0.400001
v -14.455500 12.124750 -0.399999
v -14.480882 12.044683 0.400001
v -14.480882 12.044683 -0.399999
v -14.501555 11.952222 0.400001
v -14.501555 11.952222 -0.399999
v -14.517563 11.847343 0.400001
v -14.517563 11.847343 -0.399999
v -14.528946 11.730028 0.400001
v -14.528946 11.730028 -0.399999
v -14.535745 11.600254 0.400001
v -14.535745 11.600254 -0.399999
v -14.538002 11.458000 0.400001
v -14.538002 11.458000 -0.399999
v -14.537752 11.393003 0.400001
v -14.537752 11.393003 -0.399999
v -14.537003 11.330028 0.400001
v -14.537003 11.330028 -0.399999
v -14.535751 11.269094 0.400001
v -14.535751 11.269094 -0.399999
v -14.534002 11.210222 0.400001
v -14.534002 11.210222 -0.399999
v -14.531752 11.153434 0.400001
v -14.531752 11.153434 -0.399999
v -14.529003 11.098750 0.400001
v -14.529003 11.098750 -0.399999
v -14.525753 11.046191 0.400001
v -14.525753 11.046191 -0.399999
v -14.522003 10.995778 0.400001
v -14.522003 10.995778 -0.399999
v -14.517754 10.947532 0.400001
v -14.517754 10.947532 -0.399999
v -14.513002 10.901472 0.400001
v -14.513002 10.901472 -0.399999
v -14.507752 10.857621 0.400001
v -14.507752 10.857621 -0.399999
v -14.502002 10.816000 0.400001
v -14.502002 10.816000 -0.399999
v -14.352003 9.784000 0.400001
v -14.352003 9.784000 -0.399999
v -14.342976 9.721104 0.400001
v -14.342976 9.721104 -0.399999
v -14.333807 9.664333 0.400001
v -14.333807 9.664333 -0.399999
v -14.324345 9.613563 0.400001
v -14.324345 9.613563 -0.399999
v -14.314445 9.568666 0.400001
v -14.314445 9.568666 -0.399999
v -14.303963 9.529521 0.400001
v -14.303963 9.529521 -0.399999
v -14.292751 9.496000 0.400001
v -14.292751 9.496000 -0.399999
v -14.280664 9.467979 0.400001
v -14.280664 9.467979 -0.399999
v -14.267557 9.445333 0.400001
v -14.267557 9.445333 -0.399999
v -14.253283 9.427938 0.400001
v -14.253283 9.427938 -0.399999
v -14.237696 9.415667 0.400001
v -14.237696 9.415667 -0.399999
v -14.220652 9.408396 0.400001
v -14.220652 9.408396 -0.399999
v -14.202002 9.406000 0.400001
v -14.202002 9.406000 -0.399999
v -14.183350 9.408396 0.400001
v -14.183350 9.408396 -0.399999
v -14.166306 9.415667 0.400001
v -14.166306 9.415667 -0.399999
v -14.150719 9.427938 0.400001
v -14.150719 9.427938 -0.399999
v -14.136444 9.445333 0.400001
v -14.136444 9.445333 -0.399999
v -14.123337 9.467979 0.400001
v -14.123337 9.467979 -0.399999
v -14.111250 9.496000 0.400001
v -14.111250 9.496000 -0.399999
v -14.100039 9.529521 0.400001
v -14.100039 9.529521 -0.399999
v -14.089556 9.568666 0.400001
v -14.089556 9.568666 -0.399999
v -14.079657 9.613563 0.400001
v -14.079657 9.613563 -0.399999
v -14.070194 9.664333 0.400001
v -14.070194 9.664333 -0.399999
v -14.061026 9.721104 0.400001
v -14.061026 9.721104 -0.399999
v -14.052002 9.784000 0.400001
v -14.052002 9.784000 -0.399999
v -13.902002 10.816000 0.400001
v -13.902002 10.816000 -0.399999
v -13.896250 10.857621 0.400001
v -13.896250 10.857621 -0.399999
v -13.891001 10.901472 0.400001
v -13.891001 10.901472 -0.399999
v -13.886251 10.947532 0.400001
v -13.886251 10.947532 -0.399999
v -13.882001 10.995778 0.400001
v -13.882001 10.995778 -0.399999
v -13.878252 11.046191 0.400001
v -13.878252 11.046191 -0.399999
v -13.875002 11.098750 0.400001
v -13.875002 11.098750 -0.399999
v -13.872252 11.153434 0.400001
v -13.872252 11.153434 -0.399999
v -13.870002 11.210222 0.400001
v -13.870002 11.210222 -0.399999
v -13.868252 11.269094 0.400001
v -13.868252 11.269094 -0.399999
v -13.867002 11.330028 0.400001
v -13.867002 11.330028 -0.399999
v -13.866253 11.393003 0.400001
v -13.866253 11.393003 -0.399999
v -13.866002 11.458000 0.400001
v -13.866002 11.458000 -0.399999
v -13.868258 11.600254 0.400001
v -13.868258 11.600254 -0.399999
v -13.875057 11.730028 0.400001
v -13.875057 11.730028 -0.399999
v -13.886440 11.847344 0.400001
v -13.886440 11.847344 -0.399999
v -13.902447 11.952223 0.400001
v -13.902447 11.952223 -0.399999
v -13.923120 12.044684 0.400001
v -13.923120 12.044684 -0.399999
v -13.948503 12.124750 0.400001
v -13.948503 12.124750 -0.399999
v -13.978635 12.192441 0.400001
v -13.978635 12.192441 -0.399999
v -14.013557 12.247778 0.400001
v -14.013557 12.247778 -0.399999
v -14.053314 12.290781 0.400001
v -14.053314 12.290781 -0.399999
v -14.097946 12.321472 0.400001
v -14.097946 12.321472 -0.399999
v -14.147495 12.339871 0.400001
v -14.147495 12.339871 -0.399999
v -14.202002 12.346001 0.400001
v -14.202002 12.346001 -0.399999
v -14.564698 8.457323 0.400001
v -14.564698 8.457323 -0.399999
v -14.555084 8.410583 0.400001
v -14.555084 8.410583 -0.399999
v -14.539595 8.366219 0.400001
v -14.539595 8.366219 -0.399999
v -14.518667 8.324667 0.400001
v -14.518667 8.324667 -0.399999
v -14.492741 8.286365 0.400001
v -14.492741 8.286365 -0.399999
v -14.462251 8.251750 0.400001
v -14.462251 8.251750 -0.399999
v -14.427637 8.221260 0.400001
v -14.427637 8.221260 -0.399999
v -14.389335 8.195333 0.400001
v -14.389335 8.195333 -0.399999
v -14.347782 8.174406 0.400001
v -14.347782 8.174406 -0.399999
v -14.303418 8.158916 0.400001
v -14.303418 8.158916 -0.399999
v -14.256680 8.149302 0.400001
v -14.256680 8.149302 -0.399999
v -14.208002 8.146000 0.400001
v -14.208002 8.146000 -0.399999
v -14.159323 8.149302 0.400001
v -14.159323 8.149302 -0.399999
v -14.112583 8.158916 0.400001
v -14.112583 8.158916 -0.399999
v -14.068219 8.174406 0.400001
v -14.068219 8.174406 -0.399999
v -14.026667 8.195333 0.400001
v -14.026667 8.195333 -0.399999
v -13.988365 8.221260 0.400001
v -13.988365 8.221260 -0.399999
v -13.953751 8.251750 0.400001
v -13.953751 8.251750 -0.399999
v -13.923262 8.286365 0.400001
v -13.923262 8.286365 -0.399999
v -13.897335 8.324667 0.400001
v -13.897335 8.324667 -0.399999
v -13.876408 8.366219 0.400001
v -13.876408 8.366219 -0.399999
v -13.860918 8.410583 0.400001
v -13.860918 8.410583 -0.399999
v -13.851303 8.457323 0.400001
v -13.851303 8.457323 -0.399999
v -13.848001 8.506000 0.400001
v -13.848001 8.506000 -0.399999
v -13.851305 8.554677 0.400001
v -13.851305 8.554677 -0.399999
v -13.860920 8.601417 0.400001
v -13.860920 8.601417 -0.399999
v -13.876410 8.645782 0.400001
v -13.876410 8.645782 -0.399999
v -13.897336 8.687333 0.400001
v -13.897336 8.687333 -0.399999
v -13.923263 8.725636 0.400001
v -13.923263 8.725636 -0.399999
v -13.953753 8.760250 0.400001
v -13.953753 8.760250 -0.399999
v -13.988367 8.790740 0.400001
v -13.988367 8.790740 -0.399999
v -14.026669 8.816667 0.400001
v -14.026669 8.816667 -0.399999
v -14.068220 8.837594 0.400001
v -14.068220 8.837594 -0.399999
v -14.112585 8.853084 0.400001
v -14.112585 8.853084 -0.399999
v -14.159325 8.862698 0.400001
v -14.159325 8.862698 -0.399999
v -14.208002 8.866000 0.400001
v -14.208002 8.866000 -0.399999
v -14.256681 8.862698 0.400001
v -14.256681 8.862698 -0.399999
v -14.303421 8.853083 0.400001
v -14.303421 8.853083 -0.399999
v -14.347786 8.837593 0.400001
v -14.347786 8.837593 -0.399999
v -14.389338 8.816667 0.400001
v -14.389338 8.816667 -0.399999
v -14.427639 8.790739 0.400001
v -14.427639 8.790739 -0.399999
v -14.462254 8.760250 0.400001
v -14.462254 8.760250 -0.399999
v -14.492743 8.725636 0.400001
v -14.492743 8.725636 -0.399999
v -14.518670 8.687333 0.400001
v -14.518670 8.687333 -0.399999
v -14.539597 8.645781 0.400001
v -14.539597 8.645781 -0.399999
v -14.555086 8.601417 0.400001
v -14.555086 8.601417 -0.399999
v -14.564701 8.554677 0.400001
v -14.564701 8.554677 -0.399999
v -14.568003 8.506000 0.400001
v -14.568003 8.506000 -0.399999
vn -0.0000 -0.0000 -1.0000
vn -0.0000 -0.0000 1.0000
vn -0.7071 -0.7071 -0.0000
vn -0.7071 0.7071 -0.0000
vn -0.9995 0.0305 -0.0000
vn -0.9918 0.1279 -0.0000
vn -0.9640 0.2660 -0.0000
vn -0.9918 0.1280 -0.0000
vn -0.9126 0.4087 -0.0000
vn -0.8373 0.5468 -0.0000
vn -0.7417 0.6708 -0.0000
vn -0.6329 0.7742 -0.0000
vn -0.5189 0.8548 -0.0000
vn -0.4059 0.9139 -0.0000
vn -0.2976 0.9547 -0.0000
vn -0.1948 0.9808 -0.0000
vn -0.2975 0.9547 -0.0000
vn -0.0967 0.9953 -0.0000
vn -0.0099 1.0000 -0.0000
vn 0.0567 0.9984 -0.0000
vn 0.1123 0.9937 -0.0000
vn 0.1660 0.9861 -0.0000
vn 0.2174 0.9761 -0.0000
vn 0.2660 0.9640 -0.0000
vn 0.2173 0.9761 -0.0000
vn 0.3117 0.9502 -0.0000
vn 0.3542 0.9352 -0.0000
vn 0.3936 0.9193 -0.0000
vn 0.4299 0.9029 -0.0000
vn 0.4631 0.8863 -0.0000
vn 0.4935 0.8697 -0.0000
vn -0.4960 0.8683 -0.0000
vn -0.8537 -0.5207 -0.0000
vn -0.4369 -0.8995 -0.0000
vn -0.3974 -0.9176 -0.0000
vn -0.3618 -0.9322 -0.0000
vn -0.3288 -0.9444 -0.0000
vn -0.2971 -0.9548 -0.0000
vn -0.2657 -0.9641 -0.0000
vn -0.2334 -0.9724 -0.0000
vn -0.1990 -0.9800 -0.0000
vn -0.1609 -0.9870 -0.0000
vn -0.1170 -0.9931 -0.0000
vn -0.0640 -0.9979 -0.0000
vn 0.0090 -1.0000 -0.0000
vn 0.1099 -0.9939 -0.0000
vn 0.2286 -0.9735 -0.0000
vn 0.3544 -0.9351 -0.0000
vn 0.4822 -0.8761 -0.0000
vn 0.6055 -0.7958 -0.0000
vn 0.7174 -0.6966 -0.0000
vn 0.8123 -0.5833 -0.0000
vn 0.8868 -0.4621 -0.0000
vn 0.9407 -0.3392 -0.0000
vn 0.8869 -0.4621 -0.0000
vn 0.9756 -0.2195 -0.0000
vn 0.9943 -0.1063 -0.0000
vn 0.9997 -0.0257 -0.0000
vn 0.7071 -0.7071 -0.0000
vn 0.9997 -0.0258 -0.0000
vn 0.9215 0.3883 -0.0000
vn -0.3883 0.9215 -0.0000
vn -0.3882 0.9216 -0.0000
vn -0.5244 -0.8515 -0.0000
vn -0.5395 -0.8420 -0.0000
vn -0.5027 -0.8645 -0.0000
vn -0.4729 -0.8811 -0.0000
vn -0.4336 -0.9011 -0.0000
vn -0.3841 -0.9233 -0.0000
vn -0.3247 -0.9458 -0.0000
vn -0.2577 -0.9662 -0.0000
vn -0.1869 -0.9824 -0.0000
vn -0.1177 -0.9930 -0.0000
vn -0.1870 -0.9824 -0.0000
vn -0.0548 -0.9985 -0.0000
vn 0.0029 -1.0000 -0.0000
vn 0.0670 -0.9978 -0.0000
vn 0.1445 -0.9895 -0.0000
vn 0.2345 -0.9721 -0.0000
vn 0.3361 -0.9418 -0.0000
vn 0.2344 -0.9721 -0.0000
vn 0.4464 -0.8948 -0.0000
vn 0.5597 -0.8287 -0.0000
vn 0.4465 -0.8948 -0.0000
vn 0.6682 -0.7440 -0.0000
vn 0.7643 -0.6449 -0.0000
vn 0.8426 -0.5385 -0.0000
vn 0.9016 -0.4327 -0.0000
vn 0.9428 -0.3334 -0.0000
vn 0.9016 -0.4326 -0.0000
vn 0.3111 -0.9504 -0.0000
vn 0.9428 -0.3333 -0.0000
vn -0.5845 -0.8114 -0.0000
vn -0.5440 -0.8391 -0.0000
vn -0.5005 -0.8657 -0.0000
vn -0.4539 -0.8910 -0.0000
vn -0.5005 -0.8658 -0.0000
vn -0.4045 -0.9146 -0.0000
vn -0.3522 -0.9359 -0.0000
vn -0.2975 -0.9547 -0.0000
vn -0.2406 -0.9706 -0.0000
vn -0.1819 -0.9833 -0.0000
vn -0.1219 -0.9925 -0.0000
vn -0.0611 -0.9981 -0.0000
vn 0.0176 -0.9998 -0.0000
vn 0.1330 -0.9911 -0.0000
vn 0.2663 -0.9639 -0.0000
vn 0.3956 -0.9184 -0.0000
vn 0.5169 -0.8560 -0.0000
vn 0.6272 -0.7789 -0.0000
vn 0.7244 -0.6893 -0.0000
vn 0.8076 -0.5898 -0.0000
vn 0.8761 -0.4821 -0.0000
vn 0.9298 -0.3680 -0.0000
vn 0.9686 -0.2487 -0.0000
vn 0.9921 -0.1255 -0.0000
vn 1.0000 0.0074 -0.0000
vn 0.9921 -0.1254 -0.0000
vn 0.9868 0.1617 -0.0000
vn 0.9441 0.3297 -0.0000
vn 0.8721 0.4894 -0.0000
vn 0.7800 0.6258 -0.0000
vn 0.6815 0.7318 -0.0000
vn 0.5887 0.8084 -0.0000
vn 0.5086 0.8610 -0.0000
vn 0.4442 0.8959 -0.0000
vn 0.3959 0.9183 -0.0000
vn 0.3631 0.9318 -0.0000
vn 0.3452 0.9385 -0.0000
vn 0.3370 0.9415 -0.0000
vn 0.8167 0.5770 -0.0000
vn 0.9998 -0.0211 -0.0000
vn 0.9959 -0.0910 -0.0000
vn 0.9803 -0.1975 -0.0000
vn 0.9470 -0.3213 -0.0000
vn 0.8889 -0.4581 -0.0000
vn 0.8017 -0.5978 -0.0000
vn 0.6870 -0.7267 -0.0000
vn 0.5545 -0.8322 -0.0000
vn 0.4179 -0.9085 -0.0000
vn 0.2895 -0.9572 -0.0000
vn 0.1765 -0.9843 -0.0000
vn 0.0809 -0.9967 -0.0000
vn -0.0009 -1.0000 -0.0000
vn -0.0786 -0.9969 -0.0000
vn -0.1570 -0.9876 -0.0000
vn -0.2344 -0.9722 -0.0000
vn -0.3097 -0.9508 -0.0000
vn -0.2344 -0.9721 -0.0000
vn -0.3821 -0.9241 -0.0000
vn -0.4508 -0.8926 -0.0000
vn -0.5152 -0.8571 -0.0000
vn -0.5750 -0.8182 -0.0000
vn -0.6298 -0.7768 -0.0000
vn -0.6795 -0.7337 -0.0000
vn -0.6297 -0.7768 -0.0000
vn -0.7243 -0.6895 -0.0000
vn 0.3569 -0.9341 -0.0000
vn 0.9315 0.3637 -0.0000
vn 0.7084 0.7058 -0.0000
vn 0.9315 0.3638 -0.0000
vn 0.6504 0.7596 -0.0000
vn 0.5872 0.8094 -0.0000
vn 0.5199 0.8542 -0.0000
vn 0.4500 0.8930 -0.0000
vn 0.3790 0.9254 -0.0000
vn 0.3085 0.9512 -0.0000
vn 0.2398 0.9708 -0.0000
vn 0.1740 0.9847 -0.0000
vn 0.1120 0.9937 -0.0000
vn 0.0541 0.9985 -0.0000
vn -0.0085 1.0000 -0.0000
vn -0.0893 0.9960 -0.0000
vn -0.1859 0.9826 -0.0000
vn -0.2909 0.9568 -0.0000
vn -0.4034 0.9150 -0.0000
vn -0.5207 0.8538 -0.0000
vn -0.6378 0.7702 -0.0000
vn -0.7476 0.6642 -0.0000
vn -0.8423 0.5390 -0.0000
vn -0.9158 0.4017 -0.0000
vn -0.9653 0.2612 -0.0000
vn -0.9921 0.1258 -0.0000
vn -0.9995 0.0301 -0.0000
vn -0.9999 0.0155 -0.0000
vn -0.9978 0.0670 -0.0000
vn -0.9891 0.1471 -0.0000
vn -0.9698 0.2439 -0.0000
vn -0.9891 0.1470 -0.0000
vn -0.9337 0.3582 -0.0000
vn -0.9698 0.2438 -0.0000
vn -0.8733 0.4873 -0.0000
vn -0.9337 0.3581 -0.0000
vn -0.7825 0.6226 -0.0000
vn -0.8733 0.4872 -0.0000
vn -0.6611 0.7503 -0.0000
vn -0.5178 0.8555 -0.0000
vn -0.6612 0.7502 -0.0000
vn -0.3681 0.9298 -0.0000
vn -0.5179 0.8555 -0.0000
vn -0.2272 0.9738 -0.0000
vn -0.3682 0.9298 -0.0000
vn -0.1045 0.9945 -0.0000
vn -0.2273 0.9738 -0.0000
vn 0.0139 0.9999 -0.0000
vn 0.1353 0.9908 -0.0000
vn 0.2368 0.9716 -0.0000
vn 0.3115 0.9502 -0.0000
vn 0.3688 0.9295 -0.0000
vn 0.3116 0.9502 -0.0000
vn 0.4145 0.9101 -0.0000
vn 0.3689 0.9295 -0.0000
vn 0.4521 0.8920 -0.0000
vn 0.4840 0.8750 -0.0000
vn 0.5119 0.8591 -0.0000
vn 0.4840 0.8751 -0.0000
vn 0.5367 0.8438 -0.0000
vn 0.5593 0.8290 -0.0000
vn 0.5802 0.8145 -0.0000
vn -0.4526 0.8917 -0.0000
vn -0.8791 -0.4767 -0.0000
vn -0.3536 -0.9354 -0.0000
vn -0.3352 -0.9422 -0.0000
vn -0.3812 -0.9245 -0.0000
vn -0.4196 -0.9077 -0.0000
vn -0.4705 -0.8824 -0.0000
vn -0.5358 -0.8443 -0.0000
vn -0.6170 -0.7870 -0.0000
vn -0.7126 -0.7016 -0.0000
vn -0.6169 -0.7870 -0.0000
vn -0.8158 -0.5784 -0.0000
vn -0.9110 -0.4124 -0.0000
vn -0.9772 -0.2122 -0.0000
vn -0.9998 -0.0220 -0.0000
vn -0.9922 0.1244 -0.0000
vn -0.9680 0.2511 -0.0000
vn -0.9922 0.1243 -0.0000
vn -0.9262 0.3771 -0.0000
vn -0.9680 0.2510 -0.0000
vn -0.8667 0.4988 -0.0000
vn -0.7905 0.6125 -0.0000
vn -0.6993 0.7148 -0.0000
vn -0.5957 0.8032 -0.0000
vn -0.4827 0.8758 -0.0000
vn -0.3635 0.9316 -0.0000
vn -0.2415 0.9704 -0.0000
vn -0.1196 0.9928 -0.0000
vn -0.0087 1.0000 -0.0000
vn 0.0825 0.9966 -0.0000
vn 0.1630 0.9866 -0.0000
vn 0.2399 0.9708 -0.0000
vn 0.3121 0.9501 -0.0000
vn 0.3788 0.9255 -0.0000
vn 0.4397 0.8981 -0.0000
vn 0.4947 0.8691 -0.0000
vn 0.5439 0.8391 -0.0000
vn 0.5878 0.8090 -0.0000
vn 0.6267 0.7792 -0.0000
vn 0.6611 0.7503 -0.0000
vn 0.6267 0.7793 -0.0000
vn 0.9157 0.4018 -0.0000
vn 0.5796 -0.8149 -0.0000
vn 0.3868 -0.9222 -0.0000
vn -0.9251 -0.3796 -0.0000
vn 0.9998 -0.0207 -0.0000
vn 0.4057 0.9140 -0.0000
vn 0.9998 -0.0206 -0.0000
vn -0.9104 0.4138 -0.0000
vn -0.9993 0.0372 -0.0000
vn 0.7071 0.7071 -0.0000
vn 0.8889 -0.4580 -0.0000
vn 0.8017 -0.5977 -0.0000
vn 0.6870 -0.7266 -0.0000
vn -0.7826 0.6226 -0.0000
vn 0.5118 0.8591 -0.0000
vn 0.5802 0.8144 -0.0000
vn -0.7905 0.6124 -0.0000
vn 0.4822 -0.8760 -0.0000
vn 0.5172 -0.8558 -0.0000
vn 0.4458 -0.8951 -0.0000
vn 0.4823 -0.8760 -0.0000
vn 0.4077 -0.9131 -0.0000
vn 0.3678 -0.9299 -0.0000
vn 0.3257 -0.9455 -0.0000
vn 0.2811 -0.9597 -0.0000
vn 0.2336 -0.9723 -0.0000
vn 0.1825 -0.9832 -0.0000
vn 0.1271 -0.9919 -0.0000
vn 0.0663 -0.9978 -0.0000
vn -0.0027 -1.0000 -0.0000
vn -0.0823 -0.9966 -0.0000
vn -0.1700 -0.9854 -0.0000
vn -0.2641 -0.9645 -0.0000
vn -0.3643 -0.9313 -0.0000
vn -0.4699 -0.8827 -0.0000
vn -0.5787 -0.8155 -0.0000
vn -0.6870 -0.7266 -0.0000
vn -0.7891 -0.6142 -0.0000
vn -0.8777 -0.4792 -0.0000
vn -0.7891 -0.6143 -0.0000
vn -0.9453 -0.3263 -0.0000
vn -0.8777 -0.4793 -0.0000
vn -0.9865 -0.1635 -0.0000
vn -0.9998 0.0217 -0.0000
vn -0.9718 0.2356 -0.0000
vn -0.9032 0.4293 -0.0000
vn -0.8221 0.5693 -0.0000
vn -0.7473 0.6645 -0.0000
vn -0.6851 0.7285 -0.0000
vn -0.7472 0.6645 -0.0000
vn -0.6358 0.7719 -0.0000
vn -0.5974 0.8019 -0.0000
vn -0.5678 0.8232 -0.0000
vn -0.5449 0.8385 -0.0000
vn -0.5274 0.8496 -0.0000
vn -0.5139 0.8579 -0.0000
vn -0.5350 0.8449 -0.0000
vn -0.5728 0.8197 -0.0000
vn -0.5989 0.8008 -0.0000
vn -0.6320 0.7750 -0.0000
vn -0.6728 0.7399 -0.0000
vn -0.7213 0.6926 -0.0000
vn -0.7764 0.6303 -0.0000
vn -0.8348 0.5505 -0.0000
vn -0.8914 0.4532 -0.0000
vn -0.9398 0.3416 -0.0000
vn -0.9748 0.2232 -0.0000
vn -0.9942 0.1073 -0.0000
vn -1.0000 -0.0079 -0.0000
vn -0.9907 -0.1363 -0.0000
vn -0.9616 -0.2746 -0.0000
vn -0.9120 -0.4102 -0.0000
vn -0.8432 -0.5377 -0.0000
vn -0.7578 -0.6525 -0.0000
vn -0.6598 -0.7515 -0.0000
vn -0.5532 -0.8331 -0.0000
vn -0.4418 -0.8971 -0.0000
vn -0.3287 -0.9444 -0.0000
vn -0.2164 -0.9763 -0.0000
vn -0.1065 -0.9943 -0.0000
vn -0.0175 -0.9998 -0.0000
vn 0.0361 -0.9993 -0.0000
vn 0.0754 -0.9972 -0.0000
vn 0.1179 -0.9930 -0.0000
vn 0.1625 -0.9867 -0.0000
vn 0.2078 -0.9782 -0.0000
vn 0.2527 -0.9676 -0.0000
vn 0.2958 -0.9553 -0.0000
vn 0.3728 -0.9279 -0.0000
vn 0.4056 -0.9140 -0.0000
vn 0.4343 -0.9008 -0.0000
vn 0.8508 -0.5256 -0.0000
vn 0.4724 0.8814 -0.0000
vn -0.5388 0.8424 -0.0000
vn 0.4725 0.8814 -0.0000
vn -0.5082 0.8612 -0.0000
vn -0.4758 0.8796 -0.0000
vn -0.4410 0.8975 -0.0000
vn -0.4036 0.9149 -0.0000
vn -0.3630 0.9318 -0.0000
vn -0.3185 0.9479 -0.0000
vn -0.2692 0.9631 -0.0000
vn -0.2141 0.9768 -0.0000
vn -0.1518 0.9884 -0.0000
vn -0.0806 0.9968 -0.0000
vn 0.0245 0.9997 -0.0000
vn 0.1289 0.9917 -0.0000
vn 0.2065 0.9784 -0.0000
vn 0.2900 0.9570 -0.0000
vn 0.3801 0.9249 -0.0000
vn 0.4771 0.8788 -0.0000
vn 0.5798 0.8148 -0.0000
vn 0.6850 0.7286 -0.0000
vn 0.7867 0.6173 -0.0000
vn 0.8765 0.4814 -0.0000
vn 0.9453 0.3263 -0.0000
vn 0.9868 0.1622 -0.0000
vn 0.9955 -0.0949 -0.0000
vn 0.8897 -0.4565 -0.0000
vn 0.7052 -0.7090 -0.0000
vn 0.5812 -0.8138 -0.0000
vn 0.5190 -0.8548 -0.0000
vn 0.5003 -0.8659 -0.0000
vn 0.5150 -0.8572 -0.0000
vn 0.5596 -0.8288 -0.0000
vn 0.6341 -0.7732 -0.0000
vn 0.7373 -0.6756 -0.0000
vn 0.8571 -0.5151 -0.0000
vn 0.9598 -0.2808 -0.0000
vn 0.9992 -0.0396 -0.0000
vn 0.9910 0.1338 -0.0000
vn 0.9618 0.2739 -0.0000
vn 0.9096 0.4154 -0.0000
vn 0.8348 0.5506 -0.0000
vn 0.7406 0.6720 -0.0000
vn 0.6329 0.7743 -0.0000
vn 0.5185 0.8551 -0.0000
vn 0.4034 0.9150 -0.0000
vn 0.2921 0.9564 -0.0000
vn 0.1872 0.9823 -0.0000
vn 0.0901 0.9959 -0.0000
vn 0.0098 1.0000 -0.0000
vn -0.0475 0.9989 -0.0000
vn -0.0945 0.9955 -0.0000
vn -0.1405 0.9901 -0.0000
vn -0.1852 0.9827 -0.0000
vn -0.2283 0.9736 -0.0000
vn -0.2694 0.9630 -0.0000
vn -0.3085 0.9512 -0.0000
vn -0.3453 0.9385 -0.0000
vn -0.3797 0.9251 -0.0000
vn -0.4119 0.9112 -0.0000
vn -0.4418 0.8971 -0.0000
vn -0.8532 0.5215 -0.0000
vn -0.4825 -0.8759 -0.0000
vn 0.2679 -0.9634 -0.0000
vn 0.1361 -0.9907 -0.0000
vn 0.3923 -0.9198 -0.0000
vn 0.5076 -0.8616 -0.0000
vn 0.6127 -0.7903 -0.0000
vn 0.7903 -0.6127 -0.0000
vn 0.8616 -0.5076 -0.0000
vn 0.9198 -0.3923 -0.0000
vn 0.8616 -0.5075 -0.0000
vn 0.9634 -0.2679 -0.0000
vn 0.9907 -0.1360 -0.0000
vn 1.0000 -0.0000 -0.0000
vn 0.9907 -0.1361 -0.0000
vn 0.9907 0.1361 -0.0000
vn 0.9634 0.2679 -0.0000
vn 0.9198 0.3923 -0.0000
vn 0.8616 0.5076 -0.0000
vn 0.7903 0.6127 -0.0000
vn 0.8616 0.5075 -0.0000
vn 0.6127 0.7903 -0.0000
vn 0.5076 0.8616 -0.0000
vn 0.3923 0.9198 -0.0000
vn 0.5075 0.8616 -0.0000
vn 0.2679 0.9634 -0.0000
vn 0.1361 0.9907 -0.0000
vn -0.0000 1.0000 -0.0000
vn -0.1361 0.9907 -0.0000
vn -0.2679 0.9634 -0.0000
vn -0.3923 0.9198 -0.0000
vn -0.5075 0.8616 -0.0000
vn -0.6127 0.7903 -0.0000
vn -0.5076 0.8616 -0.0000
vn -0.7903 0.6127 -0.0000
vn -0.8616 0.5075 -0.0000
vn -0.9198 0.3923 -0.0000
vn -0.8616 0.5076 -0.0000
vn -0.9634 0.2679 -0.0000
vn -0.9907 0.1361 -0.0000
vn -1.0000 -0.0000 -0.0000
vn -0.9907 0.1360 -0.0000
vn -0.9907 -0.1361 -0.0000
vn -0.9634 -0.2679 -0.0000
vn -0.9198 -0.3923 -0.0000
vn -0.8616 -0.5076 -0.0000
vn -0.7903 -0.6127 -0.0000
vn -0.6127 -0.7903 -0.0000
vn -0.5075 -0.8616 -0.0000
vn -0.3923 -0.9198 -0.0000
vn -0.5076 -0.8616 -0.0000
vn -0.2679 -0.9634 -0.0000
vn -0.1361 -0.9907 -0.0000
vn -0.0000 -1.0000 -0.0000
vn -0.4869 -0.8735 -0.0000
vn -0.5233 -0.8522 -0.0000
vn -0.4449 -0.8956 -0.0000
vn -0.3980 -0.9174 -0.0000
vn -0.3470 -0.9379 -0.0000
vn -0.2934 -0.9560 -0.0000
vn -0.2388 -0.9711 -0.0000
vn -0.1848 -0.9828 -0.0000
vn -0.1330 -0.9911 -0.0000
vn -0.0845 -0.9964 -0.0000
vn -0.0403 -0.9992 -0.0000
vn 0.0250 -0.9997 -0.0000
vn 0.1412 -0.9900 -0.0000
vn 0.2852 -0.9585 -0.0000
vn 0.4256 -0.9049 -0.0000
vn 0.5557 -0.8314 -0.0000
vn 0.6701 -0.7422 -0.0000
vn 0.7664 -0.6424 -0.0000
vn 0.8438 -0.5366 -0.0000
vn 0.9036 -0.4283 -0.0000
vn 0.9475 -0.3198 -0.0000
vn 0.9773 -0.2121 -0.0000
vn 0.9944 -0.1055 -0.0000
vn 1.0000 0.0004 -0.0000
vn 0.9940 0.1091 -0.0000
vn 0.9749 0.2227 -0.0000
vn 0.9406 0.3396 -0.0000
vn 0.8894 0.4571 -0.0000
vn 0.8205 0.5717 -0.0000
vn 0.7339 0.6793 -0.0000
vn 0.6309 0.7758 -0.0000
vn 0.5145 0.8575 -0.0000
vn 0.3887 0.9214 -0.0000
vn 0.2581 0.9661 -0.0000
vn 0.1274 0.9919 -0.0000
vn 0.0020 1.0000 -0.0000
vn -0.1222 0.9925 -0.0000
vn -0.2545 0.9671 -0.0000
vn -0.3939 0.9192 -0.0000
vn -0.5325 0.8465 -0.0000
vn -0.6607 0.7506 -0.0000
vn -0.7703 0.6377 -0.0000
vn -0.8564 0.5163 -0.0000
vn -0.9186 0.3951 -0.0000
vn -0.9599 0.2805 -0.0000
vn -0.9844 0.1760 -0.0000
vn -0.9966 0.0830 -0.0000
vn -0.7209 -0.6931 -0.0000
vn -0.7733 -0.6340 -0.0000
vn -0.9706 0.2406 -0.0000
vn -0.9427 0.3338 -0.0000
vn -0.9005 0.4348 -0.0000
vn -0.8413 0.5406 -0.0000
vn -0.7633 0.6461 -0.0000
vn -0.6671 0.7449 -0.0000
vn -0.5566 0.8308 -0.0000
vn -0.4378 0.8991 -0.0000
vn -0.3177 0.9482 -0.0000
vn -0.2026 0.9793 -0.0000
vn -0.0965 0.9953 -0.0000
vn -0.0076 1.0000 -0.0000
vn 0.0612 0.9981 -0.0000
vn 0.1212 0.9926 -0.0000
vn 0.1792 0.9838 -0.0000
vn 0.2344 0.9721 -0.0000
vn 0.2864 0.9581 -0.0000
vn 0.3347 0.9423 -0.0000
vn 0.3793 0.9253 -0.0000
vn 0.4201 0.9075 -0.0000
vn 0.4571 0.8894 -0.0000
vn 0.4904 0.8715 -0.0000
vn 0.5203 0.8540 -0.0000
vn -0.4825 0.8759 -0.0000
vn 0.5202 0.8540 -0.0000
vn -0.8775 -0.4796 -0.0000
vn 0.9703 -0.2417 -0.0000
vn 0.9902 -0.1396 -0.0000
vn 0.9367 -0.3501 -0.0000
vn 0.9704 -0.2417 -0.0000
vn 0.8866 -0.4625 -0.0000
vn 0.8179 -0.5753 -0.0000
vn 0.7300 -0.6835 -0.0000
vn 0.6242 -0.7812 -0.0000
vn 0.5044 -0.8634 -0.0000
vn 0.3763 -0.9265 -0.0000
vn 0.5045 -0.8634 -0.0000
vn 0.2462 -0.9692 -0.0000
vn 0.1198 -0.9928 -0.0000
vn 0.0038 -1.0000 -0.0000
vn -0.1048 -0.9945 -0.0000
vn -0.2179 -0.9760 -0.0000
vn -0.3375 -0.9413 -0.0000
vn -0.4587 -0.8886 -0.0000
vn -0.5754 -0.8179 -0.0000
vn -0.6814 -0.7319 -0.0000
vn -0.7721 -0.6355 -0.0000
vn -0.8452 -0.5345 -0.0000
vn -0.7721 -0.6356 -0.0000
vn -0.9009 -0.4341 -0.0000
vn -0.9411 -0.3381 -0.0000
vn -0.9685 -0.2490 -0.0000
vn -0.7766 0.6300 -0.0000
vn 0.7383 0.6744 -0.0000
vn 0.4939 0.8695 -0.0000
vn 0.8475 0.5309 -0.0000
vn 0.8215 0.5702 -0.0000
vn 0.7896 0.6136 -0.0000
vn 0.7502 0.6612 -0.0000
vn 0.7015 0.7127 -0.0000
vn 0.6414 0.7672 -0.0000
vn 0.5679 0.8231 -0.0000
vn 0.6413 0.7673 -0.0000
vn 0.4795 0.8775 -0.0000
vn 0.3758 0.9267 -0.0000
vn 0.2585 0.9660 -0.0000
vn 0.1314 0.9913 -0.0000
vn 0.0132 0.9999 -0.0000
vn -0.0794 0.9968 -0.0000
vn -0.1584 0.9874 -0.0000
vn -0.2354 0.9719 -0.0000
vn -0.3086 0.9512 -0.0000
vn -0.2353 0.9719 -0.0000
vn -0.3767 0.9263 -0.0000
vn -0.4390 0.8985 -0.0000
vn -0.4949 0.8690 -0.0000
vn -0.5444 0.8388 -0.0000
vn -0.5879 0.8089 -0.0000
vn -0.6257 0.7800 -0.0000
vn -0.6585 0.7526 -0.0000
vn -0.9900 0.1414 -0.0000
vn -0.1400 -0.9902 -0.0000
vn 0.6579 -0.7531 -0.0000
vn 0.6218 -0.7832 -0.0000
vn 0.5852 -0.8109 -0.0000
vn 0.5475 -0.8368 -0.0000
vn 0.5077 -0.8616 -0.0000
vn 0.5474 -0.8368 -0.0000
vn 0.4647 -0.8855 -0.0000
vn 0.5077 -0.8615 -0.0000
vn 0.4171 -0.9089 -0.0000
vn 0.3627 -0.9319 -0.0000
vn 0.2985 -0.9544 -0.0000
vn 0.2203 -0.9754 -0.0000
vn 0.1219 -0.9925 -0.0000
vn -0.0082 -1.0000 -0.0000
vn -0.1651 -0.9863 -0.0000
vn -0.3230 -0.9464 -0.0000
vn -0.4666 -0.8845 -0.0000
vn -0.5918 -0.8061 -0.0000
vn -0.6975 -0.7166 -0.0000
vn -0.7845 -0.6201 -0.0000
vn -0.8543 -0.5197 -0.0000
vn -0.9089 -0.4171 -0.0000
vn -0.9497 -0.3132 -0.0000
vn -0.9780 -0.2088 -0.0000
vn -0.9946 -0.1042 -0.0000
vn -0.9997 -0.0259 -0.0000
vn -0.9697 -0.2444 -0.0000
vn -0.9928 -0.1201 -0.0000
vn -0.9289 -0.3702 -0.0000
vn -0.8697 -0.4936 -0.0000
vn -0.7923 -0.6101 -0.0000
vn -0.6988 -0.7153 -0.0000
vn -0.5921 -0.8058 -0.0000
vn -0.4763 -0.8793 -0.0000
vn -0.3557 -0.9346 -0.0000
vn -0.2341 -0.9722 -0.0000
vn -0.1149 -0.9934 -0.0000
vn 0.0023 -1.0000 -0.0000
vn 0.1232 -0.9924 -0.0000
vn 0.2485 -0.9686 -0.0000
vn 0.3731 -0.9278 -0.0000
vn 0.4937 -0.8697 -0.0000
vn 0.6067 -0.7949 -0.0000
vn 0.7092 -0.7050 -0.0000
vn 0.7983 -0.6022 -0.0000
vn 0.8721 -0.4894 -0.0000
vn 0.9292 -0.3695 -0.0000
vn 0.9693 -0.2460 -0.0000
vn 0.9925 -0.1220 -0.0000
vn 1.0000 0.0032 -0.0000
vn 0.9911 0.1334 -0.0000
vn 0.9641 0.2654 -0.0000
vn 0.9198 0.3925 -0.0000
vn 0.8591 0.5118 -0.0000
vn 0.7838 0.6210 -0.0000
vn 0.6955 0.7185 -0.0000
vn 0.7838 0.6211 -0.0000
vn 0.5960 0.8030 -0.0000
vn 0.4873 0.8733 -0.0000
vn 0.3711 0.9286 -0.0000
vn 0.2495 0.9684 -0.0000
vn 0.3710 0.9286 -0.0000
vn 0.1250 0.9922 -0.0000
vn 0.0025 1.0000 -0.0000
vn -0.1158 0.9933 -0.0000
vn -0.2341 0.9722 -0.0000
vn -0.1159 0.9933 -0.0000
vn -0.3530 0.9356 -0.0000
vn -0.2342 0.9722 -0.0000
vn -0.4699 0.8827 -0.0000
vn -0.5819 0.8133 -0.0000
vn -0.6859 0.7277 -0.0000
vn -0.7788 0.6272 -0.0000
vn -0.8578 0.5140 -0.0000
vn -0.9204 0.3909 -0.0000
vn -0.9652 0.2616 -0.0000
vn -0.9915 0.1302 -0.0000
vn -1.0000 0.0028 -0.0000
vn -1.0000 0.0027 -0.0000
vn -0.9755 0.2202 -0.0000
vn -0.9942 0.1075 -0.0000
vn -0.9416 0.3368 -0.0000
vn -0.8907 0.4546 -0.0000
vn -0.8217 0.5699 -0.0000
vn -0.7345 0.6786 -0.0000
vn -0.6308 0.7760 -0.0000
vn -0.5135 0.8581 -0.0000
vn -0.3870 0.9221 -0.0000
vn -0.2563 0.9666 -0.0000
vn -0.1262 0.9920 -0.0000
vn -0.0038 1.0000 -0.0000
vn 0.2318 0.9728 -0.0000
vn 0.3568 0.9342 -0.0000
vn 0.4830 0.8756 -0.0000
vn 0.6045 0.7966 -0.0000
vn 0.7152 0.6989 -0.0000
vn 0.8098 0.5867 -0.0000
vn 0.8848 0.4659 -0.0000
vn 0.8098 0.5868 -0.0000
vn 0.9395 0.3425 -0.0000
vn 0.9751 0.2217 -0.0000
vn 0.9942 0.1071 -0.0000
vn 1.0000 -0.0050 -0.0000
vn 0.9922 -0.1250 -0.0000
vn 0.9678 -0.2517 -0.0000
vn 0.9260 -0.3774 -0.0000
vn 0.9678 -0.2518 -0.0000
vn 0.8669 -0.4985 -0.0000
vn 0.7912 -0.6116 -0.0000
vn 0.7006 -0.7136 -0.0000
vn 0.5975 -0.8019 -0.0000
vn 0.4847 -0.8747 -0.0000
vn 0.3655 -0.9308 -0.0000
vn 0.2431 -0.9700 -0.0000
vn 0.1204 -0.9927 -0.0000
vn -0.0017 -1.0000 -0.0000
vn -0.1271 -0.9919 -0.0000
vn -0.2556 -0.9668 -0.0000
vn -0.3822 -0.9241 -0.0000
vn -0.5035 -0.8640 -0.0000
vn -0.6161 -0.7877 -0.0000
vn -0.7171 -0.6970 -0.0000
vn -0.8043 -0.5943 -0.0000
vn -0.8760 -0.4823 -0.0000
vn -0.9314 -0.3640 -0.0000
vn -0.9702 -0.2424 -0.0000
vn -0.9927 -0.1203 -0.0000
vn -1.0000 -0.0035 -0.0000
vn -0.4609 0.8875 -0.0000
vn -0.2316 0.9728 -0.0000
vn -0.6545 0.7561 -0.0000
vn -0.7933 0.6088 -0.0000
vn -0.8819 0.4714 -0.0000
vn -0.9349 0.3550 -0.0000
vn -0.9655 0.2604 -0.0000
vn -0.9828 0.1847 -0.0000
vn -0.9923 0.1238 -0.0000
vn -0.9828 0.1846 -0.0000
vn -0.9972 0.0745 -0.0000
vn -0.9994 0.0341 -0.0000
vn -1.0000 0.0060 -0.0000
vn -0.9999 -0.0162 -0.0000
vn -0.9997 -0.0251 -0.0000
vn -0.9994 -0.0346 -0.0000
vn -0.9990 -0.0449 -0.0000
vn -0.9994 -0.0347 -0.0000
vn -0.9984 -0.0560 -0.0000
vn -0.9977 -0.0680 -0.0000
vn -0.9967 -0.0810 -0.0000
vn -0.9977 -0.0679 -0.0000
vn -0.9955 -0.0952 -0.0000
vn -0.9967 -0.0809 -0.0000
vn -0.9938 -0.1107 -0.0000
vn -0.9955 -0.0951 -0.0000
vn -0.9918 -0.1279 -0.0000
vn -0.9939 -0.1107 -0.0000
vn -0.9901 -0.1404 -0.0000
vn -0.9897 -0.1429 -0.0000
vn -0.9886 -0.1508 -0.0000
vn -0.9852 -0.1713 -0.0000
vn -0.9799 -0.1993 -0.0000
vn -0.9715 -0.2370 -0.0000
vn -0.9576 -0.2881 -0.0000
vn -0.9715 -0.2371 -0.0000
vn -0.9341 -0.3570 -0.0000
vn -0.8934 -0.4493 -0.0000
vn -0.9341 -0.3569 -0.0000
vn -0.8220 -0.5695 -0.0000
vn -0.8934 -0.4492 -0.0000
vn -0.7000 -0.7142 -0.0000
vn -0.5099 -0.8602 -0.0000
vn -0.6999 -0.7142 -0.0000
vn -0.2624 -0.9650 -0.0000
vn 0.2624 -0.9650 -0.0000
vn 0.5099 -0.8602 -0.0000
vn 0.6999 -0.7142 -0.0000
vn 0.8220 -0.5695 -0.0000
vn 0.7000 -0.7142 -0.0000
vn 0.8934 -0.4492 -0.0000
vn 0.9341 -0.3569 -0.0000
vn 0.8934 -0.4493 -0.0000
vn 0.9576 -0.2881 -0.0000
vn 0.9341 -0.3570 -0.0000
vn 0.9715 -0.2371 -0.0000
vn 0.9799 -0.1993 -0.0000
vn 0.9715 -0.2370 -0.0000
vn 0.9852 -0.1713 -0.0000
vn 0.9886 -0.1507 -0.0000
vn 0.9897 -0.1429 -0.0000
vn 0.9901 -0.1404 -0.0000
vn 0.9918 -0.1279 -0.0000
vn 0.9939 -0.1107 -0.0000
vn 0.9955 -0.0951 -0.0000
vn 0.9967 -0.0809 -0.0000
vn 0.9955 -0.0952 -0.0000
vn 0.9977 -0.0679 -0.0000
vn 0.9967 -0.0810 -0.0000
vn 0.9984 -0.0560 -0.0000
vn 0.9990 -0.0449 -0.0000
vn 0.9994 -0.0347 -0.0000
vn 0.9997 -0.0251 -0.0000
vn 0.9994 -0.0346 -0.0000
vn 0.9999 -0.0162 -0.0000
vn 1.0000 -0.0079 -0.0000
vn 1.0000 0.0060 -0.0000
vn 0.9994 0.0341 -0.0000
vn 0.9972 0.0745 -0.0000
vn 0.9923 0.1238 -0.0000
vn 0.9828 0.1847 -0.0000
vn 0.9655 0.2604 -0.0000
vn 0.9828 0.1846 -0.0000
vn 0.9349 0.3550 -0.0000
vn 0.8819 0.4714 -0.0000
vn 0.7933 0.6088 -0.0000
vn 0.6545 0.7561 -0.0000
vn 0.4609 0.8875 -0.0000
vn 0.2316 0.9728 -0.0000
vn -0.9639 -0.2661 -0.0000
vn -0.9909 -0.1349 -0.0000
vn -0.9206 -0.3906 -0.0000
vn -0.8624 -0.5062 -0.0000
vn -0.9206 -0.3905 -0.0000
vn -0.7909 -0.6120 -0.0000
vn -0.6120 -0.7908 -0.0000
vn -0.5062 -0.8624 -0.0000
vn -0.6120 -0.7909 -0.0000
vn -0.3905 -0.9206 -0.0000
vn -0.2661 -0.9639 -0.0000
vn -0.3906 -0.9206 -0.0000
vn -0.1349 -0.9909 -0.0000
vn -0.2662 -0.9639 -0.0000
vn 0.1349 -0.9909 -0.0000
vn 0.2661 -0.9639 -0.0000
vn 0.3905 -0.9206 -0.0000
vn 0.5062 -0.8624 -0.0000
vn 0.3906 -0.9206 -0.0000
vn 0.6120 -0.7908 -0.0000
vn 0.6120 -0.7909 -0.0000
vn 0.7909 -0.6120 -0.0000
vn 0.8624 -0.5062 -0.0000
vn 0.9206 -0.3906 -0.0000
vn 0.9639 -0.2661 -0.0000
vn 0.9206 -0.3905 -0.0000
vn 0.9909 -0.1349 -0.0000
vn 0.9639 -0.2662 -0.0000
vn 0.9909 0.1349 -0.0000
vn 0.9639 0.2661 -0.0000
vn 0.9206 0.3906 -0.0000
vn 0.8624 0.5062 -0.0000
vn 0.9206 0.3905 -0.0000
vn 0.7909 0.6120 -0.0000
vn 0.6120 0.7908 -0.0000
vn 0.5062 0.8624 -0.0000
vn 0.6120 0.7909 -0.0000
vn 0.3905 0.9206 -0.0000
vn 0.2661 0.9639 -0.0000
vn 0.3906 0.9206 -0.0000
vn 0.1349 0.9909 -0.0000
vn 0.2662 0.9639 -0.0000
vn -0.1349 0.9909 -0.0000
vn -0.2662 0.9639 -0.0000
vn -0.3906 0.9206 -0.0000
vn -0.2661 0.9639 -0.0000
vn -0.5062 0.8624 -0.0000
vn -0.3905 0.9206 -0.0000
vn -0.6120 0.7909 -0.0000
vn -0.6120 0.7908 -0.0000
vn -0.7908 0.6120 -0.0000
vn -0.8624 0.5062 -0.0000
vn -0.7909 0.6120 -0.0000
vn -0.9206 0.3905 -0.0000
vn -0.9639 0.2662 -0.0000
vn -0.9206 0.3906 -0.0000
vn -0.9909 0.1349 -0.0000
vn -0.9639 0.2661 -0.0000
vt 0.991736 0.000000
vt 0.396694 0.000000
vt 1.000000 0.000000
vt 0.983471 0.000000
vt 0.404959 0.000000
vt 0.975207 0.000000
vt 0.413223 0.000000
vt 0.966942 0.000000
vt 0.421488 0.000000
vt 0.958678 0.000000
vt 0.429752 0.000000
vt 0.950413 0.000000
vt 0.438017 0.000000
vt 0.942149 0.000000
vt 0.446281 0.000000
vt 0.933884 0.000000
vt 0.454545 0.000000
vt 0.925620 0.000000
vt 0.462810 0.000000
vt 0.917355 0.000000
vt 0.471074 0.000000
vt 0.909091 0.000000
vt 0.479339 0.000000
vt 0.900826 0.000000
vt 0.487603 0.000000
vt 0.892562 0.000000
vt 0.495868 0.000000
vt 0.884298 0.000000
vt 0.504132 0.000000
vt 0.876033 0.000000
vt 0.512397 0.000000
vt 0.867769 0.000000
vt 0.520661 0.000000
vt 0.859504 0.000000
vt 0.528926 0.000000
vt 0.851240 0.000000
vt 0.537190 0.000000
vt 0.545455 0.000000
vt 0.842975 0.000000
vt 0.553719 0.000000
vt 0.834711 0.000000
vt 0.561983 0.000000
vt 0.826446 0.000000
vt 0.570248 0.000000
vt 0.818182 0.000000
vt 0.578512 0.000000
vt 0.809917 0.000000
vt 0.586777 0.000000
vt 0.801653 0.000000
vt 0.793388 0.000000
vt 0.595041 0.000000
vt 0.785124 0.000000
vt 0.603306 0.000000
vt 0.776860 0.000000
vt 0.611570 0.000000
vt 0.768595 0.000000
vt 0.619835 0.000000
vt 0.760331 0.000000
vt 0.628099 0.000000
vt 0.752066 0.000000
vt 0.636364 0.000000
vt 0.743802 0.000000
vt 0.644628 0.000000
vt 0.735537 0.000000
vt 0.652893 0.000000
vt 0.727273 0.000000
vt 0.661157 0.000000
vt 0.719008 0.000000
vt 0.669421 0.000000
vt 0.710744 0.000000
vt 0.677686 0.000000
vt 0.702479 0.000000
vt 0.685950 0.000000
vt 0.694215 0.000000
vt 0.280992 0.000000
vt 0.297521 0.000000
vt 0.289256 0.000000
vt 0.272727 0.000000
vt 0.305785 0.000000
vt 0.264463 0.000000
vt 0.314050 0.000000
vt 0.256198 0.000000
vt 0.322314 0.000000
vt 0.247934 0.000000
vt 0.330579 0.000000
vt 0.239669 0.000000
vt 0.338843 0.000000
vt 0.231405 0.000000
vt 0.347107 0.000000
vt 0.223140 0.000000
vt 0.355372 0.000000
vt 0.214876 0.000000
vt 0.363636 0.000000
vt 0.206612 0.000000
vt 0.371901 0.000000
vt 0.198347 0.000000
vt 0.380165 0.000000
vt 0.190083 0.000000
vt 0.388430 0.000000
vt 0.181818 0.000000
vt 0.000000 0.000000
vt 0.008264 0.000000
vt 0.173554 0.000000
vt 0.016529 0.000000
vt 0.165289 0.000000
vt 0.024793 0.000000
vt 0.157025 0.000000
vt 0.033058 0.000000
vt 0.148760 0.000000
vt 0.041322 0.000000
vt 0.140496 0.000000
vt 0.049587 0.000000
vt 0.132231 0.000000
vt 0.057851 0.000000
vt 0.123967 0.000000
vt 0.066116 0.000000
vt 0.115702 0.000000
vt 0.074380 0.000000
vt 0.107438 0.000000
vt 0.082645 0.000000
vt 0.099174 0.000000
vt 0.090909 0.000000
vt 0.357895 0.000000
vt 0.378947 0.000000
vt 0.368421 0.000000
vt 0.389474 0.000000
vt 0.347368 0.000000
vt 0.400000 0.000000
vt 0.336842 0.000000
vt 0.410526 0.000000
vt 0.326316 0.000000
vt 0.421053 0.000000
vt 0.315789 0.000000
vt 0.431579 0.000000
vt 0.305263 0.000000
vt 0.442105 0.000000
vt 0.294737 0.000000
vt 0.873684 0.000000
vt 0.884211 0.000000
vt 0.863158 0.000000
vt 0.894737 0.000000
vt 0.852632 0.000000
vt 0.905263 0.000000
vt 0.842105 0.000000
vt 0.452632 0.000000
vt 0.284211 0.000000
vt 0.915789 0.000000
vt 0.831579 0.000000
vt 0.926316 0.000000
vt 0.821053 0.000000
vt 0.936842 0.000000
vt 0.810526 0.000000
vt 0.463158 0.000000
vt 0.273684 0.000000
vt 0.947368 0.000000
vt 0.800000 0.000000
vt 0.957895 0.000000
vt 0.789474 0.000000
vt 0.473684 0.000000
vt 0.263158 0.000000
vt 0.968421 0.000000
vt 0.778947 0.000000
vt 0.484211 0.000000
vt 0.252632 0.000000
vt 0.978947 0.000000
vt 0.768421 0.000000
vt 0.989474 0.000000
vt 0.757895 0.000000
vt 0.494737 0.000000
vt 0.242105 0.000000
vt 0.747368 0.000000
vt 0.231579 0.000000
vt 0.505263 0.000000
vt 0.736842 0.000000
vt 0.515789 0.000000
vt 0.726316 0.000000
vt 0.221053 0.000000
vt 0.010526 0.000000
vt 0.526316 0.000000
vt 0.715789 0.000000
vt 0.536842 0.000000
vt 0.210526 0.000000
vt 0.705263 0.000000
vt 0.021053 0.000000
vt 0.547368 0.000000
vt 0.694737 0.000000
vt 0.200000 0.000000
vt 0.031579 0.000000
vt 0.557895 0.000000
vt 0.684211 0.000000
vt 0.568421 0.000000
vt 0.673684 0.000000
vt 0.189474 0.000000
vt 0.042105 0.000000
vt 0.578947 0.000000
vt 0.663158 0.000000
vt 0.589474 0.000000
vt 0.652632 0.000000
vt 0.600000 0.000000
vt 0.642105 0.000000
vt 0.178947 0.000000
vt 0.052632 0.000000
vt 0.610526 0.000000
vt 0.631579 0.000000
vt 0.621053 0.000000
vt 0.168421 0.000000
vt 0.063158 0.000000
vt 0.157895 0.000000
vt 0.073684 0.000000
vt 0.147368 0.000000
vt 0.084211 0.000000
vt 0.136842 0.000000
vt 0.094737 0.000000
vt 0.126316 0.000000
vt 0.105263 0.000000
vt 0.115789 0.000000
vt 0.222222 0.000000
vt 0.259259 0.000000
vt 0.240741 0.000000
vt 0.277778 0.000000
vt 0.203704 0.000000
vt 0.296296 0.000000
vt 0.185185 0.000000
vt 0.314815 0.000000
vt 0.333333 0.000000
vt 0.166667 0.000000
vt 0.351852 0.000000
vt 0.962963 0.000000
vt 0.981481 0.000000
vt 0.148148 0.000000
vt 0.370370 0.000000
vt 0.388889 0.000000
vt 0.129630 0.000000
vt 0.407407 0.000000
vt 0.111111 0.000000
vt 0.425926 0.000000
vt 0.444444 0.000000
vt 0.092593 0.000000
vt 0.462963 0.000000
vt 0.074074 0.000000
vt 0.648148 0.000000
vt 0.629630 0.000000
vt 0.611111 0.000000
vt 0.592593 0.000000
vt 0.574074 0.000000
vt 0.555556 0.000000
vt 0.537037 0.000000
vt 0.518519 0.000000
vt 0.500000 0.000000
vt 0.481481 0.000000
vt 0.055556 0.000000
vt 0.685185 0.000000
vt 0.666667 0.000000
vt 0.037037 0.000000
vt 0.722222 0.000000
vt 0.703704 0.000000
vt 0.740741 0.000000
vt 0.759259 0.000000
vt 0.018519 0.000000
vt 0.777778 0.000000
vt 0.796296 0.000000
vt 0.870370 0.000000
vt 0.851852 0.000000
vt 0.833333 0.000000
vt 0.814815 0.000000
vt 0.888889 0.000000
vt 0.907407 0.000000
vt 0.925926 0.000000
vt 0.944444 0.000000
vt 0.346939 0.000000
vt 0.367347 0.000000
vt 0.357143 0.000000
vt 0.377551 0.000000
vt 0.336735 0.000000
vt 0.387755 0.000000
vt 0.326531 0.000000
vt 0.397959 0.000000
vt 0.316327 0.000000
vt 0.408163 0.000000
vt 0.306122 0.000000
vt 0.418367 0.000000
vt 0.295918 0.000000
vt 0.428571 0.000000
vt 0.285714 0.000000
vt 0.867347 0.000000
vt 0.877551 0.000000
vt 0.857143 0.000000
vt 0.887755 0.000000
vt 0.846939 0.000000
vt 0.897959 0.000000
vt 0.836735 0.000000
vt 0.438776 0.000000
vt 0.908163 0.000000
vt 0.275510 0.000000
vt 0.826531 0.000000
vt 0.918367 0.000000
vt 0.816327 0.000000
vt 0.928571 0.000000
vt 0.806122 0.000000
vt 0.938776 0.000000
vt 0.795918 0.000000
vt 0.265306 0.000000
vt 0.448980 0.000000
vt 0.948980 0.000000
vt 0.785714 0.000000
vt 0.959184 0.000000
vt 0.775510 0.000000
vt 0.255102 0.000000
vt 0.459184 0.000000
vt 0.969388 0.000000
vt 0.765306 0.000000
vt 0.979592 0.000000
vt 0.755102 0.000000
vt 0.244898 0.000000
vt 0.989796 0.000000
vt 0.469388 0.000000
vt 0.234694 0.000000
vt 0.479592 0.000000
vt 0.224490 0.000000
vt 0.489796 0.000000
vt 0.214286 0.000000
vt 0.510204 0.000000
vt 0.520408 0.000000
vt 0.204082 0.000000
vt 0.530612 0.000000
vt 0.193878 0.000000
vt 0.540816 0.000000
vt 0.724490 0.000000
vt 0.744898 0.000000
vt 0.734694 0.000000
vt 0.551020 0.000000
vt 0.714286 0.000000
vt 0.704082 0.000000
vt 0.183673 0.000000
vt 0.561224 0.000000
vt 0.693878 0.000000
vt 0.683673 0.000000
vt 0.571429 0.000000
vt 0.673469 0.000000
vt 0.581633 0.000000
vt 0.663265 0.000000
vt 0.173469 0.000000
vt 0.653061 0.000000
vt 0.591837 0.000000
vt 0.642857 0.000000
vt 0.602041 0.000000
vt 0.632653 0.000000
vt 0.622449 0.000000
vt 0.612245 0.000000
vt 0.163265 0.000000
vt 0.153061 0.000000
vt 0.010204 0.000000
vt 0.020408 0.000000
vt 0.142857 0.000000
vt 0.030612 0.000000
vt 0.040816 0.000000
vt 0.132653 0.000000
vt 0.051020 0.000000
vt 0.061224 0.000000
vt 0.122449 0.000000
vt 0.071429 0.000000
vt 0.081633 0.000000
vt 0.091837 0.000000
vt 0.112245 0.000000
vt 0.102041 0.000000
vt 0.560694 0.000000
vt 0.572254 0.000000
vt 0.566474 0.000000
vt 0.554913 0.000000
vt 0.578035 0.000000
vt 0.549133 0.000000
vt 0.543353 0.000000
vt 0.583815 0.000000
vt 0.537572 0.000000
vt 0.589595 0.000000
vt 0.531792 0.000000
vt 0.526012 0.000000
vt 0.595376 0.000000
vt 0.520231 0.000000
vt 0.601156 0.000000
vt 0.514451 0.000000
vt 0.508671 0.000000
vt 0.606936 0.000000
vt 0.502890 0.000000
vt 0.612717 0.000000
vt 0.497110 0.000000
vt 0.491329 0.000000
vt 0.485549 0.000000
vt 0.479769 0.000000
vt 0.473988 0.000000
vt 0.468208 0.000000
vt 0.462428 0.000000
vt 0.456647 0.000000
vt 0.450867 0.000000
vt 0.445087 0.000000
vt 0.439306 0.000000
vt 0.433526 0.000000
vt 0.427746 0.000000
vt 0.421965 0.000000
vt 0.618497 0.000000
vt 0.416185 0.000000
vt 0.624277 0.000000
vt 0.410405 0.000000
vt 0.404624 0.000000
vt 0.398844 0.000000
vt 0.393064 0.000000
vt 0.387283 0.000000
vt 0.630058 0.000000
vt 0.381503 0.000000
vt 0.375723 0.000000
vt 0.369942 0.000000
vt 0.635838 0.000000
vt 0.364162 0.000000
vt 0.358382 0.000000
vt 0.641618 0.000000
vt 0.352601 0.000000
vt 0.346821 0.000000
vt 0.341040 0.000000
vt 0.335260 0.000000
vt 0.329480 0.000000
vt 0.323699 0.000000
vt 0.317919 0.000000
vt 0.791907 0.000000
vt 0.994220 0.000000
vt 0.797688 0.000000
vt 0.312139 0.000000
vt 0.803468 0.000000
vt 0.306358 0.000000
vt 0.809249 0.000000
vt 0.300578 0.000000
vt 0.815029 0.000000
vt 0.820809 0.000000
vt 0.294798 0.000000
vt 0.826590 0.000000
vt 0.289017 0.000000
vt 0.832370 0.000000
vt 0.838150 0.000000
vt 0.283237 0.000000
vt 0.843931 0.000000
vt 0.849711 0.000000
vt 0.277457 0.000000
vt 0.855491 0.000000
vt 0.271676 0.000000
vt 0.861272 0.000000
vt 0.867052 0.000000
vt 0.265896 0.000000
vt 0.872832 0.000000
vt 0.878613 0.000000
vt 0.988439 0.000000
vt 0.260116 0.000000
vt 0.982659 0.000000
vt 0.884393 0.000000
vt 0.976879 0.000000
vt 0.774566 0.000000
vt 0.786127 0.000000
vt 0.780347 0.000000
vt 0.647399 0.000000
vt 0.890173 0.000000
vt 0.768786 0.000000
vt 0.971098 0.000000
vt 0.653179 0.000000
vt 0.763006 0.000000
vt 0.254335 0.000000
vt 0.895954 0.000000
vt 0.658960 0.000000
vt 0.965318 0.000000
vt 0.757225 0.000000
vt 0.664740 0.000000
vt 0.959538 0.000000
vt 0.751445 0.000000
vt 0.901734 0.000000
vt 0.670520 0.000000
vt 0.745665 0.000000
vt 0.953757 0.000000
vt 0.676301 0.000000
vt 0.739884 0.000000
vt 0.907514 0.000000
vt 0.682081 0.000000
vt 0.947977 0.000000
vt 0.734104 0.000000
vt 0.687861 0.000000
vt 0.248555 0.000000
vt 0.728324 0.000000
vt 0.913295 0.000000
vt 0.942197 0.000000
vt 0.693642 0.000000
vt 0.722543 0.000000
vt 0.699422 0.000000
vt 0.716763 0.000000
vt 0.936416 0.000000
vt 0.705202 0.000000
vt 0.710983 0.000000
vt 0.919075 0.000000
vt 0.930636 0.000000
vt 0.924855 0.000000
vt 0.132948 0.000000
vt 0.242775 0.000000
vt 0.138728 0.000000
vt 0.127168 0.000000
vt 0.236994 0.000000
vt 0.144509 0.000000
vt 0.121387 0.000000
vt 0.231214 0.000000
vt 0.150289 0.000000
vt 0.115607 0.000000
vt 0.005780 0.000000
vt 0.156069 0.000000
vt 0.109827 0.000000
vt 0.225434 0.000000
vt 0.011561 0.000000
vt 0.161850 0.000000
vt 0.104046 0.000000
vt 0.017341 0.000000
vt 0.219653 0.000000
vt 0.167630 0.000000
vt 0.098266 0.000000
vt 0.023121 0.000000
vt 0.173410 0.000000
vt 0.092486 0.000000
vt 0.028902 0.000000
vt 0.213873 0.000000
vt 0.179191 0.000000
vt 0.086705 0.000000
vt 0.034682 0.000000
vt 0.184971 0.000000
vt 0.040462 0.000000
vt 0.080925 0.000000
vt 0.208092 0.000000
vt 0.046243 0.000000
vt 0.190751 0.000000
vt 0.075145 0.000000
vt 0.052023 0.000000
vt 0.196532 0.000000
vt 0.069364 0.000000
vt 0.202312 0.000000
vt 0.057803 0.000000
vt 0.063584 0.000000
vt 0.964912 0.000000
vt 0.982456 0.000000
vt 0.017544 0.000000
vt 0.929825 0.000000
vt 0.912281 0.000000
vt 0.035088 0.000000
vt 0.070175 0.000000
vt 0.087719 0.000000
vt 0.877193 0.000000
vt 0.122807 0.000000
vt 0.456140 0.000000
vt 0.491228 0.000000
vt 0.438596 0.000000
vt 0.140351 0.000000
vt 0.859649 0.000000
vt 0.403509 0.000000
vt 0.385965 0.000000
vt 0.175439 0.000000
vt 0.192982 0.000000
vt 0.350877 0.000000
vt 0.228070 0.000000
vt 0.298246 0.000000
vt 0.245614 0.000000
vt 0.280702 0.000000
vt 0.824561 0.000000
vt 0.807018 0.000000
vt 0.508772 0.000000
vt 0.771930 0.000000
vt 0.543860 0.000000
vt 0.754386 0.000000
vt 0.561404 0.000000
vt 0.596491 0.000000
vt 0.614035 0.000000
vt 0.719298 0.000000
vt 0.649123 0.000000
vt 0.701754 0.000000
vt 0.941176 0.000000
vt 0.980392 0.000000
vt 0.960784 0.000000
vt 0.431373 0.000000
vt 0.470588 0.000000
vt 0.450980 0.000000
vt 0.411765 0.000000
vt 0.490196 0.000000
vt 0.392157 0.000000
vt 0.509804 0.000000
vt 0.372549 0.000000
vt 0.529412 0.000000
vt 0.352941 0.000000
vt 0.549020 0.000000
vt 0.568627 0.000000
vt 0.313726 0.000000
vt 0.588235 0.000000
vt 0.294118 0.000000
vt 0.607843 0.000000
vt 0.274510 0.000000
vt 0.627451 0.000000
vt 0.254902 0.000000
vt 0.647059 0.000000
vt 0.235294 0.000000
vt 0.215686 0.000000
vt 0.686275 0.000000
vt 0.196078 0.000000
vt 0.705882 0.000000
vt 0.176471 0.000000
vt 0.725490 0.000000
vt 0.156863 0.000000
vt 0.745098 0.000000
vt 0.137255 0.000000
vt 0.764706 0.000000
vt 0.117647 0.000000
vt 0.784314 0.000000
vt 0.098039 0.000000
vt 0.803922 0.000000
vt 0.078431 0.000000
vt 0.823529 0.000000
vt 0.058824 0.000000
vt 0.843137 0.000000
vt 0.039216 0.000000
vt 0.862745 0.000000
vt 0.019608 0.000000
vt 0.882353 0.000000
vt 0.901961 0.000000
vt 0.921569 0.000000
vt 0.909774 0.000000
vt 0.902256 0.000000
vt 0.917293 0.000000
vt 0.887218 0.000000
vt 0.924812 0.000000
vt 0.932331 0.000000
vt 0.879699 0.000000
vt 0.939850 0.000000
vt 0.872180 0.000000
vt 0.954887 0.000000
vt 0.962406 0.000000
vt 0.864662 0.000000
vt 0.969925 0.000000
vt 0.977444 0.000000
vt 0.984962 0.000000
vt 0.992481 0.000000
vt 0.849624 0.000000
vt 0.045113 0.000000
vt 0.037594 0.000000
vt 0.030075 0.000000
vt 0.022556 0.000000
vt 0.015038 0.000000
vt 0.007519 0.000000
vt 0.067669 0.000000
vt 0.060150 0.000000
vt 0.834586 0.000000
vt 0.075188 0.000000
vt 0.827068 0.000000
vt 0.090226 0.000000
vt 0.082707 0.000000
vt 0.097744 0.000000
vt 0.112782 0.000000
vt 0.120301 0.000000
vt 0.127820 0.000000
vt 0.819549 0.000000
vt 0.135338 0.000000
vt 0.150376 0.000000
vt 0.812030 0.000000
vt 0.165414 0.000000
vt 0.172932 0.000000
vt 0.180451 0.000000
vt 0.804511 0.000000
vt 0.187970 0.000000
vt 0.195489 0.000000
vt 0.203008 0.000000
vt 0.218045 0.000000
vt 0.796992 0.000000
vt 0.225564 0.000000
vt 0.233083 0.000000
vt 0.240602 0.000000
vt 0.248120 0.000000
vt 0.255639 0.000000
vt 0.781955 0.000000
vt 0.270677 0.000000
vt 0.774436 0.000000
vt 0.278196 0.000000
vt 0.766917 0.000000
vt 0.293233 0.000000
vt 0.759399 0.000000
vt 0.300752 0.000000
vt 0.308271 0.000000
vt 0.751880 0.000000
vt 0.744361 0.000000
vt 0.323308 0.000000
vt 0.330827 0.000000
vt 0.338346 0.000000
vt 0.729323 0.000000
vt 0.345865 0.000000
vt 0.721804 0.000000
vt 0.353383 0.000000
vt 0.533835 0.000000
vt 0.548872 0.000000
vt 0.541353 0.000000
vt 0.360902 0.000000
vt 0.556391 0.000000
vt 0.706767 0.000000
vt 0.563910 0.000000
vt 0.699248 0.000000
vt 0.691729 0.000000
vt 0.586466 0.000000
vt 0.676692 0.000000
vt 0.375940 0.000000
vt 0.593985 0.000000
vt 0.669173 0.000000
vt 0.661654 0.000000
vt 0.601504 0.000000
vt 0.654135 0.000000
vt 0.609023 0.000000
vt 0.646617 0.000000
vt 0.616541 0.000000
vt 0.639098 0.000000
vt 0.624060 0.000000
vt 0.383459 0.000000
vt 0.390977 0.000000
vt 0.398496 0.000000
vt 0.406015 0.000000
vt 0.518797 0.000000
vt 0.511278 0.000000
vt 0.413534 0.000000
vt 0.503759 0.000000
vt 0.496241 0.000000
vt 0.488722 0.000000
vt 0.481203 0.000000
vt 0.436090 0.000000
vt 0.466165 0.000000
vt 0.458647 0.000000
vt 0.443609 0.000000
vt 0.451128 0.000000
vt 0.017241 1.000000
vt 0.000000 1.000000
vt 0.034483 1.000000
vt 0.017241 0.000000
vt 0.051724 1.000000
vt 0.034483 0.000000
vt 0.068966 1.000000
vt 0.051724 0.000000
vt 0.086207 1.000000
vt 0.068966 0.000000
vt 0.103448 1.000000
vt 0.086207 0.000000
vt 0.120690 1.000000
vt 0.103448 0.000000
vt 0.137931 1.000000
vt 0.120690 0.000000
vt 0.155172 1.000000
vt 0.137931 0.000000
vt 0.172414 1.000000
vt 0.155172 0.000000
vt 0.189655 1.000000
vt 0.172414 0.000000
vt 0.206897 1.000000
vt 0.189655 0.000000
vt 0.224138 1.000000
vt 0.206897 0.000000
vt 0.241379 1.000000
vt 0.224138 0.000000
vt 0.258621 1.000000
vt 0.241379 0.000000
vt 0.275862 1.000000
vt 0.258621 0.000000
vt 0.293103 1.000000
vt 0.275862 0.000000
vt 0.310345 1.000000
vt 0.293103 0.000000
vt 0.327586 1.000000
vt 0.310345 0.000000
vt 0.344828 1.000000
vt 0.327586 0.000000
vt 0.362069 1.000000
vt 0.344828 0.000000
vt 0.379310 1.000000
vt 0.362069 0.000000
vt 0.396552 1.000000
vt 0.379310 0.000000
vt 0.413793 1.000000
vt 0.396552 0.000000
vt 0.431034 1.000000
vt 0.413793 0.000000
vt 0.448276 1.000000
vt 0.431034 0.000000
vt 0.465517 1.000000
vt 0.448276 0.000000
vt 0.482759 1.000000
vt 0.465517 0.000000
vt 0.500000 1.000000
vt 0.482759 0.000000
vt 0.517241 1.000000
vt 0.534483 1.000000
vt 0.517241 0.000000
vt 0.551724 1.000000
vt 0.534483 0.000000
vt 0.568965 1.000000
vt 0.551724 0.000000
vt 0.586207 1.000000
vt 0.568965 0.000000
vt 0.603448 1.000000
vt 0.586207 0.000000
vt 0.620690 1.000000
vt 0.603448 0.000000
vt 0.637931 1.000000
vt 0.620690 0.000000
vt 0.655172 1.000000
vt 0.637931 0.000000
vt 0.672414 1.000000
vt 0.655172 0.000000
vt 0.689655 1.000000
vt 0.672414 0.000000
vt 0.706897 1.000000
vt 0.689655 0.000000
vt 0.724138 1.000000
vt 0.706897 0.000000
vt 0.741379 1.000000
vt 0.724138 0.000000
vt 0.758621 1.000000
vt 0.741379 0.000000
vt 0.775862 1.000000
vt 0.758621 0.000000
vt 0.793103 1.000000
vt 0.775862 0.000000
vt 0.810345 1.000000
vt 0.793103 0.000000
vt 0.827586 1.000000
vt 0.810345 0.000000
vt 0.844828 1.000000
vt 0.827586 0.000000
vt 0.862069 1.000000
vt 0.844828 0.000000
vt 0.879310 1.000000
vt 0.862069 0.000000
vt 0.896552 1.000000
vt 0.879310 0.000000
vt 0.913793 1.000000
vt 0.896552 0.000000
vt 0.931035 1.000000
vt 0.913793 0.000000
vt 0.948276 1.000000
vt 0.931035 0.000000
vt 0.965517 1.000000
vt 0.948276 0.000000
vt 0.982759 1.000000
vt 0.965517 0.000000
vt 1.000000 1.000000
vt 0.982759 0.000000
vt 0.007299 1.000000
vt 0.014599 1.000000
vt 0.007299 0.000000
vt 0.021898 1.000000
vt 0.014599 0.000000
vt 0.029197 1.000000
vt 0.021898 0.000000
vt 0.036496 1.000000
vt 0.029197 0.000000
vt 0.043796 1.000000
vt 0.036496 0.000000
vt 0.051095 1.000000
vt 0.043796 0.000000
vt 0.058394 1.000000
vt 0.051095 0.000000
vt 0.065693 1.000000
vt 0.058394 0.000000
vt 0.072993 1.000000
vt 0.065693 0.000000
vt 0.080292 1.000000
vt 0.072993 0.000000
vt 0.087591 1.000000
vt 0.080292 0.000000
vt 0.094891 1.000000
vt 0.087591 0.000000
vt 0.102190 1.000000
vt 0.094891 0.000000
vt 0.109489 1.000000
vt 0.102190 0.000000
vt 0.116788 1.000000
vt 0.109489 0.000000
vt 0.124088 1.000000
vt 0.116788 0.000000
vt 0.131387 1.000000
vt 0.124088 0.000000
vt 0.138686 1.000000
vt 0.131387 0.000000
vt 0.145985 1.000000
vt 0.138686 0.000000
vt 0.153285 1.000000
vt 0.145985 0.000000
vt 0.160584 1.000000
vt 0.153285 0.000000
vt 0.167883 1.000000
vt 0.160584 0.000000
vt 0.175182 1.000000
vt 0.167883 0.000000
vt 0.182482 1.000000
vt 0.175182 0.000000
vt 0.189781 1.000000
vt 0.182482 0.000000
vt 0.197080 1.000000
vt 0.189781 0.000000
vt 0.204380 1.000000
vt 0.197080 0.000000
vt 0.211679 1.000000
vt 0.204380 0.000000
vt 0.218978 1.000000
vt 0.211679 0.000000
vt 0.226277 1.000000
vt 0.218978 0.000000
vt 0.233577 1.000000
vt 0.226277 0.000000
vt 0.240876 1.000000
vt 0.233577 0.000000
vt 0.248175 1.000000
vt 0.240876 0.000000
vt 0.255474 1.000000
vt 0.248175 0.000000
vt 0.262774 1.000000
vt 0.255474 0.000000
vt 0.270073 1.000000
vt 0.262774 0.000000
vt 0.277372 1.000000
vt 0.270073 0.000000
vt 0.284672 1.000000
vt 0.277372 0.000000
vt 0.291971 1.000000
vt 0.284672 0.000000
vt 0.299270 1.000000
vt 0.291971 0.000000
vt 0.306569 1.000000
vt 0.299270 0.000000
vt 0.313869 1.000000
vt 0.306569 0.000000
vt 0.321168 1.000000
vt 0.313869 0.000000
vt 0.328467 1.000000
vt 0.321168 0.000000
vt 0.335766 1.000000
vt 0.328467 0.000000
vt 0.343066 1.000000
vt 0.335766 0.000000
vt 0.350365 1.000000
vt 0.343066 0.000000
vt 0.357664 1.000000
vt 0.350365 0.000000
vt 0.364964 1.000000
vt 0.357664 0.000000
vt 0.372263 1.000000
vt 0.364964 0.000000
vt 0.379562 1.000000
vt 0.372263 0.000000
vt 0.386861 1.000000
vt 0.379562 0.000000
vt 0.394161 1.000000
vt 0.386861 0.000000
vt 0.401460 1.000000
vt 0.394161 0.000000
vt 0.408759 1.000000
vt 0.401460 0.000000
vt 0.416058 1.000000
vt 0.408759 0.000000
vt 0.423358 1.000000
vt 0.416058 0.000000
vt 0.430657 1.000000
vt 0.423358 0.000000
vt 0.437956 1.000000
vt 0.430657 0.000000
vt 0.445255 1.000000
vt 0.437956 0.000000
vt 0.452555 1.000000
vt 0.445255 0.000000
vt 0.459854 1.000000
vt 0.452555 0.000000
vt 0.467153 1.000000
vt 0.459854 0.000000
vt 0.474453 1.000000
vt 0.467153 0.000000
vt 0.481752 1.000000
vt 0.474453 0.000000
vt 0.489051 1.000000
vt 0.481752 0.000000
vt 0.496350 1.000000
vt 0.489051 0.000000
vt 0.503650 1.000000
vt 0.496350 0.000000
vt 0.510949 1.000000
vt 0.503650 0.000000
vt 0.518248 1.000000
vt 0.510949 0.000000
vt 0.525547 1.000000
vt 0.518248 0.000000
vt 0.532847 1.000000
vt 0.525547 0.000000
vt 0.540146 1.000000
vt 0.532847 0.000000
vt 0.547445 1.000000
vt 0.540146 0.000000
vt 0.554745 1.000000
vt 0.547445 0.000000
vt 0.562044 1.000000
vt 0.554745 0.000000
vt 0.569343 1.000000
vt 0.562044 0.000000
vt 0.576642 1.000000
vt 0.569343 0.000000
vt 0.583942 1.000000
vt 0.576642 0.000000
vt 0.591241 1.000000
vt 0.583942 0.000000
vt 0.598540 1.000000
vt 0.591241 0.000000
vt 0.605839 1.000000
vt 0.598540 0.000000
vt 0.613139 1.000000
vt 0.605839 0.000000
vt 0.620438 1.000000
vt 0.613139 0.000000
vt 0.627737 1.000000
vt 0.620438 0.000000
vt 0.635036 1.000000
vt 0.627737 0.000000
vt 0.642336 1.000000
vt 0.635036 0.000000
vt 0.649635 1.000000
vt 0.642336 0.000000
vt 0.656934 1.000000
vt 0.649635 0.000000
vt 0.664234 1.000000
vt 0.656934 0.000000
vt 0.671533 1.000000
vt 0.664234 0.000000
vt 0.678832 1.000000
vt 0.671533 0.000000
vt 0.686131 1.000000
vt 0.678832 0.000000
vt 0.693431 1.000000
vt 0.686131 0.000000
vt 0.700730 1.000000
vt 0.693431 0.000000
vt 0.708029 1.000000
vt 0.700730 0.000000
vt 0.715328 1.000000
vt 0.708029 0.000000
vt 0.722628 1.000000
vt 0.715328 0.000000
vt 0.729927 1.000000
vt 0.722628 0.000000
vt 0.737226 1.000000
vt 0.729927 0.000000
vt 0.744526 1.000000
vt 0.737226 0.000000
vt 0.751825 1.000000
vt 0.744526 0.000000
vt 0.759124 1.000000
vt 0.751825 0.000000
vt 0.766423 1.000000
vt 0.759124 0.000000
vt 0.773723 1.000000
vt 0.766423 0.000000
vt 0.781022 1.000000
vt 0.773723 0.000000
vt 0.788321 1.000000
vt 0.781022 0.000000
vt 0.795620 1.000000
vt 0.788321 0.000000
vt 0.802920 1.000000
vt 0.795620 0.000000
vt 0.810219 1.000000
vt 0.802920 0.000000
vt 0.817518 1.000000
vt 0.810219 0.000000
vt 0.824818 1.000000
vt 0.817518 0.000000
vt 0.832117 1.000000
vt 0.824818 0.000000
vt 0.839416 1.000000
vt 0.832117 0.000000
vt 0.846715 1.000000
vt 0.839416 0.000000
vt 0.854015 1.000000
vt 0.846715 0.000000
vt 0.861314 1.000000
vt 0.854015 0.000000
vt 0.868613 1.000000
vt 0.861314 0.000000
vt 0.875912 1.000000
vt 0.868613 0.000000
vt 0.883212 1.000000
vt 0.875912 0.000000
vt 0.890511 1.000000
vt 0.883212 0.000000
vt 0.897810 1.000000
vt 0.890511 0.000000
vt 0.905109 1.000000
vt 0.897810 0.000000
vt 0.912409 1.000000
vt 0.905109 0.000000
vt 0.919708 1.000000
vt 0.912409 0.000000
vt 0.927007 1.000000
vt 0.919708 0.000000
vt 0.934307 1.000000
vt 0.927007 0.000000
vt 0.941606 1.000000
vt 0.934307 0.000000
vt 0.948905 1.000000
vt 0.941606 0.000000
vt 0.956204 1.000000
vt 0.948905 0.000000
vt 0.963504 1.000000
vt 0.956204 0.000000
vt 0.970803 1.000000
vt 0.963504 0.000000
vt 0.978102 1.000000
vt 0.970803 0.000000
vt 0.985401 1.000000
vt 0.978102 0.000000
vt 0.992701 1.000000
vt 0.985401 0.000000
vt 0.992701 0.000000
vt 0.027027 1.000000
vt 0.054054 1.000000
vt 0.027027 0.000000
vt 0.081081 1.000000
vt 0.054054 0.000000
vt 0.108108 1.000000
vt 0.081081 0.000000
vt 0.135135 1.000000
vt 0.108108 0.000000
vt 0.162162 1.000000
vt 0.135135 0.000000
vt 0.189189 1.000000
vt 0.162162 0.000000
vt 0.216216 1.000000
vt 0.189189 0.000000
vt 0.243243 1.000000
vt 0.216216 0.000000
vt 0.270270 1.000000
vt 0.243243 0.000000
vt 0.297297 1.000000
vt 0.270270 0.000000
vt 0.324324 1.000000
vt 0.297297 0.000000
vt 0.351351 1.000000
vt 0.324324 0.000000
vt 0.378378 1.000000
vt 0.351351 0.000000
vt 0.405405 1.000000
vt 0.378378 0.000000
vt 0.432432 1.000000
vt 0.405405 0.000000
vt 0.459459 1.000000
vt 0.432432 0.000000
vt 0.486486 1.000000
vt 0.459459 0.000000
vt 0.513514 1.000000
vt 0.486486 0.000000
vt 0.540541 1.000000
vt 0.513514 0.000000
vt 0.567568 1.000000
vt 0.540541 0.000000
vt 0.594595 1.000000
vt 0.567568 0.000000
vt 0.621622 1.000000
vt 0.594595 0.000000
vt 0.648649 1.000000
vt 0.621622 0.000000
vt 0.675676 1.000000
vt 0.648649 0.000000
vt 0.702703 1.000000
vt 0.675676 0.000000
vt 0.729730 1.000000
vt 0.702703 0.000000
vt 0.756757 1.000000
vt 0.729730 0.000000
vt 0.783784 1.000000
vt 0.756757 0.000000
vt 0.810811 1.000000
vt 0.783784 0.000000
vt 0.837838 1.000000
vt 0.810811 0.000000
vt 0.864865 1.000000
vt 0.837838 0.000000
vt 0.891892 1.000000
vt 0.864865 0.000000
vt 0.918919 1.000000
vt 0.891892 0.000000
vt 0.945946 1.000000
vt 0.918919 0.000000
vt 0.972973 1.000000
vt 0.945946 0.000000
vt 0.972973 0.000000
vt 0.166667 1.000000
vt 0.333333 1.000000
vt 0.666667 1.000000
vt 0.833333 1.000000
vt 0.250000 1.000000
vt 0.250000 0.000000
vt 0.750000 1.000000
vt 0.750000 0.000000
vt 0.007463 1.000000
vt 0.014925 1.000000
vt 0.007463 0.000000
vt 0.022388 1.000000
vt 0.014925 0.000000
vt 0.029851 1.000000
vt 0.022388 0.000000
vt 0.037313 1.000000
vt 0.029851 0.000000
vt 0.044776 1.000000
vt 0.037313 0.000000
vt 0.052239 1.000000
vt 0.044776 0.000000
vt 0.059701 1.000000
vt 0.052239 0.000000
vt 0.067164 1.000000
vt 0.059701 0.000000
vt 0.074627 1.000000
vt 0.067164 0.000000
vt 0.082090 1.000000
vt 0.074627 0.000000
vt 0.089552 1.000000
vt 0.082090 0.000000
vt 0.097015 1.000000
vt 0.089552 0.000000
vt 0.104478 1.000000
vt 0.097015 0.000000
vt 0.111940 1.000000
vt 0.104478 0.000000
vt 0.119403 1.000000
vt 0.111940 0.000000
vt 0.126866 1.000000
vt 0.119403 0.000000
vt 0.134328 1.000000
vt 0.126866 0.000000
vt 0.141791 1.000000
vt 0.134328 0.000000
vt 0.149254 1.000000
vt 0.141791 0.000000
vt 0.156716 1.000000
vt 0.149254 0.000000
vt 0.164179 1.000000
vt 0.156716 0.000000
vt 0.171642 1.000000
vt 0.164179 0.000000
vt 0.179104 1.000000
vt 0.171642 0.000000
vt 0.186567 1.000000
vt 0.179104 0.000000
vt 0.194030 1.000000
vt 0.186567 0.000000
vt 0.201493 1.000000
vt 0.194030 0.000000
vt 0.208955 1.000000
vt 0.201493 0.000000
vt 0.216418 1.000000
vt 0.208955 0.000000
vt 0.223881 1.000000
vt 0.216418 0.000000
vt 0.231343 1.000000
vt 0.223881 0.000000
vt 0.238806 1.000000
vt 0.231343 0.000000
vt 0.246269 1.000000
vt 0.238806 0.000000
vt 0.253731 1.000000
vt 0.246269 0.000000
vt 0.261194 1.000000
vt 0.253731 0.000000
vt 0.268657 1.000000
vt 0.261194 0.000000
vt 0.276119 1.000000
vt 0.268657 0.000000
vt 0.283582 1.000000
vt 0.276119 0.000000
vt 0.291045 1.000000
vt 0.283582 0.000000
vt 0.298507 1.000000
vt 0.291045 0.000000
vt 0.305970 1.000000
vt 0.298507 0.000000
vt 0.313433 1.000000
vt 0.305970 0.000000
vt 0.320896 1.000000
vt 0.313433 0.000000
vt 0.328358 1.000000
vt 0.320896 0.000000
vt 0.335821 1.000000
vt 0.328358 0.000000
vt 0.343284 1.000000
vt 0.335821 0.000000
vt 0.350746 1.000000
vt 0.343284 0.000000
vt 0.358209 1.000000
vt 0.350746 0.000000
vt 0.365672 1.000000
vt 0.358209 0.000000
vt 0.373134 1.000000
vt 0.365672 0.000000
vt 0.380597 1.000000
vt 0.373134 0.000000
vt 0.388060 1.000000
vt 0.380597 0.000000
vt 0.395522 1.000000
vt 0.388060 0.000000
vt 0.402985 1.000000
vt 0.395522 0.000000
vt 0.410448 1.000000
vt 0.402985 0.000000
vt 0.417910 1.000000
vt 0.410448 0.000000
vt 0.425373 1.000000
vt 0.417910 0.000000
vt 0.432836 1.000000
vt 0.425373 0.000000
vt 0.440298 1.000000
vt 0.432836 0.000000
vt 0.447761 1.000000
vt 0.440298 0.000000
vt 0.455224 1.000000
vt 0.447761 0.000000
vt 0.462687 1.000000
vt 0.455224 0.000000
vt 0.470149 1.000000
vt 0.462687 0.000000
vt 0.477612 1.000000
vt 0.470149 0.000000
vt 0.485075 1.000000
vt 0.477612 0.000000
vt 0.492537 1.000000
vt 0.485075 0.000000
vt 0.492537 0.000000
vt 0.507463 1.000000
vt 0.514925 1.000000
vt 0.507463 0.000000
vt 0.522388 1.000000
vt 0.514925 0.000000
vt 0.529851 1.000000
vt 0.522388 0.000000
vt 0.537313 1.000000
vt 0.529851 0.000000
vt 0.544776 1.000000
vt 0.537313 0.000000
vt 0.552239 1.000000
vt 0.544776 0.000000
vt 0.559702 1.000000
vt 0.552239 0.000000
vt 0.567164 1.000000
vt 0.559702 0.000000
vt 0.574627 1.000000
vt 0.567164 0.000000
vt 0.582090 1.000000
vt 0.574627 0.000000
vt 0.589552 1.000000
vt 0.582090 0.000000
vt 0.597015 1.000000
vt 0.589552 0.000000
vt 0.604478 1.000000
vt 0.597015 0.000000
vt 0.611940 1.000000
vt 0.604478 0.000000
vt 0.619403 1.000000
vt 0.611940 0.000000
vt 0.626866 1.000000
vt 0.619403 0.000000
vt 0.634328 1.000000
vt 0.626866 0.000000
vt 0.641791 1.000000
vt 0.634328 0.000000
vt 0.649254 1.000000
vt 0.641791 0.000000
vt 0.656716 1.000000
vt 0.649254 0.000000
vt 0.664179 1.000000
vt 0.656716 0.000000
vt 0.671642 1.000000
vt 0.664179 0.000000
vt 0.679105 1.000000
vt 0.671642 0.000000
vt 0.686567 1.000000
vt 0.679105 0.000000
vt 0.694030 1.000000
vt 0.686567 0.000000
vt 0.701493 1.000000
vt 0.694030 0.000000
vt 0.708955 1.000000
vt 0.701493 0.000000
vt 0.716418 1.000000
vt 0.708955 0.000000
vt 0.723881 1.000000
vt 0.716418 0.000000
vt 0.731343 1.000000
vt 0.723881 0.000000
vt 0.738806 1.000000
vt 0.731343 0.000000
vt 0.746269 1.000000
vt 0.738806 0.000000
vt 0.753731 1.000000
vt 0.746269 0.000000
vt 0.761194 1.000000
vt 0.753731 0.000000
vt 0.768657 1.000000
vt 0.761194 0.000000
vt 0.776119 1.000000
vt 0.768657 0.000000
vt 0.783582 1.000000
vt 0.776119 0.000000
vt 0.791045 1.000000
vt 0.783582 0.000000
vt 0.798507 1.000000
vt 0.791045 0.000000
vt 0.805970 1.000000
vt 0.798507 0.000000
vt 0.813433 1.000000
vt 0.805970 0.000000
vt 0.820895 1.000000
vt 0.813433 0.000000
vt 0.828358 1.000000
vt 0.820895 0.000000
vt 0.835821 1.000000
vt 0.828358 0.000000
vt 0.843284 1.000000
vt 0.835821 0.000000
vt 0.850746 1.000000
vt 0.843284 0.000000
vt 0.858209 1.000000
vt 0.850746 0.000000
vt 0.865672 1.000000
vt 0.858209 0.000000
vt 0.873134 1.000000
vt 0.865672 0.000000
vt 0.880597 1.000000
vt 0.873134 0.000000
vt 0.888060 1.000000
vt 0.880597 0.000000
vt 0.895522 1.000000
vt 0.888060 0.000000
vt 0.902985 1.000000
vt 0.895522 0.000000
vt 0.910448 1.000000
vt 0.902985 0.000000
vt 0.917910 1.000000
vt 0.910448 0.000000
vt 0.925373 1.000000
vt 0.917910 0.000000
vt 0.932836 1.000000
vt 0.925373 0.000000
vt 0.940298 1.000000
vt 0.932836 0.000000
vt 0.947761 1.000000
vt 0.940298 0.000000
vt 0.955224 1.000000
vt 0.947761 0.000000
vt 0.962687 1.000000
vt 0.955224 0.000000
vt 0.970149 1.000000
vt 0.962687 0.000000
vt 0.977612 1.000000
vt 0.970149 0.000000
vt 0.985075 1.000000
vt 0.977612 0.000000
vt 0.992537 1.000000
vt 0.985075 0.000000
vt 0.992537 0.000000
vt 0.020833 1.000000
vt 0.041667 1.000000
vt 0.020833 0.000000
vt 0.062500 1.000000
vt 0.041667 0.000000
vt 0.083333 1.000000
vt 0.062500 0.000000
vt 0.104167 1.000000
vt 0.083333 0.000000
vt 0.125000 1.000000
vt 0.104167 0.000000
vt 0.145833 1.000000
vt 0.125000 0.000000
vt 0.145833 0.000000
vt 0.187500 1.000000
vt 0.208333 1.000000
vt 0.187500 0.000000
vt 0.229167 1.000000
vt 0.208333 0.000000
vt 0.229167 0.000000
vt 0.270833 1.000000
vt 0.291667 1.000000
vt 0.270833 0.000000
vt 0.312500 1.000000
vt 0.291667 0.000000
vt 0.312500 0.000000
vt 0.354167 1.000000
vt 0.375000 1.000000
vt 0.354167 0.000000
vt 0.395833 1.000000
vt 0.375000 0.000000
vt 0.416667 1.000000
vt 0.395833 0.000000
vt 0.437500 1.000000
vt 0.416667 0.000000
vt 0.458333 1.000000
vt 0.437500 0.000000
vt 0.479167 1.000000
vt 0.458333 0.000000
vt 0.479167 0.000000
vt 0.520833 1.000000
vt 0.541667 1.000000
vt 0.520833 0.000000
vt 0.562500 1.000000
vt 0.541667 0.000000
vt 0.583333 1.000000
vt 0.562500 0.000000
vt 0.604167 1.000000
vt 0.583333 0.000000
vt 0.625000 1.000000
vt 0.604167 0.000000
vt 0.645833 1.000000
vt 0.625000 0.000000
vt 0.645833 0.000000
vt 0.687500 1.000000
vt 0.708333 1.000000
vt 0.687500 0.000000
vt 0.729167 1.000000
vt 0.708333 0.000000
vt 0.729167 0.000000
vt 0.770833 1.000000
vt 0.791667 1.000000
vt 0.770833 0.000000
vt 0.812500 1.000000
vt 0.791667 0.000000
vt 0.812500 0.000000
vt 0.854167 1.000000
vt 0.875000 1.000000
vt 0.854167 0.000000
vt 0.895833 1.000000
vt 0.875000 0.000000
vt 0.916667 1.000000
vt 0.895833 0.000000
vt 0.937500 1.000000
vt 0.916667 0.000000
vt 0.958333 1.000000
vt 0.937500 0.000000
vt 0.979167 1.000000
vt 0.958333 0.000000
vt 0.979167 0.000000
vt 0.013514 1.000000
vt 0.013514 0.000000
vt 0.040541 1.000000
vt 0.040541 0.000000
vt 0.067568 1.000000
vt 0.067568 0.000000
vt 0.094595 1.000000
vt 0.094595 0.000000
vt 0.121622 1.000000
vt 0.121622 0.000000
vt 0.148649 1.000000
vt 0.148649 0.000000
vt 0.175676 1.000000
vt 0.175676 0.000000
vt 0.202703 1.000000
vt 0.202703 0.000000
vt 0.229730 1.000000
vt 0.229730 0.000000
vt 0.256757 1.000000
vt 0.256757 0.000000
vt 0.283784 1.000000
vt 0.283784 0.000000
vt 0.310811 1.000000
vt 0.310811 0.000000
vt 0.337838 1.000000
vt 0.337838 0.000000
vt 0.364865 1.000000
vt 0.364865 0.000000
vt 0.391892 1.000000
vt 0.391892 0.000000
vt 0.418919 1.000000
vt 0.418919 0.000000
vt 0.445946 1.000000
vt 0.445946 0.000000
vt 0.472973 1.000000
vt 0.472973 0.000000
vt 0.527027 1.000000
vt 0.527027 0.000000
vt 0.554054 1.000000
vt 0.554054 0.000000
vt 0.581081 1.000000
vt 0.581081 0.000000
vt 0.608108 1.000000
vt 0.608108 0.000000
vt 0.635135 1.000000
vt 0.635135 0.000000
vt 0.662162 1.000000
vt 0.662162 0.000000
vt 0.689189 1.000000
vt 0.689189 0.000000
vt 0.716216 1.000000
vt 0.716216 0.000000
vt 0.743243 1.000000
vt 0.743243 0.000000
vt 0.770270 1.000000
vt 0.770270 0.000000
vt 0.797297 1.000000
vt 0.797297 0.000000
vt 0.824324 1.000000
vt 0.824324 0.000000
vt 0.851351 1.000000
vt 0.851351 0.000000
vt 0.878378 1.000000
vt 0.878378 0.000000
vt 0.905405 1.000000
vt 0.905405 0.000000
vt 0.932432 1.000000
vt 0.932432 0.000000
vt 0.959459 1.000000
vt 0.959459 0.000000
vt 0.986486 1.000000
vt 0.986486 0.000000
vt 0.040000 1.000000
vt 0.080000 1.000000
vt 0.040000 0.000000
vt 0.120000 1.000000
vt 0.080000 0.000000
vt 0.160000 1.000000
vt 0.120000 0.000000
vt 0.200000 1.000000
vt 0.160000 0.000000
vt 0.240000 1.000000
vt 0.280000 1.000000
vt 0.240000 0.000000
vt 0.320000 1.000000
vt 0.280000 0.000000
vt 0.360000 1.000000
vt 0.320000 0.000000
vt 0.400000 1.000000
vt 0.360000 0.000000
vt 0.440000 1.000000
vt 0.480000 1.000000
vt 0.440000 0.000000
vt 0.520000 1.000000
vt 0.480000 0.000000
vt 0.560000 1.000000
vt 0.520000 0.000000
vt 0.600000 1.000000
vt 0.560000 0.000000
vt 0.640000 1.000000
vt 0.680000 1.000000
vt 0.640000 0.000000
vt 0.720000 1.000000
vt 0.680000 0.000000
vt 0.760000 1.000000
vt 0.720000 0.000000
vt 0.800000 1.000000
vt 0.760000 0.000000
vt 0.840000 1.000000
vt 0.880000 1.000000
vt 0.840000 0.000000
vt 0.920000 1.000000
vt 0.880000 0.000000
vt 0.960000 1.000000
vt 0.920000 0.000000
vt 0.960000 0.000000
vt 0.018182 1.000000
vt 0.036364 1.000000
vt 0.018182 0.000000
vt 0.054545 1.000000
vt 0.036364 0.000000
vt 0.072727 1.000000
vt 0.054545 0.000000
vt 0.090909 1.000000
vt 0.072727 0.000000
vt 0.109091 1.000000
vt 0.127273 1.000000
vt 0.109091 0.000000
vt 0.145455 1.000000
vt 0.127273 0.000000
vt 0.163636 1.000000
vt 0.145455 0.000000
vt 0.181818 1.000000
vt 0.163636 0.000000
vt 0.218182 1.000000
vt 0.236364 1.000000
vt 0.218182 0.000000
vt 0.254545 1.000000
vt 0.236364 0.000000
vt 0.272727 1.000000
vt 0.254545 0.000000
vt 0.290909 1.000000
vt 0.309091 1.000000
vt 0.290909 0.000000
vt 0.327273 1.000000
vt 0.309091 0.000000
vt 0.345455 1.000000
vt 0.327273 0.000000
vt 0.363636 1.000000
vt 0.345455 0.000000
vt 0.381818 1.000000
vt 0.381818 0.000000
vt 0.418182 1.000000
vt 0.436364 1.000000
vt 0.418182 0.000000
vt 0.454545 1.000000
vt 0.436364 0.000000
vt 0.472727 1.000000
vt 0.490909 1.000000
vt 0.472727 0.000000
vt 0.509091 1.000000
vt 0.490909 0.000000
vt 0.527273 1.000000
vt 0.509091 0.000000
vt 0.545455 1.000000
vt 0.527273 0.000000
vt 0.563636 1.000000
vt 0.581818 1.000000
vt 0.563636 0.000000
vt 0.581818 0.000000
vt 0.618182 1.000000
vt 0.636364 1.000000
vt 0.618182 0.000000
vt 0.654545 1.000000
vt 0.672727 1.000000
vt 0.654545 0.000000
vt 0.690909 1.000000
vt 0.672727 0.000000
vt 0.709091 1.000000
vt 0.690909 0.000000
vt 0.727273 1.000000
vt 0.709091 0.000000
vt 0.745455 1.000000
vt 0.763636 1.000000
vt 0.745455 0.000000
vt 0.781818 1.000000
vt 0.763636 0.000000
vt 0.781818 0.000000
vt 0.818182 1.000000
vt 0.836364 1.000000
vt 0.854545 1.000000
vt 0.836364 0.000000
vt 0.872727 1.000000
vt 0.854545 0.000000
vt 0.890909 1.000000
vt 0.872727 0.000000
vt 0.909091 1.000000
vt 0.890909 0.000000
vt 0.927273 1.000000
vt 0.945455 1.000000
vt 0.927273 0.000000
vt 0.963636 1.000000
vt 0.945455 0.000000
vt 0.981818 1.000000
vt 0.963636 0.000000
vt 0.981818 0.000000
s 0
usemtl マテリアル
f 681/377/128 609/378/128 682/379/128
f 680/380/128 609/378/128 681/377/128
f 680/380/128 610/381/128 609/378/128
f 679/382/128 610/381/128 680/380/128
f 679/382/128 611/383/128 610/381/128
f 678/384/128 611/383/128 679/382/128
f 678/384/128 612/385/128 611/383/128
f 677/386/128 612/385/128 678/384/128
f 677/386/128 613/387/128 612/385/128
f 676/388/128 613/387/128 677/386/128
f 676/388/128 614/389/128 613/387/128
f 675/390/128 614/389/128 676/388/128
f 675/390/128 615/391/128 614/389/128
f 674/392/128 615/391/128 675/390/128
f 674/392/128 616/393/128 615/391/128
f 673/394/128 616/393/128 674/392/128
f 673/394/128 617/395/128 616/393/128
f 672/396/128 617/395/128 673/394/128
f 672/396/128 618/397/128 617/395/128
f 671/398/128 618/397/128 672/396/128
f 671/398/128 619/399/128 618/397/128
f 670/400/128 619/399/128 671/398/128
f 670/400/128 620/401/128 619/399/128
f 669/402/128 620/401/128 670/400/128
f 669/402/128 621/403/128 620/401/128
f 668/404/128 621/403/128 669/402/128
f 668/404/128 622/405/128 621/403/128
f 667/406/128 622/405/128 668/404/128
f 667/406/128 623/407/128 622/405/128
f 666/408/128 623/407/128 667/406/128
f 666/408/128 624/409/128 623/407/128
f 665/410/128 624/409/128 666/408/128
f 665/410/128 625/411/128 624/409/128
f 664/412/128 625/411/128 665/410/128
f 664/412/128 626/413/128 625/411/128
f 664/412/128 627/414/128 626/413/128
f 663/415/128 627/414/128 664/412/128
f 663/415/128 628/416/128 627/414/128
f 662/417/128 628/416/128 663/415/128
f 662/417/128 629/418/128 628/416/128
f 661/419/128 629/418/128 662/417/128
f 661/419/128 630/420/128 629/418/128
f 660/421/128 630/420/128 661/419/128
f 660/421/128 631/422/128 630/420/128
f 659/423/128 631/422/128 660/421/128
f 659/423/128 632/424/128 631/422/128
f 658/425/128 632/424/128 659/423/128
f 657/426/128 632/424/128 658/425/128
f 657/426/128 633/427/128 632/424/128
f 656/428/128 633/427/128 657/426/128
f 656/428/128 634/429/128 633/427/128
f 655/430/128 634/429/128 656/428/128
f 655/430/128 635/431/128 634/429/128
f 654/432/128 635/431/128 655/430/128
f 654/432/128 636/433/128 635/431/128
f 653/434/128 636/433/128 654/432/128
f 653/434/128 637/435/128 636/433/128
f 652/436/128 637/435/128 653/434/128
f 652/436/128 638/437/128 637/435/128
f 651/438/128 638/437/128 652/436/128
f 651/438/128 639/439/128 638/437/128
f 650/440/128 639/439/128 651/438/128
f 650/440/128 640/441/128 639/439/128
f 649/442/128 640/441/128 650/440/128
f 649/442/128 641/443/128 640/441/128
f 648/444/128 641/443/128 649/442/128
f 648/444/128 642/445/128 641/443/128
f 647/446/128 642/445/128 648/444/128
f 647/446/128 643/447/128 642/445/128
f 646/448/128 643/447/128 647/446/128
f 646/448/128 644/449/128 643/447/128
f 645/450/128 644/449/128 646/448/128
f 595/451/128 597/452/128 596/453/128
f 594/454/128 597/452/128 595/451/128
f 594/454/128 598/455/128 597/452/128
f 593/456/128 598/455/128 594/454/128
f 593/456/128 599/457/128 598/455/128
f 592/458/128 599/457/128 593/456/128
f 592/458/128 600/459/128 599/457/128
f 591/460/128 600/459/128 592/458/128
f 591/460/128 601/461/128 600/459/128
f 590/462/128 601/461/128 591/460/128
f 590/462/128 602/463/128 601/461/128
f 589/464/128 602/463/128 590/462/128
f 589/464/128 603/465/128 602/463/128
f 588/466/128 603/465/128 589/464/128
f 588/466/128 604/467/128 603/465/128
f 587/468/128 604/467/128 588/466/128
f 587/468/128 605/469/128 604/467/128
f 586/470/128 605/469/128 587/468/128
f 586/470/128 606/471/128 605/469/128
f 585/472/128 606/471/128 586/470/128
f 585/472/128 607/473/128 606/471/128
f 584/474/128 607/473/128 585/472/128
f 584/474/128 608/475/128 607/473/128
f 583/476/128 608/475/128 584/474/128
f 583/476/128 561/477/128 608/475/128
f 583/476/128 562/478/128 561/477/128
f 582/479/128 562/478/128 583/476/128
f 582/479/128 563/480/128 562/478/128
f 581/481/128 563/480/128 582/479/128
f 581/481/128 564/482/128 563/480/128
f 580/483/128 564/482/128 581/481/128
f 580/483/128 565/484/128 564/482/128
f 579/485/128 565/484/128 580/483/128
f 579/485/128 566/486/128 565/484/128
f 578/487/128 566/486/128 579/485/128
f 578/487/128 567/488/128 566/486/128
f 577/489/128 567/488/128 578/487/128
f 577/489/128 568/490/128 567/488/128
f 576/491/128 568/490/128 577/489/128
f 576/491/128 569/492/128 568/490/128
f 575/493/128 569/492/128 576/491/128
f 575/493/128 570/494/128 569/492/128
f 574/495/128 570/494/128 575/493/128
f 574/495/128 571/496/128 570/494/128
f 573/497/128 571/496/128 574/495/128
f 573/497/128 572/498/128 571/496/128
f 717/499/128 719/500/128 718/501/128
f 717/499/128 720/502/128 719/500/128
f 716/503/128 720/502/128 717/499/128
f 716/503/128 721/504/128 720/502/128
f 715/505/128 721/504/128 716/503/128
f 715/505/128 722/506/128 721/504/128
f 714/507/128 722/506/128 715/505/128
f 714/507/128 723/508/128 722/506/128
f 713/509/128 723/508/128 714/507/128
f 713/509/128 724/510/128 723/508/128
f 712/511/128 724/510/128 713/509/128
f 712/511/128 725/512/128 724/510/128
f 711/513/128 766/514/128 712/511/128
f 766/514/128 725/512/128 712/511/128
f 711/513/128 767/515/128 766/514/128
f 765/516/128 725/512/128 766/514/128
f 711/513/128 768/517/128 767/515/128
f 764/518/128 725/512/128 765/516/128
f 711/513/128 769/519/128 768/517/128
f 763/520/128 725/512/128 764/518/128
f 763/520/128 726/521/128 725/512/128
f 710/522/128 769/519/128 711/513/128
f 710/522/128 770/523/128 769/519/128
f 762/524/128 726/521/128 763/520/128
f 710/522/128 771/525/128 770/523/128
f 761/526/128 726/521/128 762/524/128
f 710/522/128 772/527/128 771/525/128
f 760/528/128 726/521/128 761/526/128
f 760/528/128 727/529/128 726/521/128
f 709/530/128 772/527/128 710/522/128
f 709/530/128 773/531/128 772/527/128
f 759/532/128 727/529/128 760/528/128
f 709/530/128 774/533/128 773/531/128
f 758/534/128 727/529/128 759/532/128
f 758/534/128 728/535/128 727/529/128
f 708/536/128 774/533/128 709/530/128
f 708/536/128 775/537/128 774/533/128
f 757/538/128 728/535/128 758/534/128
f 757/538/128 729/539/128 728/535/128
f 707/540/128 775/537/128 708/536/128
f 707/540/128 776/541/128 775/537/128
f 756/542/128 729/539/128 757/538/128
f 707/540/128 777/543/128 776/541/128
f 755/544/128 729/539/128 756/542/128
f 755/544/128 730/545/128 729/539/128
f 706/546/128 777/543/128 707/540/128
f 706/546/128 778/379/128 777/543/128
f 754/547/128 730/545/128 755/544/128
f 705/548/128 778/379/128 706/546/128
f 705/548/128 731/549/128 778/379/128
f 754/547/128 683/477/128 730/545/128
f 753/550/128 683/477/128 754/547/128
f 705/548/128 732/551/128 731/549/128
f 752/552/128 683/477/128 753/550/128
f 704/553/128 732/551/128 705/548/128
f 752/552/128 684/554/128 683/477/128
f 704/553/128 733/555/128 732/551/128
f 751/556/128 684/554/128 752/552/128
f 704/553/128 734/557/128 733/555/128
f 703/558/128 734/557/128 704/553/128
f 750/559/128 684/554/128 751/556/128
f 750/559/128 685/560/128 684/554/128
f 703/558/128 735/561/128 734/557/128
f 749/562/128 685/560/128 750/559/128
f 702/563/128 735/561/128 703/558/128
f 749/562/128 686/564/128 685/560/128
f 702/563/128 736/565/128 735/561/128
f 748/566/128 686/564/128 749/562/128
f 702/563/128 737/567/128 736/565/128
f 747/568/128 686/564/128 748/566/128
f 701/569/128 737/567/128 702/563/128
f 747/568/128 687/570/128 686/564/128
f 701/569/128 738/571/128 737/567/128
f 746/572/128 687/570/128 747/568/128
f 701/569/128 739/573/128 738/571/128
f 745/574/128 687/570/128 746/572/128
f 701/569/128 740/575/128 739/573/128
f 744/576/128 687/570/128 745/574/128
f 700/577/128 740/575/128 701/569/128
f 744/576/128 688/578/128 687/570/128
f 700/577/128 741/579/128 740/575/128
f 743/580/128 688/578/128 744/576/128
f 700/577/128 742/581/128 741/579/128
f 742/581/128 688/578/128 743/580/128
f 700/577/128 688/578/128 742/581/128
f 699/582/128 688/578/128 700/577/128
f 699/582/128 689/583/128 688/578/128
f 698/584/128 689/583/128 699/582/128
f 698/584/128 690/585/128 689/583/128
f 697/586/128 690/585/128 698/584/128
f 697/586/128 691/587/128 690/585/128
f 696/588/128 691/587/128 697/586/128
f 696/588/128 692/589/128 691/587/128
f 695/590/128 692/589/128 696/588/128
f 695/590/128 693/591/128 692/589/128
f 694/592/128 693/591/128 695/590/128
f 791/593/128 793/594/128 792/595/128
f 791/593/128 794/596/128 793/594/128
f 790/597/128 794/596/128 791/593/128
f 790/597/128 795/598/128 794/596/128
f 789/599/128 795/598/128 790/597/128
f 789/599/128 796/600/128 795/598/128
f 789/599/128 797/601/128 796/600/128
f 788/602/128 797/601/128 789/599/128
f 788/602/128 798/603/128 797/601/128
f 831/604/128 833/379/128 832/605/128
f 831/604/128 779/477/128 833/379/128
f 787/606/128 798/603/128 788/602/128
f 787/606/128 799/607/128 798/603/128
f 787/606/128 800/608/128 799/607/128
f 786/609/128 800/608/128 787/606/128
f 786/609/128 801/610/128 800/608/128
f 785/611/128 801/610/128 786/609/128
f 785/611/128 802/612/128 801/610/128
f 785/611/128 803/613/128 802/612/128
f 784/614/128 803/613/128 785/611/128
f 784/614/128 804/615/128 803/613/128
f 783/616/128 804/615/128 784/614/128
f 783/616/128 814/617/128 804/615/128
f 814/617/128 813/618/128 804/615/128
f 813/618/128 812/619/128 804/615/128
f 812/619/128 811/620/128 804/615/128
f 811/620/128 810/621/128 804/615/128
f 810/621/128 809/622/128 804/615/128
f 809/622/128 808/623/128 804/615/128
f 808/623/128 807/624/128 804/615/128
f 807/624/128 806/625/128 804/615/128
f 806/625/128 805/626/128 804/615/128
f 782/627/128 816/628/128 783/616/128
f 816/628/128 815/629/128 783/616/128
f 815/629/128 814/617/128 783/616/128
f 781/630/128 818/631/128 782/627/128
f 818/631/128 817/632/128 782/627/128
f 817/632/128 816/628/128 782/627/128
f 781/630/128 819/633/128 818/631/128
f 781/630/128 820/634/128 819/633/128
f 780/635/128 820/634/128 781/630/128
f 780/635/128 821/636/128 820/634/128
f 780/635/128 822/637/128 821/636/128
f 831/604/128 780/635/128 779/477/128
f 831/604/128 826/638/128 780/635/128
f 826/638/128 825/639/128 780/635/128
f 825/639/128 824/640/128 780/635/128
f 824/640/128 823/641/128 780/635/128
f 823/641/128 822/637/128 780/635/128
f 831/604/128 827/642/128 826/638/128
f 831/604/128 828/643/128 827/642/128
f 831/604/128 829/644/128 828/643/128
f 831/604/128 830/645/128 829/644/128
f 868/646/128 870/647/128 869/648/128
f 868/646/128 871/649/128 870/647/128
f 867/650/128 871/649/128 868/646/128
f 867/650/128 872/651/128 871/649/128
f 866/652/128 872/651/128 867/650/128
f 866/652/128 873/653/128 872/651/128
f 865/654/128 873/653/128 866/652/128
f 865/654/128 874/655/128 873/653/128
f 864/656/128 874/655/128 865/654/128
f 864/656/128 875/657/128 874/655/128
f 863/658/128 875/657/128 864/656/128
f 863/658/128 876/659/128 875/657/128
f 862/660/128 919/661/128 863/658/128
f 919/661/128 876/659/128 863/658/128
f 862/660/128 920/662/128 919/661/128
f 918/663/128 876/659/128 919/661/128
f 862/660/128 921/664/128 920/662/128
f 917/665/128 876/659/128 918/663/128
f 862/660/128 922/666/128 921/664/128
f 916/667/128 876/659/128 917/665/128
f 916/667/128 877/668/128 876/659/128
f 862/660/128 923/669/128 922/666/128
f 861/670/128 923/669/128 862/660/128
f 915/671/128 877/668/128 916/667/128
f 861/670/128 924/672/128 923/669/128
f 914/673/128 877/668/128 915/671/128
f 861/670/128 925/674/128 924/672/128
f 913/675/128 877/668/128 914/673/128
f 861/670/128 926/676/128 925/674/128
f 912/677/128 877/668/128 913/675/128
f 860/678/128 926/676/128 861/670/128
f 912/677/128 878/679/128 877/668/128
f 860/678/128 927/680/128 926/676/128
f 911/681/128 878/679/128 912/677/128
f 860/678/128 928/682/128 927/680/128
f 910/683/128 878/679/128 911/681/128
f 859/684/128 928/682/128 860/678/128
f 910/683/128 879/685/128 878/679/128
f 859/684/128 929/686/128 928/682/128
f 909/687/128 879/685/128 910/683/128
f 859/684/128 930/688/128 929/686/128
f 908/689/128 879/685/128 909/687/128
f 858/690/128 930/688/128 859/684/128
f 858/690/128 931/691/128 930/688/128
f 908/689/128 880/692/128 879/685/128
f 932/379/128 880/692/128 908/689/128
f 858/690/128 932/379/128 931/691/128
f 858/690/128 880/692/128 932/379/128
f 857/693/128 880/692/128 858/690/128
f 857/693/128 881/694/128 880/692/128
f 856/695/128 882/696/128 857/693/128
f 882/696/128 881/694/128 857/693/128
f 856/695/128 883/625/128 882/696/128
f 855/697/128 883/625/128 856/695/128
f 855/697/128 884/698/128 883/625/128
f 855/697/128 885/699/128 884/698/128
f 854/700/128 885/699/128 855/697/128
f 854/700/128 886/701/128 885/699/128
f 853/702/128 886/701/128 854/700/128
f 853/702/128 887/703/128 886/701/128
f 905/704/128 907/705/128 906/706/128
f 853/702/128 888/707/128 887/703/128
f 904/708/128 907/705/128 905/704/128
f 903/709/128 907/705/128 904/708/128
f 852/710/128 888/707/128 853/702/128
f 852/710/128 889/711/128 888/707/128
f 902/712/128 907/705/128 903/709/128
f 901/713/128 907/705/128 902/712/128
f 852/710/128 890/714/128 889/711/128
f 900/715/128 907/705/128 901/713/128
f 852/710/128 891/716/128 890/714/128
f 899/717/128 907/705/128 900/715/128
f 851/718/128 891/716/128 852/710/128
f 898/719/128 907/705/128 899/717/128
f 851/718/128 892/720/128 891/716/128
f 897/721/128 907/705/128 898/719/128
f 851/718/128 893/722/128 892/720/128
f 896/723/128 907/705/128 897/721/128
f 895/724/128 907/705/128 896/723/128
f 851/718/128 894/725/128 893/722/128
f 894/725/128 907/705/128 895/724/128
f 851/718/128 907/705/128 894/725/128
f 850/726/128 907/705/128 851/718/128
f 850/726/128 834/477/128 907/705/128
f 849/727/128 834/477/128 850/726/128
f 849/727/128 835/728/128 834/477/128
f 849/727/128 836/729/128 835/728/128
f 848/730/128 836/729/128 849/727/128
f 848/730/128 837/731/128 836/729/128
f 848/730/128 838/732/128 837/731/128
f 847/733/128 838/732/128 848/730/128
f 847/733/128 839/734/128 838/732/128
f 847/733/128 840/735/128 839/734/128
f 846/736/128 840/735/128 847/733/128
f 846/736/128 841/737/128 840/735/128
f 846/736/128 842/738/128 841/737/128
f 846/736/128 843/739/128 842/738/128
f 845/740/128 843/739/128 846/736/128
f 845/740/128 844/741/128 843/739/128
f 1030/742/128 1032/743/128 1031/744/128
f 1029/745/128 1032/743/128 1030/742/128
f 1029/745/128 1033/746/128 1032/743/128
f 1028/747/128 1033/746/128 1029/745/128
f 1027/748/128 1033/746/128 1028/747/128
f 1027/748/128 1034/749/128 1033/746/128
f 1026/750/128 1034/749/128 1027/748/128
f 1026/750/128 1035/751/128 1034/749/128
f 1025/752/128 1035/751/128 1026/750/128
f 1024/753/128 1035/751/128 1025/752/128
f 1024/753/128 1036/754/128 1035/751/128
f 1023/755/128 1036/754/128 1024/753/128
f 1023/755/128 1037/756/128 1036/754/128
f 1022/757/128 1037/756/128 1023/755/128
f 1021/758/128 1037/756/128 1022/757/128
f 1021/758/128 1038/759/128 1037/756/128
f 1020/760/128 1038/759/128 1021/758/128
f 1020/760/128 1039/761/128 1038/759/128
f 1019/762/128 1039/761/128 1020/760/128
f 1018/763/128 1017/764/128 1019/762/128
f 1017/764/128 1016/765/128 1019/762/128
f 1016/765/128 1015/766/128 1019/762/128
f 1015/766/128 1014/767/128 1019/762/128
f 1014/767/128 1013/768/128 1019/762/128
f 1013/768/128 1012/769/128 1019/762/128
f 1012/769/128 1011/770/128 1019/762/128
f 1011/770/128 1010/771/128 1019/762/128
f 1010/771/128 1009/772/128 1019/762/128
f 1009/772/128 1008/773/128 1019/762/128
f 1008/773/128 1039/761/128 1019/762/128
f 1008/773/128 1007/774/128 1039/761/128
f 1007/774/128 1006/775/128 1039/761/128
f 1006/775/128 1040/776/128 1039/761/128
f 1006/775/128 1005/777/128 1040/776/128
f 1005/777/128 1041/778/128 1040/776/128
f 1004/779/128 1041/778/128 1005/777/128
f 1003/780/128 1041/778/128 1004/779/128
f 1002/781/128 1041/778/128 1003/780/128
f 1001/782/128 1041/778/128 1002/781/128
f 1000/783/128 1041/778/128 1001/782/128
f 1000/783/128 1042/784/128 1041/778/128
f 999/785/128 1042/784/128 1000/783/128
f 998/786/128 1042/784/128 999/785/128
f 997/787/128 1042/784/128 998/786/128
f 997/787/128 1043/788/128 1042/784/128
f 996/789/128 1043/788/128 997/787/128
f 995/790/128 1043/788/128 996/789/128
f 995/790/128 1044/791/128 1043/788/128
f 994/792/128 1044/791/128 995/790/128
f 993/793/128 1044/791/128 994/792/128
f 992/794/128 1106/379/128 993/793/128
f 1106/379/128 1044/791/128 993/793/128
f 991/795/128 1106/379/128 992/794/128
f 990/796/128 1106/379/128 991/795/128
f 989/797/128 1106/379/128 990/796/128
f 988/798/128 1106/379/128 989/797/128
f 988/798/128 1070/799/128 1106/379/128
f 1105/800/128 1044/791/128 1106/379/128
f 988/798/128 1071/801/128 1070/799/128
f 987/802/128 1071/801/128 988/798/128
f 987/802/128 1072/803/128 1071/801/128
f 986/804/128 1072/803/128 987/802/128
f 986/804/128 1073/805/128 1072/803/128
f 985/806/128 1073/805/128 986/804/128
f 985/806/128 1074/807/128 1073/805/128
f 985/806/128 1075/808/128 1074/807/128
f 984/809/128 1075/808/128 985/806/128
f 984/809/128 1076/810/128 1075/808/128
f 983/811/128 1076/810/128 984/809/128
f 983/811/128 1077/812/128 1076/810/128
f 983/811/128 1078/813/128 1077/812/128
f 982/814/128 1078/813/128 983/811/128
f 982/814/128 1079/815/128 1078/813/128
f 982/814/128 1080/816/128 1079/815/128
f 981/817/128 1080/816/128 982/814/128
f 981/817/128 1081/818/128 1080/816/128
f 980/819/128 1081/818/128 981/817/128
f 980/819/128 1082/820/128 1081/818/128
f 980/819/128 1083/821/128 1082/820/128
f 979/822/128 1083/821/128 980/819/128
f 979/822/128 1084/823/128 1083/821/128
f 979/822/128 1085/824/128 1084/823/128
f 1104/825/128 1044/791/128 1105/800/128
f 978/826/128 1085/824/128 979/822/128
f 1103/827/128 1044/791/128 1104/825/128
f 978/826/128 1086/828/128 1085/824/128
f 1102/829/128 1044/791/128 1103/827/128
f 1067/830/128 1069/831/128 1068/832/128
f 1102/829/128 1045/833/128 1044/791/128
f 978/826/128 1087/834/128 1086/828/128
f 1066/835/128 1069/831/128 1067/830/128
f 1101/836/128 1045/833/128 1102/829/128
f 1101/836/128 1046/837/128 1045/833/128
f 1065/838/128 1069/831/128 1066/835/128
f 977/839/128 1087/834/128 978/826/128
f 977/839/128 1088/840/128 1087/834/128
f 1101/836/128 1047/841/128 1046/837/128
f 1100/842/128 1047/841/128 1101/836/128
f 1064/843/128 1069/831/128 1065/838/128
f 1100/842/128 1048/844/128 1047/841/128
f 1099/845/128 1048/844/128 1100/842/128
f 1063/846/128 1069/831/128 1064/843/128
f 977/839/128 1089/847/128 1088/840/128
f 1099/845/128 1049/848/128 1048/844/128
f 1062/849/128 1069/831/128 1063/846/128
f 1098/850/128 1049/848/128 1099/845/128
f 1098/850/128 1050/851/128 1049/848/128
f 1061/852/128 1069/831/128 1062/849/128
f 977/839/128 1090/853/128 1089/847/128
f 1098/850/128 1051/854/128 1050/851/128
f 1097/855/128 1051/854/128 1098/850/128
f 1060/856/128 1069/831/128 1061/852/128
f 1097/855/128 1052/857/128 1051/854/128
f 976/858/128 1090/853/128 977/839/128
f 1059/859/128 1069/831/128 1060/856/128
f 976/858/128 1091/860/128 1090/853/128
f 1096/861/128 1052/857/128 1097/855/128
f 1096/861/128 1053/862/128 1052/857/128
f 1058/863/128 1069/831/128 1059/859/128
f 1096/861/128 1054/864/128 1053/862/128
f 1057/865/128 1069/831/128 1058/863/128
f 1095/866/128 1054/864/128 1096/861/128
f 1095/866/128 1055/867/128 1054/864/128
f 1056/868/128 1069/831/128 1057/865/128
f 1095/866/128 1056/868/128 1055/867/128
f 976/858/128 1092/869/128 1091/860/128
f 1095/866/128 1069/831/128 1056/868/128
f 1094/870/128 1069/831/128 1095/866/128
f 976/858/128 1093/871/128 1092/869/128
f 1093/871/128 1069/831/128 1094/870/128
f 976/858/128 956/872/128 1093/871/128
f 956/872/128 1069/831/128 1093/871/128
f 975/873/128 956/872/128 976/858/128
f 975/873/128 957/874/128 956/872/128
f 955/875/128 1069/831/128 956/872/128
f 974/876/128 957/874/128 975/873/128
f 974/876/128 958/877/128 957/874/128
f 954/878/128 1069/831/128 955/875/128
f 954/878/128 933/477/128 1069/831/128
f 973/879/128 958/877/128 974/876/128
f 973/879/128 959/880/128 958/877/128
f 953/881/128 933/477/128 954/878/128
f 953/881/128 934/882/128 933/477/128
f 973/879/128 960/883/128 959/880/128
f 952/884/128 934/882/128 953/881/128
f 972/885/128 960/883/128 973/879/128
f 952/884/128 935/886/128 934/882/128
f 972/885/128 961/887/128 960/883/128
f 951/888/128 935/886/128 952/884/128
f 951/888/128 936/889/128 935/886/128
f 971/890/128 961/887/128 972/885/128
f 971/890/128 962/891/128 961/887/128
f 950/892/128 936/889/128 951/888/128
f 950/892/128 937/893/128 936/889/128
f 971/890/128 963/894/128 962/891/128
f 949/895/128 937/893/128 950/892/128
f 949/895/128 938/896/128 937/893/128
f 970/897/128 963/894/128 971/890/128
f 970/897/128 964/898/128 963/894/128
f 948/899/128 938/896/128 949/895/128
f 948/899/128 939/900/128 938/896/128
f 970/897/128 965/901/128 964/898/128
f 948/899/128 940/902/128 939/900/128
f 947/903/128 940/902/128 948/899/128
f 969/904/128 965/901/128 970/897/128
f 947/903/128 941/905/128 940/902/128
f 969/904/128 966/906/128 965/901/128
f 946/907/128 941/905/128 947/903/128
f 946/907/128 942/908/128 941/905/128
f 969/904/128 967/909/128 966/906/128
f 945/910/128 942/908/128 946/907/128
f 968/911/128 967/909/128 969/904/128
f 945/910/128 943/912/128 942/908/128
f 944/913/128 943/912/128 945/910/128
f 1162/914/128 1164/379/128 1163/915/128
f 1162/914/128 1107/477/128 1164/379/128
f 1162/914/128 1108/916/128 1107/477/128
f 1161/531/128 1108/916/128 1162/914/128
f 1160/917/128 1108/916/128 1161/531/128
f 1159/918/128 1109/919/128 1160/917/128
f 1109/919/129 1108/916/129 1160/917/129
f 1159/918/128 1110/578/128 1109/919/128
f 1159/918/128 1111/920/128 1110/578/128
f 1158/517/128 1111/920/128 1159/918/128
f 1158/517/128 1112/921/128 1111/920/128
f 1158/517/128 1113/591/128 1112/921/128
f 1157/922/128 1113/591/128 1158/517/128
f 1157/922/128 1114/923/128 1113/591/128
f 1133/924/128 1135/925/128 1134/535/128
f 1132/926/128 1135/925/128 1133/924/128
f 1157/922/128 1115/927/128 1114/923/128
f 1131/508/128 1135/925/128 1132/926/128
f 1156/928/128 1115/927/128 1157/922/128
f 1156/928/128 1116/584/128 1115/927/128
f 1130/929/128 1135/925/128 1131/508/128
f 1129/930/128 1135/925/128 1130/929/128
f 1156/928/128 1117/931/128 1116/584/128
f 1128/501/128 1135/925/128 1129/930/128
f 1156/928/128 1118/932/128 1117/931/128
f 1127/933/128 1135/925/128 1128/501/128
f 1156/928/128 1119/558/128 1118/932/128
f 1126/601/128 1135/925/128 1127/933/128
f 1155/520/128 1119/558/128 1156/928/128
f 1125/509/128 1135/925/128 1126/601/128
f 1155/520/128 1120/934/128 1119/558/128
f 1124/935/128 1135/925/128 1125/509/128
f 1155/520/128 1121/936/128 1120/934/128
f 1123/937/128 1135/925/128 1124/935/128
f 1155/520/128 1122/536/128 1121/936/128
f 1122/536/128 1135/925/128 1123/937/128
f 1155/520/128 1135/925/128 1122/536/128
f 1154/938/128 1135/925/128 1155/520/128
f 1153/939/128 1135/925/128 1154/938/128
f 1152/534/128 1135/925/128 1153/939/128
f 1152/534/128 1136/940/128 1135/925/128
f 1151/941/128 1136/940/128 1152/534/128
f 1151/941/128 1137/555/128 1136/940/128
f 1151/941/128 1138/942/128 1137/555/128
f 1150/943/128 1138/942/128 1151/941/128
f 1150/943/128 1139/944/128 1138/942/128
f 1150/943/128 1140/571/128 1139/944/128
f 1150/943/128 1141/945/128 1140/571/128
f 1149/550/128 1141/945/128 1150/943/128
f 1149/550/128 1142/946/128 1141/945/128
f 1149/550/128 1143/580/128 1142/946/128
f 1148/947/128 1143/580/128 1149/550/128
f 1148/947/128 1144/948/128 1143/580/128
f 1148/947/128 1145/629/128 1144/948/128
f 1147/949/128 1145/629/128 1148/947/128
f 1147/949/128 1146/566/128 1145/629/128
f 1213/950/128 1215/951/128 1214/952/128
f 1213/950/128 1216/379/128 1215/951/128
f 1187/953/128 1189/954/128 1188/955/128
f 1186/956/128 1189/954/128 1187/953/128
f 1186/956/128 1190/957/128 1189/954/128
f 1185/958/128 1190/957/128 1186/956/128
f 1185/958/128 1191/959/128 1190/957/128
f 1184/960/128 1191/959/128 1185/958/128
f 1184/960/128 1192/961/128 1191/959/128
f 1183/962/128 1192/961/128 1184/960/128
f 1183/962/128 1193/963/128 1192/961/128
f 1182/601/128 1193/963/128 1183/962/128
f 1182/601/128 1194/964/128 1193/963/128
f 1181/965/128 1194/964/128 1182/601/128
f 1181/965/128 1195/966/128 1194/964/128
f 1180/967/128 1195/966/128 1181/965/128
f 1180/967/128 1196/968/128 1195/966/128
f 1179/969/128 1196/968/128 1180/967/128
f 1179/969/128 1197/970/128 1196/968/128
f 1178/971/128 1197/970/128 1179/969/128
f 1178/971/128 1198/972/128 1197/970/128
f 1177/973/128 1198/972/128 1178/971/128
f 1177/973/128 1199/629/128 1198/972/128
f 1176/974/128 1199/629/128 1177/973/128
f 1176/974/128 1200/975/128 1199/629/128
f 1175/976/128 1200/975/128 1176/974/128
f 1175/976/128 1201/977/128 1200/975/128
f 1174/978/128 1201/977/128 1175/976/128
f 1174/978/128 1202/979/128 1201/977/128
f 1173/980/128 1202/979/128 1174/978/128
f 1173/980/128 1203/981/128 1202/979/128
f 1172/982/128 1203/981/128 1173/980/128
f 1172/982/128 1204/983/128 1203/981/128
f 1171/984/128 1204/983/128 1172/982/128
f 1171/984/128 1205/985/128 1204/983/128
f 1170/986/128 1205/985/128 1171/984/128
f 1170/986/128 1206/987/128 1205/985/128
f 1169/988/128 1206/987/128 1170/986/128
f 1169/988/128 1207/989/128 1206/987/128
f 1168/990/128 1207/989/128 1169/988/128
f 1168/990/128 1208/991/128 1207/989/128
f 1167/992/128 1208/991/128 1168/990/128
f 1167/992/128 1209/993/128 1208/991/128
f 1166/994/128 1209/993/128 1167/992/128
f 1166/994/128 1210/995/128 1209/993/128
f 1165/477/128 1210/995/128 1166/994/128
f 1165/477/128 1211/996/128 1210/995/128
f 1212/997/128 1211/996/128 1165/477/128
f 1336/517/128 1338/998/128 1337/999/128
f 1336/517/128 1339/1000/128 1338/998/128
f 1335/1001/128 1339/1000/128 1336/517/128
f 1335/1001/128 1340/1002/128 1339/1000/128
f 1335/1001/128 1341/1003/128 1340/1002/128
f 1334/1004/128 1341/1003/128 1335/1001/128
f 1334/1004/128 1342/1005/128 1341/1003/128
f 1334/1004/128 1343/531/128 1342/1005/128
f 1333/1006/128 1343/531/128 1334/1004/128
f 1333/1006/128 1344/1007/128 1343/531/128
f 1333/1006/128 1345/1008/128 1344/1007/128
f 1332/1009/128 1345/1008/128 1333/1006/128
f 1332/1009/128 1346/1010/128 1345/1008/128
f 1332/1009/128 1347/1011/128 1346/1010/128
f 1331/663/128 1347/1011/128 1332/1009/128
f 1331/663/128 1348/1012/128 1347/1011/128
f 1331/663/128 1349/1013/128 1348/1012/128
f 1330/1014/128 1349/1013/128 1331/663/128
f 1330/1014/128 1224/578/128 1349/1013/128
f 1224/578/128 1223/1015/128 1349/1013/128
f 1223/1015/128 1222/1016/128 1349/1013/128
f 1222/1016/128 1221/1017/128 1349/1013/128
f 1221/1017/128 1220/1018/128 1349/1013/128
f 1220/1018/128 1219/1019/128 1349/1013/128
f 1219/1019/128 1218/1020/128 1349/1013/128
f 1218/1020/128 1217/477/128 1349/1013/128
f 1217/477/128 1350/379/128 1349/1013/128
f 1329/520/128 1226/1021/128 1330/1014/128
f 1226/1021/128 1225/1022/128 1330/1014/128
f 1225/1022/128 1224/578/128 1330/1014/128
f 1328/1023/128 1227/1024/128 1329/520/128
f 1227/1024/128 1226/1021/128 1329/520/128
f 1327/1025/128 1229/1026/128 1328/1023/128
f 1229/1026/128 1228/1027/128 1328/1023/128
f 1228/1027/128 1227/1024/128 1328/1023/128
f 1327/1025/128 1230/1028/128 1229/1026/128
f 1327/1025/128 1231/591/128 1230/1028/128
f 1327/1025/128 1232/1029/128 1231/591/128
f 1327/1025/128 1233/1030/128 1232/1029/128
f 1327/1025/128 1234/1031/128 1233/1030/128
f 1326/1032/128 1234/1031/128 1327/1025/128
f 1326/1032/128 1235/1033/128 1234/1031/128
f 1326/1032/128 1236/730/128 1235/1033/128
f 1326/1032/128 1237/1034/128 1236/730/128
f 1326/1032/128 1238/584/128 1237/1034/128
f 1325/1035/128 1238/584/128 1326/1032/128
f 1325/1035/128 1239/1036/128 1238/584/128
f 1325/1035/128 1240/1037/128 1239/1036/128
f 1325/1035/128 1241/1038/128 1240/1037/128
f 1324/1039/128 1241/1038/128 1325/1035/128
f 1324/1039/128 1242/1040/128 1241/1038/128
f 1324/1039/128 1243/1041/128 1242/1040/128
f 1324/1039/128 1244/1042/128 1243/1041/128
f 1324/1039/128 1245/558/128 1244/1042/128
f 1324/1039/128 1246/1043/128 1245/558/128
f 1323/1044/128 1246/1043/128 1324/1039/128
f 1323/1044/128 1247/1045/128 1246/1043/128
f 1323/1044/128 1248/1046/128 1247/1045/128
f 1323/1044/128 1249/1047/128 1248/1046/128
f 1322/534/128 1249/1047/128 1323/1044/128
f 1322/534/128 1250/1048/128 1249/1047/128
f 1322/534/128 1251/1049/128 1250/1048/128
f 1322/534/128 1252/536/128 1251/1049/128
f 1321/1050/128 1252/536/128 1322/534/128
f 1321/1050/128 1253/1051/128 1252/536/128
f 1320/1052/128 1253/1051/128 1321/1050/128
f 1320/1052/128 1254/1053/128 1253/1051/128
f 1320/1052/128 1255/660/128 1254/1053/128
f 1319/1054/128 1255/660/128 1320/1052/128
f 1319/1054/128 1256/1055/128 1255/660/128
f 1318/1056/128 1256/1055/128 1319/1054/128
f 1318/1056/128 1257/1057/128 1256/1055/128
f 1318/1056/128 1258/1058/128 1257/1057/128
f 1317/1059/128 1258/1058/128 1318/1056/128
f 1317/1059/128 1259/509/128 1258/1058/128
f 1316/1060/128 1259/509/128 1317/1059/128
f 1316/1060/128 1260/1061/128 1259/509/128
f 1316/1060/128 1261/1062/128 1260/1061/128
f 1315/550/128 1261/1062/128 1316/1060/128
f 1315/550/128 1262/1063/128 1261/1062/128
f 1314/1064/128 1262/1063/128 1315/550/128
f 1314/1064/128 1263/1065/128 1262/1063/128
f 1313/1066/128 1263/1065/128 1314/1064/128
f 1313/1066/128 1264/1067/128 1263/1065/128
f 1288/1068/128 1290/1069/128 1289/1070/128
f 1313/1066/128 1265/1071/128 1264/1067/128
f 1312/708/128 1265/1071/128 1313/1066/128
f 1288/1068/128 1291/1072/128 1290/1069/128
f 1311/1073/128 1265/1071/128 1312/708/128
f 1288/1068/128 1292/1074/128 1291/1072/128
f 1310/1075/128 1265/1071/128 1311/1073/128
f 1310/1075/128 1266/501/128 1265/1071/128
f 1288/1068/128 1293/714/128 1292/1074/128
f 1309/1076/128 1266/501/128 1310/1075/128
f 1288/1068/128 1294/571/128 1293/714/128
f 1308/566/128 1266/501/128 1309/1076/128
f 1288/1068/128 1295/1077/128 1294/571/128
f 1307/1078/128 1266/501/128 1308/566/128
f 1307/1078/128 1267/1079/128 1266/501/128
f 1288/1068/128 1296/1080/128 1295/1077/128
f 1306/1081/128 1267/1079/128 1307/1078/128
f 1305/1082/128 1267/1079/128 1306/1081/128
f 1288/1068/128 1297/1083/128 1296/1080/128
f 1304/1084/128 1267/1079/128 1305/1082/128
f 1288/1068/128 1298/1085/128 1297/1083/128
f 1303/1086/128 1267/1079/128 1304/1084/128
f 1288/1068/128 1299/1087/128 1298/1085/128
f 1302/1088/128 1267/1079/128 1303/1086/128
f 1288/1068/128 1300/1089/128 1299/1087/128
f 1301/580/128 1267/1079/128 1302/1088/128
f 1288/1068/128 1301/580/128 1300/1089/128
f 1301/580/128 1268/1090/128 1267/1079/128
f 1288/1068/128 1268/1090/128 1301/580/128
f 1288/1068/128 1269/1091/128 1268/1090/128
f 1288/1068/128 1270/1092/128 1269/1091/128
f 1287/555/128 1270/1092/128 1288/1068/128
f 1287/555/128 1271/1093/128 1270/1092/128
f 1286/1094/128 1271/1093/128 1287/555/128
f 1285/1095/128 1271/1093/128 1286/1094/128
f 1285/1095/128 1272/1096/128 1271/1093/128
f 1284/1097/128 1272/1096/128 1285/1095/128
f 1283/1098/128 1272/1096/128 1284/1097/128
f 1283/1098/128 1273/508/128 1272/1096/128
f 1282/1099/128 1273/508/128 1283/1098/128
f 1282/1099/128 1274/659/128 1273/508/128
f 1281/1100/128 1274/659/128 1282/1099/128
f 1280/535/128 1274/659/128 1281/1100/128
f 1280/535/128 1275/1101/128 1274/659/128
f 1279/1102/128 1275/1101/128 1280/535/128
f 1278/1103/128 1275/1101/128 1279/1102/128
f 1278/1103/128 1276/1104/128 1275/1101/128
f 1277/1105/128 1276/1104/128 1278/1103/128
f 1448/742/128 1450/743/128 1449/744/128
f 1447/745/128 1450/743/128 1448/742/128
f 1447/745/128 1451/746/128 1450/743/128
f 1446/747/128 1451/746/128 1447/745/128
f 1445/748/128 1451/746/128 1446/747/128
f 1445/748/128 1452/749/128 1451/746/128
f 1444/750/128 1452/749/128 1445/748/128
f 1444/750/128 1453/751/128 1452/749/128
f 1443/752/128 1453/751/128 1444/750/128
f 1442/753/128 1453/751/128 1443/752/128
f 1442/753/128 1454/754/128 1453/751/128
f 1441/755/128 1454/754/128 1442/753/128
f 1441/755/128 1455/756/128 1454/754/128
f 1440/757/128 1455/756/128 1441/755/128
f 1439/758/128 1455/756/128 1440/757/128
f 1439/758/128 1456/759/128 1455/756/128
f 1438/760/128 1456/759/128 1439/758/128
f 1438/760/128 1457/761/128 1456/759/128
f 1437/762/128 1457/761/128 1438/760/128
f 1436/763/128 1435/764/128 1437/762/128
f 1435/764/128 1434/765/128 1437/762/128
f 1434/765/128 1433/766/128 1437/762/128
f 1433/766/128 1432/767/128 1437/762/128
f 1432/767/128 1431/768/128 1437/762/128
f 1431/768/128 1430/769/128 1437/762/128
f 1430/769/128 1429/770/128 1437/762/128
f 1429/770/128 1428/771/128 1437/762/128
f 1428/771/128 1427/772/128 1437/762/128
f 1427/772/128 1426/773/128 1437/762/128
f 1426/773/128 1457/761/128 1437/762/128
f 1426/773/128 1425/774/128 1457/761/128
f 1425/774/128 1424/775/128 1457/761/128
f 1424/775/128 1458/776/128 1457/761/128
f 1424/775/128 1423/777/128 1458/776/128
f 1423/777/128 1459/778/128 1458/776/128
f 1422/779/128 1459/778/128 1423/777/128
f 1421/780/128 1459/778/128 1422/779/128
f 1420/781/128 1459/778/128 1421/780/128
f 1419/782/128 1459/778/128 1420/781/128
f 1418/783/128 1459/778/128 1419/782/128
f 1418/783/128 1460/784/128 1459/778/128
f 1417/785/128 1460/784/128 1418/783/128
f 1416/786/128 1460/784/128 1417/785/128
f 1415/787/128 1460/784/128 1416/786/128
f 1415/787/128 1461/788/128 1460/784/128
f 1414/789/128 1461/788/128 1415/787/128
f 1413/790/128 1461/788/128 1414/789/128
f 1413/790/128 1462/791/128 1461/788/128
f 1412/792/128 1462/791/128 1413/790/128
f 1411/793/128 1462/791/128 1412/792/128
f 1410/794/128 1524/379/128 1411/793/128
f 1524/379/128 1462/791/128 1411/793/128
f 1409/795/128 1524/379/128 1410/794/128
f 1408/796/128 1524/379/128 1409/795/128
f 1407/797/128 1524/379/128 1408/796/128
f 1406/798/128 1524/379/128 1407/797/128
f 1406/798/128 1488/799/128 1524/379/128
f 1523/800/128 1462/791/128 1524/379/128
f 1406/798/128 1489/801/128 1488/799/128
f 1405/802/128 1489/801/128 1406/798/128
f 1405/802/128 1490/803/128 1489/801/128
f 1404/804/128 1490/803/128 1405/802/128
f 1404/804/128 1491/805/128 1490/803/128
f 1403/806/128 1491/805/128 1404/804/128
f 1403/806/128 1492/807/128 1491/805/128
f 1403/806/128 1493/808/128 1492/807/128
f 1402/809/128 1493/808/128 1403/806/128
f 1402/809/128 1494/810/128 1493/808/128
f 1401/811/128 1494/810/128 1402/809/128
f 1401/811/128 1495/812/128 1494/810/128
f 1401/811/128 1496/813/128 1495/812/128
f 1400/814/128 1496/813/128 1401/811/128
f 1400/814/128 1497/815/128 1496/813/128
f 1400/814/128 1498/816/128 1497/815/128
f 1399/817/128 1498/816/128 1400/814/128
f 1399/817/128 1499/818/128 1498/816/128
f 1398/819/128 1499/818/128 1399/817/128
f 1398/819/128 1500/820/128 1499/818/128
f 1398/819/128 1501/821/128 1500/820/128
f 1397/822/128 1501/821/128 1398/819/128
f 1397/822/128 1502/823/128 1501/821/128
f 1397/822/128 1503/824/128 1502/823/128
f 1522/825/128 1462/791/128 1523/800/128
f 1396/826/128 1503/824/128 1397/822/128
f 1521/827/128 1462/791/128 1522/825/128
f 1396/826/128 1504/828/128 1503/824/128
f 1520/829/128 1462/791/128 1521/827/128
f 1485/830/128 1487/831/128 1486/832/128
f 1520/829/128 1463/833/128 1462/791/128
f 1396/826/128 1505/834/128 1504/828/128
f 1484/835/128 1487/831/128 1485/830/128
f 1519/836/128 1463/833/128 1520/829/128
f 1519/836/128 1464/837/128 1463/833/128
f 1483/838/128 1487/831/128 1484/835/128
f 1395/839/128 1505/834/128 1396/826/128
f 1395/839/128 1506/840/128 1505/834/128
f 1519/836/128 1465/841/128 1464/837/128
f 1518/842/128 1465/841/128 1519/836/128
f 1482/843/128 1487/831/128 1483/838/128
f 1518/842/128 1466/844/128 1465/841/128
f 1517/845/128 1466/844/128 1518/842/128
f 1481/846/128 1487/831/128 1482/843/128
f 1395/839/128 1507/847/128 1506/840/128
f 1517/845/128 1467/848/128 1466/844/128
f 1480/849/128 1487/831/128 1481/846/128
f 1516/850/128 1467/848/128 1517/845/128
f 1516/850/128 1468/851/128 1467/848/128
f 1479/852/128 1487/831/128 1480/849/128
f 1395/839/128 1508/853/128 1507/847/128
f 1516/850/128 1469/854/128 1468/851/128
f 1515/855/128 1469/854/128 1516/850/128
f 1478/856/128 1487/831/128 1479/852/128
f 1515/855/128 1470/857/128 1469/854/128
f 1394/858/128 1508/853/128 1395/839/128
f 1477/859/128 1487/831/128 1478/856/128
f 1394/858/128 1509/860/128 1508/853/128
f 1514/861/128 1470/857/128 1515/855/128
f 1514/861/128 1471/862/128 1470/857/128
f 1476/863/128 1487/831/128 1477/859/128
f 1514/861/128 1472/864/128 1471/862/128
f 1475/865/128 1487/831/128 1476/863/128
f 1513/866/128 1472/864/128 1514/861/128
f 1513/866/128 1473/867/128 1472/864/128
f 1474/868/128 1487/831/128 1475/865/128
f 1513/866/128 1474/868/128 1473/867/128
f 1394/858/128 1510/869/128 1509/860/128
f 1513/866/128 1487/831/128 1474/868/128
f 1512/870/128 1487/831/128 1513/866/128
f 1394/858/128 1511/871/128 1510/869/128
f 1511/871/128 1487/831/128 1512/870/128
f 1394/858/128 1374/872/128 1511/871/128
f 1374/872/128 1487/831/128 1511/871/128
f 1393/873/128 1374/872/128 1394/858/128
f 1393/873/128 1375/874/128 1374/872/128
f 1373/875/128 1487/831/128 1374/872/128
f 1392/876/128 1375/874/128 1393/873/128
f 1392/876/128 1376/877/128 1375/874/128
f 1372/878/128 1487/831/128 1373/875/128
f 1372/878/128 1351/477/128 1487/831/128
f 1391/879/128 1376/877/128 1392/876/128
f 1391/879/128 1377/880/128 1376/877/128
f 1371/881/128 1351/477/128 1372/878/128
f 1371/881/128 1352/882/128 1351/477/128
f 1391/879/128 1378/883/128 1377/880/128
f 1370/884/128 1352/882/128 1371/881/128
f 1390/885/128 1378/883/128 1391/879/128
f 1370/884/128 1353/886/128 1352/882/128
f 1390/885/128 1379/887/128 1378/883/128
f 1369/888/128 1353/886/128 1370/884/128
f 1369/888/128 1354/889/128 1353/886/128
f 1389/890/128 1379/887/128 1390/885/128
f 1389/890/128 1380/891/128 1379/887/128
f 1368/892/128 1354/889/128 1369/888/128
f 1368/892/128 1355/893/128 1354/889/128
f 1389/890/128 1381/894/128 1380/891/128
f 1367/895/128 1355/893/128 1368/892/128
f 1367/895/128 1356/896/128 1355/893/128
f 1388/897/128 1381/894/128 1389/890/128
f 1388/897/128 1382/898/128 1381/894/128
f 1366/899/128 1356/896/128 1367/895/128
f 1366/899/128 1357/900/128 1356/896/128
f 1388/897/128 1383/901/128 1382/898/128
f 1366/899/128 1358/902/128 1357/900/128
f 1365/903/128 1358/902/128 1366/899/128
f 1387/904/128 1383/901/128 1388/897/128
f 1365/903/128 1359/905/128 1358/902/128
f 1387/904/128 1384/906/128 1383/901/128
f 1364/907/128 1359/905/128 1365/903/128
f 1364/907/128 1360/908/128 1359/905/128
f 1387/904/128 1385/909/128 1384/906/128
f 1363/910/128 1360/908/128 1364/907/128
f 1386/911/128 1385/909/128 1387/904/128
f 1363/910/128 1361/912/128 1360/908/128
f 1362/913/128 1361/912/128 1363/910/128
f 1531/629/128 1533/642/128 1532/636/128
f 1531/629/128 1534/379/128 1533/642/128
f 1530/622/128 1534/379/128 1531/629/128
f 1530/622/128 1529/613/128 1534/379/128
f 1525/477/128 1527/593/128 1526/611/128
f 1525/477/128 1528/601/128 1527/593/128
f 1632/742/128 1634/743/128 1633/744/128
f 1631/745/128 1634/743/128 1632/742/128
f 1631/745/128 1635/746/128 1634/743/128
f 1630/747/128 1635/746/128 1631/745/128
f 1629/748/128 1635/746/128 1630/747/128
f 1629/748/128 1636/749/128 1635/746/128
f 1628/750/128 1636/749/128 1629/748/128
f 1628/750/128 1637/751/128 1636/749/128
f 1627/752/128 1637/751/128 1628/750/128
f 1626/753/128 1637/751/128 1627/752/128
f 1626/753/128 1638/754/128 1637/751/128
f 1625/755/128 1638/754/128 1626/753/128
f 1625/755/128 1639/756/128 1638/754/128
f 1624/757/128 1639/756/128 1625/755/128
f 1623/758/128 1639/756/128 1624/757/128
f 1623/758/128 1640/759/128 1639/756/128
f 1622/760/128 1640/759/128 1623/758/128
f 1622/760/128 1641/761/128 1640/759/128
f 1621/762/128 1641/761/128 1622/760/128
f 1620/763/128 1619/764/128 1621/762/128
f 1619/764/128 1618/765/128 1621/762/128
f 1618/765/128 1617/766/128 1621/762/128
f 1617/766/128 1616/767/128 1621/762/128
f 1616/767/128 1615/768/128 1621/762/128
f 1615/768/128 1614/769/128 1621/762/128
f 1614/769/128 1613/770/128 1621/762/128
f 1613/770/128 1612/771/128 1621/762/128
f 1612/771/128 1611/772/128 1621/762/128
f 1611/772/128 1610/773/128 1621/762/128
f 1610/773/128 1641/761/128 1621/762/128
f 1610/773/128 1609/774/128 1641/761/128
f 1609/774/128 1608/775/128 1641/761/128
f 1608/775/128 1642/776/128 1641/761/128
f 1608/775/128 1607/777/128 1642/776/128
f 1607/777/128 1643/778/128 1642/776/128
f 1606/779/128 1643/778/128 1607/777/128
f 1605/780/128 1643/778/128 1606/779/128
f 1604/781/128 1643/778/128 1605/780/128
f 1603/782/128 1643/778/128 1604/781/128
f 1602/783/128 1643/778/128 1603/782/128
f 1602/783/128 1644/784/128 1643/778/128
f 1601/785/128 1644/784/128 1602/783/128
f 1600/786/128 1644/784/128 1601/785/128
f 1599/787/128 1644/784/128 1600/786/128
f 1599/787/128 1645/788/128 1644/784/128
f 1598/789/128 1645/788/128 1599/787/128
f 1597/790/128 1645/788/128 1598/789/128
f 1597/790/128 1646/791/128 1645/788/128
f 1596/792/128 1646/791/128 1597/790/128
f 1595/793/128 1646/791/128 1596/792/128
f 1594/794/128 1708/379/128 1595/793/128
f 1708/379/128 1646/791/128 1595/793/128
f 1593/795/128 1708/379/128 1594/794/128
f 1592/796/128 1708/379/128 1593/795/128
f 1591/797/128 1708/379/128 1592/796/128
f 1590/798/128 1708/379/128 1591/797/128
f 1590/798/128 1672/799/128 1708/379/128
f 1707/800/128 1646/791/128 1708/379/128
f 1590/798/128 1673/801/128 1672/799/128
f 1589/802/128 1673/801/128 1590/798/128
f 1589/802/128 1674/803/128 1673/801/128
f 1588/804/128 1674/803/128 1589/802/128
f 1588/804/128 1675/805/128 1674/803/128
f 1587/806/128 1675/805/128 1588/804/128
f 1587/806/128 1676/807/128 1675/805/128
f 1587/806/128 1677/808/128 1676/807/128
f 1586/809/128 1677/808/128 1587/806/128
f 1586/809/128 1678/810/128 1677/808/128
f 1585/811/128 1678/810/128 1586/809/128
f 1585/811/128 1679/812/128 1678/810/128
f 1585/811/128 1680/813/128 1679/812/128
f 1584/814/128 1680/813/128 1585/811/128
f 1584/814/128 1681/815/128 1680/813/128
f 1584/814/128 1682/816/128 1681/815/128
f 1583/817/128 1682/816/128 1584/814/128
f 1583/817/128 1683/818/128 1682/816/128
f 1582/819/128 1683/818/128 1583/817/128
f 1582/819/128 1684/820/128 1683/818/128
f 1582/819/128 1685/821/128 1684/820/128
f 1581/822/128 1685/821/128 1582/819/128
f 1581/822/128 1686/823/128 1685/821/128
f 1581/822/128 1687/824/128 1686/823/128
f 1706/825/128 1646/791/128 1707/800/128
f 1580/826/128 1687/824/128 1581/822/128
f 1705/827/128 1646/791/128 1706/825/128
f 1580/826/128 1688/828/128 1687/824/128
f 1704/829/128 1646/791/128 1705/827/128
f 1669/830/128 1671/831/128 1670/832/128
f 1704/829/128 1647/833/128 1646/791/128
f 1580/826/128 1689/834/128 1688/828/128
f 1668/835/128 1671/831/128 1669/830/128
f 1703/836/128 1647/833/128 1704/829/128
f 1703/836/128 1648/837/128 1647/833/128
f 1667/838/128 1671/831/128 1668/835/128
f 1579/839/128 1689/834/128 1580/826/128
f 1579/839/128 1690/840/128 1689/834/128
f 1703/836/128 1649/841/128 1648/837/128
f 1702/842/128 1649/841/128 1703/836/128
f 1666/843/128 1671/831/128 1667/838/128
f 1702/842/128 1650/844/128 1649/841/128
f 1701/845/128 1650/844/128 1702/842/128
f 1665/846/128 1671/831/128 1666/843/128
f 1579/839/128 1691/847/128 1690/840/128
f 1701/845/128 1651/848/128 1650/844/128
f 1664/849/128 1671/831/128 1665/846/128
f 1700/850/128 1651/848/128 1701/845/128
f 1700/850/128 1652/851/128 1651/848/128
f 1663/852/128 1671/831/128 1664/849/128
f 1579/839/128 1692/853/128 1691/847/128
f 1700/850/128 1653/854/128 1652/851/128
f 1699/855/128 1653/854/128 1700/850/128
f 1662/856/128 1671/831/128 1663/852/128
f 1699/855/128 1654/857/128 1653/854/128
f 1578/858/128 1692/853/128 1579/839/128
f 1661/859/128 1671/831/128 1662/856/128
f 1578/858/128 1693/860/128 1692/853/128
f 1698/861/128 1654/857/128 1699/855/128
f 1698/861/128 1655/862/128 1654/857/128
f 1660/863/128 1671/831/128 1661/859/128
f 1698/861/128 1656/864/128 1655/862/128
f 1659/865/128 1671/831/128 1660/863/128
f 1697/866/128 1656/864/128 1698/861/128
f 1697/866/128 1657/867/128 1656/864/128
f 1658/868/128 1671/831/128 1659/865/128
f 1697/866/128 1658/868/128 1657/867/128
f 1578/858/128 1694/869/128 1693/860/128
f 1697/866/128 1671/831/128 1658/868/128
f 1696/870/128 1671/831/128 1697/866/128
f 1578/858/128 1695/871/128 1694/869/128
f 1695/871/128 1671/831/128 1696/870/128
f 1578/858/128 1558/872/128 1695/871/128
f 1558/872/128 1671/831/128 1695/871/128
f 1577/873/128 1558/872/128 1578/858/128
f 1577/873/128 1559/874/128 1558/872/128
f 1557/875/128 1671/831/128 1558/872/128
f 1576/876/128 1559/874/128 1577/873/128
f 1576/876/128 1560/877/128 1559/874/128
f 1556/878/128 1671/831/128 1557/875/128
f 1556/878/128 1535/477/128 1671/831/128
f 1575/879/128 1560/877/128 1576/876/128
f 1575/879/128 1561/880/128 1560/877/128
f 1555/881/128 1535/477/128 1556/878/128
f 1555/881/128 1536/882/128 1535/477/128
f 1575/879/128 1562/883/128 1561/880/128
f 1554/884/128 1536/882/128 1555/881/128
f 1574/885/128 1562/883/128 1575/879/128
f 1554/884/128 1537/886/128 1536/882/128
f 1574/885/128 1563/887/128 1562/883/128
f 1553/888/128 1537/886/128 1554/884/128
f 1553/888/128 1538/889/128 1537/886/128
f 1573/890/128 1563/887/128 1574/885/128
f 1573/890/128 1564/891/128 1563/887/128
f 1552/892/128 1538/889/128 1553/888/128
f 1552/892/128 1539/893/128 1538/889/128
f 1573/890/128 1565/894/128 1564/891/128
f 1551/895/128 1539/893/128 1552/892/128
f 1551/895/128 1540/896/128 1539/893/128
f 1572/897/128 1565/894/128 1573/890/128
f 1572/897/128 1566/898/128 1565/894/128
f 1550/899/128 1540/896/128 1551/895/128
f 1550/899/128 1541/900/128 1540/896/128
f 1572/897/128 1567/901/128 1566/898/128
f 1550/899/128 1542/902/128 1541/900/128
f 1549/903/128 1542/902/128 1550/899/128
f 1571/904/128 1567/901/128 1572/897/128
f 1549/903/128 1543/905/128 1542/902/128
f 1571/904/128 1568/906/128 1567/901/128
f 1548/907/128 1543/905/128 1549/903/128
f 1548/907/128 1544/908/128 1543/905/128
f 1571/904/128 1569/909/128 1568/906/128
f 1547/910/128 1544/908/128 1548/907/128
f 1570/911/128 1569/909/128 1571/904/128
f 1547/910/128 1545/912/128 1544/908/128
f 1546/913/128 1545/912/128 1547/910/128
f 1764/914/128 1766/379/128 1765/915/128
f 1764/914/128 1709/477/128 1766/379/128
f 1764/914/128 1710/916/128 1709/477/128
f 1763/531/128 1710/916/128 1764/914/128
f 1762/917/128 1710/916/128 1763/531/128
f 1761/918/128 1711/919/128 1762/917/128
f 1711/919/128 1710/916/128 1762/917/128
f 1761/918/128 1712/578/128 1711/919/128
f 1761/918/128 1713/920/128 1712/578/128
f 1760/517/128 1713/920/128 1761/918/128
f 1760/517/128 1714/921/128 1713/920/128
f 1760/517/128 1715/591/128 1714/921/128
f 1759/922/128 1715/591/128 1760/517/128
f 1759/922/128 1716/923/128 1715/591/128
f 1735/924/128 1737/925/128 1736/535/128
f 1734/926/128 1737/925/128 1735/924/128
f 1759/922/128 1717/927/128 1716/923/128
f 1733/508/128 1737/925/128 1734/926/128
f 1758/928/128 1717/927/128 1759/922/128
f 1758/928/128 1718/584/128 1717/927/128
f 1732/929/128 1737/925/128 1733/508/128
f 1731/930/128 1737/925/128 1732/929/128
f 1758/928/128 1719/931/128 1718/584/128
f 1730/501/128 1737/925/128 1731/930/128
f 1758/928/128 1720/932/128 1719/931/128
f 1729/933/128 1737/925/128 1730/501/128
f 1758/928/128 1721/558/128 1720/932/128
f 1728/601/128 1737/925/128 1729/933/128
f 1757/520/128 1721/558/128 1758/928/128
f 1727/509/128 1737/925/128 1728/601/128
f 1757/520/128 1722/934/128 1721/558/128
f 1726/935/128 1737/925/128 1727/509/128
f 1757/520/128 1723/936/128 1722/934/128
f 1725/937/128 1737/925/128 1726/935/128
f 1757/520/128 1724/536/128 1723/936/128
f 1724/536/128 1737/925/128 1725/937/128
f 1757/520/128 1737/925/128 1724/536/128
f 1756/938/128 1737/925/128 1757/520/128
f 1755/939/128 1737/925/128 1756/938/128
f 1754/534/128 1737/925/128 1755/939/128
f 1754/534/128 1738/940/128 1737/925/128
f 1753/941/128 1738/940/128 1754/534/128
f 1753/941/128 1739/555/128 1738/940/128
f 1753/941/128 1740/942/128 1739/555/128
f 1752/943/128 1740/942/128 1753/941/128
f 1752/943/128 1741/944/128 1740/942/128
f 1752/943/128 1742/571/128 1741/944/128
f 1752/943/128 1743/945/128 1742/571/128
f 1751/550/128 1743/945/128 1752/943/128
f 1751/550/128 1744/946/128 1743/945/128
f 1751/550/128 1745/580/128 1744/946/128
f 1750/947/128 1745/580/128 1751/550/128
f 1750/947/128 1746/948/128 1745/580/128
f 1750/947/128 1747/629/128 1746/948/128
f 1749/949/128 1747/629/128 1750/947/128
f 1749/949/128 1748/566/128 1747/629/128
f 1887/377/129 1888/379/129 1815/378/129
f 1886/380/129 1887/377/129 1815/378/129
f 1886/380/129 1815/378/129 1816/381/129
f 1885/382/129 1886/380/129 1816/381/129
f 1885/382/129 1816/381/129 1817/383/129
f 1884/384/129 1885/382/129 1817/383/129
f 1884/384/129 1817/383/129 1818/385/129
f 1883/386/129 1884/384/129 1818/385/129
f 1883/386/129 1818/385/129 1819/387/129
f 1882/388/129 1883/386/129 1819/387/129
f 1882/388/129 1819/387/129 1820/389/129
f 1881/390/129 1882/388/129 1820/389/129
f 1881/390/129 1820/389/129 1821/391/129
f 1880/392/129 1881/390/129 1821/391/129
f 1880/392/129 1821/391/129 1822/393/129
f 1879/394/129 1880/392/129 1822/393/129
f 1879/394/129 1822/393/129 1823/395/129
f 1878/396/129 1879/394/129 1823/395/129
f 1878/396/129 1823/395/129 1824/397/129
f 1877/398/129 1878/396/129 1824/397/129
f 1877/398/129 1824/397/129 1825/399/129
f 1876/400/129 1877/398/129 1825/399/129
f 1876/400/129 1825/399/129 1826/401/129
f 1875/402/129 1876/400/129 1826/401/129
f 1875/402/129 1826/401/129 1827/403/129
f 1874/404/129 1875/402/129 1827/403/129
f 1874/404/129 1827/403/129 1828/405/129
f 1873/406/129 1874/404/129 1828/405/129
f 1873/406/129 1828/405/129 1829/407/129
f 1872/408/129 1873/406/129 1829/407/129
f 1872/408/129 1829/407/129 1830/409/129
f 1871/410/129 1872/408/129 1830/409/129
f 1871/410/129 1830/409/129 1831/411/129
f 1870/412/129 1871/410/129 1831/411/129
f 1870/412/129 1831/411/129 1832/413/129
f 1870/412/129 1832/413/129 1833/414/129
f 1869/415/129 1870/412/129 1833/414/129
f 1869/415/129 1833/414/129 1834/416/129
f 1868/417/129 1869/415/129 1834/416/129
f 1868/417/129 1834/416/129 1835/418/129
f 1867/419/129 1868/417/129 1835/418/129
f 1867/419/129 1835/418/129 1836/420/129
f 1866/421/129 1867/419/129 1836/420/129
f 1866/421/129 1836/420/129 1837/422/129
f 1865/423/129 1866/421/129 1837/422/129
f 1865/423/129 1837/422/129 1838/424/129
f 1864/425/129 1865/423/129 1838/424/129
f 1863/426/129 1864/425/129 1838/424/129
f 1863/426/129 1838/424/129 1839/427/129
f 1862/428/129 1863/426/129 1839/427/129
f 1862/428/129 1839/427/129 1840/429/129
f 1861/430/129 1862/428/129 1840/429/129
f 1861/430/129 1840/429/129 1841/431/129
f 1860/432/129 1861/430/129 1841/431/129
f 1860/432/129 1841/431/129 1842/433/129
f 1859/434/129 1860/432/129 1842/433/129
f 1859/434/129 1842/433/129 1843/435/129
f 1858/436/129 1859/434/129 1843/435/129
f 1858/436/129 1843/435/129 1844/437/129
f 1857/438/129 1858/436/129 1844/437/129
f 1857/438/129 1844/437/129 1845/439/129
f 1856/440/129 1857/438/129 1845/439/129
f 1856/440/129 1845/439/129 1846/441/129
f 1855/442/129 1856/440/129 1846/441/129
f 1855/442/129 1846/441/129 1847/443/129
f 1854/444/129 1855/442/129 1847/443/129
f 1854/444/129 1847/443/129 1848/445/129
f 1853/446/129 1854/444/129 1848/445/129
f 1853/446/129 1848/445/129 1849/447/129
f 1852/448/129 1853/446/129 1849/447/129
f 1852/448/129 1849/447/129 1850/449/129
f 1851/450/129 1852/448/129 1850/449/129
f 1801/451/129 1802/453/129 1803/452/129
f 1800/454/129 1801/451/129 1803/452/129
f 1800/454/129 1803/452/129 1804/455/129
f 1799/456/129 1800/454/129 1804/455/129
f 1799/456/129 1804/455/129 1805/457/129
f 1798/458/129 1799/456/129 1805/457/129
f 1798/458/129 1805/457/129 1806/459/129
f 1797/460/129 1798/458/129 1806/459/129
f 1797/460/129 1806/459/129 1807/461/129
f 1796/462/129 1797/460/129 1807/461/129
f 1796/462/129 1807/461/129 1808/463/129
f 1795/464/129 1796/462/129 1808/463/129
f 1795/464/129 1808/463/129 1809/465/129
f 1794/466/129 1795/464/129 1809/465/129
f 1794/466/129 1809/465/129 1810/467/129
f 1793/468/129 1794/466/129 1810/467/129
f 1793/468/129 1810/467/129 1811/469/129
f 1792/470/129 1793/468/129 1811/469/129
f 1792/470/129 1811/469/129 1812/471/129
f 1791/472/129 1792/470/129 1812/471/129
f 1791/472/129 1812/471/129 1813/473/129
f 1790/474/129 1791/472/129 1813/473/129
f 1790/474/129 1813/473/129 1814/475/129
f 1789/476/129 1790/474/129 1814/475/129
f 1789/476/129 1814/475/129 1767/477/129
f 1789/476/129 1767/477/129 1768/478/129
f 1788/479/129 1789/476/129 1768/478/129
f 1788/479/129 1768/478/129 1769/480/129
f 1787/481/129 1788/479/129 1769/480/129
f 1787/481/129 1769/480/129 1770/482/129
f 1786/483/129 1787/481/129 1770/482/129
f 1786/483/129 1770/482/129 1771/484/129
f 1785/485/129 1786/483/129 1771/484/129
f 1785/485/129 1771/484/129 1772/486/129
f 1784/487/129 1785/485/129 1772/486/129
f 1784/487/129 1772/486/129 1773/488/129
f 1783/489/129 1784/487/129 1773/488/129
f 1783/489/129 1773/488/129 1774/490/129
f 1782/491/129 1783/489/129 1774/490/129
f 1782/491/129 1774/490/129 1775/492/129
f 1781/493/129 1782/491/129 1775/492/129
f 1781/493/129 1775/492/129 1776/494/129
f 1780/495/129 1781/493/129 1776/494/129
f 1780/495/129 1776/494/129 1777/496/129
f 1779/497/129 1780/495/129 1777/496/129
f 1779/497/129 1777/496/129 1778/498/129
f 1923/499/129 1924/501/129 1925/500/129
f 1923/499/129 1925/500/129 1926/502/129
f 1922/503/129 1923/499/129 1926/502/129
f 1922/503/129 1926/502/129 1927/504/129
f 1921/505/129 1922/503/129 1927/504/129
f 1921/505/129 1927/504/129 1928/506/129
f 1920/507/129 1921/505/129 1928/506/129
f 1920/507/129 1928/506/129 1929/508/129
f 1919/509/129 1920/507/129 1929/508/129
f 1919/509/129 1929/508/129 1930/510/129
f 1918/511/129 1919/509/129 1930/510/129
f 1918/511/129 1930/510/129 1931/512/129
f 1917/513/129 1918/511/129 1972/514/129
f 1972/514/129 1918/511/129 1931/512/129
f 1917/513/129 1972/514/129 1973/515/129
f 1971/516/129 1972/514/129 1931/512/129
f 1917/513/129 1973/515/129 1974/517/129
f 1970/518/129 1971/516/129 1931/512/129
f 1917/513/129 1974/517/129 1975/519/129
f 1969/520/129 1970/518/129 1931/512/129
f 1969/520/129 1931/512/129 1932/521/129
f 1916/522/129 1917/513/129 1975/519/129
f 1916/522/129 1975/519/129 1976/523/129
f 1968/524/129 1969/520/129 1932/521/129
f 1916/522/129 1976/523/129 1977/525/129
f 1967/526/129 1968/524/129 1932/521/129
f 1916/522/129 1977/525/129 1978/527/129
f 1966/528/129 1967/526/129 1932/521/129
f 1966/528/129 1932/521/129 1933/529/129
f 1915/530/129 1916/522/129 1978/527/129
f 1915/530/129 1978/527/129 1979/531/129
f 1965/532/129 1966/528/129 1933/529/129
f 1915/530/129 1979/531/129 1980/533/129
f 1964/534/129 1965/532/129 1933/529/129
f 1964/534/129 1933/529/129 1934/535/129
f 1914/536/129 1915/530/129 1980/533/129
f 1914/536/129 1980/533/129 1981/537/129
f 1963/538/129 1964/534/129 1934/535/129
f 1963/538/129 1934/535/129 1935/539/129
f 1913/540/129 1914/536/129 1981/537/129
f 1913/540/129 1981/537/129 1982/541/129
f 1962/542/129 1963/538/129 1935/539/129
f 1913/540/129 1982/541/129 1983/543/129
f 1961/544/129 1962/542/129 1935/539/129
f 1961/544/129 1935/539/129 1936/545/129
f 1912/546/129 1913/540/129 1983/543/129
f 1912/546/129 1983/543/129 1984/379/129
f 1960/547/129 1961/544/129 1936/545/129
f 1911/548/129 1912/546/129 1984/379/129
f 1911/548/129 1984/379/129 1937/549/129
f 1960/547/129 1936/545/129 1889/477/129
f 1959/550/129 1960/547/129 1889/477/129
f 1911/548/129 1937/549/129 1938/551/129
f 1958/552/129 1959/550/129 1889/477/129
f 1910/553/129 1911/548/129 1938/551/129
f 1958/552/129 1889/477/129 1890/554/129
f 1910/553/129 1938/551/129 1939/555/129
f 1957/556/129 1958/552/129 1890/554/129
f 1910/553/129 1939/555/129 1940/557/129
f 1909/558/129 1910/553/129 1940/557/129
f 1956/559/129 1957/556/129 1890/554/129
f 1956/559/129 1890/554/129 1891/560/129
f 1909/558/129 1940/557/129 1941/561/129
f 1955/562/129 1956/559/129 1891/560/129
f 1908/563/129 1909/558/129 1941/561/129
f 1955/562/129 1891/560/129 1892/564/129
f 1908/563/129 1941/561/129 1942/565/129
f 1954/566/129 1955/562/129 1892/564/129
f 1908/563/129 1942/565/129 1943/567/129
f 1953/568/129 1954/566/129 1892/564/129
f 1907/569/129 1908/563/129 1943/567/129
f 1953/568/129 1892/564/129 1893/570/129
f 1907/569/129 1943/567/129 1944/571/129
f 1952/572/129 1953/568/129 1893/570/129
f 1907/569/129 1944/571/129 1945/573/129
f 1951/574/129 1952/572/129 1893/570/129
f 1907/569/129 1945/573/129 1946/575/129
f 1950/576/129 1951/574/129 1893/570/129
f 1906/577/129 1907/569/129 1946/575/129
f 1950/576/129 1893/570/129 1894/578/129
f 1906/577/129 1946/575/129 1947/579/129
f 1949/580/129 1950/576/129 1894/578/129
f 1906/577/129 1947/579/129 1948/581/129
f 1948/581/129 1949/580/129 1894/578/129
f 1906/577/129 1948/581/129 1894/578/129
f 1905/582/129 1906/577/129 1894/578/129
f 1905/582/129 1894/578/129 1895/583/129
f 1904/584/129 1905/582/129 1895/583/129
f 1904/584/129 1895/583/129 1896/585/129
f 1903/586/129 1904/584/129 1896/585/129
f 1903/586/129 1896/585/129 1897/587/129
f 1902/588/129 1903/586/129 1897/587/129
f 1902/588/129 1897/587/129 1898/589/129
f 1901/590/129 1902/588/129 1898/589/129
f 1901/590/129 1898/589/129 1899/591/129
f 1900/592/129 1901/590/129 1899/591/129
f 1997/593/129 1998/595/129 1999/594/129
f 1997/593/129 1999/594/129 2000/596/129
f 1996/597/129 1997/593/129 2000/596/129
f 1996/597/129 2000/596/129 2001/598/129
f 1995/599/129 1996/597/129 2001/598/129
f 1995/599/129 2001/598/129 2002/600/129
f 1995/599/129 2002/600/129 2003/601/129
f 1994/602/129 1995/599/129 2003/601/129
f 1994/602/129 2003/601/129 2004/603/129
f 2037/604/129 2038/605/129 2039/379/129
f 2037/604/129 2039/379/129 1985/477/129
f 1993/606/129 1994/602/129 2004/603/129
f 1993/606/129 2004/603/129 2005/607/129
f 1993/606/129 2005/607/129 2006/608/129
f 1992/609/129 1993/606/129 2006/608/129
f 1992/609/129 2006/608/129 2007/610/129
f 1991/611/129 1992/609/129 2007/610/129
f 1991/611/129 2007/610/129 2008/612/129
f 1991/611/129 2008/612/129 2009/613/129
f 1990/614/129 1991/611/129 2009/613/129
f 1990/614/129 2009/613/129 2010/615/129
f 1989/616/129 1990/614/129 2010/615/129
f 1989/616/129 2010/615/129 2020/617/129
f 2020/617/129 2010/615/129 2019/618/129
f 2019/618/129 2010/615/129 2018/619/129
f 2018/619/129 2010/615/129 2017/620/129
f 2017/620/129 2010/615/129 2016/621/129
f 2016/621/129 2010/615/129 2015/622/129
f 2015/622/129 2010/615/129 2014/623/129
f 2014/623/129 2010/615/129 2013/624/129
f 2013/624/129 2010/615/129 2012/625/129
f 2012/625/129 2010/615/129 2011/626/129
f 1988/627/129 1989/616/129 2022/628/129
f 2022/628/129 1989/616/129 2021/629/129
f 2021/629/129 1989/616/129 2020/617/129
f 1987/630/129 1988/627/129 2024/631/129
f 2024/631/129 1988/627/129 2023/632/129
f 2023/632/129 1988/627/129 2022/628/129
f 1987/630/129 2024/631/129 2025/633/129
f 1987/630/129 2025/633/129 2026/634/129
f 1986/635/129 1987/630/129 2026/634/129
f 1986/635/129 2026/634/129 2027/636/129
f 1986/635/129 2027/636/129 2028/637/129
f 2037/604/129 1985/477/129 1986/635/129
f 2037/604/129 1986/635/129 2032/638/129
f 2032/638/129 1986/635/129 2031/639/129
f 2031/639/129 1986/635/129 2030/640/129
f 2030/640/129 1986/635/129 2029/641/129
f 2029/641/129 1986/635/129 2028/637/129
f 2037/604/129 2032/638/129 2033/642/129
f 2037/604/129 2033/642/129 2034/643/129
f 2037/604/129 2034/643/129 2035/644/129
f 2037/604/129 2035/644/129 2036/645/129
f 2074/646/129 2075/648/129 2076/647/129
f 2074/646/129 2076/647/129 2077/649/129
f 2073/650/129 2074/646/129 2077/649/129
f 2073/650/129 2077/649/129 2078/651/129
f 2072/652/129 2073/650/129 2078/651/129
f 2072/652/129 2078/651/129 2079/653/129
f 2071/654/129 2072/652/129 2079/653/129
f 2071/654/129 2079/653/129 2080/655/129
f 2070/656/129 2071/654/129 2080/655/129
f 2070/656/129 2080/655/129 2081/657/129
f 2069/658/129 2070/656/129 2081/657/129
f 2069/658/129 2081/657/129 2082/659/129
f 2068/660/129 2069/658/129 2125/661/129
f 2125/661/129 2069/658/129 2082/659/129
f 2068/660/129 2125/661/129 2126/662/129
f 2124/663/129 2125/661/129 2082/659/129
f 2068/660/129 2126/662/129 2127/664/129
f 2123/665/129 2124/663/129 2082/659/129
f 2068/660/129 2127/664/129 2128/666/129
f 2122/667/129 2123/665/129 2082/659/129
f 2122/667/129 2082/659/129 2083/668/129
f 2068/660/129 2128/666/129 2129/669/129
f 2067/670/129 2068/660/129 2129/669/129
f 2121/671/129 2122/667/129 2083/668/129
f 2067/670/129 2129/669/129 2130/672/129
f 2120/673/129 2121/671/129 2083/668/129
f 2067/670/129 2130/672/129 2131/674/129
f 2119/675/129 2120/673/129 2083/668/129
f 2067/670/129 2131/674/129 2132/676/129
f 2118/677/129 2119/675/129 2083/668/129
f 2066/678/129 2067/670/129 2132/676/129
f 2118/677/129 2083/668/129 2084/679/129
f 2066/678/129 2132/676/129 2133/680/129
f 2117/681/129 2118/677/129 2084/679/129
f 2066/678/129 2133/680/129 2134/682/129
f 2116/683/129 2117/681/129 2084/679/129
f 2065/684/129 2066/678/129 2134/682/129
f 2116/683/129 2084/679/129 2085/685/129
f 2065/684/129 2134/682/129 2135/686/129
f 2115/687/129 2116/683/129 2085/685/129
f 2065/684/129 2135/686/129 2136/688/129
f 2114/689/129 2115/687/129 2085/685/129
f 2064/690/129 2065/684/129 2136/688/129
f 2064/690/129 2136/688/129 2137/691/129
f 2114/689/129 2085/685/129 2086/692/129
f 2138/379/129 2114/689/129 2086/692/129
f 2064/690/129 2137/691/129 2138/379/129
f 2064/690/129 2138/379/129 2086/692/129
f 2063/693/129 2064/690/129 2086/692/129
f 2063/693/129 2086/692/129 2087/694/129
f 2062/695/129 2063/693/129 2088/696/129
f 2088/696/129 2063/693/129 2087/694/129
f 2062/695/129 2088/696/129 2089/625/129
f 2061/697/129 2062/695/129 2089/625/129
f 2061/697/129 2089/625/129 2090/698/129
f 2061/697/129 2090/698/129 2091/699/129
f 2060/700/129 2061/697/129 2091/699/129
f 2060/700/129 2091/699/129 2092/701/129
f 2059/702/129 2060/700/129 2092/701/129
f 2059/702/129 2092/701/129 2093/703/129
f 2111/704/129 2112/706/129 2113/705/129
f 2059/702/129 2093/703/129 2094/707/129
f 2110/708/129 2111/704/129 2113/705/129
f 2109/709/129 2110/708/129 2113/705/129
f 2058/710/129 2059/702/129 2094/707/129
f 2058/710/129 2094/707/129 2095/711/129
f 2108/712/129 2109/709/129 2113/705/129
f 2107/713/129 2108/712/129 2113/705/129
f 2058/710/129 2095/711/129 2096/714/129
f 2106/715/129 2107/713/129 2113/705/129
f 2058/710/129 2096/714/129 2097/716/129
f 2105/717/129 2106/715/129 2113/705/129
f 2057/718/129 2058/710/129 2097/716/129
f 2104/719/129 2105/717/129 2113/705/129
f 2057/718/129 2097/716/129 2098/720/129
f 2103/721/129 2104/719/129 2113/705/129
f 2057/718/129 2098/720/129 2099/722/129
f 2102/723/129 2103/721/129 2113/705/129
f 2101/724/129 2102/723/129 2113/705/129
f 2057/718/129 2099/722/129 2100/725/129
f 2100/725/129 2101/724/129 2113/705/129
f 2057/718/129 2100/725/129 2113/705/129
f 2056/726/129 2057/718/129 2113/705/129
f 2056/726/129 2113/705/129 2040/477/129
f 2055/727/129 2056/726/129 2040/477/129
f 2055/727/129 2040/477/129 2041/728/129
f 2055/727/129 2041/728/129 2042/729/129
f 2054/730/129 2055/727/129 2042/729/129
f 2054/730/129 2042/729/129 2043/731/129
f 2054/730/129 2043/731/129 2044/732/129
f 2053/733/129 2054/730/129 2044/732/129
f 2053/733/129 2044/732/129 2045/734/129
f 2053/733/129 2045/734/129 2046/735/129
f 2052/736/129 2053/733/129 2046/735/129
f 2052/736/129 2046/735/129 2047/737/129
f 2052/736/129 2047/737/129 2048/738/129
f 2052/736/129 2048/738/129 2049/739/129
f 2051/740/129 2052/736/129 2049/739/129
f 2051/740/129 2049/739/129 2050/741/129
f 2236/742/129 2237/744/129 2238/743/129
f 2235/745/129 2236/742/129 2238/743/129
f 2235/745/129 2238/743/129 2239/746/129
f 2234/747/129 2235/745/129 2239/746/129
f 2233/748/129 2234/747/129 2239/746/129
f 2233/748/129 2239/746/129 2240/749/129
f 2232/750/129 2233/748/129 2240/749/129
f 2232/750/129 2240/749/129 2241/751/129
f 2231/752/129 2232/750/129 2241/751/129
f 2230/753/129 2231/752/129 2241/751/129
f 2230/753/129 2241/751/129 2242/754/129
f 2229/755/129 2230/753/129 2242/754/129
f 2229/755/129 2242/754/129 2243/756/129
f 2228/757/129 2229/755/129 2243/756/129
f 2227/758/129 2228/757/129 2243/756/129
f 2227/758/129 2243/756/129 2244/759/129
f 2226/760/129 2227/758/129 2244/759/129
f 2226/760/129 2244/759/129 2245/761/129
f 2225/762/129 2226/760/129 2245/761/129
f 2224/763/129 2225/762/129 2223/764/129
f 2223/764/129 2225/762/129 2222/765/129
f 2222/765/129 2225/762/129 2221/766/129
f 2221/766/129 2225/762/129 2220/767/129
f 2220/767/129 2225/762/129 2219/768/129
f 2219/768/129 2225/762/129 2218/769/129
f 2218/769/129 2225/762/129 2217/770/129
f 2217/770/129 2225/762/129 2216/771/129
f 2216/771/129 2225/762/129 2215/772/129
f 2215/772/129 2225/762/129 2214/773/129
f 2214/773/129 2225/762/129 2245/761/129
f 2214/773/129 2245/761/129 2213/774/129
f 2213/774/129 2245/761/129 2212/775/129
f 2212/775/129 2245/761/129 2246/776/129
f 2212/775/129 2246/776/129 2211/777/129
f 2211/777/129 2246/776/129 2247/778/129
f 2210/779/129 2211/777/129 2247/778/129
f 2209/780/129 2210/779/129 2247/778/129
f 2208/781/129 2209/780/129 2247/778/129
f 2207/782/129 2208/781/129 2247/778/129
f 2206/783/129 2207/782/129 2247/778/129
f 2206/783/129 2247/778/129 2248/784/129
f 2205/785/129 2206/783/129 2248/784/129
f 2204/786/129 2205/785/129 2248/784/129
f 2203/787/129 2204/786/129 2248/784/129
f 2203/787/129 2248/784/129 2249/788/129
f 2202/789/129 2203/787/129 2249/788/129
f 2201/790/129 2202/789/129 2249/788/129
f 2201/790/129 2249/788/129 2250/791/129
f 2200/792/129 2201/790/129 2250/791/129
f 2199/793/129 2200/792/129 2250/791/129
f 2198/794/129 2199/793/129 2312/379/129
f 2312/379/129 2199/793/129 2250/791/129
f 2197/795/129 2198/794/129 2312/379/129
f 2196/796/129 2197/795/129 2312/379/129
f 2195/797/129 2196/796/129 2312/379/129
f 2194/798/129 2195/797/129 2312/379/129
f 2194/798/129 2312/379/129 2276/799/129
f 2311/800/129 2312/379/129 2250/791/129
f 2194/798/129 2276/799/129 2277/801/129
f 2193/802/129 2194/798/129 2277/801/129
f 2193/802/129 2277/801/129 2278/803/129
f 2192/804/129 2193/802/129 2278/803/129
f 2192/804/129 2278/803/129 2279/805/129
f 2191/806/129 2192/804/129 2279/805/129
f 2191/806/129 2279/805/129 2280/807/129
f 2191/806/129 2280/807/129 2281/808/129
f 2190/809/129 2191/806/129 2281/808/129
f 2190/809/129 2281/808/129 2282/810/129
f 2189/811/129 2190/809/129 2282/810/129
f 2189/811/129 2282/810/129 2283/812/129
f 2189/811/129 2283/812/129 2284/813/129
f 2188/814/129 2189/811/129 2284/813/129
f 2188/814/129 2284/813/129 2285/815/129
f 2188/814/129 2285/815/129 2286/816/129
f 2187/817/129 2188/814/129 2286/816/129
f 2187/817/129 2286/816/129 2287/818/129
f 2186/819/129 2187/817/129 2287/818/129
f 2186/819/129 2287/818/129 2288/820/129
f 2186/819/129 2288/820/129 2289/821/129
f 2185/822/129 2186/819/129 2289/821/129
f 2185/822/129 2289/821/129 2290/823/129
f 2185/822/129 2290/823/129 2291/824/129
f 2310/825/129 2311/800/129 2250/791/129
f 2184/826/129 2185/822/129 2291/824/129
f 2309/827/129 2310/825/129 2250/791/129
f 2184/826/129 2291/824/129 2292/828/129
f 2308/829/129 2309/827/129 2250/791/129
f 2273/830/129 2274/832/129 2275/831/129
f 2308/829/129 2250/791/129 2251/833/129
f 2184/826/129 2292/828/129 2293/834/129
f 2272/835/129 2273/830/129 2275/831/129
f 2307/836/129 2308/829/129 2251/833/129
f 2307/836/129 2251/833/129 2252/837/129
f 2271/838/129 2272/835/129 2275/831/129
f 2183/839/129 2184/826/129 2293/834/129
f 2183/839/129 2293/834/129 2294/840/129
f 2307/836/129 2252/837/129 2253/841/129
f 2306/842/129 2307/836/129 2253/841/129
f 2270/843/129 2271/838/129 2275/831/129
f 2306/842/129 2253/841/129 2254/844/129
f 2305/845/129 2306/842/129 2254/844/129
f 2269/846/129 2270/843/129 2275/831/129
f 2183/839/129 2294/840/129 2295/847/129
f 2305/845/129 2254/844/129 2255/848/129
f 2268/849/129 2269/846/129 2275/831/129
f 2304/850/129 2305/845/129 2255/848/129
f 2304/850/129 2255/848/129 2256/851/129
f 2267/852/129 2268/849/129 2275/831/129
f 2183/839/129 2295/847/129 2296/853/129
f 2304/850/129 2256/851/129 2257/854/129
f 2303/855/129 2304/850/129 2257/854/129
f 2266/856/129 2267/852/129 2275/831/129
f 2303/855/129 2257/854/129 2258/857/129
f 2182/858/129 2183/839/129 2296/853/129
f 2265/859/129 2266/856/129 2275/831/129
f 2182/858/129 2296/853/129 2297/860/129
f 2302/861/129 2303/855/129 2258/857/129
f 2302/861/129 2258/857/129 2259/862/129
f 2264/863/129 2265/859/129 2275/831/129
f 2302/861/129 2259/862/129 2260/864/129
f 2263/865/129 2264/863/129 2275/831/129
f 2301/866/129 2302/861/129 2260/864/129
f 2301/866/129 2260/864/129 2261/867/129
f 2262/868/129 2263/865/129 2275/831/129
f 2301/866/129 2261/867/129 2262/868/129
f 2182/858/129 2297/860/129 2298/869/129
f 2301/866/129 2262/868/129 2275/831/129
f 2300/870/129 2301/866/129 2275/831/129
f 2182/858/129 2298/869/129 2299/871/129
f 2299/871/129 2300/870/129 2275/831/129
f 2182/858/129 2299/871/129 2162/872/129
f 2162/872/129 2299/871/129 2275/831/129
f 2181/873/129 2182/858/129 2162/872/129
f 2181/873/129 2162/872/129 2163/874/129
f 2161/875/129 2162/872/129 2275/831/129
f 2180/876/129 2181/873/129 2163/874/129
f 2180/876/129 2163/874/129 2164/877/129
f 2160/878/129 2161/875/129 2275/831/129
f 2160/878/129 2275/831/129 2139/477/129
f 2179/879/129 2180/876/129 2164/877/129
f 2179/879/129 2164/877/129 2165/880/129
f 2159/881/129 2160/878/129 2139/477/129
f 2159/881/129 2139/477/129 2140/882/129
f 2179/879/129 2165/880/129 2166/883/129
f 2158/884/129 2159/881/129 2140/882/129
f 2178/885/129 2179/879/129 2166/883/129
f 2158/884/129 2140/882/129 2141/886/129
f 2178/885/129 2166/883/129 2167/887/129
f 2157/888/129 2158/884/129 2141/886/129
f 2157/888/129 2141/886/129 2142/889/129
f 2177/890/129 2178/885/129 2167/887/129
f 2177/890/129 2167/887/129 2168/891/129
f 2156/892/129 2157/888/129 2142/889/129
f 2156/892/129 2142/889/129 2143/893/129
f 2177/890/129 2168/891/129 2169/894/129
f 2155/895/129 2156/892/129 2143/893/129
f 2155/895/129 2143/893/129 2144/896/129
f 2176/897/129 2177/890/129 2169/894/129
f 2176/897/129 2169/894/129 2170/898/129
f 2154/899/129 2155/895/129 2144/896/129
f 2154/899/129 2144/896/129 2145/900/129
f 2176/897/129 2170/898/129 2171/901/129
f 2154/899/129 2145/900/129 2146/902/129
f 2153/903/129 2154/899/129 2146/902/129
f 2175/904/129 2176/897/129 2171/901/129
f 2153/903/129 2146/902/129 2147/905/129
f 2175/904/129 2171/901/129 2172/906/129
f 2152/907/129 2153/903/129 2147/905/129
f 2152/907/129 2147/905/129 2148/908/129
f 2175/904/129 2172/906/129 2173/909/129
f 2151/910/129 2152/907/129 2148/908/129
f 2174/911/129 2175/904/129 2173/909/129
f 2151/910/129 2148/908/129 2149/912/129
f 2150/913/129 2151/910/129 2149/912/129
f 2368/914/129 2369/915/129 2370/379/129
f 2368/914/129 2370/379/129 2313/477/129
f 2368/914/129 2313/477/129 2314/916/129
f 2367/531/129 2368/914/129 2314/916/129
f 2366/917/128 2367/531/128 2314/916/128
f 2365/918/129 2366/917/129 2315/919/129
f 2315/919/128 2366/917/128 2314/916/128
f 2365/918/129 2315/919/129 2316/578/129
f 2365/918/129 2316/578/129 2317/920/129
f 2364/517/129 2365/918/129 2317/920/129
f 2364/517/129 2317/920/129 2318/921/129
f 2364/517/129 2318/921/129 2319/591/129
f 2363/922/129 2364/517/129 2319/591/129
f 2363/922/129 2319/591/129 2320/923/129
f 2339/924/129 2340/535/129 2341/925/129
f 2338/926/129 2339/924/129 2341/925/129
f 2363/922/129 2320/923/129 2321/927/129
f 2337/508/129 2338/926/129 2341/925/129
f 2362/928/129 2363/922/129 2321/927/129
f 2362/928/129 2321/927/129 2322/584/129
f 2336/929/129 2337/508/129 2341/925/129
f 2335/930/129 2336/929/129 2341/925/129
f 2362/928/129 2322/584/129 2323/931/129
f 2334/501/129 2335/930/129 2341/925/129
f 2362/928/129 2323/931/129 2324/932/129
f 2333/933/129 2334/501/129 2341/925/129
f 2362/928/129 2324/932/129 2325/558/129
f 2332/601/129 2333/933/129 2341/925/129
f 2361/520/129 2362/928/129 2325/558/129
f 2331/509/129 2332/601/129 2341/925/129
f 2361/520/129 2325/558/129 2326/934/129
f 2330/935/129 2331/509/129 2341/925/129
f 2361/520/129 2326/934/129 2327/936/129
f 2329/937/129 2330/935/129 2341/925/129
f 2361/520/129 2327/936/129 2328/536/129
f 2328/536/129 2329/937/129 2341/925/129
f 2361/520/129 2328/536/129 2341/925/129
f 2360/938/129 2361/520/129 2341/925/129
f 2359/939/129 2360/938/129 2341/925/129
f 2358/534/129 2359/939/129 2341/925/129
f 2358/534/129 2341/925/129 2342/940/129
f 2357/941/129 2358/534/129 2342/940/129
f 2357/941/129 2342/940/129 2343/555/129
f 2357/941/129 2343/555/129 2344/942/129
f 2356/943/129 2357/941/129 2344/942/129
f 2356/943/129 2344/942/129 2345/944/129
f 2356/943/129 2345/944/129 2346/571/129
f 2356/943/129 2346/571/129 2347/945/129
f 2355/550/129 2356/943/129 2347/945/129
f 2355/550/129 2347/945/129 2348/946/129
f 2355/550/129 2348/946/129 2349/580/129
f 2354/947/129 2355/550/129 2349/580/129
f 2354/947/129 2349/580/129 2350/948/129
f 2354/947/129 2350/948/129 2351/629/129
f 2353/949/129 2354/947/129 2351/629/129
f 2353/949/129 2351/629/129 2352/566/129
f 2419/950/129 2420/952/129 2421/951/129
f 2419/950/129 2421/951/129 2422/379/129
f 2393/953/129 2394/955/129 2395/954/129
f 2392/956/129 2393/953/129 2395/954/129
f 2392/956/129 2395/954/129 2396/957/129
f 2391/958/129 2392/956/129 2396/957/129
f 2391/958/129 2396/957/129 2397/959/129
f 2390/960/129 2391/958/129 2397/959/129
f 2390/960/129 2397/959/129 2398/961/129
f 2389/962/129 2390/960/129 2398/961/129
f 2389/962/129 2398/961/129 2399/963/129
f 2388/601/129 2389/962/129 2399/963/129
f 2388/601/129 2399/963/129 2400/964/129
f 2387/965/129 2388/601/129 2400/964/129
f 2387/965/129 2400/964/129 2401/966/129
f 2386/967/129 2387/965/129 2401/966/129
f 2386/967/129 2401/966/129 2402/968/129
f 2385/969/129 2386/967/129 2402/968/129
f 2385/969/129 2402/968/129 2403/970/129
f 2384/971/129 2385/969/129 2403/970/129
f 2384/971/129 2403/970/129 2404/972/129
f 2383/973/129 2384/971/129 2404/972/129
f 2383/973/129 2404/972/129 2405/629/129
f 2382/974/129 2383/973/129 2405/629/129
f 2382/974/129 2405/629/129 2406/975/129
f 2381/976/129 2382/974/129 2406/975/129
f 2381/976/129 2406/975/129 2407/977/129
f 2380/978/129 2381/976/129 2407/977/129
f 2380/978/129 2407/977/129 2408/979/129
f 2379/980/129 2380/978/129 2408/979/129
f 2379/980/129 2408/979/129 2409/981/129
f 2378/982/129 2379/980/129 2409/981/129
f 2378/982/129 2409/981/129 2410/983/129
f 2377/984/129 2378/982/129 2410/983/129
f 2377/984/129 2410/983/129 2411/985/129
f 2376/986/129 2377/984/129 2411/985/129
f 2376/986/129 2411/985/129 2412/987/129
f 2375/988/129 2376/986/129 2412/987/129
f 2375/988/129 2412/987/129 2413/989/129
f 2374/990/129 2375/988/129 2413/989/129
f 2374/990/129 2413/989/129 2414/991/129
f 2373/992/129 2374/990/129 2414/991/129
f 2373/992/129 2414/991/129 2415/993/129
f 2372/994/129 2373/992/129 2415/993/129
f 2372/994/129 2415/993/129 2416/995/129
f 2371/477/129 2372/994/129 2416/995/129
f 2371/477/129 2416/995/129 2417/996/129
f 2418/997/129 2371/477/129 2417/996/129
f 2542/517/129 2543/999/129 2544/998/129
f 2542/517/129 2544/998/129 2545/1000/129
f 2541/1001/129 2542/517/129 2545/1000/129
f 2541/1001/129 2545/1000/129 2546/1002/129
f 2541/1001/129 2546/1002/129 2547/1003/129
f 2540/1004/129 2541/1001/129 2547/1003/129
f 2540/1004/129 2547/1003/129 2548/1005/129
f 2540/1004/129 2548/1005/129 2549/531/129
f 2539/1006/129 2540/1004/129 2549/531/129
f 2539/1006/129 2549/531/129 2550/1007/129
f 2539/1006/129 2550/1007/129 2551/1008/129
f 2538/1009/129 2539/1006/129 2551/1008/129
f 2538/1009/129 2551/1008/129 2552/1010/129
f 2538/1009/129 2552/1010/129 2553/1011/129
f 2537/663/129 2538/1009/129 2553/1011/129
f 2537/663/129 2553/1011/129 2554/1012/129
f 2537/663/129 2554/1012/129 2555/1013/129
f 2536/1014/129 2537/663/129 2555/1013/129
f 2536/1014/129 2555/1013/129 2430/578/129
f 2430/578/129 2555/1013/129 2429/1015/129
f 2429/1015/129 2555/1013/129 2428/1016/129
f 2428/1016/129 2555/1013/129 2427/1017/129
f 2427/1017/129 2555/1013/129 2426/1018/129
f 2426/1018/129 2555/1013/129 2425/1019/129
f 2425/1019/129 2555/1013/129 2424/1020/129
f 2424/1020/129 2555/1013/129 2423/477/129
f 2423/477/129 2555/1013/129 2556/379/129
f 2535/520/129 2536/1014/129 2432/1021/129
f 2432/1021/129 2536/1014/129 2431/1022/129
f 2431/1022/129 2536/1014/129 2430/578/129
f 2534/1023/129 2535/520/129 2433/1024/129
f 2433/1024/129 2535/520/129 2432/1021/129
f 2533/1025/129 2534/1023/129 2435/1026/129
f 2435/1026/129 2534/1023/129 2434/1027/129
f 2434/1027/129 2534/1023/129 2433/1024/129
f 2533/1025/129 2435/1026/129 2436/1028/129
f 2533/1025/129 2436/1028/129 2437/591/129
f 2533/1025/129 2437/591/129 2438/1029/129
f 2533/1025/129 2438/1029/129 2439/1030/129
f 2533/1025/129 2439/1030/129 2440/1031/129
f 2532/1032/129 2533/1025/129 2440/1031/129
f 2532/1032/129 2440/1031/129 2441/1033/129
f 2532/1032/129 2441/1033/129 2442/730/129
f 2532/1032/129 2442/730/129 2443/1034/129
f 2532/1032/129 2443/1034/129 2444/584/129
f 2531/1035/129 2532/1032/129 2444/584/129
f 2531/1035/129 2444/584/129 2445/1036/129
f 2531/1035/129 2445/1036/129 2446/1037/129
f 2531/1035/129 2446/1037/129 2447/1038/129
f 2530/1039/129 2531/1035/129 2447/1038/129
f 2530/1039/129 2447/1038/129 2448/1040/129
f 2530/1039/129 2448/1040/129 2449/1041/129
f 2530/1039/129 2449/1041/129 2450/1042/129
f 2530/1039/129 2450/1042/129 2451/558/129
f 2530/1039/129 2451/558/129 2452/1043/129
f 2529/1044/129 2530/1039/129 2452/1043/129
f 2529/1044/129 2452/1043/129 2453/1045/129
f 2529/1044/129 2453/1045/129 2454/1046/129
f 2529/1044/129 2454/1046/129 2455/1047/129
f 2528/534/129 2529/1044/129 2455/1047/129
f 2528/534/129 2455/1047/129 2456/1048/129
f 2528/534/129 2456/1048/129 2457/1049/129
f 2528/534/129 2457/1049/129 2458/536/129
f 2527/1050/129 2528/534/129 2458/536/129
f 2527/1050/129 2458/536/129 2459/1051/129
f 2526/1052/129 2527/1050/129 2459/1051/129
f 2526/1052/129 2459/1051/129 2460/1053/129
f 2526/1052/129 2460/1053/129 2461/660/129
f 2525/1054/129 2526/1052/129 2461/660/129
f 2525/1054/129 2461/660/129 2462/1055/129
f 2524/1056/129 2525/1054/129 2462/1055/129
f 2524/1056/129 2462/1055/129 2463/1057/129
f 2524/1056/129 2463/1057/129 2464/1058/129
f 2523/1059/129 2524/1056/129 2464/1058/129
f 2523/1059/129 2464/1058/129 2465/509/129
f 2522/1060/129 2523/1059/129 2465/509/129
f 2522/1060/129 2465/509/129 2466/1061/129
f 2522/1060/129 2466/1061/129 2467/1062/129
f 2521/550/129 2522/1060/129 2467/1062/129
f 2521/550/129 2467/1062/129 2468/1063/129
f 2520/1064/129 2521/550/129 2468/1063/129
f 2520/1064/129 2468/1063/129 2469/1065/129
f 2519/1066/129 2520/1064/129 2469/1065/129
f 2519/1066/129 2469/1065/129 2470/1067/129
f 2494/1068/129 2495/1070/129 2496/1069/129
f 2519/1066/129 2470/1067/129 2471/1071/129
f 2518/708/129 2519/1066/129 2471/1071/129
f 2494/1068/129 2496/1069/129 2497/1072/129
f 2517/1073/129 2518/708/129 2471/1071/129
f 2494/1068/129 2497/1072/129 2498/1074/129
f 2516/1075/129 2517/1073/129 2471/1071/129
f 2516/1075/129 2471/1071/129 2472/501/129
f 2494/1068/129 2498/1074/129 2499/714/129
f 2515/1076/129 2516/1075/129 2472/501/129
f 2494/1068/129 2499/714/129 2500/571/129
f 2514/566/129 2515/1076/129 2472/501/129
f 2494/1068/129 2500/571/129 2501/1077/129
f 2513/1078/129 2514/566/129 2472/501/129
f 2513/1078/129 2472/501/129 2473/1079/129
f 2494/1068/129 2501/1077/129 2502/1080/129
f 2512/1081/129 2513/1078/129 2473/1079/129
f 2511/1082/129 2512/1081/129 2473/1079/129
f 2494/1068/129 2502/1080/129 2503/1083/129
f 2510/1084/129 2511/1082/129 2473/1079/129
f 2494/1068/129 2503/1083/129 2504/1085/129
f 2509/1086/129 2510/1084/129 2473/1079/129
f 2494/1068/129 2504/1085/129 2505/1087/129
f 2508/1088/129 2509/1086/129 2473/1079/129
f 2494/1068/129 2505/1087/129 2506/1089/129
f 2507/580/129 2508/1088/129 2473/1079/129
f 2494/1068/129 2506/1089/129 2507/580/129
f 2507/580/129 2473/1079/129 2474/1090/129
f 2494/1068/129 2507/580/129 2474/1090/129
f 2494/1068/129 2474/1090/129 2475/1091/129
f 2494/1068/129 2475/1091/129 2476/1092/129
f 2493/555/129 2494/1068/129 2476/1092/129
f 2493/555/129 2476/1092/129 2477/1093/129
f 2492/1094/129 2493/555/129 2477/1093/129
f 2491/1095/129 2492/1094/129 2477/1093/129
f 2491/1095/129 2477/1093/129 2478/1096/129
f 2490/1097/129 2491/1095/129 2478/1096/129
f 2489/1098/129 2490/1097/129 2478/1096/129
f 2489/1098/129 2478/1096/129 2479/508/129
f 2488/1099/129 2489/1098/129 2479/508/129
f 2488/1099/129 2479/508/129 2480/659/129
f 2487/1100/129 2488/1099/129 2480/659/129
f 2486/535/129 2487/1100/129 2480/659/129
f 2486/535/129 2480/659/129 2481/1101/129
f 2485/1102/129 2486/535/129 2481/1101/129
f 2484/1103/129 2485/1102/129 2481/1101/129
f 2484/1103/129 2481/1101/129 2482/1104/129
f 2483/1105/129 2484/1103/129 2482/1104/129
f 2654/742/129 2655/744/129 2656/743/129
f 2653/745/129 2654/742/129 2656/743/129
f 2653/745/129 2656/743/129 2657/746/129
f 2652/747/129 2653/745/129 2657/746/129
f 2651/748/129 2652/747/129 2657/746/129
f 2651/748/129 2657/746/129 2658/749/129
f 2650/750/129 2651/748/129 2658/749/129
f 2650/750/129 2658/749/129 2659/751/129
f 2649/752/129 2650/750/129 2659/751/129
f 2648/753/129 2649/752/129 2659/751/129
f 2648/753/129 2659/751/129 2660/754/129
f 2647/755/129 2648/753/129 2660/754/129
f 2647/755/129 2660/754/129 2661/756/129
f 2646/757/129 2647/755/129 2661/756/129
f 2645/758/129 2646/757/129 2661/756/129
f 2645/758/129 2661/756/129 2662/759/129
f 2644/760/129 2645/758/129 2662/759/129
f 2644/760/129 2662/759/129 2663/761/129
f 2643/762/129 2644/760/129 2663/761/129
f 2642/763/129 2643/762/129 2641/764/129
f 2641/764/129 2643/762/129 2640/765/129
f 2640/765/129 2643/762/129 2639/766/129
f 2639/766/129 2643/762/129 2638/767/129
f 2638/767/129 2643/762/129 2637/768/129
f 2637/768/129 2643/762/129 2636/769/129
f 2636/769/129 2643/762/129 2635/770/129
f 2635/770/129 2643/762/129 2634/771/129
f 2634/771/129 2643/762/129 2633/772/129
f 2633/772/129 2643/762/129 2632/773/129
f 2632/773/129 2643/762/129 2663/761/129
f 2632/773/129 2663/761/129 2631/774/129
f 2631/774/129 2663/761/129 2630/775/129
f 2630/775/129 2663/761/129 2664/776/129
f 2630/775/129 2664/776/129 2629/777/129
f 2629/777/129 2664/776/129 2665/778/129
f 2628/779/129 2629/777/129 2665/778/129
f 2627/780/129 2628/779/129 2665/778/129
f 2626/781/129 2627/780/129 2665/778/129
f 2625/782/129 2626/781/129 2665/778/129
f 2624/783/129 2625/782/129 2665/778/129
f 2624/783/129 2665/778/129 2666/784/129
f 2623/785/129 2624/783/129 2666/784/129
f 2622/786/129 2623/785/129 2666/784/129
f 2621/787/129 2622/786/129 2666/784/129
f 2621/787/129 2666/784/129 2667/788/129
f 2620/789/129 2621/787/129 2667/788/129
f 2619/790/129 2620/789/129 2667/788/129
f 2619/790/129 2667/788/129 2668/791/129
f 2618/792/129 2619/790/129 2668/791/129
f 2617/793/129 2618/792/129 2668/791/129
f 2616/794/129 2617/793/129 2730/379/129
f 2730/379/129 2617/793/129 2668/791/129
f 2615/795/129 2616/794/129 2730/379/129
f 2614/796/129 2615/795/129 2730/379/129
f 2613/797/129 2614/796/129 2730/379/129
f 2612/798/129 2613/797/129 2730/379/129
f 2612/798/129 2730/379/129 2694/799/129
f 2729/800/129 2730/379/129 2668/791/129
f 2612/798/129 2694/799/129 2695/801/129
f 2611/802/129 2612/798/129 2695/801/129
f 2611/802/129 2695/801/129 2696/803/129
f 2610/804/129 2611/802/129 2696/803/129
f 2610/804/129 2696/803/129 2697/805/129
f 2609/806/129 2610/804/129 2697/805/129
f 2609/806/129 2697/805/129 2698/807/129
f 2609/806/129 2698/807/129 2699/808/129
f 2608/809/129 2609/806/129 2699/808/129
f 2608/809/129 2699/808/129 2700/810/129
f 2607/811/129 2608/809/129 2700/810/129
f 2607/811/129 2700/810/129 2701/812/129
f 2607/811/129 2701/812/129 2702/813/129
f 2606/814/129 2607/811/129 2702/813/129
f 2606/814/129 2702/813/129 2703/815/129
f 2606/814/129 2703/815/129 2704/816/129
f 2605/817/129 2606/814/129 2704/816/129
f 2605/817/129 2704/816/129 2705/818/129
f 2604/819/129 2605/817/129 2705/818/129
f 2604/819/129 2705/818/129 2706/820/129
f 2604/819/129 2706/820/129 2707/821/129
f 2603/822/129 2604/819/129 2707/821/129
f 2603/822/129 2707/821/129 2708/823/129
f 2603/822/129 2708/823/129 2709/824/129
f 2728/825/129 2729/800/129 2668/791/129
f 2602/826/129 2603/822/129 2709/824/129
f 2727/827/129 2728/825/129 2668/791/129
f 2602/826/129 2709/824/129 2710/828/129
f 2726/829/129 2727/827/129 2668/791/129
f 2691/830/129 2692/832/129 2693/831/129
f 2726/829/129 2668/791/129 2669/833/129
f 2602/826/129 2710/828/129 2711/834/129
f 2690/835/129 2691/830/129 2693/831/129
f 2725/836/129 2726/829/129 2669/833/129
f 2725/836/129 2669/833/129 2670/837/129
f 2689/838/129 2690/835/129 2693/831/129
f 2601/839/129 2602/826/129 2711/834/129
f 2601/839/129 2711/834/129 2712/840/129
f 2725/836/129 2670/837/129 2671/841/129
f 2724/842/129 2725/836/129 2671/841/129
f 2688/843/129 2689/838/129 2693/831/129
f 2724/842/129 2671/841/129 2672/844/129
f 2723/845/129 2724/842/129 2672/844/129
f 2687/846/129 2688/843/129 2693/831/129
f 2601/839/129 2712/840/129 2713/847/129
f 2723/845/129 2672/844/129 2673/848/129
f 2686/849/129 2687/846/129 2693/831/129
f 2722/850/129 2723/845/129 2673/848/129
f 2722/850/129 2673/848/129 2674/851/129
f 2685/852/129 2686/849/129 2693/831/129
f 2601/839/129 2713/847/129 2714/853/129
f 2722/850/129 2674/851/129 2675/854/129
f 2721/855/129 2722/850/129 2675/854/129
f 2684/856/129 2685/852/129 2693/831/129
f 2721/855/129 2675/854/129 2676/857/129
f 2600/858/129 2601/839/129 2714/853/129
f 2683/859/129 2684/856/129 2693/831/129
f 2600/858/129 2714/853/129 2715/860/129
f 2720/861/129 2721/855/129 2676/857/129
f 2720/861/129 2676/857/129 2677/862/129
f 2682/863/129 2683/859/129 2693/831/129
f 2720/861/129 2677/862/129 2678/864/129
f 2681/865/129 2682/863/129 2693/831/129
f 2719/866/129 2720/861/129 2678/864/129
f 2719/866/129 2678/864/129 2679/867/129
f 2680/868/129 2681/865/129 2693/831/129
f 2719/866/129 2679/867/129 2680/868/129
f 2600/858/129 2715/860/129 2716/869/129
f 2719/866/129 2680/868/129 2693/831/129
f 2718/870/129 2719/866/129 2693/831/129
f 2600/858/129 2716/869/129 2717/871/129
f 2717/871/129 2718/870/129 2693/831/129
f 2600/858/129 2717/871/129 2580/872/129
f 2580/872/129 2717/871/129 2693/831/129
f 2599/873/129 2600/858/129 2580/872/129
f 2599/873/129 2580/872/129 2581/874/129
f 2579/875/129 2580/872/129 2693/831/129
f 2598/876/129 2599/873/129 2581/874/129
f 2598/876/129 2581/874/129 2582/877/129
f 2578/878/129 2579/875/129 2693/831/129
f 2578/878/129 2693/831/129 2557/477/129
f 2597/879/129 2598/876/129 2582/877/129
f 2597/879/129 2582/877/129 2583/880/129
f 2577/881/129 2578/878/129 2557/477/129
f 2577/881/129 2557/477/129 2558/882/129
f 2597/879/129 2583/880/129 2584/883/129
f 2576/884/129 2577/881/129 2558/882/129
f 2596/885/129 2597/879/129 2584/883/129
f 2576/884/129 2558/882/129 2559/886/129
f 2596/885/129 2584/883/129 2585/887/129
f 2575/888/129 2576/884/129 2559/886/129
f 2575/888/129 2559/886/129 2560/889/129
f 2595/890/129 2596/885/129 2585/887/129
f 2595/890/129 2585/887/129 2586/891/129
f 2574/892/129 2575/888/129 2560/889/129
f 2574/892/129 2560/889/129 2561/893/129
f 2595/890/129 2586/891/129 2587/894/129
f 2573/895/129 2574/892/129 2561/893/129
f 2573/895/129 2561/893/129 2562/896/129
f 2594/897/129 2595/890/129 2587/894/129
f 2594/897/129 2587/894/129 2588/898/129
f 2572/899/129 2573/895/129 2562/896/129
f 2572/899/129 2562/896/129 2563/900/129
f 2594/897/129 2588/898/129 2589/901/129
f 2572/899/129 2563/900/129 2564/902/129
f 2571/903/129 2572/899/129 2564/902/129
f 2593/904/129 2594/897/129 2589/901/129
f 2571/903/129 2564/902/129 2565/905/129
f 2593/904/129 2589/901/129 2590/906/129
f 2570/907/129 2571/903/129 2565/905/129
f 2570/907/129 2565/905/129 2566/908/129
f 2593/904/129 2590/906/129 2591/909/129
f 2569/910/129 2570/907/129 2566/908/129
f 2592/911/129 2593/904/129 2591/909/129
f 2569/910/129 2566/908/129 2567/912/129
f 2568/913/129 2569/910/129 2567/912/129
f 2737/629/129 2738/636/129 2739/642/129
f 2737/629/129 2739/642/129 2740/379/129
f 2736/622/129 2737/629/129 2740/379/129
f 2736/622/129 2740/379/129 2735/613/129
f 2731/477/129 2732/611/129 2733/593/129
f 2731/477/129 2733/593/129 2734/601/129
f 2838/742/129 2839/744/129 2840/743/129
f 2837/745/129 2838/742/129 2840/743/129
f 2837/745/129 2840/743/129 2841/746/129
f 2836/747/129 2837/745/129 2841/746/129
f 2835/748/129 2836/747/129 2841/746/129
f 2835/748/129 2841/746/129 2842/749/129
f 2834/750/129 2835/748/129 2842/749/129
f 2834/750/129 2842/749/129 2843/751/129
f 2833/752/129 2834/750/129 2843/751/129
f 2832/753/129 2833/752/129 2843/751/129
f 2832/753/129 2843/751/129 2844/754/129
f 2831/755/129 2832/753/129 2844/754/129
f 2831/755/129 2844/754/129 2845/756/129
f 2830/757/129 2831/755/129 2845/756/129
f 2829/758/129 2830/757/129 2845/756/129
f 2829/758/129 2845/756/129 2846/759/129
f 2828/760/129 2829/758/129 2846/759/129
f 2828/760/129 2846/759/129 2847/761/129
f 2827/762/129 2828/760/129 2847/761/129
f 2826/763/129 2827/762/129 2825/764/129
f 2825/764/129 2827/762/129 2824/765/129
f 2824/765/129 2827/762/129 2823/766/129
f 2823/766/129 2827/762/129 2822/767/129
f 2822/767/129 2827/762/129 2821/768/129
f 2821/768/129 2827/762/129 2820/769/129
f 2820/769/129 2827/762/129 2819/770/129
f 2819/770/129 2827/762/129 2818/771/129
f 2818/771/129 2827/762/129 2817/772/129
f 2817/772/129 2827/762/129 2816/773/129
f 2816/773/129 2827/762/129 2847/761/129
f 2816/773/129 2847/761/129 2815/774/129
f 2815/774/129 2847/761/129 2814/775/129
f 2814/775/129 2847/761/129 2848/776/129
f 2814/775/129 2848/776/129 2813/777/129
f 2813/777/129 2848/776/129 2849/778/129
f 2812/779/129 2813/777/129 2849/778/129
f 2811/780/129 2812/779/129 2849/778/129
f 2810/781/129 2811/780/129 2849/778/129
f 2809/782/129 2810/781/129 2849/778/129
f 2808/783/129 2809/782/129 2849/778/129
f 2808/783/129 2849/778/129 2850/784/129
f 2807/785/129 2808/783/129 2850/784/129
f 2806/786/129 2807/785/129 2850/784/129
f 2805/787/129 2806/786/129 2850/784/129
f 2805/787/129 2850/784/129 2851/788/129
f 2804/789/129 2805/787/129 2851/788/129
f 2803/790/129 2804/789/129 2851/788/129
f 2803/790/129 2851/788/129 2852/791/129
f 2802/792/129 2803/790/129 2852/791/129
f 2801/793/129 2802/792/129 2852/791/129
f 2800/794/129 2801/793/129 2914/379/129
f 2914/379/129 2801/793/129 2852/791/129
f 2799/795/129 2800/794/129 2914/379/129
f 2798/796/129 2799/795/129 2914/379/129
f 2797/797/129 2798/796/129 2914/379/129
f 2796/798/129 2797/797/129 2914/379/129
f 2796/798/129 2914/379/129 2878/799/129
f 2913/800/129 2914/379/129 2852/791/129
f 2796/798/129 2878/799/129 2879/801/129
f 2795/802/129 2796/798/129 2879/801/129
f 2795/802/129 2879/801/129 2880/803/129
f 2794/804/129 2795/802/129 2880/803/129
f 2794/804/129 2880/803/129 2881/805/129
f 2793/806/129 2794/804/129 2881/805/129
f 2793/806/129 2881/805/129 2882/807/129
f 2793/806/129 2882/807/129 2883/808/129
f 2792/809/129 2793/806/129 2883/808/129
f 2792/809/129 2883/808/129 2884/810/129
f 2791/811/129 2792/809/129 2884/810/129
f 2791/811/129 2884/810/129 2885/812/129
f 2791/811/129 2885/812/129 2886/813/129
f 2790/814/129 2791/811/129 2886/813/129
f 2790/814/129 2886/813/129 2887/815/129
f 2790/814/129 2887/815/129 2888/816/129
f 2789/817/129 2790/814/129 2888/816/129
f 2789/817/129 2888/816/129 2889/818/129
f 2788/819/129 2789/817/129 2889/818/129
f 2788/819/129 2889/818/129 2890/820/129
f 2788/819/129 2890/820/129 2891/821/129
f 2787/822/129 2788/819/129 2891/821/129
f 2787/822/129 2891/821/129 2892/823/129
f 2787/822/129 2892/823/129 2893/824/129
f 2912/825/129 2913/800/129 2852/791/129
f 2786/826/129 2787/822/129 2893/824/129
f 2911/827/129 2912/825/129 2852/791/129
f 2786/826/129 2893/824/129 2894/828/129
f 2910/829/129 2911/827/129 2852/791/129
f 2875/830/129 2876/832/129 2877/831/129
f 2910/829/129 2852/791/129 2853/833/129
f 2786/826/129 2894/828/129 2895/834/129
f 2874/835/129 2875/830/129 2877/831/129
f 2909/836/129 2910/829/129 2853/833/129
f 2909/836/129 2853/833/129 2854/837/129
f 2873/838/129 2874/835/129 2877/831/129
f 2785/839/129 2786/826/129 2895/834/129
f 2785/839/129 2895/834/129 2896/840/129
f 2909/836/129 2854/837/129 2855/841/129
f 2908/842/129 2909/836/129 2855/841/129
f 2872/843/129 2873/838/129 2877/831/129
f 2908/842/129 2855/841/129 2856/844/129
f 2907/845/129 2908/842/129 2856/844/129
f 2871/846/129 2872/843/129 2877/831/129
f 2785/839/129 2896/840/129 2897/847/129
f 2907/845/129 2856/844/129 2857/848/129
f 2870/849/129 2871/846/129 2877/831/129
f 2906/850/129 2907/845/129 2857/848/129
f 2906/850/129 2857/848/129 2858/851/129
f 2869/852/129 2870/849/129 2877/831/129
f 2785/839/129 2897/847/129 2898/853/129
f 2906/850/129 2858/851/129 2859/854/129
f 2905/855/129 2906/850/129 2859/854/129
f 2868/856/129 2869/852/129 2877/831/129
f 2905/855/129 2859/854/129 2860/857/129
f 2784/858/129 2785/839/129 2898/853/129
f 2867/859/129 2868/856/129 2877/831/129
f 2784/858/129 2898/853/129 2899/860/129
f 2904/861/129 2905/855/129 2860/857/129
f 2904/861/129 2860/857/129 2861/862/129
f 2866/863/129 2867/859/129 2877/831/129
f 2904/861/129 2861/862/129 2862/864/129
f 2865/865/129 2866/863/129 2877/831/129
f 2903/866/129 2904/861/129 2862/864/129
f 2903/866/129 2862/864/129 2863/867/129
f 2864/868/129 2865/865/129 2877/831/129
f 2903/866/129 2863/867/129 2864/868/129
f 2784/858/129 2899/860/129 2900/869/129
f 2903/866/129 2864/868/129 2877/831/129
f 2902/870/129 2903/866/129 2877/831/129
f 2784/858/129 2900/869/129 2901/871/129
f 2901/871/129 2902/870/129 2877/831/129
f 2784/858/129 2901/871/129 2764/872/129
f 2764/872/129 2901/871/129 2877/831/129
f 2783/873/129 2784/858/129 2764/872/129
f 2783/873/129 2764/872/129 2765/874/129
f 2763/875/129 2764/872/129 2877/831/129
f 2782/876/129 2783/873/129 2765/874/129
f 2782/876/129 2765/874/129 2766/877/129
f 2762/878/129 2763/875/129 2877/831/129
f 2762/878/129 2877/831/129 2741/477/129
f 2781/879/129 2782/876/129 2766/877/129
f 2781/879/129 2766/877/129 2767/880/129
f 2761/881/129 2762/878/129 2741/477/129
f 2761/881/129 2741/477/129 2742/882/129
f 2781/879/129 2767/880/129 2768/883/129
f 2760/884/129 2761/881/129 2742/882/129
f 2780/885/129 2781/879/129 2768/883/129
f 2760/884/129 2742/882/129 2743/886/129
f 2780/885/129 2768/883/129 2769/887/129
f 2759/888/129 2760/884/129 2743/886/129
f 2759/888/129 2743/886/129 2744/889/129
f 2779/890/129 2780/885/129 2769/887/129
f 2779/890/129 2769/887/129 2770/891/129
f 2758/892/129 2759/888/129 2744/889/129
f 2758/892/129 2744/889/129 2745/893/129
f 2779/890/129 2770/891/129 2771/894/129
f 2757/895/129 2758/892/129 2745/893/129
f 2757/895/129 2745/893/129 2746/896/129
f 2778/897/129 2779/890/129 2771/894/129
f 2778/897/129 2771/894/129 2772/898/129
f 2756/899/129 2757/895/129 2746/896/129
f 2756/899/129 2746/896/129 2747/900/129
f 2778/897/129 2772/898/129 2773/901/129
f 2756/899/129 2747/900/129 2748/902/129
f 2755/903/129 2756/899/129 2748/902/129
f 2777/904/129 2778/897/129 2773/901/129
f 2755/903/129 2748/902/129 2749/905/129
f 2777/904/129 2773/901/129 2774/906/129
f 2754/907/129 2755/903/129 2749/905/129
f 2754/907/129 2749/905/129 2750/908/129
f 2777/904/129 2774/906/129 2775/909/129
f 2753/910/129 2754/907/129 2750/908/129
f 2776/911/129 2777/904/129 2775/909/129
f 2753/910/129 2750/908/129 2751/912/129
f 2752/913/129 2753/910/129 2751/912/129
f 2970/914/129 2971/915/129 2972/379/129
f 2970/914/129 2972/379/129 2915/477/129
f 2970/914/129 2915/477/129 2916/916/129
f 2969/531/129 2970/914/129 2916/916/129
f 2968/917/128 2969/531/128 2916/916/128
f 2967/918/129 2968/917/129 2917/919/129
f 2917/919/128 2968/917/128 2916/916/128
f 2967/918/129 2917/919/129 2918/578/129
f 2967/918/129 2918/578/129 2919/920/129
f 2966/517/129 2967/918/129 2919/920/129
f 2966/517/129 2919/920/129 2920/921/129
f 2966/517/129 2920/921/129 2921/591/129
f 2965/922/129 2966/517/129 2921/591/129
f 2965/922/129 2921/591/129 2922/923/129
f 2941/924/129 2942/535/129 2943/925/129
f 2940/926/129 2941/924/129 2943/925/129
f 2965/922/129 2922/923/129 2923/927/129
f 2939/508/129 2940/926/129 2943/925/129
f 2964/928/129 2965/922/129 2923/927/129
f 2964/928/129 2923/927/129 2924/584/129
f 2938/929/129 2939/508/129 2943/925/129
f 2937/930/129 2938/929/129 2943/925/129
f 2964/928/129 2924/584/129 2925/931/129
f 2936/501/129 2937/930/129 2943/925/129
f 2964/928/129 2925/931/129 2926/932/129
f 2935/933/129 2936/501/129 2943/925/129
f 2964/928/129 2926/932/129 2927/558/129
f 2934/601/129 2935/933/129 2943/925/129
f 2963/520/129 2964/928/129 2927/558/129
f 2933/509/129 2934/601/129 2943/925/129
f 2963/520/129 2927/558/129 2928/934/129
f 2932/935/129 2933/509/129 2943/925/129
f 2963/520/129 2928/934/129 2929/936/129
f 2931/937/129 2932/935/129 2943/925/129
f 2963/520/129 2929/936/129 2930/536/129
f 2930/536/129 2931/937/129 2943/925/129
f 2963/520/129 2930/536/129 2943/925/129
f 2962/938/129 2963/520/129 2943/925/129
f 2961/939/129 2962/938/129 2943/925/129
f 2960/534/129 2961/939/129 2943/925/129
f 2960/534/129 2943/925/129 2944/940/129
f 2959/941/129 2960/534/129 2944/940/129
f 2959/941/129 2944/940/129 2945/555/129
f 2959/941/129 2945/555/129 2946/942/129
f 2958/943/129 2959/941/129 2946/942/129
f 2958/943/129 2946/942/129 2947/944/129
f 2958/943/129 2947/944/129 2948/571/129
f 2958/943/129 2948/571/129 2949/945/129
f 2957/550/129 2958/943/129 2949/945/129
f 2957/550/129 2949/945/129 2950/946/129
f 2957/550/129 2950/946/129 2951/580/129
f 2956/947/129 2957/550/129 2951/580/129
f 2956/947/129 2951/580/129 2952/948/129
f 2956/947/129 2952/948/129 2953/629/129
f 2955/949/129 2956/947/129 2953/629/129
f 2955/949/129 2953/629/129 2954/566/129
s 1
f 2976/1106/130 2973/477/131 2974/1107/131
f 2978/1108/130 2975/1109/130 2976/1106/130
f 2980/1110/132 2977/1111/130 2978/1108/130
f 2982/1112/133 2979/1113/132 2980/1110/132
f 2984/1114/134 2981/1115/135 2982/1112/133
f 2986/1116/136 2983/1117/134 2984/1114/134
f 2988/1118/137 2985/1119/136 2986/1116/136
f 2990/1120/138 2987/1121/137 2988/1118/137
f 2992/1122/139 2989/1123/138 2990/1120/138
f 2994/1124/140 2991/1125/139 2992/1122/139
f 2996/1126/141 2993/1127/140 2994/1124/140
f 2998/1128/142 2995/1129/141 2996/1126/141
f 3000/1130/143 2997/1131/144 2998/1128/142
f 3002/1132/145 2999/1133/143 3000/1130/143
f 3004/1134/146 3001/1135/145 3002/1132/145
f 3006/1136/147 3003/1137/146 3004/1134/146
f 3008/1138/148 3005/1139/147 3006/1136/147
f 3010/1140/149 3007/1141/148 3008/1138/148
f 3012/1142/150 3009/1143/149 3010/1140/149
f 3014/1144/151 3011/1145/152 3012/1142/150
f 3016/1146/153 3013/1147/151 3014/1144/151
f 3018/1148/154 3015/1149/153 3016/1146/153
f 3020/1150/155 3017/1151/154 3018/1148/154
f 3022/1152/156 3019/1153/155 3020/1150/155
f 3024/1154/157 3021/1155/156 3022/1152/156
f 3026/1156/158 3023/1157/157 3024/1154/157
f 3028/1158/159 3025/1159/158 3026/1156/158
f 3030/1160/160 3027/1161/159 3028/1158/159
f 3032/1162/161 3029/1163/160 3030/1160/160
f 3034/1164/162 3031/625/161 3032/1162/161
f 3036/1165/163 3033/1166/162 3034/1164/162
f 3038/1167/164 3035/1168/163 3036/1165/163
f 3040/1169/165 3037/1170/164 3038/1167/164
f 3042/1171/166 3039/1172/165 3040/1169/165
f 3044/1173/167 3041/1174/166 3042/1171/166
f 3046/1175/168 3043/1176/167 3044/1173/167
f 3048/1177/169 3045/1178/168 3046/1175/168
f 3050/1179/170 3047/1180/169 3048/1177/169
f 3052/1181/171 3049/1182/170 3050/1179/170
f 3054/1183/172 3051/1184/171 3052/1181/171
f 3056/1185/173 3053/1186/172 3054/1183/172
f 3058/1187/174 3055/1188/173 3056/1185/173
f 3060/1189/175 3057/1190/174 3058/1187/174
f 3062/1191/176 3059/1192/175 3060/1189/175
f 3064/1193/177 3061/1194/176 3062/1191/176
f 3066/1195/178 3063/1196/177 3064/1193/177
f 3068/1197/179 3065/1198/178 3066/1195/178
f 3070/1199/180 3067/1200/179 3068/1197/179
f 3072/1201/181 3069/1202/182 3070/1199/180
f 3074/1203/183 3071/1204/181 3072/1201/181
f 3076/1205/184 3073/1206/183 3074/1203/183
f 3078/1207/185 3075/1208/184 3076/1205/184
f 3080/1209/186 3077/1210/187 3078/1207/185
f 3082/1211/186 3079/1212/186 3080/1209/186
f 3084/1213/188 3081/1214/186 3082/1211/186
f 3086/1215/189 3083/1216/188 3084/1213/188
f 3088/1217/131 3085/1218/190 3086/1215/189
f 2974/1219/131 3087/1220/131 3088/1217/131
f 3092/1221/191 3089/477/192 3090/1107/192
f 3094/1222/193 3091/1223/191 3092/1221/191
f 3096/1224/194 3093/1225/193 3094/1222/193
f 3098/1226/195 3095/1227/194 3096/1224/194
f 3100/1228/196 3097/1229/195 3098/1226/195
f 3102/1230/197 3099/1231/196 3100/1228/196
f 3104/1232/198 3101/1233/197 3102/1230/197
f 3106/1234/199 3103/1235/198 3104/1232/198
f 3108/1236/200 3105/1237/201 3106/1234/199
f 3110/1238/202 3107/1239/200 3108/1236/200
f 3112/1240/203 3109/1241/202 3110/1238/202
f 3114/1242/204 3111/1243/203 3112/1240/203
f 3116/1244/205 3113/1245/204 3114/1242/204
f 3118/1246/206 3115/1247/205 3116/1244/205
f 3120/1248/207 3117/1249/208 3118/1246/206
f 3122/1250/209 3119/1251/207 3120/1248/207
f 3124/1252/210 3121/1253/211 3122/1250/209
f 3126/1254/212 3123/1255/210 3124/1252/210
f 3128/1256/213 3125/1257/212 3126/1254/212
f 3130/1258/214 3127/1259/213 3128/1256/213
f 3132/1260/215 3129/1261/214 3130/1258/214
f 3134/1262/216 3131/1263/217 3132/1260/215
f 3136/1264/218 3133/1265/219 3134/1262/216
f 3138/1266/220 3135/1267/218 3136/1264/218
f 3140/1268/221 3137/1269/220 3138/1266/220
f 3142/1270/222 3139/1271/221 3140/1268/221
f 3144/1272/223 3141/1273/224 3142/1270/222
f 3146/1274/225 3143/1275/223 3144/1272/223
f 3148/1276/226 3145/1277/225 3146/1274/225
f 3150/1278/227 3147/1279/226 3148/1276/226
f 3152/1280/228 3149/1281/227 3150/1278/227
f 3154/1282/229 3151/1283/228 3152/1280/228
f 3156/1284/230 3153/1285/229 3154/1282/229
f 3158/1286/231 3155/1287/230 3156/1284/230
f 3160/1288/232 3157/1289/231 3158/1286/231
f 3162/1290/233 3159/1291/232 3160/1288/232
f 3164/1292/234 3161/1293/233 3162/1290/233
f 3166/1294/235 3163/1295/234 3164/1292/234
f 3168/1296/236 3165/1297/235 3166/1294/235
f 3170/1298/237 3167/1299/236 3168/1296/236
f 3172/1300/238 3169/1301/237 3170/1298/237
f 3174/1302/239 3171/1303/238 3172/1300/238
f 3176/1304/240 3173/1305/239 3174/1302/239
f 3178/1306/241 3175/1307/240 3176/1304/240
f 3180/1308/242 3177/1309/241 3178/1306/241
f 3182/1310/243 3179/1311/242 3180/1308/242
f 3184/1312/244 3181/1313/245 3182/1310/243
f 3186/1314/246 3183/1315/244 3184/1312/244
f 3188/1316/247 3185/1317/246 3186/1314/246
f 3190/1318/248 3187/1319/247 3188/1316/247
f 3192/1320/249 3189/1321/248 3190/1318/248
f 3194/1322/250 3191/1323/249 3192/1320/249
f 3196/1324/251 3193/1325/250 3194/1322/250
f 3198/1326/252 3195/1327/251 3196/1324/251
f 3200/1328/253 3197/1329/252 3198/1326/252
f 3202/1330/254 3199/1331/253 3200/1328/253
f 3204/1332/255 3201/1333/254 3202/1330/254
f 3206/1334/256 3203/1335/255 3204/1332/255
f 3208/1336/257 3205/1337/256 3206/1334/256
f 3210/1338/258 3207/1339/257 3208/1336/257
f 3212/1340/259 3209/1341/258 3210/1338/258
f 3214/1342/260 3211/1343/259 3212/1340/259
f 3216/1344/261 3213/1345/260 3214/1342/260
f 3218/1346/262 3215/1347/261 3216/1344/261
f 3220/1348/263 3217/1349/262 3218/1346/262
f 3222/1350/264 3219/1351/263 3220/1348/263
f 3224/1352/265 3221/1353/264 3222/1350/264
f 3226/1354/266 3223/1355/265 3224/1352/265
f 3228/1356/267 3225/1357/266 3226/1354/266
f 3230/1358/268 3227/1359/267 3228/1356/267
f 3232/1360/269 3229/1361/268 3230/1358/268
f 3234/1362/270 3231/1363/269 3232/1360/269
f 3236/1364/271 3233/1365/270 3234/1362/270
f 3238/1366/272 3235/1367/271 3236/1364/271
f 3240/1368/273 3237/1369/272 3238/1366/272
f 3242/1370/274 3239/1371/273 3240/1368/273
f 3244/1372/275 3241/1373/276 3242/1370/274
f 3246/1374/277 3243/1375/275 3244/1372/275
f 3248/1376/278 3245/1377/277 3246/1374/277
f 3250/1378/279 3247/1379/278 3248/1376/278
f 3252/1380/280 3249/1381/279 3250/1378/279
f 3254/1382/281 3251/1383/280 3252/1380/280
f 3256/1384/282 3253/1385/283 3254/1382/281
f 3258/1386/284 3255/1387/282 3256/1384/282
f 3260/1388/285 3257/1389/284 3258/1386/284
f 3262/1390/286 3259/1391/285 3260/1388/285
f 3264/1392/287 3261/1393/288 3262/1390/286
f 3266/1394/289 3263/1395/287 3264/1392/287
f 3268/1396/290 3265/1397/289 3266/1394/289
f 3270/1398/291 3267/1399/290 3268/1396/290
f 3272/1400/292 3269/1401/291 3270/1398/291
f 3274/1402/293 3271/1403/292 3272/1400/292
f 3276/1404/294 3273/1405/293 3274/1402/293
f 3278/1406/295 3275/1407/294 3276/1404/294
f 3280/1408/296 3277/1409/295 3278/1406/295
f 3282/1410/297 3279/1411/296 3280/1408/296
f 3284/1412/298 3281/1413/297 3282/1410/297
f 3286/1414/299 3283/1415/298 3284/1412/298
f 3288/1416/300 3285/1417/299 3286/1414/299
f 3290/1418/301 3287/1419/300 3288/1416/300
f 3292/1420/302 3289/1421/301 3290/1418/301
f 3294/1422/303 3291/1423/302 3292/1420/302
f 3296/1424/304 3293/1425/303 3294/1422/303
f 3298/1426/305 3295/1427/304 3296/1424/304
f 3300/1428/306 3297/1429/305 3298/1426/305
f 3302/1430/307 3299/1431/306 3300/1428/306
f 3304/1432/308 3301/1433/307 3302/1430/307
f 3306/1434/309 3303/1435/308 3304/1432/308
f 3308/1436/310 3305/1437/309 3306/1434/309
f 3310/1438/311 3307/1439/310 3308/1436/310
f 3312/1440/312 3309/1441/311 3310/1438/311
f 3314/1442/313 3311/1443/312 3312/1440/312
f 3316/1444/314 3313/1445/313 3314/1442/313
f 3318/1446/315 3315/1447/316 3316/1444/314
f 3320/1448/317 3317/1449/318 3318/1446/315
f 3322/1450/319 3319/1451/320 3320/1448/317
f 3324/1452/321 3321/1453/322 3322/1450/319
f 3326/1454/323 3323/1455/321 3324/1452/321
f 3328/1456/324 3325/1457/325 3326/1454/323
f 3330/1458/326 3327/1459/327 3328/1456/324
f 3332/1460/328 3329/1461/329 3330/1458/326
f 3334/1462/330 3331/1463/331 3332/1460/328
f 3336/1464/332 3333/1465/330 3334/1462/330
f 3338/1466/333 3335/1467/332 3336/1464/332
f 3340/1468/334 3337/1469/333 3338/1466/333
f 3342/1470/335 3339/1471/334 3340/1468/334
f 3344/1472/336 3341/1473/337 3342/1470/335
f 3346/1474/338 3343/1475/339 3344/1472/336
f 3348/1476/340 3345/1477/338 3346/1474/338
f 3350/1478/341 3347/1479/340 3348/1476/340
f 3352/1480/342 3349/1481/343 3350/1478/341
f 3354/1482/344 3351/1483/342 3352/1480/342
f 3356/1484/345 3353/1485/344 3354/1482/344
f 3358/1486/346 3355/1487/345 3356/1484/345
f 3360/1488/347 3357/1489/346 3358/1486/346
f 3362/1490/348 3359/1491/347 3360/1488/347
f 3090/1219/192 3361/1492/348 3362/1490/348
f 3366/1493/349 3363/477/350 3364/1107/350
f 3368/1494/351 3365/1495/349 3366/1493/349
f 3370/1496/352 3367/1497/351 3368/1494/351
f 3372/1498/353 3369/1499/352 3370/1496/352
f 3374/1500/354 3371/1501/353 3372/1498/353
f 3376/1502/355 3373/1503/354 3374/1500/354
f 3378/1504/356 3375/1505/357 3376/1502/355
f 3380/1506/358 3377/1507/356 3378/1504/356
f 3382/1508/359 3379/1509/358 3380/1506/358
f 3384/1510/360 3381/1511/359 3382/1508/359
f 3386/1512/361 3383/1513/360 3384/1510/360
f 3388/1514/362 3385/1515/361 3386/1512/361
f 3390/1516/363 3387/1517/364 3388/1514/362
f 3392/1518/365 3389/1519/366 3390/1516/363
f 3394/1520/367 3391/1521/365 3392/1518/365
f 3396/1522/368 3393/1523/367 3394/1520/367
f 3398/1524/369 3395/1525/368 3396/1522/368
f 3400/1526/370 3397/1527/369 3398/1524/369
f 3402/1528/371 3399/1529/370 3400/1526/370
f 3404/1530/372 3401/1531/371 3402/1528/371
f 3406/1532/373 3403/1533/372 3404/1530/372
f 3408/1534/374 3405/1535/373 3406/1532/373
f 3410/1536/375 3407/1537/374 3408/1534/374
f 3412/1538/376 3409/1539/375 3410/1536/375
f 3414/1540/377 3411/1541/376 3412/1538/376
f 3416/1542/378 3413/1543/377 3414/1540/377
f 3418/1544/379 3415/1545/378 3416/1542/378
f 3420/1546/380 3417/1547/379 3418/1544/379
f 3422/1548/381 3419/1549/380 3420/1546/380
f 3424/1550/382 3421/1551/381 3422/1548/381
f 3426/1552/383 3423/1553/382 3424/1550/382
f 3428/1554/384 3425/1555/383 3426/1552/383
f 3430/1556/385 3427/1557/384 3428/1554/384
f 3432/1558/386 3429/1559/387 3430/1556/385
f 3434/1560/388 3431/1561/386 3432/1558/386
f 3436/1562/389 3433/1563/388 3434/1560/388
f 3364/1219/350 3435/1564/389 3436/1562/389
f 3440/1565/390 3437/477/391 3438/1107/391
f 3442/1566/392 3439/602/390 3440/1565/390
f 3444/1162/393 3441/601/394 3442/1566/392
f 3446/1567/395 3443/625/393 3444/1162/393
f 3448/1568/396 3445/629/395 3446/1567/395
f 3438/1219/391 3447/640/396 3448/1568/396
f 3452/1569/397 3449/477/186 3450/1107/186
f 3454/1162/131 3451/1570/397 3452/1569/397
f 3456/1571/130 3453/625/131 3454/1162/131
f 3450/1219/186 3455/1572/130 3456/1571/130
f 3460/1221/191 3457/477/192 3458/1107/192
f 3462/1222/193 3459/1223/191 3460/1221/191
f 3464/1224/194 3461/1225/193 3462/1222/193
f 3466/1226/195 3463/1227/194 3464/1224/194
f 3468/1228/196 3465/1229/195 3466/1226/195
f 3470/1230/197 3467/1231/196 3468/1228/196
f 3472/1232/198 3469/1233/197 3470/1230/197
f 3474/1234/201 3471/1235/198 3472/1232/198
f 3476/1236/200 3473/1237/199 3474/1234/201
f 3478/1238/202 3475/1239/200 3476/1236/200
f 3480/1240/203 3477/1241/202 3478/1238/202
f 3482/1242/204 3479/1243/203 3480/1240/203
f 3484/1244/205 3481/1245/204 3482/1242/204
f 3486/1246/206 3483/1247/205 3484/1244/205
f 3488/1248/207 3485/1249/206 3486/1246/206
f 3490/1250/209 3487/1251/207 3488/1248/207
f 3492/1252/210 3489/1253/209 3490/1250/209
f 3494/1254/212 3491/1255/210 3492/1252/210
f 3496/1256/213 3493/1257/212 3494/1254/212
f 3498/1258/214 3495/1259/213 3496/1256/213
f 3500/1260/215 3497/1261/214 3498/1258/214
f 3502/1262/216 3499/1263/217 3500/1260/215
f 3504/1264/218 3501/1265/219 3502/1262/216
f 3506/1266/220 3503/1267/218 3504/1264/218
f 3508/1268/221 3505/1269/220 3506/1266/220
f 3510/1270/224 3507/1271/221 3508/1268/221
f 3512/1272/223 3509/1273/222 3510/1270/224
f 3514/1274/225 3511/1275/223 3512/1272/223
f 3516/1276/226 3513/1277/225 3514/1274/225
f 3518/1278/227 3515/1279/226 3516/1276/226
f 3520/1280/228 3517/1281/227 3518/1278/227
f 3522/1282/229 3519/1283/228 3520/1280/228
f 3524/1284/230 3521/1285/229 3522/1282/229
f 3526/1286/231 3523/1287/230 3524/1284/230
f 3528/1288/232 3525/1289/231 3526/1286/231
f 3530/1290/233 3527/1291/232 3528/1288/232
f 3532/1292/234 3529/1293/233 3530/1290/233
f 3534/1294/235 3531/1295/234 3532/1292/234
f 3536/1296/236 3533/1297/235 3534/1294/235
f 3538/1298/237 3535/1299/236 3536/1296/236
f 3540/1300/238 3537/1301/237 3538/1298/237
f 3542/1302/239 3539/1303/238 3540/1300/238
f 3544/1304/240 3541/1305/239 3542/1302/239
f 3546/1306/241 3543/1307/240 3544/1304/240
f 3548/1308/242 3545/1309/241 3546/1306/241
f 3550/1310/245 3547/1311/242 3548/1308/242
f 3552/1312/244 3549/1313/245 3550/1310/245
f 3554/1314/246 3551/1315/244 3552/1312/244
f 3556/1316/247 3553/1317/246 3554/1314/246
f 3558/1318/248 3555/1319/247 3556/1316/247
f 3560/1320/249 3557/1321/248 3558/1318/248
f 3562/1322/250 3559/1323/249 3560/1320/249
f 3564/1324/251 3561/1325/250 3562/1322/250
f 3566/1326/252 3563/1327/251 3564/1324/251
f 3568/1328/253 3565/1329/252 3566/1326/252
f 3570/1330/254 3567/1331/253 3568/1328/253
f 3572/1332/255 3569/1333/254 3570/1330/254
f 3574/1334/256 3571/1335/255 3572/1332/255
f 3576/1336/257 3573/1337/256 3574/1334/256
f 3578/1338/258 3575/1339/257 3576/1336/257
f 3580/1340/259 3577/1341/258 3578/1338/258
f 3582/1342/260 3579/1343/259 3580/1340/259
f 3584/1344/261 3581/1345/260 3582/1342/260
f 3586/1346/262 3583/1347/261 3584/1344/261
f 3588/1348/398 3585/1349/262 3586/1346/262
f 3590/1350/399 3587/1351/263 3588/1348/398
f 3592/1352/400 3589/1353/264 3590/1350/399
f 3594/1354/266 3591/1355/265 3592/1352/400
f 3596/1356/267 3593/1357/266 3594/1354/266
f 3598/1358/268 3595/1359/267 3596/1356/267
f 3600/1360/269 3597/1361/268 3598/1358/268
f 3602/1362/270 3599/1363/269 3600/1360/269
f 3604/1364/271 3601/1365/270 3602/1362/270
f 3606/1366/272 3603/1367/271 3604/1364/271
f 3608/1368/273 3605/1369/272 3606/1366/272
f 3610/1370/274 3607/1371/273 3608/1368/273
f 3612/1372/275 3609/1373/276 3610/1370/274
f 3614/1374/277 3611/1375/275 3612/1372/275
f 3616/1376/278 3613/1377/277 3614/1374/277
f 3618/1378/279 3615/1379/278 3616/1376/278
f 3620/1380/280 3617/1381/279 3618/1378/279
f 3622/1382/281 3619/1383/280 3620/1380/280
f 3624/1384/282 3621/1385/281 3622/1382/281
f 3626/1386/284 3623/1387/282 3624/1384/282
f 3628/1388/285 3625/1389/284 3626/1386/284
f 3630/1390/288 3627/1391/285 3628/1388/285
f 3632/1392/287 3629/1393/288 3630/1390/288
f 3634/1394/289 3631/1395/287 3632/1392/287
f 3636/1396/290 3633/1397/289 3634/1394/289
f 3638/1398/291 3635/1399/290 3636/1396/290
f 3640/1400/292 3637/1401/291 3638/1398/291
f 3642/1402/293 3639/1403/292 3640/1400/292
f 3644/1404/294 3641/1405/293 3642/1402/293
f 3646/1406/295 3643/1407/294 3644/1404/294
f 3648/1408/296 3645/1409/295 3646/1406/295
f 3650/1410/297 3647/1411/296 3648/1408/296
f 3652/1412/298 3649/1413/297 3650/1410/297
f 3654/1414/299 3651/1415/298 3652/1412/298
f 3656/1416/300 3653/1417/299 3654/1414/299
f 3658/1418/301 3655/1419/300 3656/1416/300
f 3660/1420/302 3657/1421/301 3658/1418/301
f 3662/1422/303 3659/1423/302 3660/1420/302
f 3664/1424/304 3661/1425/303 3662/1422/303
f 3666/1426/305 3663/1427/304 3664/1424/304
f 3668/1428/306 3665/1429/305 3666/1426/305
f 3670/1430/307 3667/1431/306 3668/1428/306
f 3672/1432/308 3669/1433/307 3670/1430/307
f 3674/1434/309 3671/1435/308 3672/1432/308
f 3676/1436/310 3673/1437/309 3674/1434/309
f 3678/1438/311 3675/1439/310 3676/1436/310
f 3680/1440/312 3677/1441/311 3678/1438/311
f 3682/1442/313 3679/1443/312 3680/1440/312
f 3684/1444/316 3681/1445/313 3682/1442/313
f 3686/1446/318 3683/1447/316 3684/1444/316
f 3688/1448/317 3685/1449/318 3686/1446/318
f 3690/1450/322 3687/1451/317 3688/1448/317
f 3692/1452/401 3689/1453/319 3690/1450/322
f 3694/1454/325 3691/1455/321 3692/1452/401
f 3696/1456/324 3693/1457/325 3694/1454/325
f 3698/1458/326 3695/1459/327 3696/1456/324
f 3700/1460/328 3697/1461/329 3698/1458/326
f 3702/1462/330 3699/1463/328 3700/1460/328
f 3704/1464/332 3701/1465/330 3702/1462/330
f 3706/1466/333 3703/1467/332 3704/1464/332
f 3708/1468/334 3705/1469/333 3706/1466/333
f 3710/1470/337 3707/1471/334 3708/1468/334
f 3712/1472/339 3709/1473/335 3710/1470/337
f 3714/1474/338 3711/1475/339 3712/1472/339
f 3716/1476/340 3713/1477/338 3714/1474/338
f 3718/1478/343 3715/1479/340 3716/1476/340
f 3720/1480/342 3717/1481/343 3718/1478/343
f 3722/1482/344 3719/1483/402 3720/1480/342
f 3724/1484/345 3721/1485/344 3722/1482/344
f 3726/1486/403 3723/1487/345 3724/1484/345
f 3728/1488/347 3725/1489/403 3726/1486/403
f 3730/1490/348 3727/1491/347 3728/1488/347
f 3458/1219/192 3729/1492/348 3730/1490/348
f 3734/1493/349 3731/477/350 3732/1107/350
f 3736/1494/351 3733/1495/349 3734/1493/349
f 3738/1496/352 3735/1497/351 3736/1494/351
f 3740/1498/353 3737/1499/352 3738/1496/352
f 3742/1500/354 3739/1501/353 3740/1498/353
f 3744/1502/357 3741/1503/354 3742/1500/354
f 3746/1504/356 3743/1505/357 3744/1502/357
f 3748/1506/358 3745/1507/356 3746/1504/356
f 3750/1508/359 3747/1509/358 3748/1506/358
f 3752/1510/360 3749/1511/359 3750/1508/359
f 3754/1512/361 3751/1513/360 3752/1510/360
f 3756/1514/362 3753/1515/361 3754/1512/361
f 3758/1516/363 3755/1517/362 3756/1514/362
f 3760/1518/365 3757/1519/366 3758/1516/363
f 3762/1520/367 3759/1521/365 3760/1518/365
f 3764/1522/368 3761/1523/367 3762/1520/367
f 3766/1524/369 3763/1525/404 3764/1522/368
f 3768/1526/370 3765/1527/369 3766/1524/369
f 3770/1528/371 3767/1529/370 3768/1526/370
f 3772/1530/372 3769/1531/371 3770/1528/371
f 3774/1532/373 3771/1533/372 3772/1530/372
f 3776/1534/374 3773/1535/373 3774/1532/373
f 3778/1536/375 3775/1537/374 3776/1534/374
f 3780/1538/376 3777/1539/375 3778/1536/375
f 3782/1540/377 3779/1541/376 3780/1538/376
f 3784/1542/378 3781/1543/377 3782/1540/377
f 3786/1544/379 3783/1545/378 3784/1542/378
f 3788/1546/380 3785/1547/379 3786/1544/379
f 3790/1548/381 3787/1549/380 3788/1546/380
f 3792/1550/382 3789/1551/381 3790/1548/381
f 3794/1552/383 3791/1553/382 3792/1550/382
f 3796/1554/384 3793/1555/383 3794/1552/383
f 3798/1556/387 3795/1557/384 3796/1554/384
f 3800/1558/386 3797/1559/387 3798/1556/387
f 3802/1560/388 3799/1561/386 3800/1558/386
f 3804/1562/389 3801/1563/388 3802/1560/388
f 3732/1219/350 3803/1564/389 3804/1562/389
f 3808/1573/405 3805/477/406 3806/1107/406
f 3810/1574/407 3807/1575/408 3808/1573/405
f 3812/1576/409 3809/1577/407 3810/1574/407
f 3814/1578/410 3811/1579/409 3812/1576/409
f 3816/1580/411 3813/1581/410 3814/1578/410
f 3818/1582/412 3815/1583/411 3816/1580/411
f 3820/1584/413 3817/1585/412 3818/1582/412
f 3822/1586/414 3819/1587/413 3820/1584/413
f 3824/1588/415 3821/1589/414 3822/1586/414
f 3826/1590/416 3823/1591/415 3824/1588/415
f 3828/1592/417 3825/1593/416 3826/1590/416
f 3830/1594/418 3827/1595/417 3828/1592/417
f 3832/1596/419 3829/1597/418 3830/1594/418
f 3834/1598/420 3831/1599/419 3832/1596/419
f 3836/1600/421 3833/1601/420 3834/1598/420
f 3838/1602/422 3835/1603/421 3836/1600/421
f 3840/1604/423 3837/1605/422 3838/1602/422
f 3842/1606/424 3839/1607/423 3840/1604/423
f 3844/1608/425 3841/1609/424 3842/1606/424
f 3846/1610/426 3843/1611/427 3844/1608/425
f 3848/1612/428 3845/1613/429 3846/1610/426
f 3850/1614/430 3847/1615/428 3848/1612/428
f 3852/1616/431 3849/1617/430 3850/1614/430
f 3854/1618/432 3851/1619/431 3852/1616/431
f 3856/1620/433 3853/1621/432 3854/1618/432
f 3858/1622/434 3855/1623/433 3856/1620/433
f 3860/1624/435 3857/1625/434 3858/1622/434
f 3862/1626/436 3859/1627/437 3860/1624/435
f 3864/1628/438 3861/1629/436 3862/1626/436
f 3866/1630/439 3863/1631/438 3864/1628/438
f 3868/1632/440 3865/1633/439 3866/1630/439
f 3870/1634/441 3867/1635/440 3868/1632/440
f 3872/1636/442 3869/1637/441 3870/1634/441
f 3874/1638/443 3871/1639/442 3872/1636/442
f 3876/1640/444 3873/1641/443 3874/1638/443
f 3878/1642/445 3875/1643/444 3876/1640/444
f 3880/1644/446 3877/1645/445 3878/1642/445
f 3882/1646/447 3879/1647/446 3880/1644/446
f 3884/1648/448 3881/1649/447 3882/1646/447
f 3886/1650/449 3883/1651/448 3884/1648/448
f 3888/1652/450 3885/1653/449 3886/1650/449
f 3890/1654/451 3887/1655/450 3888/1652/450
f 3892/1656/452 3889/1657/451 3890/1654/451
f 3894/1658/453 3891/1659/452 3892/1656/452
f 3896/1660/454 3893/1661/453 3894/1658/453
f 3898/1662/455 3895/1663/454 3896/1660/454
f 3900/1664/456 3897/1665/455 3898/1662/455
f 3902/1666/457 3899/1667/456 3900/1664/456
f 3904/1668/458 3901/1669/457 3902/1666/457
f 3906/1670/459 3903/1671/458 3904/1668/458
f 3908/1672/460 3905/1673/459 3906/1670/459
f 3910/1674/461 3907/1675/460 3908/1672/460
f 3912/1676/462 3909/1677/461 3910/1674/461
f 3914/1678/463 3911/1679/462 3912/1676/462
f 3916/1680/464 3913/1681/463 3914/1678/463
f 3918/1682/465 3915/1683/464 3916/1680/464
f 3920/1684/466 3917/1685/465 3918/1682/465
f 3922/1686/467 3919/1687/466 3920/1684/466
f 3924/1688/468 3921/1689/467 3922/1686/467
f 3926/1690/469 3923/1691/468 3924/1688/468
f 3928/1692/470 3925/1693/469 3926/1690/469
f 3930/1694/471 3927/1695/470 3928/1692/470
f 3932/1696/472 3929/1697/471 3930/1694/471
f 3934/1698/473 3931/1699/472 3932/1696/472
f 3936/1700/474 3933/1701/473 3934/1698/473
f 3938/1702/475 3935/1703/474 3936/1700/474
f 3940/1162/207 3937/1704/475 3938/1702/475
f 3942/1705/476 3939/625/207 3940/1162/207
f 3944/1706/477 3941/1707/476 3942/1705/476
f 3946/1708/478 3943/1709/477 3944/1706/477
f 3948/1710/479 3945/1711/478 3946/1708/478
f 3950/1712/480 3947/1713/479 3948/1710/479
f 3952/1714/481 3949/1715/482 3950/1712/480
f 3954/1716/483 3951/1717/481 3952/1714/481
f 3956/1718/484 3953/1719/483 3954/1716/483
f 3958/1720/485 3955/1721/484 3956/1718/484
f 3960/1722/486 3957/1723/485 3958/1720/485
f 3962/1724/487 3959/1725/486 3960/1722/486
f 3964/1726/488 3961/1727/487 3962/1724/487
f 3966/1728/489 3963/1729/488 3964/1726/488
f 3968/1730/490 3965/1731/489 3966/1728/489
f 3970/1732/491 3967/1733/490 3968/1730/490
f 3972/1734/492 3969/1735/491 3970/1732/491
f 3974/1736/493 3971/1737/492 3972/1734/492
f 3976/1738/494 3973/1739/493 3974/1736/493
f 3978/1740/495 3975/1741/494 3976/1738/494
f 3980/1742/496 3977/1743/495 3978/1740/495
f 3982/1744/497 3979/1745/496 3980/1742/496
f 3984/1746/498 3981/1747/497 3982/1744/497
f 3986/1748/499 3983/1749/498 3984/1746/498
f 3988/1750/500 3985/1751/499 3986/1748/499
f 3990/1752/501 3987/1753/500 3988/1750/500
f 3992/1754/502 3989/1755/501 3990/1752/501
f 3994/1756/503 3991/1757/502 3992/1754/502
f 3996/1758/504 3993/1759/503 3994/1756/503
f 3998/1760/505 3995/1761/504 3996/1758/504
f 4000/1762/506 3997/1763/505 3998/1760/505
f 4002/1764/507 3999/1765/506 4000/1762/506
f 4004/1766/508 4001/1767/507 4002/1764/507
f 4006/1768/509 4003/1769/508 4004/1766/508
f 4008/1770/510 4005/1771/509 4006/1768/509
f 4010/1772/511 4007/1773/510 4008/1770/510
f 4012/1774/512 4009/1775/511 4010/1772/511
f 4014/1776/513 4011/1777/512 4012/1774/512
f 4016/1778/514 4013/1779/513 4014/1776/513
f 4018/1780/515 4015/1781/514 4016/1778/514
f 4020/1782/516 4017/1783/515 4018/1780/515
f 4022/1784/517 4019/1785/516 4020/1782/516
f 4024/1786/518 4021/1787/517 4022/1784/517
f 4026/1788/519 4023/1789/518 4024/1786/518
f 4028/1790/520 4025/1791/519 4026/1788/519
f 4030/1792/521 4027/1793/520 4028/1790/520
f 4032/1794/522 4029/1795/521 4030/1792/521
f 4034/1796/523 4031/1797/522 4032/1794/522
f 4036/1798/524 4033/1799/523 4034/1796/523
f 4038/1800/525 4035/1801/524 4036/1798/524
f 4040/1802/526 4037/1803/525 4038/1800/525
f 4042/1804/527 4039/1805/526 4040/1802/526
f 4044/1806/528 4041/1807/527 4042/1804/527
f 4046/1808/529 4043/1809/528 4044/1806/528
f 4048/1810/530 4045/1811/529 4046/1808/529
f 4050/1812/531 4047/1813/530 4048/1810/530
f 4052/1814/532 4049/1815/531 4050/1812/531
f 4054/1816/533 4051/1817/532 4052/1814/532
f 4056/1818/534 4053/1819/533 4054/1816/533
f 4058/1820/535 4055/1821/534 4056/1818/534
f 4060/1822/536 4057/1823/535 4058/1820/535
f 4062/1824/537 4059/1825/536 4060/1822/536
f 4064/1826/538 4061/1827/537 4062/1824/537
f 4066/1828/539 4063/1829/538 4064/1826/538
f 4068/1830/540 4065/1831/539 4066/1828/539
f 4070/1832/541 4067/1833/540 4068/1830/540
f 4072/1834/542 4069/1835/541 4070/1832/541
f 3806/1219/406 4071/1836/542 4072/1834/542
f 4076/1569/397 4073/477/186 4074/1107/186
f 4078/1162/131 4075/1570/397 4076/1569/397
f 4080/1571/130 4077/625/131 4078/1162/131
f 4074/1219/186 4079/1572/130 4080/1571/130
f 4084/1837/543 4081/477/544 4082/1107/544
f 4086/1838/545 4083/1839/543 4084/1837/543
f 4088/1840/546 4085/1841/545 4086/1838/545
f 4090/1842/547 4087/1843/546 4088/1840/546
f 4092/1844/186 4089/1845/547 4090/1842/547
f 4094/1846/548 4091/1847/186 4092/1844/186
f 4096/1848/549 4093/1849/548 4094/1846/548
f 4098/1565/550 4095/1850/551 4096/1848/549
f 4100/1851/552 4097/602/550 4098/1565/550
f 4102/1852/553 4099/1853/552 4100/1851/552
f 4104/1854/554 4101/1855/555 4102/1852/553
f 4106/1569/556 4103/1856/554 4104/1854/554
f 4108/1857/557 4105/1570/556 4106/1569/556
f 4110/1858/558 4107/1859/557 4108/1857/557
f 4112/1860/559 4109/1861/558 4110/1858/558
f 4114/1566/560 4111/1862/561 4112/1860/559
f 4116/1863/397 4113/601/560 4114/1566/560
f 4118/1864/562 4115/1865/397 4116/1863/397
f 4120/1866/563 4117/1867/562 4118/1864/562
f 4122/1868/564 4119/1869/565 4120/1866/563
f 4124/1870/566 4121/1871/564 4122/1868/564
f 4126/1872/567 4123/1873/566 4124/1870/566
f 4128/1874/568 4125/1875/567 4126/1872/567
f 4130/1162/569 4127/1876/568 4128/1874/568
f 4132/1877/570 4129/625/569 4130/1162/569
f 4134/1878/571 4131/1879/570 4132/1877/570
f 4136/1880/572 4133/1881/571 4134/1878/571
f 4138/1882/573 4135/1883/574 4136/1880/572
f 4140/1884/131 4137/1885/573 4138/1882/573
f 4142/1886/575 4139/1887/131 4140/1884/131
f 4144/1888/576 4141/1889/575 4142/1886/575
f 4146/1567/577 4143/1890/578 4144/1888/576
f 4148/1891/579 4145/629/577 4146/1567/577
f 4150/1892/580 4147/1893/579 4148/1891/579
f 4152/1894/581 4149/1895/582 4150/1892/580
f 4154/1571/583 4151/1896/581 4152/1894/581
f 4156/1897/584 4153/1572/583 4154/1571/583
f 4158/1898/585 4155/1899/584 4156/1897/584
f 4160/1900/586 4157/1901/585 4158/1898/585
f 4162/1568/587 4159/1902/586 4160/1900/586
f 4164/1903/130 4161/640/587 4162/1568/587
f 4166/1904/588 4163/1905/130 4164/1903/130
f 4168/1906/589 4165/1907/588 4166/1904/588
f 4170/1908/590 4167/1909/591 4168/1906/589
f 4172/1910/592 4169/1911/590 4170/1908/590
f 4174/1912/593 4171/1913/592 4172/1910/592
f 4176/1914/594 4173/1915/593 4174/1912/593
f 4082/1219/544 4175/1916/594 4176/1914/594
f 4180/1106/130 4177/477/131 4178/1107/131
f 4182/1108/130 4179/1109/130 4180/1106/130
f 4184/1110/132 4181/1111/130 4182/1108/130
f 4186/1112/135 4183/1113/132 4184/1110/132
f 4188/1114/134 4185/1115/135 4186/1112/135
f 4190/1116/136 4187/1117/134 4188/1114/134
f 4192/1118/137 4189/1119/136 4190/1116/136
f 4194/1120/138 4191/1121/137 4192/1118/137
f 4196/1122/139 4193/1123/138 4194/1120/138
f 4198/1124/140 4195/1125/139 4196/1122/139
f 4200/1126/141 4197/1127/140 4198/1124/140
f 4202/1128/142 4199/1129/141 4200/1126/141
f 4204/1130/143 4201/1131/144 4202/1128/142
f 4206/1132/145 4203/1133/143 4204/1130/143
f 4208/1134/146 4205/1135/145 4206/1132/145
f 4210/1136/147 4207/1137/146 4208/1134/146
f 4212/1138/148 4209/1139/147 4210/1136/147
f 4214/1140/149 4211/1141/148 4212/1138/148
f 4216/1142/150 4213/1143/149 4214/1140/149
f 4218/1144/151 4215/1145/150 4216/1142/150
f 4220/1146/153 4217/1147/151 4218/1144/151
f 4222/1148/154 4219/1149/153 4220/1146/153
f 4224/1150/155 4221/1151/154 4222/1148/154
f 4226/1152/156 4223/1153/155 4224/1150/155
f 4228/1154/157 4225/1155/156 4226/1152/156
f 4230/1156/158 4227/1157/157 4228/1154/157
f 4232/1158/159 4229/1159/158 4230/1156/158
f 4234/1160/160 4231/1161/159 4232/1158/159
f 4236/1162/161 4233/1163/160 4234/1160/160
f 4238/1164/162 4235/625/161 4236/1162/161
f 4240/1165/163 4237/1166/162 4238/1164/162
f 4242/1167/164 4239/1168/163 4240/1165/163
f 4244/1169/165 4241/1170/164 4242/1167/164
f 4246/1171/166 4243/1172/165 4244/1169/165
f 4248/1173/167 4245/1174/166 4246/1171/166
f 4250/1175/168 4247/1176/167 4248/1173/167
f 4252/1177/169 4249/1178/168 4250/1175/168
f 4254/1179/170 4251/1180/169 4252/1177/169
f 4256/1181/171 4253/1182/170 4254/1179/170
f 4258/1183/172 4255/1184/171 4256/1181/171
f 4260/1185/173 4257/1186/172 4258/1183/172
f 4262/1187/174 4259/1188/173 4260/1185/173
f 4264/1189/175 4261/1190/174 4262/1187/174
f 4266/1191/176 4263/1192/175 4264/1189/175
f 4268/1193/177 4265/1194/176 4266/1191/176
f 4270/1195/178 4267/1196/177 4268/1193/177
f 4272/1197/179 4269/1198/178 4270/1195/178
f 4274/1199/180 4271/1200/179 4272/1197/179
f 4276/1201/181 4273/1202/180 4274/1199/180
f 4278/1203/183 4275/1204/181 4276/1201/181
f 4280/1205/184 4277/1206/183 4278/1203/183
f 4282/1207/187 4279/1208/184 4280/1205/184
f 4284/1209/186 4281/1210/187 4282/1207/187
f 4286/1211/186 4283/1212/186 4284/1209/186
f 4288/1213/188 4285/1214/186 4286/1211/186
f 4290/1215/189 4287/1216/188 4288/1213/188
f 4292/1217/131 4289/1218/190 4290/1215/189
f 4178/1219/131 4291/1220/131 4292/1217/131
f 4296/1221/191 4293/477/192 4294/1107/192
f 4298/1222/193 4295/1223/191 4296/1221/191
f 4300/1224/194 4297/1225/193 4298/1222/193
f 4302/1226/195 4299/1227/194 4300/1224/194
f 4304/1228/196 4301/1229/195 4302/1226/195
f 4306/1230/197 4303/1231/196 4304/1228/196
f 4308/1232/198 4305/1233/197 4306/1230/197
f 4310/1234/201 4307/1235/198 4308/1232/198
f 4312/1236/200 4309/1237/199 4310/1234/201
f 4314/1238/202 4311/1239/200 4312/1236/200
f 4316/1240/203 4313/1241/202 4314/1238/202
f 4318/1242/204 4315/1243/203 4316/1240/203
f 4320/1244/205 4317/1245/204 4318/1242/204
f 4322/1246/206 4319/1247/205 4320/1244/205
f 4324/1248/207 4321/1249/206 4322/1246/206
f 4326/1250/209 4323/1251/207 4324/1248/207
f 4328/1252/210 4325/1253/209 4326/1250/209
f 4330/1254/212 4327/1255/210 4328/1252/210
f 4332/1256/213 4329/1257/212 4330/1254/212
f 4334/1258/214 4331/1259/213 4332/1256/213
f 4336/1260/217 4333/1261/214 4334/1258/214
f 4338/1262/216 4335/1263/215 4336/1260/217
f 4340/1264/218 4337/1265/216 4338/1262/216
f 4342/1266/220 4339/1267/218 4340/1264/218
f 4344/1268/221 4341/1269/220 4342/1266/220
f 4346/1270/224 4343/1271/221 4344/1268/221
f 4348/1272/223 4345/1273/224 4346/1270/224
f 4350/1274/225 4347/1275/223 4348/1272/223
f 4352/1276/226 4349/1277/225 4350/1274/225
f 4354/1278/227 4351/1279/226 4352/1276/226
f 4356/1280/228 4353/1281/227 4354/1278/227
f 4358/1282/229 4355/1283/228 4356/1280/228
f 4360/1284/230 4357/1285/229 4358/1282/229
f 4362/1286/231 4359/1287/230 4360/1284/230
f 4364/1288/232 4361/1289/231 4362/1286/231
f 4366/1290/233 4363/1291/232 4364/1288/232
f 4368/1292/234 4365/1293/233 4366/1290/233
f 4370/1294/235 4367/1295/234 4368/1292/234
f 4372/1296/236 4369/1297/235 4370/1294/235
f 4374/1298/237 4371/1299/236 4372/1296/236
f 4376/1300/238 4373/1301/237 4374/1298/237
f 4378/1302/239 4375/1303/238 4376/1300/238
f 4380/1304/240 4377/1305/239 4378/1302/239
f 4382/1306/241 4379/1307/240 4380/1304/240
f 4384/1308/242 4381/1309/241 4382/1306/241
f 4386/1310/245 4383/1311/242 4384/1308/242
f 4388/1312/244 4385/1313/245 4386/1310/245
f 4390/1314/246 4387/1315/244 4388/1312/244
f 4392/1316/247 4389/1317/246 4390/1314/246
f 4394/1318/248 4391/1319/247 4392/1316/247
f 4396/1320/249 4393/1321/248 4394/1318/248
f 4398/1322/250 4395/1323/249 4396/1320/249
f 4400/1324/251 4397/1325/250 4398/1322/250
f 4402/1326/252 4399/1327/251 4400/1324/251
f 4404/1328/253 4401/1329/252 4402/1326/252
f 4406/1330/254 4403/1331/253 4404/1328/253
f 4408/1332/255 4405/1333/254 4406/1330/254
f 4410/1334/256 4407/1335/255 4408/1332/255
f 4412/1336/257 4409/1337/256 4410/1334/256
f 4414/1338/258 4411/1339/257 4412/1336/257
f 4416/1340/259 4413/1341/258 4414/1338/258
f 4418/1342/260 4415/1343/259 4416/1340/259
f 4420/1344/261 4417/1345/260 4418/1342/260
f 4422/1346/262 4419/1347/261 4420/1344/261
f 4424/1348/398 4421/1349/262 4422/1346/262
f 4426/1350/264 4423/1351/263 4424/1348/398
f 4428/1352/400 4425/1353/264 4426/1350/264
f 4430/1354/266 4427/1355/265 4428/1352/400
f 4432/1356/267 4429/1357/266 4430/1354/266
f 4434/1358/268 4431/1359/267 4432/1356/267
f 4436/1360/269 4433/1361/268 4434/1358/268
f 4438/1362/270 4435/1363/269 4436/1360/269
f 4440/1364/271 4437/1365/270 4438/1362/270
f 4442/1366/272 4439/1367/271 4440/1364/271
f 4444/1368/273 4441/1369/272 4442/1366/272
f 4446/1370/274 4443/1371/273 4444/1368/273
f 4448/1372/275 4445/1373/276 4446/1370/274
f 4450/1374/277 4447/1375/275 4448/1372/275
f 4452/1376/278 4449/1377/277 4450/1374/277
f 4454/1378/279 4451/1379/278 4452/1376/278
f 4456/1380/280 4453/1381/279 4454/1378/279
f 4458/1382/283 4455/1383/280 4456/1380/280
f 4460/1384/282 4457/1385/281 4458/1382/283
f 4462/1386/284 4459/1387/282 4460/1384/282
f 4464/1388/285 4461/1389/284 4462/1386/284
f 4466/1390/288 4463/1391/285 4464/1388/285
f 4468/1392/287 4465/1393/286 4466/1390/288
f 4470/1394/289 4467/1395/287 4468/1392/287
f 4472/1396/290 4469/1397/289 4470/1394/289
f 4474/1398/291 4471/1399/290 4472/1396/290
f 4476/1400/292 4473/1401/291 4474/1398/291
f 4478/1402/293 4475/1403/292 4476/1400/292
f 4480/1404/294 4477/1405/293 4478/1402/293
f 4482/1406/295 4479/1407/294 4480/1404/294
f 4484/1408/296 4481/1409/295 4482/1406/295
f 4486/1410/297 4483/1411/296 4484/1408/296
f 4488/1412/298 4485/1413/297 4486/1410/297
f 4490/1414/299 4487/1415/298 4488/1412/298
f 4492/1416/300 4489/1417/299 4490/1414/299
f 4494/1418/301 4491/1419/300 4492/1416/300
f 4496/1420/302 4493/1421/301 4494/1418/301
f 4498/1422/303 4495/1423/302 4496/1420/302
f 4500/1424/304 4497/1425/303 4498/1422/303
f 4502/1426/305 4499/1427/304 4500/1424/304
f 4504/1428/306 4501/1429/305 4502/1426/305
f 4506/1430/307 4503/1431/306 4504/1428/306
f 4508/1432/308 4505/1433/307 4506/1430/307
f 4510/1434/309 4507/1435/308 4508/1432/308
f 4512/1436/310 4509/1437/309 4510/1434/309
f 4514/1438/311 4511/1439/310 4512/1436/310
f 4516/1440/312 4513/1441/311 4514/1438/311
f 4518/1442/313 4515/1443/312 4516/1440/312
f 4520/1444/316 4517/1445/313 4518/1442/313
f 4522/1446/318 4519/1447/316 4520/1444/316
f 4524/1448/317 4521/1449/318 4522/1446/318
f 4526/1450/322 4523/1451/317 4524/1448/317
f 4528/1452/401 4525/1453/319 4526/1450/322
f 4530/1454/325 4527/1455/321 4528/1452/401
f 4532/1456/324 4529/1457/325 4530/1454/325
f 4534/1458/326 4531/1459/327 4532/1456/324
f 4536/1460/328 4533/1461/329 4534/1458/326
f 4538/1462/330 4535/1463/328 4536/1460/328
f 4540/1464/332 4537/1465/330 4538/1462/330
f 4542/1466/333 4539/1467/332 4540/1464/332
f 4544/1468/334 4541/1469/333 4542/1466/333
f 4546/1470/337 4543/1471/334 4544/1468/334
f 4548/1472/339 4545/1473/335 4546/1470/337
f 4550/1474/338 4547/1475/339 4548/1472/339
f 4552/1476/340 4549/1477/338 4550/1474/338
f 4554/1478/343 4551/1479/340 4552/1476/340
f 4556/1480/342 4553/1481/343 4554/1478/343
f 4558/1482/344 4555/1483/402 4556/1480/342
f 4560/1484/345 4557/1485/344 4558/1482/344
f 4562/1486/403 4559/1487/345 4560/1484/345
f 4564/1488/347 4561/1489/403 4562/1486/403
f 4566/1490/348 4563/1491/347 4564/1488/347
f 4294/1219/192 4565/1492/348 4566/1490/348
f 4570/1493/349 4567/477/350 4568/1107/350
f 4572/1494/351 4569/1495/349 4570/1493/349
f 4574/1496/352 4571/1497/351 4572/1494/351
f 4576/1498/353 4573/1499/352 4574/1496/352
f 4578/1500/354 4575/1501/353 4576/1498/353
f 4580/1502/357 4577/1503/354 4578/1500/354
f 4582/1504/356 4579/1505/357 4580/1502/357
f 4584/1506/358 4581/1507/356 4582/1504/356
f 4586/1508/359 4583/1509/358 4584/1506/358
f 4588/1510/360 4585/1511/359 4586/1508/359
f 4590/1512/361 4587/1513/360 4588/1510/360
f 4592/1514/362 4589/1515/361 4590/1512/361
f 4594/1516/366 4591/1517/362 4592/1514/362
f 4596/1518/365 4593/1519/366 4594/1516/366
f 4598/1520/367 4595/1521/365 4596/1518/365
f 4600/1522/368 4597/1523/367 4598/1520/367
f 4602/1524/369 4599/1525/368 4600/1522/368
f 4604/1526/370 4601/1527/369 4602/1524/369
f 4606/1528/371 4603/1529/370 4604/1526/370
f 4608/1530/372 4605/1531/371 4606/1528/371
f 4610/1532/373 4607/1533/372 4608/1530/372
f 4612/1534/374 4609/1535/373 4610/1532/373
f 4614/1536/375 4611/1537/374 4612/1534/374
f 4616/1538/376 4613/1539/375 4614/1536/375
f 4618/1540/377 4615/1541/376 4616/1538/376
f 4620/1542/378 4617/1543/377 4618/1540/377
f 4622/1544/379 4619/1545/378 4620/1542/378
f 4624/1546/380 4621/1547/379 4622/1544/379
f 4626/1548/381 4623/1549/380 4624/1546/380
f 4628/1550/382 4625/1551/381 4626/1548/381
f 4630/1552/383 4627/1553/382 4628/1550/382
f 4632/1554/384 4629/1555/383 4630/1552/383
f 4634/1556/387 4631/1557/384 4632/1554/384
f 4636/1558/386 4633/1559/387 4634/1556/387
f 4638/1560/388 4635/1561/386 4636/1558/386
f 4640/1562/389 4637/1563/388 4638/1560/388
f 4568/1219/350 4639/1564/389 4640/1562/389
f 4644/1917/595 4641/477/596 4642/1107/596
f 4646/1493/597 4643/1918/595 4644/1917/595
f 4648/1919/598 4645/1495/597 4646/1493/597
f 4650/1494/599 4647/1920/598 4648/1919/598
f 4652/1921/600 4649/1497/599 4650/1494/599
f 4654/1496/601 4651/1922/600 4652/1921/600
f 4656/1923/602 4653/1499/601 4654/1496/601
f 4658/1498/603 4655/1924/602 4656/1923/602
f 4660/1925/604 4657/1501/603 4658/1498/603
f 4662/1500/605 4659/1926/604 4660/1925/604
f 4664/1927/606 4661/1503/605 4662/1500/605
f 4666/1502/607 4663/1928/606 4664/1927/606
f 4668/1929/608 4665/1505/607 4666/1502/607
f 4670/1504/609 4667/1930/608 4668/1929/608
f 4672/1931/610 4669/1507/609 4670/1504/609
f 4674/1506/611 4671/1932/610 4672/1931/610
f 4676/1933/612 4673/1509/611 4674/1506/611
f 4678/1508/613 4675/1934/612 4676/1933/612
f 4680/1935/614 4677/1511/613 4678/1508/613
f 4682/1510/615 4679/1936/614 4680/1935/614
f 4684/1937/616 4681/1513/615 4682/1510/615
f 4686/1512/617 4683/1938/616 4684/1937/616
f 4688/1939/618 4685/1515/617 4686/1512/617
f 4690/1514/619 4687/1940/618 4688/1939/618
f 4692/1941/620 4689/1517/619 4690/1514/619
f 4694/1516/621 4691/1942/620 4692/1941/620
f 4696/1943/622 4693/1519/621 4694/1516/621
f 4698/1518/623 4695/1944/622 4696/1943/622
f 4700/1945/624 4697/1521/623 4698/1518/623
f 4702/1520/625 4699/1946/624 4700/1945/624
f 4704/1947/626 4701/1523/625 4702/1520/625
f 4706/1522/627 4703/1948/626 4704/1947/626
f 4708/1949/628 4705/1525/627 4706/1522/627
f 4710/1524/629 4707/1950/628 4708/1949/628
f 4712/1951/630 4709/1527/629 4710/1524/629
f 4714/1526/631 4711/1952/630 4712/1951/630
f 4716/1162/632 4713/1529/631 4714/1526/631
f 4718/1528/633 4715/625/632 4716/1162/632
f 4720/1953/634 4717/1531/633 4718/1528/633
f 4722/1530/635 4719/1954/634 4720/1953/634
f 4724/1955/636 4721/1533/635 4722/1530/635
f 4726/1532/637 4723/1956/636 4724/1955/636
f 4728/1957/638 4725/1535/637 4726/1532/637
f 4730/1534/639 4727/1958/638 4728/1957/638
f 4732/1959/640 4729/1537/639 4730/1534/639
f 4734/1536/641 4731/1960/640 4732/1959/640
f 4736/1961/642 4733/1539/641 4734/1536/641
f 4738/1538/643 4735/1962/642 4736/1961/642
f 4740/1963/644 4737/1541/643 4738/1538/643
f 4742/1540/645 4739/1964/644 4740/1963/644
f 4744/1965/646 4741/1543/645 4742/1540/645
f 4746/1542/647 4743/1966/646 4744/1965/646
f 4748/1967/648 4745/1545/647 4746/1542/647
f 4750/1544/649 4747/1968/648 4748/1967/648
f 4752/1969/650 4749/1547/649 4750/1544/649
f 4754/1546/651 4751/1970/650 4752/1969/650
f 4756/1971/652 4753/1549/651 4754/1546/651
f 4758/1548/653 4755/1972/652 4756/1971/652
f 4760/1973/654 4757/1551/653 4758/1548/653
f 4762/1550/655 4759/1974/654 4760/1973/654
f 4764/1975/656 4761/1553/655 4762/1550/655
f 4766/1552/657 4763/1976/656 4764/1975/656
f 4768/1977/658 4765/1555/657 4766/1552/657
f 4770/1554/659 4767/1978/658 4768/1977/658
f 4772/1979/660 4769/1557/659 4770/1554/659
f 4774/1556/661 4771/1980/660 4772/1979/660
f 4776/1981/662 4773/1559/661 4774/1556/661
f 4778/1558/663 4775/1982/662 4776/1981/662
f 4780/1983/664 4777/1561/663 4778/1558/663
f 4782/1560/665 4779/1984/664 4780/1983/664
f 4784/1985/666 4781/1563/665 4782/1560/665
f 4786/1562/667 4783/1986/668 4784/1985/666
f 4788/1987/669 4785/1564/667 4786/1562/667
f 4642/1219/596 4787/1988/669 4788/1987/669
f 4792/1989/670 4789/477/671 4790/1107/671
f 4794/1990/672 4791/1991/673 4792/1989/670
f 4796/1992/674 4793/1993/672 4794/1990/672
f 4798/1994/675 4795/1995/674 4796/1992/674
f 4800/1996/676 4797/1997/675 4798/1994/675
f 4802/1998/677 4799/563/676 4800/1996/676
f 4804/1999/678 4801/2000/677 4802/1998/677
f 4806/2001/679 4803/2002/680 4804/1999/678
f 4808/2003/681 4805/2004/679 4806/2001/679
f 4810/2005/682 4807/2006/681 4808/2003/681
f 4812/2007/683 4809/504/682 4810/2005/682
f 4814/2008/684 4811/2009/683 4812/2007/683
f 4816/2010/685 4813/2011/684 4814/2008/684
f 4818/2012/686 4815/2013/685 4816/2010/685
f 4820/2014/687 4817/2015/686 4818/2012/686
f 4822/2016/688 4819/575/687 4820/2014/687
f 4824/2017/689 4821/2018/688 4822/2016/688
f 4826/2019/690 4823/2020/689 4824/2017/689
f 4828/2021/691 4825/2022/692 4826/2019/690
f 4830/2023/693 4827/2024/691 4828/2021/691
f 4832/2025/694 4829/532/693 4830/2023/693
f 4834/2026/695 4831/2027/694 4832/2025/694
f 4836/2028/696 4833/2029/695 4834/2026/695
f 4838/2030/697 4835/2031/696 4836/2028/696
f 4790/1219/671 4837/2032/697 4838/2030/697
f 4842/2033/698 4839/477/131 4840/1107/131
f 4844/2034/699 4841/2035/698 4842/2033/698
f 4846/2036/700 4843/2037/699 4844/2034/699
f 4848/2038/701 4845/2039/700 4846/2036/700
f 4850/2040/702 4847/2041/701 4848/2038/701
f 4852/2042/703 4849/498/702 4850/2040/702
f 4854/2043/704 4851/2044/703 4852/2042/703
f 4856/2045/705 4853/2046/706 4854/2043/704
f 4858/2047/707 4855/2048/705 4856/2045/705
f 4860/2049/708 4857/2050/707 4858/2047/707
f 4862/1996/709 4859/476/708 4860/2049/708
f 4864/2051/710 4861/563/709 4862/1996/709
f 4866/2052/711 4863/2053/710 4864/2051/710
f 4868/2054/712 4865/2055/711 4866/2052/711
f 4870/2056/713 4867/2057/712 4868/2054/712
f 4872/2058/714 4869/454/713 4870/2056/713
f 4874/2059/715 4871/2060/716 4872/2058/714
f 4876/2061/717 4873/2062/715 4874/2059/715
f 4878/2063/718 4875/2064/717 4876/2061/717
f 4880/2065/719 4877/2066/718 4878/2063/718
f 4882/2067/720 4879/469/719 4880/2065/719
f 4884/2005/721 4881/2068/720 4882/2067/720
f 4886/2069/722 4883/504/721 4884/2005/721
f 4888/2070/723 4885/2071/722 4886/2069/722
f 4890/2072/724 4887/2073/723 4888/2070/723
f 4892/2074/725 4889/393/724 4890/2072/724
f 4894/2075/726 4891/2076/725 4892/2074/725
f 4896/2077/727 4893/2078/726 4894/2075/726
f 4898/2079/728 4895/2080/727 4896/2077/727
f 4900/2081/729 4897/2082/728 4898/2079/728
f 4902/2083/730 4899/414/731 4900/2081/729
f 4904/2084/732 4901/2085/733 4902/2083/730
f 4906/2014/734 4903/2086/732 4904/2084/732
f 4908/2087/735 4905/575/734 4906/2014/734
f 4910/2088/736 4907/2089/735 4908/2087/735
f 4912/2090/737 4909/437/736 4910/2088/736
f 4914/2091/738 4911/2092/737 4912/2090/737
f 4916/2093/739 4913/2094/738 4914/2091/738
f 4918/2095/740 4915/2096/739 4916/2093/739
f 4920/2097/741 4917/2098/740 4918/2095/740
f 4922/2099/742 4919/442/741 4920/2097/741
f 4924/2100/743 4921/2101/742 4922/2099/742
f 4926/2102/744 4923/2103/743 4924/2100/743
f 4928/2023/745 4925/2104/744 4926/2102/744
f 4930/2105/746 4927/532/745 4928/2023/745
f 4932/2106/747 4929/421/746 4930/2105/746
f 4934/2107/748 4931/2108/747 4932/2106/747
f 4936/2109/749 4933/2110/748 4934/2107/748
f 4938/2111/750 4935/2112/749 4936/2109/749
f 4940/2113/751 4937/2114/750 4938/2111/750
f 4942/2115/130 4939/398/751 4940/2113/751
f 4944/2116/186 4941/2117/130 4942/2115/130
f 4946/2118/397 4943/2119/186 4944/2116/186
f 4948/2120/131 4945/2121/397 4946/2118/397
f 4840/1219/131 4947/2122/131 4948/2120/131
f 4952/1837/752 4949/477/753 4950/1107/753
f 4954/1838/754 4951/1839/752 4952/1837/752
f 4956/1840/755 4953/1841/754 4954/1838/754
f 4958/1842/756 4955/1843/755 4956/1840/755
f 4960/1844/757 4957/1845/756 4958/1842/756
f 4962/1846/758 4959/1847/757 4960/1844/757
f 4964/1848/759 4961/1849/758 4962/1846/758
f 4966/1565/760 4963/1850/759 4964/1848/759
f 4968/1851/761 4965/602/760 4966/1565/760
f 4970/1852/762 4967/1853/761 4968/1851/761
f 4972/1854/763 4969/1855/762 4970/1852/762
f 4974/1569/764 4971/1856/763 4972/1854/763
f 4976/1857/765 4973/1570/764 4974/1569/764
f 4978/1858/766 4975/1859/765 4976/1857/765
f 4980/1860/767 4977/1861/766 4978/1858/766
f 4982/1566/768 4979/1862/767 4980/1860/767
f 4984/1863/769 4981/601/768 4982/1566/768
f 4986/1864/770 4983/1865/769 4984/1863/769
f 4988/1866/771 4985/1867/770 4986/1864/770
f 4990/1868/772 4987/1869/771 4988/1866/771
f 4992/1870/773 4989/1871/772 4990/1868/772
f 4994/1872/774 4991/1873/773 4992/1870/773
f 4996/1874/775 4993/1875/774 4994/1872/774
f 4998/1162/776 4995/1876/775 4996/1874/775
f 5000/1877/777 4997/625/776 4998/1162/776
f 5002/1878/778 4999/1879/777 5000/1877/777
f 5004/1880/779 5001/1881/778 5002/1878/778
f 5006/1882/780 5003/1883/779 5004/1880/779
f 5008/1884/781 5005/1885/782 5006/1882/780
f 5010/1886/783 5007/1887/781 5008/1884/781
f 5012/1888/784 5009/1889/783 5010/1886/783
f 5014/1567/785 5011/1890/784 5012/1888/784
f 5016/1891/786 5013/629/787 5014/1567/785
f 5018/1892/788 5015/1893/786 5016/1891/786
f 5020/1894/789 5017/1895/788 5018/1892/788
f 5022/1571/790 5019/1896/789 5020/1894/789
f 5024/1897/791 5021/1572/792 5022/1571/790
f 5026/1898/793 5023/1899/794 5024/1897/791
f 5028/1900/795 5025/1901/793 5026/1898/793
f 5030/1568/796 5027/1902/795 5028/1900/795
f 5032/1903/797 5029/640/796 5030/1568/796
f 5034/1904/798 5031/1905/797 5032/1903/797
f 5036/1906/799 5033/1907/798 5034/1904/798
f 5038/1908/800 5035/1909/799 5036/1906/799
f 5040/1910/801 5037/1911/800 5038/1908/800
f 5042/1912/802 5039/1913/801 5040/1910/801
f 5044/1914/803 5041/1915/802 5042/1912/802
f 4950/1219/753 5043/1916/804 5044/1914/803
f 5048/1837/805 5045/477/806 5046/1107/806
f 5050/1838/807 5047/1839/805 5048/1837/805
f 5052/1840/808 5049/1841/807 5050/1838/807
f 5054/1842/809 5051/1843/808 5052/1840/808
f 5056/1844/810 5053/1845/809 5054/1842/809
f 5058/1846/811 5055/1847/810 5056/1844/810
f 5060/1848/812 5057/1849/811 5058/1846/811
f 5062/1565/813 5059/1850/812 5060/1848/812
f 5064/1851/814 5061/602/813 5062/1565/813
f 5066/1852/815 5063/1853/814 5064/1851/814
f 5068/1854/816 5065/1855/815 5066/1852/815
f 5070/1569/148 5067/1856/816 5068/1854/816
f 5072/1857/817 5069/1570/148 5070/1569/148
f 5074/1858/818 5071/1859/817 5072/1857/817
f 5076/1860/819 5073/1861/818 5074/1858/818
f 5078/1566/820 5075/1862/819 5076/1860/819
f 5080/1863/821 5077/601/820 5078/1566/820
f 5082/1864/822 5079/1865/821 5080/1863/821
f 5084/1866/823 5081/1867/824 5082/1864/822
f 5086/1868/825 5083/1869/823 5084/1866/823
f 5088/1870/826 5085/1871/825 5086/1868/825
f 5090/1872/827 5087/1873/826 5088/1870/826
f 5092/1874/828 5089/1875/827 5090/1872/827
f 5094/1162/829 5091/1876/828 5092/1874/828
f 5096/1877/830 5093/625/829 5094/1162/829
f 5098/1878/831 5095/1879/832 5096/1877/830
f 5100/1880/833 5097/1881/831 5098/1878/831
f 5102/1882/834 5099/1883/833 5100/1880/833
f 5104/1884/835 5101/1885/834 5102/1882/834
f 5106/1886/836 5103/1887/835 5104/1884/835
f 5108/1888/837 5105/1889/836 5106/1886/836
f 5110/1567/838 5107/1890/837 5108/1888/837
f 5112/1891/839 5109/629/838 5110/1567/838
f 5114/1892/840 5111/1893/839 5112/1891/839
f 5116/1894/841 5113/1895/840 5114/1892/840
f 5118/1571/842 5115/1896/841 5116/1894/841
f 5120/1897/843 5117/1572/842 5118/1571/842
f 5122/1898/844 5119/1899/843 5120/1897/843
f 5124/1900/845 5121/1901/844 5122/1898/844
f 5126/1568/846 5123/1902/845 5124/1900/845
f 5128/1903/847 5125/640/846 5126/1568/846
f 5130/1904/848 5127/1905/847 5128/1903/847
f 5132/1906/849 5129/1907/848 5130/1904/848
f 5134/1908/850 5131/1909/849 5132/1906/849
f 5136/1910/851 5133/1911/850 5134/1908/850
f 5138/1912/852 5135/1913/851 5136/1910/851
f 5140/1914/853 5137/1915/852 5138/1912/852
f 5046/1219/806 5139/1916/853 5140/1914/853
f 5144/1917/854 5141/477/855 5142/1107/855
f 5146/1493/856 5143/1918/854 5144/1917/854
f 5148/1919/857 5145/1495/856 5146/1493/856
f 5150/1494/858 5147/1920/857 5148/1919/857
f 5152/1921/859 5149/1497/858 5150/1494/858
f 5154/1496/860 5151/1922/859 5152/1921/859
f 5156/1923/861 5153/1499/860 5154/1496/860
f 5158/1498/862 5155/1924/863 5156/1923/861
f 5160/1925/864 5157/1501/862 5158/1498/862
f 5162/1500/865 5159/1926/864 5160/1925/864
f 5164/1927/866 5161/1503/865 5162/1500/865
f 5166/1502/456 5163/1928/866 5164/1927/866
f 5168/1929/867 5165/1505/456 5166/1502/456
f 5170/1504/868 5167/1930/867 5168/1929/867
f 5172/1931/869 5169/1507/868 5170/1504/868
f 5174/1506/870 5171/1932/871 5172/1931/869
f 5176/1933/872 5173/1509/870 5174/1506/870
f 5178/1508/873 5175/1934/872 5176/1933/872
f 5180/1935/874 5177/1511/875 5178/1508/873
f 5182/1510/876 5179/1936/877 5180/1935/874
f 5184/1937/878 5181/1513/879 5182/1510/876
f 5186/1512/880 5183/1938/881 5184/1937/878
f 5188/1939/882 5185/1515/880 5186/1512/880
f 5190/1514/883 5187/1940/882 5188/1939/882
f 5192/1941/884 5189/1517/883 5190/1514/883
f 5194/1516/885 5191/1942/884 5192/1941/884
f 5196/1943/886 5193/1519/885 5194/1516/885
f 5198/1518/887 5195/1944/886 5196/1943/886
f 5200/1945/888 5197/1521/889 5198/1518/887
f 5202/1520/890 5199/1946/888 5200/1945/888
f 5204/1947/891 5201/1523/892 5202/1520/890
f 5206/1522/893 5203/1948/894 5204/1947/891
f 5208/1949/895 5205/1525/893 5206/1522/893
f 5210/1524/896 5207/1950/897 5208/1949/895
f 5212/1951/898 5209/1527/896 5210/1524/896
f 5214/1526/594 5211/1952/898 5212/1951/898
f 5216/1162/899 5213/1529/594 5214/1526/594
f 5218/1528/900 5215/625/899 5216/1162/899
f 5220/1953/901 5217/1531/900 5218/1528/900
f 5222/1530/902 5219/1954/903 5220/1953/901
f 5224/1955/904 5221/1533/902 5222/1530/902
f 5226/1532/905 5223/1956/906 5224/1955/904
f 5228/1957/907 5225/1535/908 5226/1532/905
f 5230/1534/909 5227/1958/907 5228/1957/907
f 5232/1959/910 5229/1537/911 5230/1534/909
f 5234/1536/912 5231/1960/910 5232/1959/910
f 5236/1961/913 5233/1539/912 5234/1536/912
f 5238/1538/914 5235/1962/913 5236/1961/913
f 5240/1963/915 5237/1541/914 5238/1538/914
f 5242/1540/916 5239/1964/915 5240/1963/915
f 5244/1965/917 5241/1543/916 5242/1540/916
f 5246/1542/918 5243/1966/917 5244/1965/917
f 5248/1967/919 5245/1545/920 5246/1542/918
f 5250/1544/921 5247/1968/922 5248/1967/919
f 5252/1969/923 5249/1547/921 5250/1544/921
f 5254/1546/924 5251/1970/923 5252/1969/923
f 5256/1971/925 5253/1549/924 5254/1546/924
f 5258/1548/926 5255/1972/927 5256/1971/925
f 5260/1973/928 5257/1551/926 5258/1548/926
f 5262/1550/929 5259/1974/928 5260/1973/928
f 5264/1975/930 5261/1553/929 5262/1550/929
f 5266/1552/931 5263/1976/930 5264/1975/930
f 5268/1977/932 5265/1555/931 5266/1552/931
f 5270/1554/933 5267/1978/932 5268/1977/932
f 5272/1979/934 5269/1557/933 5270/1554/933
f 5274/1556/935 5271/1980/936 5272/1979/934
f 5276/1981/937 5273/1559/935 5274/1556/935
f 5278/1558/938 5275/1982/937 5276/1981/937
f 5280/1983/939 5277/1561/938 5278/1558/938
f 5282/1560/940 5279/1984/939 5280/1983/939
f 5284/1985/941 5281/1563/940 5282/1560/940
f 5286/1562/942 5283/1986/941 5284/1985/941
f 5288/1987/568 5285/1564/942 5286/1562/942
f 5142/1219/855 5287/1988/568 5288/1987/568
f 5292/1837/943 5289/477/944 5290/1107/944
f 5294/1838/945 5291/1839/943 5292/1837/943
f 5296/1840/946 5293/1841/947 5294/1838/945
f 5298/1842/948 5295/1843/946 5296/1840/946
f 5300/1844/130 5297/1845/948 5298/1842/948
f 5302/1846/949 5299/1847/130 5300/1844/130
f 5304/1848/950 5301/1849/951 5302/1846/949
f 5306/1565/952 5303/1850/950 5304/1848/950
f 5308/1851/953 5305/602/954 5306/1565/952
f 5310/1852/955 5307/1853/956 5308/1851/953
f 5312/1854/594 5309/1855/955 5310/1852/955
f 5314/1569/957 5311/1856/594 5312/1854/594
f 5316/1857/958 5313/1570/957 5314/1569/957
f 5318/1858/959 5315/1859/958 5316/1857/958
f 5320/1860/960 5317/1861/961 5318/1858/959
f 5322/1566/962 5319/1862/960 5320/1860/960
f 5324/1863/186 5321/601/963 5322/1566/962
f 5326/1864/964 5323/1865/186 5324/1863/186
f 5328/1866/965 5325/1867/964 5326/1864/964
f 5330/1868/966 5327/1869/965 5328/1866/965
f 5332/1870/967 5329/1871/968 5330/1868/966
f 5334/1872/969 5331/1873/970 5332/1870/967
f 5336/1874/554 5333/1875/969 5334/1872/969
f 5338/1162/971 5335/1876/554 5336/1874/554
f 5340/1877/972 5337/625/971 5338/1162/971
f 5342/1878/973 5339/1879/972 5340/1877/972
f 5344/1880/974 5341/1881/975 5342/1878/973
f 5346/1882/976 5343/1883/974 5344/1880/974
f 5348/1884/397 5345/1885/976 5346/1882/976
f 5350/1886/977 5347/1887/397 5348/1884/397
f 5352/1888/978 5349/1889/979 5350/1886/977
f 5354/1567/980 5351/1890/978 5352/1888/978
f 5356/1891/981 5353/629/982 5354/1567/980
f 5358/1892/983 5355/1893/984 5356/1891/981
f 5360/1894/568 5357/1895/983 5358/1892/983
f 5362/1571/985 5359/1896/568 5360/1894/568
f 5364/1897/986 5361/1572/985 5362/1571/985
f 5366/1898/987 5363/1899/988 5364/1897/986
f 5368/1900/989 5365/1901/990 5366/1898/987
f 5370/1568/991 5367/1902/989 5368/1900/989
f 5372/1903/131 5369/640/992 5370/1568/991
f 5374/1904/993 5371/1905/131 5372/1903/131
f 5376/1906/994 5373/1907/995 5374/1904/993
f 5378/1908/996 5375/1909/994 5376/1906/994
f 5380/1910/997 5377/1911/998 5378/1908/996
f 5382/1912/999 5379/1913/1000 5380/1910/997
f 5384/1914/581 5381/1915/999 5382/1912/999
f 5290/1219/944 5383/1916/581 5384/1914/581
f 2976/1106/130 2975/1109/130 2973/477/131
f 2978/1108/130 2977/1111/130 2975/1109/130
f 2980/1110/132 2979/1113/132 2977/1111/130
f 2982/1112/133 2981/1115/135 2979/1113/132
f 2984/1114/134 2983/1117/134 2981/1115/135
f 2986/1116/136 2985/1119/136 2983/1117/134
f 2988/1118/137 2987/1121/137 2985/1119/136
f 2990/1120/138 2989/1123/138 2987/1121/137
f 2992/1122/139 2991/1125/139 2989/1123/138
f 2994/1124/140 2993/1127/140 2991/1125/139
f 2996/1126/141 2995/1129/141 2993/1127/140
f 2998/1128/142 2997/1131/144 2995/1129/141
f 3000/1130/143 2999/1133/143 2997/1131/144
f 3002/1132/145 3001/1135/145 2999/1133/143
f 3004/1134/146 3003/1137/146 3001/1135/145
f 3006/1136/147 3005/1139/147 3003/1137/146
f 3008/1138/148 3007/1141/148 3005/1139/147
f 3010/1140/149 3009/1143/149 3007/1141/148
f 3012/1142/150 3011/1145/152 3009/1143/149
f 3014/1144/151 3013/1147/151 3011/1145/152
f 3016/1146/153 3015/1149/153 3013/1147/151
f 3018/1148/154 3017/1151/154 3015/1149/153
f 3020/1150/155 3019/1153/155 3017/1151/154
f 3022/1152/156 3021/1155/156 3019/1153/155
f 3024/1154/157 3023/1157/157 3021/1155/156
f 3026/1156/158 3025/1159/158 3023/1157/157
f 3028/1158/159 3027/1161/159 3025/1159/158
f 3030/1160/160 3029/1163/160 3027/1161/159
f 3032/1162/161 3031/625/161 3029/1163/160
f 3034/1164/162 3033/1166/162 3031/625/161
f 3036/1165/163 3035/1168/163 3033/1166/162
f 3038/1167/164 3037/1170/164 3035/1168/163
f 3040/1169/165 3039/1172/165 3037/1170/164
f 3042/1171/166 3041/1174/166 3039/1172/165
f 3044/1173/167 3043/1176/167 3041/1174/166
f 3046/1175/168 3045/1178/168 3043/1176/167
f 3048/1177/169 3047/1180/169 3045/1178/168
f 3050/1179/170 3049/1182/170 3047/1180/169
f 3052/1181/171 3051/1184/171 3049/1182/170
f 3054/1183/172 3053/1186/172 3051/1184/171
f 3056/1185/173 3055/1188/173 3053/1186/172
f 3058/1187/174 3057/1190/174 3055/1188/173
f 3060/1189/175 3059/1192/175 3057/1190/174
f 3062/1191/176 3061/1194/176 3059/1192/175
f 3064/1193/177 3063/1196/177 3061/1194/176
f 3066/1195/178 3065/1198/178 3063/1196/177
f 3068/1197/179 3067/1200/179 3065/1198/178
f 3070/1199/180 3069/1202/182 3067/1200/179
f 3072/1201/181 3071/1204/181 3069/1202/182
f 3074/1203/183 3073/1206/183 3071/1204/181
f 3076/1205/184 3075/1208/184 3073/1206/183
f 3078/1207/185 3077/1210/187 3075/1208/184
f 3080/1209/186 3079/1212/186 3077/1210/187
f 3082/1211/186 3081/1214/186 3079/1212/186
f 3084/1213/188 3083/1216/188 3081/1214/186
f 3086/1215/189 3085/1218/190 3083/1216/188
f 3088/1217/131 3087/1220/131 3085/1218/190
f 2974/1219/131 2973/379/131 3087/1220/131
f 3092/1221/191 3091/1223/191 3089/477/192
f 3094/1222/193 3093/1225/193 3091/1223/191
f 3096/1224/194 3095/1227/194 3093/1225/193
f 3098/1226/195 3097/1229/195 3095/1227/194
f 3100/1228/196 3099/1231/196 3097/1229/195
f 3102/1230/197 3101/1233/197 3099/1231/196
f 3104/1232/198 3103/1235/198 3101/1233/197
f 3106/1234/199 3105/1237/201 3103/1235/198
f 3108/1236/200 3107/1239/200 3105/1237/201
f 3110/1238/202 3109/1241/202 3107/1239/200
f 3112/1240/203 3111/1243/203 3109/1241/202
f 3114/1242/204 3113/1245/204 3111/1243/203
f 3116/1244/205 3115/1247/205 3113/1245/204
f 3118/1246/206 3117/1249/208 3115/1247/205
f 3120/1248/207 3119/1251/207 3117/1249/208
f 3122/1250/209 3121/1253/211 3119/1251/207
f 3124/1252/210 3123/1255/210 3121/1253/211
f 3126/1254/212 3125/1257/212 3123/1255/210
f 3128/1256/213 3127/1259/213 3125/1257/212
f 3130/1258/214 3129/1261/214 3127/1259/213
f 3132/1260/215 3131/1263/217 3129/1261/214
f 3134/1262/216 3133/1265/219 3131/1263/217
f 3136/1264/218 3135/1267/218 3133/1265/219
f 3138/1266/220 3137/1269/220 3135/1267/218
f 3140/1268/221 3139/1271/221 3137/1269/220
f 3142/1270/222 3141/1273/224 3139/1271/221
f 3144/1272/223 3143/1275/223 3141/1273/224
f 3146/1274/225 3145/1277/225 3143/1275/223
f 3148/1276/226 3147/1279/226 3145/1277/225
f 3150/1278/227 3149/1281/227 3147/1279/226
f 3152/1280/228 3151/1283/228 3149/1281/227
f 3154/1282/229 3153/1285/229 3151/1283/228
f 3156/1284/230 3155/1287/230 3153/1285/229
f 3158/1286/231 3157/1289/231 3155/1287/230
f 3160/1288/232 3159/1291/232 3157/1289/231
f 3162/1290/233 3161/1293/233 3159/1291/232
f 3164/1292/234 3163/1295/234 3161/1293/233
f 3166/1294/235 3165/1297/235 3163/1295/234
f 3168/1296/236 3167/1299/236 3165/1297/235
f 3170/1298/237 3169/1301/237 3167/1299/236
f 3172/1300/238 3171/1303/238 3169/1301/237
f 3174/1302/239 3173/1305/239 3171/1303/238
f 3176/1304/240 3175/1307/240 3173/1305/239
f 3178/1306/241 3177/1309/241 3175/1307/240
f 3180/1308/242 3179/1311/242 3177/1309/241
f 3182/1310/243 3181/1313/245 3179/1311/242
f 3184/1312/244 3183/1315/244 3181/1313/245
f 3186/1314/246 3185/1317/246 3183/1315/244
f 3188/1316/247 3187/1319/247 3185/1317/246
f 3190/1318/248 3189/1321/248 3187/1319/247
f 3192/1320/249 3191/1323/249 3189/1321/248
f 3194/1322/250 3193/1325/250 3191/1323/249
f 3196/1324/251 3195/1327/251 3193/1325/250
f 3198/1326/252 3197/1329/252 3195/1327/251
f 3200/1328/253 3199/1331/253 3197/1329/252
f 3202/1330/254 3201/1333/254 3199/1331/253
f 3204/1332/255 3203/1335/255 3201/1333/254
f 3206/1334/256 3205/1337/256 3203/1335/255
f 3208/1336/257 3207/1339/257 3205/1337/256
f 3210/1338/258 3209/1341/258 3207/1339/257
f 3212/1340/259 3211/1343/259 3209/1341/258
f 3214/1342/260 3213/1345/260 3211/1343/259
f 3216/1344/261 3215/1347/261 3213/1345/260
f 3218/1346/262 3217/1349/262 3215/1347/261
f 3220/1348/263 3219/1351/263 3217/1349/262
f 3222/1350/264 3221/1353/264 3219/1351/263
f 3224/1352/265 3223/1355/265 3221/1353/264
f 3226/1354/266 3225/1357/266 3223/1355/265
f 3228/1356/267 3227/1359/267 3225/1357/266
f 3230/1358/268 3229/1361/268 3227/1359/267
f 3232/1360/269 3231/1363/269 3229/1361/268
f 3234/1362/270 3233/1365/270 3231/1363/269
f 3236/1364/271 3235/1367/271 3233/1365/270
f 3238/1366/272 3237/1369/272 3235/1367/271
f 3240/1368/273 3239/1371/273 3237/1369/272
f 3242/1370/274 3241/1373/276 3239/1371/273
f 3244/1372/275 3243/1375/275 3241/1373/276
f 3246/1374/277 3245/1377/277 3243/1375/275
f 3248/1376/278 3247/1379/278 3245/1377/277
f 3250/1378/279 3249/1381/279 3247/1379/278
f 3252/1380/280 3251/1383/280 3249/1381/279
f 3254/1382/281 3253/1385/283 3251/1383/280
f 3256/1384/282 3255/1387/282 3253/1385/283
f 3258/1386/284 3257/1389/284 3255/1387/282
f 3260/1388/285 3259/1391/285 3257/1389/284
f 3262/1390/286 3261/1393/288 3259/1391/285
f 3264/1392/287 3263/1395/287 3261/1393/288
f 3266/1394/289 3265/1397/289 3263/1395/287
f 3268/1396/290 3267/1399/290 3265/1397/289
f 3270/1398/291 3269/1401/291 3267/1399/290
f 3272/1400/292 3271/1403/292 3269/1401/291
f 3274/1402/293 3273/1405/293 3271/1403/292
f 3276/1404/294 3275/1407/294 3273/1405/293
f 3278/1406/295 3277/1409/295 3275/1407/294
f 3280/1408/296 3279/1411/296 3277/1409/295
f 3282/1410/297 3281/1413/297 3279/1411/296
f 3284/1412/298 3283/1415/298 3281/1413/297
f 3286/1414/299 3285/1417/299 3283/1415/298
f 3288/1416/300 3287/1419/300 3285/1417/299
f 3290/1418/301 3289/1421/301 3287/1419/300
f 3292/1420/302 3291/1423/302 3289/1421/301
f 3294/1422/303 3293/1425/303 3291/1423/302
f 3296/1424/304 3295/1427/304 3293/1425/303
f 3298/1426/305 3297/1429/305 3295/1427/304
f 3300/1428/306 3299/1431/306 3297/1429/305
f 3302/1430/307 3301/1433/307 3299/1431/306
f 3304/1432/308 3303/1435/308 3301/1433/307
f 3306/1434/309 3305/1437/309 3303/1435/308
f 3308/1436/310 3307/1439/310 3305/1437/309
f 3310/1438/311 3309/1441/311 3307/1439/310
f 3312/1440/312 3311/1443/312 3309/1441/311
f 3314/1442/313 3313/1445/313 3311/1443/312
f 3316/1444/314 3315/1447/316 3313/1445/313
f 3318/1446/315 3317/1449/318 3315/1447/316
f 3320/1448/317 3319/1451/320 3317/1449/318
f 3322/1450/319 3321/1453/322 3319/1451/320
f 3324/1452/321 3323/1455/321 3321/1453/322
f 3326/1454/323 3325/1457/325 3323/1455/321
f 3328/1456/324 3327/1459/327 3325/1457/325
f 3330/1458/326 3329/1461/329 3327/1459/327
f 3332/1460/328 3331/1463/331 3329/1461/329
f 3334/1462/330 3333/1465/330 3331/1463/331
f 3336/1464/332 3335/1467/332 3333/1465/330
f 3338/1466/333 3337/1469/333 3335/1467/332
f 3340/1468/334 3339/1471/334 3337/1469/333
f 3342/1470/335 3341/1473/337 3339/1471/334
f 3344/1472/336 3343/1475/339 3341/1473/337
f 3346/1474/338 3345/1477/338 3343/1475/339
f 3348/1476/340 3347/1479/340 3345/1477/338
f 3350/1478/341 3349/1481/343 3347/1479/340
f 3352/1480/342 3351/1483/342 3349/1481/343
f 3354/1482/344 3353/1485/344 3351/1483/342
f 3356/1484/345 3355/1487/345 3353/1485/344
f 3358/1486/346 3357/1489/346 3355/1487/345
f 3360/1488/347 3359/1491/347 3357/1489/346
f 3362/1490/348 3361/1492/348 3359/1491/347
f 3090/1219/192 3089/379/192 3361/1492/348
f 3366/1493/349 3365/1495/349 3363/477/350
f 3368/1494/351 3367/1497/351 3365/1495/349
f 3370/1496/352 3369/1499/352 3367/1497/351
f 3372/1498/353 3371/1501/353 3369/1499/352
f 3374/1500/354 3373/1503/354 3371/1501/353
f 3376/1502/355 3375/1505/357 3373/1503/354
f 3378/1504/356 3377/1507/356 3375/1505/357
f 3380/1506/358 3379/1509/358 3377/1507/356
f 3382/1508/359 3381/1511/359 3379/1509/358
f 3384/1510/360 3383/1513/360 3381/1511/359
f 3386/1512/361 3385/1515/361 3383/1513/360
f 3388/1514/362 3387/1517/364 3385/1515/361
f 3390/1516/363 3389/1519/366 3387/1517/364
f 3392/1518/365 3391/1521/365 3389/1519/366
f 3394/1520/367 3393/1523/367 3391/1521/365
f 3396/1522/368 3395/1525/368 3393/1523/367
f 3398/1524/369 3397/1527/369 3395/1525/368
f 3400/1526/370 3399/1529/370 3397/1527/369
f 3402/1528/371 3401/1531/371 3399/1529/370
f 3404/1530/372 3403/1533/372 3401/1531/371
f 3406/1532/373 3405/1535/373 3403/1533/372
f 3408/1534/374 3407/1537/374 3405/1535/373
f 3410/1536/375 3409/1539/375 3407/1537/374
f 3412/1538/376 3411/1541/376 3409/1539/375
f 3414/1540/377 3413/1543/377 3411/1541/376
f 3416/1542/378 3415/1545/378 3413/1543/377
f 3418/1544/379 3417/1547/379 3415/1545/378
f 3420/1546/380 3419/1549/380 3417/1547/379
f 3422/1548/381 3421/1551/381 3419/1549/380
f 3424/1550/382 3423/1553/382 3421/1551/381
f 3426/1552/383 3425/1555/383 3423/1553/382
f 3428/1554/384 3427/1557/384 3425/1555/383
f 3430/1556/385 3429/1559/387 3427/1557/384
f 3432/1558/386 3431/1561/386 3429/1559/387
f 3434/1560/388 3433/1563/388 3431/1561/386
f 3436/1562/389 3435/1564/389 3433/1563/388
f 3364/1219/350 3363/379/350 3435/1564/389
f 3440/1565/390 3439/602/390 3437/477/391
f 3442/1566/392 3441/601/394 3439/602/390
f 3444/1162/393 3443/625/393 3441/601/394
f 3446/1567/395 3445/629/395 3443/625/393
f 3448/1568/396 3447/640/396 3445/629/395
f 3438/1219/391 3437/379/391 3447/640/396
f 3452/1569/397 3451/1570/397 3449/477/186
f 3454/1162/131 3453/625/131 3451/1570/397
f 3456/1571/130 3455/1572/130 3453/625/131
f 3450/1219/186 3449/379/186 3455/1572/130
f 3460/1221/191 3459/1223/191 3457/477/192
f 3462/1222/193 3461/1225/193 3459/1223/191
f 3464/1224/194 3463/1227/194 3461/1225/193
f 3466/1226/195 3465/1229/195 3463/1227/194
f 3468/1228/196 3467/1231/196 3465/1229/195
f 3470/1230/197 3469/1233/197 3467/1231/196
f 3472/1232/198 3471/1235/198 3469/1233/197
f 3474/1234/201 3473/1237/199 3471/1235/198
f 3476/1236/200 3475/1239/200 3473/1237/199
f 3478/1238/202 3477/1241/202 3475/1239/200
f 3480/1240/203 3479/1243/203 3477/1241/202
f 3482/1242/204 3481/1245/204 3479/1243/203
f 3484/1244/205 3483/1247/205 3481/1245/204
f 3486/1246/206 3485/1249/206 3483/1247/205
f 3488/1248/207 3487/1251/207 3485/1249/206
f 3490/1250/209 3489/1253/209 3487/1251/207
f 3492/1252/210 3491/1255/210 3489/1253/209
f 3494/1254/212 3493/1257/212 3491/1255/210
f 3496/1256/213 3495/1259/213 3493/1257/212
f 3498/1258/214 3497/1261/214 3495/1259/213
f 3500/1260/215 3499/1263/217 3497/1261/214
f 3502/1262/216 3501/1265/219 3499/1263/217
f 3504/1264/218 3503/1267/218 3501/1265/219
f 3506/1266/220 3505/1269/220 3503/1267/218
f 3508/1268/221 3507/1271/221 3505/1269/220
f 3510/1270/224 3509/1273/222 3507/1271/221
f 3512/1272/223 3511/1275/223 3509/1273/222
f 3514/1274/225 3513/1277/225 3511/1275/223
f 3516/1276/226 3515/1279/226 3513/1277/225
f 3518/1278/227 3517/1281/227 3515/1279/226
f 3520/1280/228 3519/1283/228 3517/1281/227
f 3522/1282/229 3521/1285/229 3519/1283/228
f 3524/1284/230 3523/1287/230 3521/1285/229
f 3526/1286/231 3525/1289/231 3523/1287/230
f 3528/1288/232 3527/1291/232 3525/1289/231
f 3530/1290/233 3529/1293/233 3527/1291/232
f 3532/1292/234 3531/1295/234 3529/1293/233
f 3534/1294/235 3533/1297/235 3531/1295/234
f 3536/1296/236 3535/1299/236 3533/1297/235
f 3538/1298/237 3537/1301/237 3535/1299/236
f 3540/1300/238 3539/1303/238 3537/1301/237
f 3542/1302/239 3541/1305/239 3539/1303/238
f 3544/1304/240 3543/1307/240 3541/1305/239
f 3546/1306/241 3545/1309/241 3543/1307/240
f 3548/1308/242 3547/1311/242 3545/1309/241
f 3550/1310/245 3549/1313/245 3547/1311/242
f 3552/1312/244 3551/1315/244 3549/1313/245
f 3554/1314/246 3553/1317/246 3551/1315/244
f 3556/1316/247 3555/1319/247 3553/1317/246
f 3558/1318/248 3557/1321/248 3555/1319/247
f 3560/1320/249 3559/1323/249 3557/1321/248
f 3562/1322/250 3561/1325/250 3559/1323/249
f 3564/1324/251 3563/1327/251 3561/1325/250
f 3566/1326/252 3565/1329/252 3563/1327/251
f 3568/1328/253 3567/1331/253 3565/1329/252
f 3570/1330/254 3569/1333/254 3567/1331/253
f 3572/1332/255 3571/1335/255 3569/1333/254
f 3574/1334/256 3573/1337/256 3571/1335/255
f 3576/1336/257 3575/1339/257 3573/1337/256
f 3578/1338/258 3577/1341/258 3575/1339/257
f 3580/1340/259 3579/1343/259 3577/1341/258
f 3582/1342/260 3581/1345/260 3579/1343/259
f 3584/1344/261 3583/1347/261 3581/1345/260
f 3586/1346/262 3585/1349/262 3583/1347/261
f 3588/1348/398 3587/1351/263 3585/1349/262
f 3590/1350/399 3589/1353/264 3587/1351/263
f 3592/1352/400 3591/1355/265 3589/1353/264
f 3594/1354/266 3593/1357/266 3591/1355/265
f 3596/1356/267 3595/1359/267 3593/1357/266
f 3598/1358/268 3597/1361/268 3595/1359/267
f 3600/1360/269 3599/1363/269 3597/1361/268
f 3602/1362/270 3601/1365/270 3599/1363/269
f 3604/1364/271 3603/1367/271 3601/1365/270
f 3606/1366/272 3605/1369/272 3603/1367/271
f 3608/1368/273 3607/1371/273 3605/1369/272
f 3610/1370/274 3609/1373/276 3607/1371/273
f 3612/1372/275 3611/1375/275 3609/1373/276
f 3614/1374/277 3613/1377/277 3611/1375/275
f 3616/1376/278 3615/1379/278 3613/1377/277
f 3618/1378/279 3617/1381/279 3615/1379/278
f 3620/1380/280 3619/1383/280 3617/1381/279
f 3622/1382/281 3621/1385/281 3619/1383/280
f 3624/1384/282 3623/1387/282 3621/1385/281
f 3626/1386/284 3625/1389/284 3623/1387/282
f 3628/1388/285 3627/1391/285 3625/1389/284
f 3630/1390/288 3629/1393/288 3627/1391/285
f 3632/1392/287 3631/1395/287 3629/1393/288
f 3634/1394/289 3633/1397/289 3631/1395/287
f 3636/1396/290 3635/1399/290 3633/1397/289
f 3638/1398/291 3637/1401/291 3635/1399/290
f 3640/1400/292 3639/1403/292 3637/1401/291
f 3642/1402/293 3641/1405/293 3639/1403/292
f 3644/1404/294 3643/1407/294 3641/1405/293
f 3646/1406/295 3645/1409/295 3643/1407/294
f 3648/1408/296 3647/1411/296 3645/1409/295
f 3650/1410/297 3649/1413/297 3647/1411/296
f 3652/1412/298 3651/1415/298 3649/1413/297
f 3654/1414/299 3653/1417/299 3651/1415/298
f 3656/1416/300 3655/1419/300 3653/1417/299
f 3658/1418/301 3657/1421/301 3655/1419/300
f 3660/1420/302 3659/1423/302 3657/1421/301
f 3662/1422/303 3661/1425/303 3659/1423/302
f 3664/1424/304 3663/1427/304 3661/1425/303
f 3666/1426/305 3665/1429/305 3663/1427/304
f 3668/1428/306 3667/1431/306 3665/1429/305
f 3670/1430/307 3669/1433/307 3667/1431/306
f 3672/1432/308 3671/1435/308 3669/1433/307
f 3674/1434/309 3673/1437/309 3671/1435/308
f 3676/1436/310 3675/1439/310 3673/1437/309
f 3678/1438/311 3677/1441/311 3675/1439/310
f 3680/1440/312 3679/1443/312 3677/1441/311
f 3682/1442/313 3681/1445/313 3679/1443/312
f 3684/1444/316 3683/1447/316 3681/1445/313
f 3686/1446/318 3685/1449/318 3683/1447/316
f 3688/1448/317 3687/1451/317 3685/1449/318
f 3690/1450/322 3689/1453/319 3687/1451/317
f 3692/1452/401 3691/1455/321 3689/1453/319
f 3694/1454/325 3693/1457/325 3691/1455/321
f 3696/1456/324 3695/1459/327 3693/1457/325
f 3698/1458/326 3697/1461/329 3695/1459/327
f 3700/1460/328 3699/1463/328 3697/1461/329
f 3702/1462/330 3701/1465/330 3699/1463/328
f 3704/1464/332 3703/1467/332 3701/1465/330
f 3706/1466/333 3705/1469/333 3703/1467/332
f 3708/1468/334 3707/1471/334 3705/1469/333
f 3710/1470/337 3709/1473/335 3707/1471/334
f 3712/1472/339 3711/1475/339 3709/1473/335
f 3714/1474/338 3713/1477/338 3711/1475/339
f 3716/1476/340 3715/1479/340 3713/1477/338
f 3718/1478/343 3717/1481/343 3715/1479/340
f 3720/1480/342 3719/1483/402 3717/1481/343
f 3722/1482/344 3721/1485/344 3719/1483/402
f 3724/1484/345 3723/1487/345 3721/1485/344
f 3726/1486/403 3725/1489/403 3723/1487/345
f 3728/1488/347 3727/1491/347 3725/1489/403
f 3730/1490/348 3729/1492/348 3727/1491/347
f 3458/1219/192 3457/379/192 3729/1492/348
f 3734/1493/349 3733/1495/349 3731/477/350
f 3736/1494/351 3735/1497/351 3733/1495/349
f 3738/1496/352 3737/1499/352 3735/1497/351
f 3740/1498/353 3739/1501/353 3737/1499/352
f 3742/1500/354 3741/1503/354 3739/1501/353
f 3744/1502/357 3743/1505/357 3741/1503/354
f 3746/1504/356 3745/1507/356 3743/1505/357
f 3748/1506/358 3747/1509/358 3745/1507/356
f 3750/1508/359 3749/1511/359 3747/1509/358
f 3752/1510/360 3751/1513/360 3749/1511/359
f 3754/1512/361 3753/1515/361 3751/1513/360
f 3756/1514/362 3755/1517/362 3753/1515/361
f 3758/1516/363 3757/1519/366 3755/1517/362
f 3760/1518/365 3759/1521/365 3757/1519/366
f 3762/1520/367 3761/1523/367 3759/1521/365
f 3764/1522/368 3763/1525/404 3761/1523/367
f 3766/1524/369 3765/1527/369 3763/1525/404
f 3768/1526/370 3767/1529/370 3765/1527/369
f 3770/1528/371 3769/1531/371 3767/1529/370
f 3772/1530/372 3771/1533/372 3769/1531/371
f 3774/1532/373 3773/1535/373 3771/1533/372
f 3776/1534/374 3775/1537/374 3773/1535/373
f 3778/1536/375 3777/1539/375 3775/1537/374
f 3780/1538/376 3779/1541/376 3777/1539/375
f 3782/1540/377 3781/1543/377 3779/1541/376
f 3784/1542/378 3783/1545/378 3781/1543/377
f 3786/1544/379 3785/1547/379 3783/1545/378
f 3788/1546/380 3787/1549/380 3785/1547/379
f 3790/1548/381 3789/1551/381 3787/1549/380
f 3792/1550/382 3791/1553/382 3789/1551/381
f 3794/1552/383 3793/1555/383 3791/1553/382
f 3796/1554/384 3795/1557/384 3793/1555/383
f 3798/1556/387 3797/1559/387 3795/1557/384
f 3800/1558/386 3799/1561/386 3797/1559/387
f 3802/1560/388 3801/1563/388 3799/1561/386
f 3804/1562/389 3803/1564/389 3801/1563/388
f 3732/1219/350 3731/379/350 3803/1564/389
f 3808/1573/405 3807/1575/408 3805/477/406
f 3810/1574/407 3809/1577/407 3807/1575/408
f 3812/1576/409 3811/1579/409 3809/1577/407
f 3814/1578/410 3813/1581/410 3811/1579/409
f 3816/1580/411 3815/1583/411 3813/1581/410
f 3818/1582/412 3817/1585/412 3815/1583/411
f 3820/1584/413 3819/1587/413 3817/1585/412
f 3822/1586/414 3821/1589/414 3819/1587/413
f 3824/1588/415 3823/1591/415 3821/1589/414
f 3826/1590/416 3825/1593/416 3823/1591/415
f 3828/1592/417 3827/1595/417 3825/1593/416
f 3830/1594/418 3829/1597/418 3827/1595/417
f 3832/1596/419 3831/1599/419 3829/1597/418
f 3834/1598/420 3833/1601/420 3831/1599/419
f 3836/1600/421 3835/1603/421 3833/1601/420
f 3838/1602/422 3837/1605/422 3835/1603/421
f 3840/1604/423 3839/1607/423 3837/1605/422
f 3842/1606/424 3841/1609/424 3839/1607/423
f 3844/1608/425 3843/1611/427 3841/1609/424
f 3846/1610/426 3845/1613/429 3843/1611/427
f 3848/1612/428 3847/1615/428 3845/1613/429
f 3850/1614/430 3849/1617/430 3847/1615/428
f 3852/1616/431 3851/1619/431 3849/1617/430
f 3854/1618/432 3853/1621/432 3851/1619/431
f 3856/1620/433 3855/1623/433 3853/1621/432
f 3858/1622/434 3857/1625/434 3855/1623/433
f 3860/1624/435 3859/1627/437 3857/1625/434
f 3862/1626/436 3861/1629/436 3859/1627/437
f 3864/1628/438 3863/1631/438 3861/1629/436
f 3866/1630/439 3865/1633/439 3863/1631/438
f 3868/1632/440 3867/1635/440 3865/1633/439
f 3870/1634/441 3869/1637/441 3867/1635/440
f 3872/1636/442 3871/1639/442 3869/1637/441
f 3874/1638/443 3873/1641/443 3871/1639/442
f 3876/1640/444 3875/1643/444 3873/1641/443
f 3878/1642/445 3877/1645/445 3875/1643/444
f 3880/1644/446 3879/1647/446 3877/1645/445
f 3882/1646/447 3881/1649/447 3879/1647/446
f 3884/1648/448 3883/1651/448 3881/1649/447
f 3886/1650/449 3885/1653/449 3883/1651/448
f 3888/1652/450 3887/1655/450 3885/1653/449
f 3890/1654/451 3889/1657/451 3887/1655/450
f 3892/1656/452 3891/1659/452 3889/1657/451
f 3894/1658/453 3893/1661/453 3891/1659/452
f 3896/1660/454 3895/1663/454 3893/1661/453
f 3898/1662/455 3897/1665/455 3895/1663/454
f 3900/1664/456 3899/1667/456 3897/1665/455
f 3902/1666/457 3901/1669/457 3899/1667/456
f 3904/1668/458 3903/1671/458 3901/1669/457
f 3906/1670/459 3905/1673/459 3903/1671/458
f 3908/1672/460 3907/1675/460 3905/1673/459
f 3910/1674/461 3909/1677/461 3907/1675/460
f 3912/1676/462 3911/1679/462 3909/1677/461
f 3914/1678/463 3913/1681/463 3911/1679/462
f 3916/1680/464 3915/1683/464 3913/1681/463
f 3918/1682/465 3917/1685/465 3915/1683/464
f 3920/1684/466 3919/1687/466 3917/1685/465
f 3922/1686/467 3921/1689/467 3919/1687/466
f 3924/1688/468 3923/1691/468 3921/1689/467
f 3926/1690/469 3925/1693/469 3923/1691/468
f 3928/1692/470 3927/1695/470 3925/1693/469
f 3930/1694/471 3929/1697/471 3927/1695/470
f 3932/1696/472 3931/1699/472 3929/1697/471
f 3934/1698/473 3933/1701/473 3931/1699/472
f 3936/1700/474 3935/1703/474 3933/1701/473
f 3938/1702/475 3937/1704/475 3935/1703/474
f 3940/1162/207 3939/625/207 3937/1704/475
f 3942/1705/476 3941/1707/476 3939/625/207
f 3944/1706/477 3943/1709/477 3941/1707/476
f 3946/1708/478 3945/1711/478 3943/1709/477
f 3948/1710/479 3947/1713/479 3945/1711/478
f 3950/1712/480 3949/1715/482 3947/1713/479
f 3952/1714/481 3951/1717/481 3949/1715/482
f 3954/1716/483 3953/1719/483 3951/1717/481
f 3956/1718/484 3955/1721/484 3953/1719/483
f 3958/1720/485 3957/1723/485 3955/1721/484
f 3960/1722/486 3959/1725/486 3957/1723/485
f 3962/1724/487 3961/1727/487 3959/1725/486
f 3964/1726/488 3963/1729/488 3961/1727/487
f 3966/1728/489 3965/1731/489 3963/1729/488
f 3968/1730/490 3967/1733/490 3965/1731/489
f 3970/1732/491 3969/1735/491 3967/1733/490
f 3972/1734/492 3971/1737/492 3969/1735/491
f 3974/1736/493 3973/1739/493 3971/1737/492
f 3976/1738/494 3975/1741/494 3973/1739/493
f 3978/1740/495 3977/1743/495 3975/1741/494
f 3980/1742/496 3979/1745/496 3977/1743/495
f 3982/1744/497 3981/1747/497 3979/1745/496
f 3984/1746/498 3983/1749/498 3981/1747/497
f 3986/1748/499 3985/1751/499 3983/1749/498
f 3988/1750/500 3987/1753/500 3985/1751/499
f 3990/1752/501 3989/1755/501 3987/1753/500
f 3992/1754/502 3991/1757/502 3989/1755/501
f 3994/1756/503 3993/1759/503 3991/1757/502
f 3996/1758/504 3995/1761/504 3993/1759/503
f 3998/1760/505 3997/1763/505 3995/1761/504
f 4000/1762/506 3999/1765/506 3997/1763/505
f 4002/1764/507 4001/1767/507 3999/1765/506
f 4004/1766/508 4003/1769/508 4001/1767/507
f 4006/1768/509 4005/1771/509 4003/1769/508
f 4008/1770/510 4007/1773/510 4005/1771/509
f 4010/1772/511 4009/1775/511 4007/1773/510
f 4012/1774/512 4011/1777/512 4009/1775/511
f 4014/1776/513 4013/1779/513 4011/1777/512
f 4016/1778/514 4015/1781/514 4013/1779/513
f 4018/1780/515 4017/1783/515 4015/1781/514
f 4020/1782/516 4019/1785/516 4017/1783/515
f 4022/1784/517 4021/1787/517 4019/1785/516
f 4024/1786/518 4023/1789/518 4021/1787/517
f 4026/1788/519 4025/1791/519 4023/1789/518
f 4028/1790/520 4027/1793/520 4025/1791/519
f 4030/1792/521 4029/1795/521 4027/1793/520
f 4032/1794/522 4031/1797/522 4029/1795/521
f 4034/1796/523 4033/1799/523 4031/1797/522
f 4036/1798/524 4035/1801/524 4033/1799/523
f 4038/1800/525 4037/1803/525 4035/1801/524
f 4040/1802/526 4039/1805/526 4037/1803/525
f 4042/1804/527 4041/1807/527 4039/1805/526
f 4044/1806/528 4043/1809/528 4041/1807/527
f 4046/1808/529 4045/1811/529 4043/1809/528
f 4048/1810/530 4047/1813/530 4045/1811/529
f 4050/1812/531 4049/1815/531 4047/1813/530
f 4052/1814/532 4051/1817/532 4049/1815/531
f 4054/1816/533 4053/1819/533 4051/1817/532
f 4056/1818/534 4055/1821/534 4053/1819/533
f 4058/1820/535 4057/1823/535 4055/1821/534
f 4060/1822/536 4059/1825/536 4057/1823/535
f 4062/1824/537 4061/1827/537 4059/1825/536
f 4064/1826/538 4063/1829/538 4061/1827/537
f 4066/1828/539 4065/1831/539 4063/1829/538
f 4068/1830/540 4067/1833/540 4065/1831/539
f 4070/1832/541 4069/1835/541 4067/1833/540
f 4072/1834/542 4071/1836/542 4069/1835/541
f 3806/1219/406 3805/379/406 4071/1836/542
f 4076/1569/397 4075/1570/397 4073/477/186
f 4078/1162/131 4077/625/131 4075/1570/397
f 4080/1571/130 4079/1572/130 4077/625/131
f 4074/1219/186 4073/379/186 4079/1572/130
f 4084/1837/543 4083/1839/543 4081/477/544
f 4086/1838/545 4085/1841/545 4083/1839/543
f 4088/1840/546 4087/1843/546 4085/1841/545
f 4090/1842/547 4089/1845/547 4087/1843/546
f 4092/1844/186 4091/1847/186 4089/1845/547
f 4094/1846/548 4093/1849/548 4091/1847/186
f 4096/1848/549 4095/1850/551 4093/1849/548
f 4098/1565/550 4097/602/550 4095/1850/551
f 4100/1851/552 4099/1853/552 4097/602/550
f 4102/1852/553 4101/1855/555 4099/1853/552
f 4104/1854/554 4103/1856/554 4101/1855/555
f 4106/1569/556 4105/1570/556 4103/1856/554
f 4108/1857/557 4107/1859/557 4105/1570/556
f 4110/1858/558 4109/1861/558 4107/1859/557
f 4112/1860/559 4111/1862/561 4109/1861/558
f 4114/1566/560 4113/601/560 4111/1862/561
f 4116/1863/397 4115/1865/397 4113/601/560
f 4118/1864/562 4117/1867/562 4115/1865/397
f 4120/1866/563 4119/1869/565 4117/1867/562
f 4122/1868/564 4121/1871/564 4119/1869/565
f 4124/1870/566 4123/1873/566 4121/1871/564
f 4126/1872/567 4125/1875/567 4123/1873/566
f 4128/1874/568 4127/1876/568 4125/1875/567
f 4130/1162/569 4129/625/569 4127/1876/568
f 4132/1877/570 4131/1879/570 4129/625/569
f 4134/1878/571 4133/1881/571 4131/1879/570
f 4136/1880/572 4135/1883/574 4133/1881/571
f 4138/1882/573 4137/1885/573 4135/1883/574
f 4140/1884/131 4139/1887/131 4137/1885/573
f 4142/1886/575 4141/1889/575 4139/1887/131
f 4144/1888/576 4143/1890/578 4141/1889/575
f 4146/1567/577 4145/629/577 4143/1890/578
f 4148/1891/579 4147/1893/579 4145/629/577
f 4150/1892/580 4149/1895/582 4147/1893/579
f 4152/1894/581 4151/1896/581 4149/1895/582
f 4154/1571/583 4153/1572/583 4151/1896/581
f 4156/1897/584 4155/1899/584 4153/1572/583
f 4158/1898/585 4157/1901/585 4155/1899/584
f 4160/1900/586 4159/1902/586 4157/1901/585
f 4162/1568/587 4161/640/587 4159/1902/586
f 4164/1903/130 4163/1905/130 4161/640/587
f 4166/1904/588 4165/1907/588 4163/1905/130
f 4168/1906/589 4167/1909/591 4165/1907/588
f 4170/1908/590 4169/1911/590 4167/1909/591
f 4172/1910/592 4171/1913/592 4169/1911/590
f 4174/1912/593 4173/1915/593 4171/1913/592
f 4176/1914/594 4175/1916/594 4173/1915/593
f 4082/1219/544 4081/379/544 4175/1916/594
f 4180/1106/130 4179/1109/130 4177/477/131
f 4182/1108/130 4181/1111/130 4179/1109/130
f 4184/1110/132 4183/1113/132 4181/1111/130
f 4186/1112/135 4185/1115/135 4183/1113/132
f 4188/1114/134 4187/1117/134 4185/1115/135
f 4190/1116/136 4189/1119/136 4187/1117/134
f 4192/1118/137 4191/1121/137 4189/1119/136
f 4194/1120/138 4193/1123/138 4191/1121/137
f 4196/1122/139 4195/1125/139 4193/1123/138
f 4198/1124/140 4197/1127/140 4195/1125/139
f 4200/1126/141 4199/1129/141 4197/1127/140
f 4202/1128/142 4201/1131/144 4199/1129/141
f 4204/1130/143 4203/1133/143 4201/1131/144
f 4206/1132/145 4205/1135/145 4203/1133/143
f 4208/1134/146 4207/1137/146 4205/1135/145
f 4210/1136/147 4209/1139/147 4207/1137/146
f 4212/1138/148 4211/1141/148 4209/1139/147
f 4214/1140/149 4213/1143/149 4211/1141/148
f 4216/1142/150 4215/1145/150 4213/1143/149
f 4218/1144/151 4217/1147/151 4215/1145/150
f 4220/1146/153 4219/1149/153 4217/1147/151
f 4222/1148/154 4221/1151/154 4219/1149/153
f 4224/1150/155 4223/1153/155 4221/1151/154
f 4226/1152/156 4225/1155/156 4223/1153/155
f 4228/1154/157 4227/1157/157 4225/1155/156
f 4230/1156/158 4229/1159/158 4227/1157/157
f 4232/1158/159 4231/1161/159 4229/1159/158
f 4234/1160/160 4233/1163/160 4231/1161/159
f 4236/1162/161 4235/625/161 4233/1163/160
f 4238/1164/162 4237/1166/162 4235/625/161
f 4240/1165/163 4239/1168/163 4237/1166/162
f 4242/1167/164 4241/1170/164 4239/1168/163
f 4244/1169/165 4243/1172/165 4241/1170/164
f 4246/1171/166 4245/1174/166 4243/1172/165
f 4248/1173/167 4247/1176/167 4245/1174/166
f 4250/1175/168 4249/1178/168 4247/1176/167
f 4252/1177/169 4251/1180/169 4249/1178/168
f 4254/1179/170 4253/1182/170 4251/1180/169
f 4256/1181/171 4255/1184/171 4253/1182/170
f 4258/1183/172 4257/1186/172 4255/1184/171
f 4260/1185/173 4259/1188/173 4257/1186/172
f 4262/1187/174 4261/1190/174 4259/1188/173
f 4264/1189/175 4263/1192/175 4261/1190/174
f 4266/1191/176 4265/1194/176 4263/1192/175
f 4268/1193/177 4267/1196/177 4265/1194/176
f 4270/1195/178 4269/1198/178 4267/1196/177
f 4272/1197/179 4271/1200/179 4269/1198/178
f 4274/1199/180 4273/1202/180 4271/1200/179
f 4276/1201/181 4275/1204/181 4273/1202/180
f 4278/1203/183 4277/1206/183 4275/1204/181
f 4280/1205/184 4279/1208/184 4277/1206/183
f 4282/1207/187 4281/1210/187 4279/1208/184
f 4284/1209/186 4283/1212/186 4281/1210/187
f 4286/1211/186 4285/1214/186 4283/1212/186
f 4288/1213/188 4287/1216/188 4285/1214/186
f 4290/1215/189 4289/1218/190 4287/1216/188
f 4292/1217/131 4291/1220/131 4289/1218/190
f 4178/1219/131 4177/379/131 4291/1220/131
f 4296/1221/191 4295/1223/191 4293/477/192
f 4298/1222/193 4297/1225/193 4295/1223/191
f 4300/1224/194 4299/1227/194 4297/1225/193
f 4302/1226/195 4301/1229/195 4299/1227/194
f 4304/1228/196 4303/1231/196 4301/1229/195
f 4306/1230/197 4305/1233/197 4303/1231/196
f 4308/1232/198 4307/1235/198 4305/1233/197
f 4310/1234/201 4309/1237/199 4307/1235/198
f 4312/1236/200 4311/1239/200 4309/1237/199
f 4314/1238/202 4313/1241/202 4311/1239/200
f 4316/1240/203 4315/1243/203 4313/1241/202
f 4318/1242/204 4317/1245/204 4315/1243/203
f 4320/1244/205 4319/1247/205 4317/1245/204
f 4322/1246/206 4321/1249/206 4319/1247/205
f 4324/1248/207 4323/1251/207 4321/1249/206
f 4326/1250/209 4325/1253/209 4323/1251/207
f 4328/1252/210 4327/1255/210 4325/1253/209
f 4330/1254/212 4329/1257/212 4327/1255/210
f 4332/1256/213 4331/1259/213 4329/1257/212
f 4334/1258/214 4333/1261/214 4331/1259/213
f 4336/1260/217 4335/1263/215 4333/1261/214
f 4338/1262/216 4337/1265/216 4335/1263/215
f 4340/1264/218 4339/1267/218 4337/1265/216
f 4342/1266/220 4341/1269/220 4339/1267/218
f 4344/1268/221 4343/1271/221 4341/1269/220
f 4346/1270/224 4345/1273/224 4343/1271/221
f 4348/1272/223 4347/1275/223 4345/1273/224
f 4350/1274/225 4349/1277/225 4347/1275/223
f 4352/1276/226 4351/1279/226 4349/1277/225
f 4354/1278/227 4353/1281/227 4351/1279/226
f 4356/1280/228 4355/1283/228 4353/1281/227
f 4358/1282/229 4357/1285/229 4355/1283/228
f 4360/1284/230 4359/1287/230 4357/1285/229
f 4362/1286/231 4361/1289/231 4359/1287/230
f 4364/1288/232 4363/1291/232 4361/1289/231
f 4366/1290/233 4365/1293/233 4363/1291/232
f 4368/1292/234 4367/1295/234 4365/1293/233
f 4370/1294/235 4369/1297/235 4367/1295/234
f 4372/1296/236 4371/1299/236 4369/1297/235
f 4374/1298/237 4373/1301/237 4371/1299/236
f 4376/1300/238 4375/1303/238 4373/1301/237
f 4378/1302/239 4377/1305/239 4375/1303/238
f 4380/1304/240 4379/1307/240 4377/1305/239
f 4382/1306/241 4381/1309/241 4379/1307/240
f 4384/1308/242 4383/1311/242 4381/1309/241
f 4386/1310/245 4385/1313/245 4383/1311/242
f 4388/1312/244 4387/1315/244 4385/1313/245
f 4390/1314/246 4389/1317/246 4387/1315/244
f 4392/1316/247 4391/1319/247 4389/1317/246
f 4394/1318/248 4393/1321/248 4391/1319/247
f 4396/1320/249 4395/1323/249 4393/1321/248
f 4398/1322/250 4397/1325/250 4395/1323/249
f 4400/1324/251 4399/1327/251 4397/1325/250
f 4402/1326/252 4401/1329/252 4399/1327/251
f 4404/1328/253 4403/1331/253 4401/1329/252
f 4406/1330/254 4405/1333/254 4403/1331/253
f 4408/1332/255 4407/1335/255 4405/1333/254
f 4410/1334/256 4409/1337/256 4407/1335/255
f 4412/1336/257 4411/1339/257 4409/1337/256
f 4414/1338/258 4413/1341/258 4411/1339/257
f 4416/1340/259 4415/1343/259 4413/1341/258
f 4418/1342/260 4417/1345/260 4415/1343/259
f 4420/1344/261 4419/1347/261 4417/1345/260
f 4422/1346/262 4421/1349/262 4419/1347/261
f 4424/1348/398 4423/1351/263 4421/1349/262
f 4426/1350/264 4425/1353/264 4423/1351/263
f 4428/1352/400 4427/1355/265 4425/1353/264
f 4430/1354/266 4429/1357/266 4427/1355/265
f 4432/1356/267 4431/1359/267 4429/1357/266
f 4434/1358/268 4433/1361/268 4431/1359/267
f 4436/1360/269 4435/1363/269 4433/1361/268
f 4438/1362/270 4437/1365/270 4435/1363/269
f 4440/1364/271 4439/1367/271 4437/1365/270
f 4442/1366/272 4441/1369/272 4439/1367/271
f 4444/1368/273 4443/1371/273 4441/1369/272
f 4446/1370/274 4445/1373/276 4443/1371/273
f 4448/1372/275 4447/1375/275 4445/1373/276
f 4450/1374/277 4449/1377/277 4447/1375/275
f 4452/1376/278 4451/1379/278 4449/1377/277
f 4454/1378/279 4453/1381/279 4451/1379/278
f 4456/1380/280 4455/1383/280 4453/1381/279
f 4458/1382/283 4457/1385/281 4455/1383/280
f 4460/1384/282 4459/1387/282 4457/1385/281
f 4462/1386/284 4461/1389/284 4459/1387/282
f 4464/1388/285 4463/1391/285 4461/1389/284
f 4466/1390/288 4465/1393/286 4463/1391/285
f 4468/1392/287 4467/1395/287 4465/1393/286
f 4470/1394/289 4469/1397/289 4467/1395/287
f 4472/1396/290 4471/1399/290 4469/1397/289
f 4474/1398/291 4473/1401/291 4471/1399/290
f 4476/1400/292 4475/1403/292 4473/1401/291
f 4478/1402/293 4477/1405/293 4475/1403/292
f 4480/1404/294 4479/1407/294 4477/1405/293
f 4482/1406/295 4481/1409/295 4479/1407/294
f 4484/1408/296 4483/1411/296 4481/1409/295
f 4486/1410/297 4485/1413/297 4483/1411/296
f 4488/1412/298 4487/1415/298 4485/1413/297
f 4490/1414/299 4489/1417/299 4487/1415/298
f 4492/1416/300 4491/1419/300 4489/1417/299
f 4494/1418/301 4493/1421/301 4491/1419/300
f 4496/1420/302 4495/1423/302 4493/1421/301
f 4498/1422/303 4497/1425/303 4495/1423/302
f 4500/1424/304 4499/1427/304 4497/1425/303
f 4502/1426/305 4501/1429/305 4499/1427/304
f 4504/1428/306 4503/1431/306 4501/1429/305
f 4506/1430/307 4505/1433/307 4503/1431/306
f 4508/1432/308 4507/1435/308 4505/1433/307
f 4510/1434/309 4509/1437/309 4507/1435/308
f 4512/1436/310 4511/1439/310 4509/1437/309
f 4514/1438/311 4513/1441/311 4511/1439/310
f 4516/1440/312 4515/1443/312 4513/1441/311
f 4518/1442/313 4517/1445/313 4515/1443/312
f 4520/1444/316 4519/1447/316 4517/1445/313
f 4522/1446/318 4521/1449/318 4519/1447/316
f 4524/1448/317 4523/1451/317 4521/1449/318
f 4526/1450/322 4525/1453/319 4523/1451/317
f 4528/1452/401 4527/1455/321 4525/1453/319
f 4530/1454/325 4529/1457/325 4527/1455/321
f 4532/1456/324 4531/1459/327 4529/1457/325
f 4534/1458/326 4533/1461/329 4531/1459/327
f 4536/1460/328 4535/1463/328 4533/1461/329
f 4538/1462/330 4537/1465/330 4535/1463/328
f 4540/1464/332 4539/1467/332 4537/1465/330
f 4542/1466/333 4541/1469/333 4539/1467/332
f 4544/1468/334 4543/1471/334 4541/1469/333
f 4546/1470/337 4545/1473/335 4543/1471/334
f 4548/1472/339 4547/1475/339 4545/1473/335
f 4550/1474/338 4549/1477/338 4547/1475/339
f 4552/1476/340 4551/1479/340 4549/1477/338
f 4554/1478/343 4553/1481/343 4551/1479/340
f 4556/1480/342 4555/1483/402 4553/1481/343
f 4558/1482/344 4557/1485/344 4555/1483/402
f 4560/1484/345 4559/1487/345 4557/1485/344
f 4562/1486/403 4561/1489/403 4559/1487/345
f 4564/1488/347 4563/1491/347 4561/1489/403
f 4566/1490/348 4565/1492/348 4563/1491/347
f 4294/1219/192 4293/379/192 4565/1492/348
f 4570/1493/349 4569/1495/349 4567/477/350
f 4572/1494/351 4571/1497/351 4569/1495/349
f 4574/1496/352 4573/1499/352 4571/1497/351
f 4576/1498/353 4575/1501/353 4573/1499/352
f 4578/1500/354 4577/1503/354 4575/1501/353
f 4580/1502/357 4579/1505/357 4577/1503/354
f 4582/1504/356 4581/1507/356 4579/1505/357
f 4584/1506/358 4583/1509/358 4581/1507/356
f 4586/1508/359 4585/1511/359 4583/1509/358
f 4588/1510/360 4587/1513/360 4585/1511/359
f 4590/1512/361 4589/1515/361 4587/1513/360
f 4592/1514/362 4591/1517/362 4589/1515/361
f 4594/1516/366 4593/1519/366 4591/1517/362
f 4596/1518/365 4595/1521/365 4593/1519/366
f 4598/1520/367 4597/1523/367 4595/1521/365
f 4600/1522/368 4599/1525/368 4597/1523/367
f 4602/1524/369 4601/1527/369 4599/1525/368
f 4604/1526/370 4603/1529/370 4601/1527/369
f 4606/1528/371 4605/1531/371 4603/1529/370
f 4608/1530/372 4607/1533/372 4605/1531/371
f 4610/1532/373 4609/1535/373 4607/1533/372
f 4612/1534/374 4611/1537/374 4609/1535/373
f 4614/1536/375 4613/1539/375 4611/1537/374
f 4616/1538/376 4615/1541/376 4613/1539/375
f 4618/1540/377 4617/1543/377 4615/1541/376
f 4620/1542/378 4619/1545/378 4617/1543/377
f 4622/1544/379 4621/1547/379 4619/1545/378
f 4624/1546/380 4623/1549/380 4621/1547/379
f 4626/1548/381 4625/1551/381 4623/1549/380
f 4628/1550/382 4627/1553/382 4625/1551/381
f 4630/1552/383 4629/1555/383 4627/1553/382
f 4632/1554/384 4631/1557/384 4629/1555/383
f 4634/1556/387 4633/1559/387 4631/1557/384
f 4636/1558/386 4635/1561/386 4633/1559/387
f 4638/1560/388 4637/1563/388 4635/1561/386
f 4640/1562/389 4639/1564/389 4637/1563/388
f 4568/1219/350 4567/379/350 4639/1564/389
f 4644/1917/595 4643/1918/595 4641/477/596
f 4646/1493/597 4645/1495/597 4643/1918/595
f 4648/1919/598 4647/1920/598 4645/1495/597
f 4650/1494/599 4649/1497/599 4647/1920/598
f 4652/1921/600 4651/1922/600 4649/1497/599
f 4654/1496/601 4653/1499/601 4651/1922/600
f 4656/1923/602 4655/1924/602 4653/1499/601
f 4658/1498/603 4657/1501/603 4655/1924/602
f 4660/1925/604 4659/1926/604 4657/1501/603
f 4662/1500/605 4661/1503/605 4659/1926/604
f 4664/1927/606 4663/1928/606 4661/1503/605
f 4666/1502/607 4665/1505/607 4663/1928/606
f 4668/1929/608 4667/1930/608 4665/1505/607
f 4670/1504/609 4669/1507/609 4667/1930/608
f 4672/1931/610 4671/1932/610 4669/1507/609
f 4674/1506/611 4673/1509/611 4671/1932/610
f 4676/1933/612 4675/1934/612 4673/1509/611
f 4678/1508/613 4677/1511/613 4675/1934/612
f 4680/1935/614 4679/1936/614 4677/1511/613
f 4682/1510/615 4681/1513/615 4679/1936/614
f 4684/1937/616 4683/1938/616 4681/1513/615
f 4686/1512/617 4685/1515/617 4683/1938/616
f 4688/1939/618 4687/1940/618 4685/1515/617
f 4690/1514/619 4689/1517/619 4687/1940/618
f 4692/1941/620 4691/1942/620 4689/1517/619
f 4694/1516/621 4693/1519/621 4691/1942/620
f 4696/1943/622 4695/1944/622 4693/1519/621
f 4698/1518/623 4697/1521/623 4695/1944/622
f 4700/1945/624 4699/1946/624 4697/1521/623
f 4702/1520/625 4701/1523/625 4699/1946/624
f 4704/1947/626 4703/1948/626 4701/1523/625
f 4706/1522/627 4705/1525/627 4703/1948/626
f 4708/1949/628 4707/1950/628 4705/1525/627
f 4710/1524/629 4709/1527/629 4707/1950/628
f 4712/1951/630 4711/1952/630 4709/1527/629
f 4714/1526/631 4713/1529/631 4711/1952/630
f 4716/1162/632 4715/625/632 4713/1529/631
f 4718/1528/633 4717/1531/633 4715/625/632
f 4720/1953/634 4719/1954/634 4717/1531/633
f 4722/1530/635 4721/1533/635 4719/1954/634
f 4724/1955/636 4723/1956/636 4721/1533/635
f 4726/1532/637 4725/1535/637 4723/1956/636
f 4728/1957/638 4727/1958/638 4725/1535/637
f 4730/1534/639 4729/1537/639 4727/1958/638
f 4732/1959/640 4731/1960/640 4729/1537/639
f 4734/1536/641 4733/1539/641 4731/1960/640
f 4736/1961/642 4735/1962/642 4733/1539/641
f 4738/1538/643 4737/1541/643 4735/1962/642
f 4740/1963/644 4739/1964/644 4737/1541/643
f 4742/1540/645 4741/1543/645 4739/1964/644
f 4744/1965/646 4743/1966/646 4741/1543/645
f 4746/1542/647 4745/1545/647 4743/1966/646
f 4748/1967/648 4747/1968/648 4745/1545/647
f 4750/1544/649 4749/1547/649 4747/1968/648
f 4752/1969/650 4751/1970/650 4749/1547/649
f 4754/1546/651 4753/1549/651 4751/1970/650
f 4756/1971/652 4755/1972/652 4753/1549/651
f 4758/1548/653 4757/1551/653 4755/1972/652
f 4760/1973/654 4759/1974/654 4757/1551/653
f 4762/1550/655 4761/1553/655 4759/1974/654
f 4764/1975/656 4763/1976/656 4761/1553/655
f 4766/1552/657 4765/1555/657 4763/1976/656
f 4768/1977/658 4767/1978/658 4765/1555/657
f 4770/1554/659 4769/1557/659 4767/1978/658
f 4772/1979/660 4771/1980/660 4769/1557/659
f 4774/1556/661 4773/1559/661 4771/1980/660
f 4776/1981/662 4775/1982/662 4773/1559/661
f 4778/1558/663 4777/1561/663 4775/1982/662
f 4780/1983/664 4779/1984/664 4777/1561/663
f 4782/1560/665 4781/1563/665 4779/1984/664
f 4784/1985/666 4783/1986/668 4781/1563/665
f 4786/1562/667 4785/1564/667 4783/1986/668
f 4788/1987/669 4787/1988/669 4785/1564/667
f 4642/1219/596 4641/379/596 4787/1988/669
f 4792/1989/670 4791/1991/673 4789/477/671
f 4794/1990/672 4793/1993/672 4791/1991/673
f 4796/1992/674 4795/1995/674 4793/1993/672
f 4798/1994/675 4797/1997/675 4795/1995/674
f 4800/1996/676 4799/563/676 4797/1997/675
f 4802/1998/677 4801/2000/677 4799/563/676
f 4804/1999/678 4803/2002/680 4801/2000/677
f 4806/2001/679 4805/2004/679 4803/2002/680
f 4808/2003/681 4807/2006/681 4805/2004/679
f 4810/2005/682 4809/504/682 4807/2006/681
f 4812/2007/683 4811/2009/683 4809/504/682
f 4814/2008/684 4813/2011/684 4811/2009/683
f 4816/2010/685 4815/2013/685 4813/2011/684
f 4818/2012/686 4817/2015/686 4815/2013/685
f 4820/2014/687 4819/575/687 4817/2015/686
f 4822/2016/688 4821/2018/688 4819/575/687
f 4824/2017/689 4823/2020/689 4821/2018/688
f 4826/2019/690 4825/2022/692 4823/2020/689
f 4828/2021/691 4827/2024/691 4825/2022/692
f 4830/2023/693 4829/532/693 4827/2024/691
f 4832/2025/694 4831/2027/694 4829/532/693
f 4834/2026/695 4833/2029/695 4831/2027/694
f 4836/2028/696 4835/2031/696 4833/2029/695
f 4838/2030/697 4837/2032/697 4835/2031/696
f 4790/1219/671 4789/379/671 4837/2032/697
f 4842/2033/698 4841/2035/698 4839/477/131
f 4844/2034/699 4843/2037/699 4841/2035/698
f 4846/2036/700 4845/2039/700 4843/2037/699
f 4848/2038/701 4847/2041/701 4845/2039/700
f 4850/2040/702 4849/498/702 4847/2041/701
f 4852/2042/703 4851/2044/703 4849/498/702
f 4854/2043/704 4853/2046/706 4851/2044/703
f 4856/2045/705 4855/2048/705 4853/2046/706
f 4858/2047/707 4857/2050/707 4855/2048/705
f 4860/2049/708 4859/476/708 4857/2050/707
f 4862/1996/709 4861/563/709 4859/476/708
f 4864/2051/710 4863/2053/710 4861/563/709
f 4866/2052/711 4865/2055/711 4863/2053/710
f 4868/2054/712 4867/2057/712 4865/2055/711
f 4870/2056/713 4869/454/713 4867/2057/712
f 4872/2058/714 4871/2060/716 4869/454/713
f 4874/2059/715 4873/2062/715 4871/2060/716
f 4876/2061/717 4875/2064/717 4873/2062/715
f 4878/2063/718 4877/2066/718 4875/2064/717
f 4880/2065/719 4879/469/719 4877/2066/718
f 4882/2067/720 4881/2068/720 4879/469/719
f 4884/2005/721 4883/504/721 4881/2068/720
f 4886/2069/722 4885/2071/722 4883/504/721
f 4888/2070/723 4887/2073/723 4885/2071/722
f 4890/2072/724 4889/393/724 4887/2073/723
f 4892/2074/725 4891/2076/725 4889/393/724
f 4894/2075/726 4893/2078/726 4891/2076/725
f 4896/2077/727 4895/2080/727 4893/2078/726
f 4898/2079/728 4897/2082/728 4895/2080/727
f 4900/2081/729 4899/414/731 4897/2082/728
f 4902/2083/730 4901/2085/733 4899/414/731
f 4904/2084/732 4903/2086/732 4901/2085/733
f 4906/2014/734 4905/575/734 4903/2086/732
f 4908/2087/735 4907/2089/735 4905/575/734
f 4910/2088/736 4909/437/736 4907/2089/735
f 4912/2090/737 4911/2092/737 4909/437/736
f 4914/2091/738 4913/2094/738 4911/2092/737
f 4916/2093/739 4915/2096/739 4913/2094/738
f 4918/2095/740 4917/2098/740 4915/2096/739
f 4920/2097/741 4919/442/741 4917/2098/740
f 4922/2099/742 4921/2101/742 4919/442/741
f 4924/2100/743 4923/2103/743 4921/2101/742
f 4926/2102/744 4925/2104/744 4923/2103/743
f 4928/2023/745 4927/532/745 4925/2104/744
f 4930/2105/746 4929/421/746 4927/532/745
f 4932/2106/747 4931/2108/747 4929/421/746
f 4934/2107/748 4933/2110/748 4931/2108/747
f 4936/2109/749 4935/2112/749 4933/2110/748
f 4938/2111/750 4937/2114/750 4935/2112/749
f 4940/2113/751 4939/398/751 4937/2114/750
f 4942/2115/130 4941/2117/130 4939/398/751
f 4944/2116/186 4943/2119/186 4941/2117/130
f 4946/2118/397 4945/2121/397 4943/2119/186
f 4948/2120/131 4947/2122/131 4945/2121/397
f 4840/1219/131 4839/379/131 4947/2122/131
f 4952/1837/752 4951/1839/752 4949/477/753
f 4954/1838/754 4953/1841/754 4951/1839/752
f 4956/1840/755 4955/1843/755 4953/1841/754
f 4958/1842/756 4957/1845/756 4955/1843/755
f 4960/1844/757 4959/1847/757 4957/1845/756
f 4962/1846/758 4961/1849/758 4959/1847/757
f 4964/1848/759 4963/1850/759 4961/1849/758
f 4966/1565/760 4965/602/760 4963/1850/759
f 4968/1851/761 4967/1853/761 4965/602/760
f 4970/1852/762 4969/1855/762 4967/1853/761
f 4972/1854/763 4971/1856/763 4969/1855/762
f 4974/1569/764 4973/1570/764 4971/1856/763
f 4976/1857/765 4975/1859/765 4973/1570/764
f 4978/1858/766 4977/1861/766 4975/1859/765
f 4980/1860/767 4979/1862/767 4977/1861/766
f 4982/1566/768 4981/601/768 4979/1862/767
f 4984/1863/769 4983/1865/769 4981/601/768
f 4986/1864/770 4985/1867/770 4983/1865/769
f 4988/1866/771 4987/1869/771 4985/1867/770
f 4990/1868/772 4989/1871/772 4987/1869/771
f 4992/1870/773 4991/1873/773 4989/1871/772
f 4994/1872/774 4993/1875/774 4991/1873/773
f 4996/1874/775 4995/1876/775 4993/1875/774
f 4998/1162/776 4997/625/776 4995/1876/775
f 5000/1877/777 4999/1879/777 4997/625/776
f 5002/1878/778 5001/1881/778 4999/1879/777
f 5004/1880/779 5003/1883/779 5001/1881/778
f 5006/1882/780 5005/1885/782 5003/1883/779
f 5008/1884/781 5007/1887/781 5005/1885/782
f 5010/1886/783 5009/1889/783 5007/1887/781
f 5012/1888/784 5011/1890/784 5009/1889/783
f 5014/1567/785 5013/629/787 5011/1890/784
f 5016/1891/786 5015/1893/786 5013/629/787
f 5018/1892/788 5017/1895/788 5015/1893/786
f 5020/1894/789 5019/1896/789 5017/1895/788
f 5022/1571/790 5021/1572/792 5019/1896/789
f 5024/1897/791 5023/1899/794 5021/1572/792
f 5026/1898/793 5025/1901/793 5023/1899/794
f 5028/1900/795 5027/1902/795 5025/1901/793
f 5030/1568/796 5029/640/796 5027/1902/795
f 5032/1903/797 5031/1905/797 5029/640/796
f 5034/1904/798 5033/1907/798 5031/1905/797
f 5036/1906/799 5035/1909/799 5033/1907/798
f 5038/1908/800 5037/1911/800 5035/1909/799
f 5040/1910/801 5039/1913/801 5037/1911/800
f 5042/1912/802 5041/1915/802 5039/1913/801
f 5044/1914/803 5043/1916/804 5041/1915/802
f 4950/1219/753 4949/379/753 5043/1916/804
f 5048/1837/805 5047/1839/805 5045/477/806
f 5050/1838/807 5049/1841/807 5047/1839/805
f 5052/1840/808 5051/1843/808 5049/1841/807
f 5054/1842/809 5053/1845/809 5051/1843/808
f 5056/1844/810 5055/1847/810 5053/1845/809
f 5058/1846/811 5057/1849/811 5055/1847/810
f 5060/1848/812 5059/1850/812 5057/1849/811
f 5062/1565/813 5061/602/813 5059/1850/812
f 5064/1851/814 5063/1853/814 5061/602/813
f 5066/1852/815 5065/1855/815 5063/1853/814
f 5068/1854/816 5067/1856/816 5065/1855/815
f 5070/1569/148 5069/1570/148 5067/1856/816
f 5072/1857/817 5071/1859/817 5069/1570/148
f 5074/1858/818 5073/1861/818 5071/1859/817
f 5076/1860/819 5075/1862/819 5073/1861/818
f 5078/1566/820 5077/601/820 5075/1862/819
f 5080/1863/821 5079/1865/821 5077/601/820
f 5082/1864/822 5081/1867/824 5079/1865/821
f 5084/1866/823 5083/1869/823 5081/1867/824
f 5086/1868/825 5085/1871/825 5083/1869/823
f 5088/1870/826 5087/1873/826 5085/1871/825
f 5090/1872/827 5089/1875/827 5087/1873/826
f 5092/1874/828 5091/1876/828 5089/1875/827
f 5094/1162/829 5093/625/829 5091/1876/828
f 5096/1877/830 5095/1879/832 5093/625/829
f 5098/1878/831 5097/1881/831 5095/1879/832
f 5100/1880/833 5099/1883/833 5097/1881/831
f 5102/1882/834 5101/1885/834 5099/1883/833
f 5104/1884/835 5103/1887/835 5101/1885/834
f 5106/1886/836 5105/1889/836 5103/1887/835
f 5108/1888/837 5107/1890/837 5105/1889/836
f 5110/1567/838 5109/629/838 5107/1890/837
f 5112/1891/839 5111/1893/839 5109/629/838
f 5114/1892/840 5113/1895/840 5111/1893/839
f 5116/1894/841 5115/1896/841 5113/1895/840
f 5118/1571/842 5117/1572/842 5115/1896/841
f 5120/1897/843 5119/1899/843 5117/1572/842
f 5122/1898/844 5121/1901/844 5119/1899/843
f 5124/1900/845 5123/1902/845 5121/1901/844
f 5126/1568/846 5125/640/846 5123/1902/845
f 5128/1903/847 5127/1905/847 5125/640/846
f 5130/1904/848 5129/1907/848 5127/1905/847
f 5132/1906/849 5131/1909/849 5129/1907/848
f 5134/1908/850 5133/1911/850 5131/1909/849
f 5136/1910/851 5135/1913/851 5133/1911/850
f 5138/1912/852 5137/1915/852 5135/1913/851
f 5140/1914/853 5139/1916/853 5137/1915/852
f 5046/1219/806 5045/379/806 5139/1916/853
f 5144/1917/854 5143/1918/854 5141/477/855
f 5146/1493/856 5145/1495/856 5143/1918/854
f 5148/1919/857 5147/1920/857 5145/1495/856
f 5150/1494/858 5149/1497/858 5147/1920/857
f 5152/1921/859 5151/1922/859 5149/1497/858
f 5154/1496/860 5153/1499/860 5151/1922/859
f 5156/1923/861 5155/1924/863 5153/1499/860
f 5158/1498/862 5157/1501/862 5155/1924/863
f 5160/1925/864 5159/1926/864 5157/1501/862
f 5162/1500/865 5161/1503/865 5159/1926/864
f 5164/1927/866 5163/1928/866 5161/1503/865
f 5166/1502/456 5165/1505/456 5163/1928/866
f 5168/1929/867 5167/1930/867 5165/1505/456
f 5170/1504/868 5169/1507/868 5167/1930/867
f 5172/1931/869 5171/1932/871 5169/1507/868
f 5174/1506/870 5173/1509/870 5171/1932/871
f 5176/1933/872 5175/1934/872 5173/1509/870
f 5178/1508/873 5177/1511/875 5175/1934/872
f 5180/1935/874 5179/1936/877 5177/1511/875
f 5182/1510/876 5181/1513/879 5179/1936/877
f 5184/1937/878 5183/1938/881 5181/1513/879
f 5186/1512/880 5185/1515/880 5183/1938/881
f 5188/1939/882 5187/1940/882 5185/1515/880
f 5190/1514/883 5189/1517/883 5187/1940/882
f 5192/1941/884 5191/1942/884 5189/1517/883
f 5194/1516/885 5193/1519/885 5191/1942/884
f 5196/1943/886 5195/1944/886 5193/1519/885
f 5198/1518/887 5197/1521/889 5195/1944/886
f 5200/1945/888 5199/1946/888 5197/1521/889
f 5202/1520/890 5201/1523/892 5199/1946/888
f 5204/1947/891 5203/1948/894 5201/1523/892
f 5206/1522/893 5205/1525/893 5203/1948/894
f 5208/1949/895 5207/1950/897 5205/1525/893
f 5210/1524/896 5209/1527/896 5207/1950/897
f 5212/1951/898 5211/1952/898 5209/1527/896
f 5214/1526/594 5213/1529/594 5211/1952/898
f 5216/1162/899 5215/625/899 5213/1529/594
f 5218/1528/900 5217/1531/900 5215/625/899
f 5220/1953/901 5219/1954/903 5217/1531/900
f 5222/1530/902 5221/1533/902 5219/1954/903
f 5224/1955/904 5223/1956/906 5221/1533/902
f 5226/1532/905 5225/1535/908 5223/1956/906
f 5228/1957/907 5227/1958/907 5225/1535/908
f 5230/1534/909 5229/1537/911 5227/1958/907
f 5232/1959/910 5231/1960/910 5229/1537/911
f 5234/1536/912 5233/1539/912 5231/1960/910
f 5236/1961/913 5235/1962/913 5233/1539/912
f 5238/1538/914 5237/1541/914 5235/1962/913
f 5240/1963/915 5239/1964/915 5237/1541/914
f 5242/1540/916 5241/1543/916 5239/1964/915
f 5244/1965/917 5243/1966/917 5241/1543/916
f 5246/1542/918 5245/1545/920 5243/1966/917
f 5248/1967/919 5247/1968/922 5245/1545/920
f 5250/1544/921 5249/1547/921 5247/1968/922
f 5252/1969/923 5251/1970/923 5249/1547/921
f 5254/1546/924 5253/1549/924 5251/1970/923
f 5256/1971/925 5255/1972/927 5253/1549/924
f 5258/1548/926 5257/1551/926 5255/1972/927
f 5260/1973/928 5259/1974/928 5257/1551/926
f 5262/1550/929 5261/1553/929 5259/1974/928
f 5264/1975/930 5263/1976/930 5261/1553/929
f 5266/1552/931 5265/1555/931 5263/1976/930
f 5268/1977/932 5267/1978/932 5265/1555/931
f 5270/1554/933 5269/1557/933 5267/1978/932
f 5272/1979/934 5271/1980/936 5269/1557/933
f 5274/1556/935 5273/1559/935 5271/1980/936
f 5276/1981/937 5275/1982/937 5273/1559/935
f 5278/1558/938 5277/1561/938 5275/1982/937
f 5280/1983/939 5279/1984/939 5277/1561/938
f 5282/1560/940 5281/1563/940 5279/1984/939
f 5284/1985/941 5283/1986/941 5281/1563/940
f 5286/1562/942 5285/1564/942 5283/1986/941
f 5288/1987/568 5287/1988/568 5285/1564/942
f 5142/1219/855 5141/379/855 5287/1988/568
f 5292/1837/943 5291/1839/943 5289/477/944
f 5294/1838/945 5293/1841/947 5291/1839/943
f 5296/1840/946 5295/1843/946 5293/1841/947
f 5298/1842/948 5297/1845/948 5295/1843/946
f 5300/1844/130 5299/1847/130 5297/1845/948
f 5302/1846/949 5301/1849/951 5299/1847/130
f 5304/1848/950 5303/1850/950 5301/1849/951
f 5306/1565/952 5305/602/954 5303/1850/950
f 5308/1851/953 5307/1853/956 5305/602/954
f 5310/1852/955 5309/1855/955 5307/1853/956
f 5312/1854/594 5311/1856/594 5309/1855/955
f 5314/1569/957 5313/1570/957 5311/1856/594
f 5316/1857/958 5315/1859/958 5313/1570/957
f 5318/1858/959 5317/1861/961 5315/1859/958
f 5320/1860/960 5319/1862/960 5317/1861/961
f 5322/1566/962 5321/601/963 5319/1862/960
f 5324/1863/186 5323/1865/186 5321/601/963
f 5326/1864/964 5325/1867/964 5323/1865/186
f 5328/1866/965 5327/1869/965 5325/1867/964
f 5330/1868/966 5329/1871/968 5327/1869/965
f 5332/1870/967 5331/1873/970 5329/1871/968
f 5334/1872/969 5333/1875/969 5331/1873/970
f 5336/1874/554 5335/1876/554 5333/1875/969
f 5338/1162/971 5337/625/971 5335/1876/554
f 5340/1877/972 5339/1879/972 5337/625/971
f 5342/1878/973 5341/1881/975 5339/1879/972
f 5344/1880/974 5343/1883/974 5341/1881/975
f 5346/1882/976 5345/1885/976 5343/1883/974
f 5348/1884/397 5347/1887/397 5345/1885/976
f 5350/1886/977 5349/1889/979 5347/1887/397
f 5352/1888/978 5351/1890/978 5349/1889/979
f 5354/1567/980 5353/629/982 5351/1890/978
f 5356/1891/981 5355/1893/984 5353/629/982
f 5358/1892/983 5357/1895/983 5355/1893/984
f 5360/1894/568 5359/1896/568 5357/1895/983
f 5362/1571/985 5361/1572/985 5359/1896/568
f 5364/1897/986 5363/1899/988 5361/1572/985
f 5366/1898/987 5365/1901/990 5363/1899/988
f 5368/1900/989 5367/1902/989 5365/1901/990
f 5370/1568/991 5369/640/992 5367/1902/989
f 5372/1903/131 5371/1905/131 5369/640/992
f 5374/1904/993 5373/1907/995 5371/1905/131
f 5376/1906/994 5375/1909/994 5373/1907/995
f 5378/1908/996 5377/1911/998 5375/1909/994
f 5380/1910/997 5379/1913/1000 5377/1911/998
f 5382/1912/999 5381/1915/999 5379/1913/1000
f 5384/1914/581 5383/1916/581 5381/1915/999
f 5290/1219/944 5289/379/944 5383/1916/581
o SPACE
v -6.019751 -14.280239 -0.399999
v -6.019751 -15.413239 -0.399999
v -7.554251 -15.413239 -0.399999
v -7.554251 -15.897240 -0.399999
v -6.019751 -15.897240 -0.399999
v -6.019751 -17.063240 -0.399999
v -7.658751 -17.063240 -0.399999
v -7.658751 -17.547239 -0.399999
v -5.480751 -17.547239 -0.400000
v -5.480751 -13.796240 -0.400000
v -7.609251 -13.796240 -0.399999
v -7.609251 -14.280239 -0.399999
v -4.668065 -14.567943 -0.400000
v -4.556267 -14.509737 -0.400000
v -4.446493 -14.457528 -0.400000
v -4.338380 -14.411221 -0.400000
v -4.231566 -14.370719 -0.400000
v -4.125688 -14.335927 -0.400000
v -4.020383 -14.306749 -0.400000
v -3.915287 -14.283092 -0.400000
v -3.810039 -14.264856 -0.400000
v -3.704276 -14.251950 -0.400000
v -3.597634 -14.244276 -0.400000
v -3.489750 -14.241739 -0.400000
v -3.280075 -14.254230 -0.400000
v -3.081018 -14.290781 -0.400000
v -2.894032 -14.350021 -0.400000
v -2.720565 -14.430573 -0.400000
v -2.562071 -14.531063 -0.400000
v -2.420000 -14.650115 -0.400000
v -2.295805 -14.786354 -0.400000
v -2.190935 -14.938406 -0.400000
v -2.106844 -15.104896 -0.400000
v -2.044981 -15.284448 -0.400000
v -2.006800 -15.475688 -0.400000
v -1.993750 -15.677239 -0.400000
v -2.006392 -15.882042 -0.400000
v -2.043556 -16.074945 -0.400000
v -2.104094 -16.254826 -0.400000
v -2.186861 -16.420555 -0.400000
v -2.290712 -16.571005 -0.400000
v -2.414500 -16.705051 -0.400000
v -2.557080 -16.821568 -0.400000
v -2.717306 -16.919426 -0.400000
v -2.894032 -16.997498 -0.400000
v -3.086111 -17.054659 -0.400000
v -3.292399 -17.089783 -0.400000
v -3.511750 -17.101740 -0.400000
v -3.618383 -17.098660 -0.400000
v -3.726352 -17.089466 -0.400000
v -3.835391 -17.074240 -0.400000
v -3.945232 -17.053055 -0.400000
v -4.055607 -17.025988 -0.400000
v -4.166250 -16.993114 -0.400000
v -4.276894 -16.954514 -0.400000
v -4.387269 -16.910259 -0.400000
v -4.497110 -16.860428 -0.400000
v -4.606149 -16.805096 -0.400000
v -4.714118 -16.744341 -0.400000
v -4.820750 -16.678240 -0.400000
v -4.820750 -17.266739 -0.400000
v -4.727849 -17.313671 -0.400000
v -4.633037 -17.358025 -0.400000
v -4.535781 -17.399513 -0.400000
v -4.435546 -17.437851 -0.400000
v -4.331798 -17.472752 -0.400000
v -4.224000 -17.503927 -0.400000
v -4.111619 -17.531094 -0.400000
v -3.994120 -17.553963 -0.400000
v -3.870969 -17.572248 -0.400000
v -3.741630 -17.585663 -0.400000
v -3.605568 -17.593924 -0.400000
v -3.462250 -17.596741 -0.400000
v -3.126649 -17.574966 -0.400000
v -2.823436 -17.512840 -0.400000
v -2.552001 -17.415154 -0.400000
v -2.311732 -17.286703 -0.400000
v -2.102019 -17.132280 -0.400000
v -1.922250 -16.956676 -0.400000
v -1.771815 -16.764690 -0.400000
v -1.650102 -16.561110 -0.400000
v -1.556500 -16.350733 -0.400000
v -1.490398 -16.138348 -0.400000
v -1.451185 -15.928753 -0.400000
v -1.438250 -15.726740 -0.400000
v -1.455930 -15.447462 -0.400000
v -1.507738 -15.182851 -0.400000
v -1.591820 -14.934740 -0.400000
v -1.706324 -14.704962 -0.400000
v -1.849397 -14.495351 -0.400000
v -2.019187 -14.307739 -0.400000
v -2.213842 -14.143962 -0.400000
v -2.431509 -14.005851 -0.400000
v -2.670336 -13.895240 -0.400000
v -2.928470 -13.813962 -0.400000
v -3.204059 -13.763851 -0.400000
v -3.495250 -13.746739 -0.400000
v -3.591681 -13.748703 -0.400000
v -3.688743 -13.754659 -0.400000
v -3.786836 -13.764700 -0.400000
v -3.886361 -13.778925 -0.400000
v -3.987720 -13.797426 -0.400000
v -4.091312 -13.820302 -0.400000
v -4.197541 -13.847646 -0.400000
v -4.306806 -13.879555 -0.400000
v -4.419508 -13.916122 -0.400000
v -4.536049 -13.957445 -0.400000
v -4.656829 -14.003619 -0.400000
v -4.782250 -14.054739 -0.400000
v -4.782250 -14.632239 -0.400000
v -0.624250 -17.547239 -0.400000
v -0.123750 -16.441740 -0.400000
v 1.471250 -16.441740 -0.400000
v 1.944250 -17.547239 -0.400000
v 2.494250 -17.547239 -0.400000
v 0.882750 -13.774240 -0.400000
v 0.503250 -13.774240 -0.400000
v -1.174250 -17.547239 -0.400000
v 0.096250 -15.957740 -0.400000
v 0.701250 -14.599239 -0.400000
v 1.262250 -15.957740 -0.400000
v 3.547115 -13.806107 -0.400000
v 3.369794 -13.834842 -0.400000
v 3.210539 -13.881145 -0.400000
v 3.069102 -13.943721 -0.400000
v 2.945234 -14.021269 -0.400000
v 2.838687 -14.112490 -0.400000
v 2.749214 -14.216085 -0.400000
v 2.676565 -14.330758 -0.400000
v 2.620492 -14.455208 -0.400000
v 2.580748 -14.588138 -0.400000
v 2.557083 -14.728248 -0.400000
v 2.549250 -14.874240 -0.400000
v 2.557545 -15.018535 -0.400000
v 2.582607 -15.156395 -0.400000
v 2.624703 -15.286654 -0.400000
v 2.684102 -15.408147 -0.400000
v 2.761070 -15.519710 -0.400000
v 2.855875 -15.620177 -0.400000
v 2.968784 -15.708384 -0.400000
v 3.100065 -15.783166 -0.400000
v 3.249985 -15.843357 -0.400000
v 3.418810 -15.887793 -0.400000
v 3.606810 -15.915309 -0.400000
v 3.814250 -15.924740 -0.400000
v 4.375250 -15.924740 -0.400000
v 4.375250 -17.547239 -0.400000
v 4.914250 -17.547239 -0.400000
v 4.914250 -13.796240 -0.400000
v 3.742750 -13.796240 -0.400000
v 3.764750 -15.440740 -0.400000
v 3.667421 -15.436303 -0.400000
v 3.576452 -15.423120 -0.400000
v 3.492243 -15.401381 -0.400000
v 3.415195 -15.371277 -0.400000
v 3.345710 -15.332999 -0.400000
v 3.284188 -15.286739 -0.400000
v 3.231030 -15.232688 -0.400000
v 3.186639 -15.171036 -0.400000
v 3.151414 -15.101974 -0.400000
v 3.125757 -15.025693 -0.400000
v 3.110069 -14.942385 -0.400000
v 3.104750 -14.852240 -0.400000
v 3.107955 -14.783216 -0.400000
v 3.118016 -14.714383 -0.400000
v 3.135602 -14.646849 -0.400000
v 3.161380 -14.581721 -0.400000
v 3.196019 -14.520107 -0.400000
v 3.240188 -14.463115 -0.400000
v 3.294554 -14.411851 -0.400000
v 3.359787 -14.367425 -0.400000
v 3.436555 -14.330942 -0.400000
v 3.525526 -14.303513 -0.400000
v 3.627368 -14.286242 -0.400000
v 3.742750 -14.280239 -0.400000
v 4.375250 -14.280239 -0.400000
v 4.375250 -15.440740 -0.400000
v 5.703246 -14.550011 -0.400001
v 5.782131 -14.487279 -0.400001
v 5.860251 -14.432607 -0.400001
v 5.937454 -14.385554 -0.400001
v 6.013588 -14.345682 -0.400001
v 6.088500 -14.312552 -0.400001
v 6.162038 -14.285724 -0.400001
v 6.234047 -14.264758 -0.400001
v 6.304376 -14.249216 -0.400001
v 6.372871 -14.238659 -0.400001
v 6.439380 -14.232646 -0.400001
v 6.503751 -14.230740 -0.400001
v 6.588227 -14.234464 -0.400001
v 6.668063 -14.245406 -0.400001
v 6.742743 -14.263224 -0.400001
v 6.811750 -14.287573 -0.400001
v 6.874571 -14.318110 -0.400001
v 6.930688 -14.354489 -0.400001
v 6.979587 -14.396370 -0.400001
v 7.020751 -14.443406 -0.400001
v 7.053665 -14.495255 -0.400001
v 7.077813 -14.551573 -0.400001
v 7.092680 -14.612016 -0.400001
v 7.097750 -14.676240 -0.400001
v 7.065828 -14.842245 -0.400001
v 6.977567 -14.984494 -0.400001
v 6.844236 -15.109709 -0.400001
v 6.677104 -15.224610 -0.400001
v 6.487436 -15.335921 -0.400001
v 6.286501 -15.450365 -0.400001
v 6.085567 -15.574662 -0.400001
v 5.895899 -15.715536 -0.400001
v 5.728766 -15.879708 -0.400001
v 5.595436 -16.073902 -0.400000
v 5.507175 -16.304838 -0.400000
v 5.475250 -16.579239 -0.400000
v 5.484366 -16.722885 -0.400000
v 5.511052 -16.858950 -0.400000
v 5.554314 -16.986498 -0.400000
v 5.613158 -17.104591 -0.400000
v 5.686593 -17.212297 -0.400001
v 5.773625 -17.308678 -0.400001
v 5.873262 -17.392797 -0.400001
v 5.984510 -17.463722 -0.400001
v 6.106376 -17.520514 -0.400001
v 6.237866 -17.562237 -0.400001
v 6.377989 -17.587959 -0.400001
v 6.525750 -17.596741 -0.400001
v 6.625932 -17.594439 -0.400001
v 6.723114 -17.587496 -0.400001
v 6.817509 -17.575857 -0.400001
v 6.909325 -17.559462 -0.400001
v 6.998773 -17.538254 -0.400001
v 7.086063 -17.512177 -0.400001
v 7.171405 -17.481173 -0.400001
v 7.255010 -17.445185 -0.400001
v 7.337087 -17.404154 -0.400001
v 7.417846 -17.358025 -0.400001
v 7.497497 -17.306740 -0.400001
v 7.576250 -17.250240 -0.400001
v 7.576250 -16.568239 -0.400001
v 7.506040 -16.652897 -0.400001
v 7.433022 -16.730795 -0.400001
v 7.357368 -16.801819 -0.400001
v 7.279252 -16.865850 -0.400001
v 7.198843 -16.922779 -0.400001
v 7.116314 -16.972490 -0.400001
v 7.031837 -17.014866 -0.400001
v 6.945584 -17.049795 -0.400001
v 6.857728 -17.077162 -0.400001
v 6.768438 -17.096851 -0.400001
v 6.677889 -17.108749 -0.400001
v 6.586251 -17.112740 -0.400001
v 6.486430 -17.107424 -0.400001
v 6.395889 -17.092216 -0.400001
v 6.314516 -17.068224 -0.400001
v 6.242195 -17.036554 -0.400001
v 6.178811 -16.998316 -0.400001
v 6.124250 -16.954615 -0.400001
v 6.078398 -16.906559 -0.400001
v 6.041140 -16.855259 -0.400001
v 6.012360 -16.801819 -0.400001
v 5.991945 -16.747347 -0.400001
v 5.979780 -16.692951 -0.400001
v 5.975750 -16.639740 -0.400001
v 6.007673 -16.459246 -0.400001
v 6.095934 -16.301744 -0.400001
v 6.229265 -16.161583 -0.400001
v 6.396398 -16.033110 -0.400001
v 6.586065 -15.910671 -0.400001
v 6.787000 -15.788615 -0.400001
v 6.987935 -15.661287 -0.400001
v 7.177602 -15.523036 -0.400001
v 7.344735 -15.368208 -0.400001
v 7.478065 -15.191152 -0.400001
v 7.566326 -14.986213 -0.400001
v 7.598251 -14.747740 -0.400001
v 7.588978 -14.599796 -0.400001
v 7.561660 -14.461613 -0.400001
v 7.517040 -14.333778 -0.400001
v 7.455862 -14.216888 -0.400001
v 7.378871 -14.111531 -0.400001
v 7.286813 -14.018302 -0.400001
v 7.180432 -13.937792 -0.400001
v 7.060472 -13.870591 -0.400001
v 6.927680 -13.817294 -0.400001
v 6.782799 -13.778492 -0.400001
v 6.626575 -13.754776 -0.400001
v 6.459751 -13.746739 -0.400001
v 6.388263 -13.748573 -0.400001
v 6.316852 -13.754073 -0.400001
v 6.245594 -13.763239 -0.400001
v 6.174565 -13.776073 -0.400001
v 6.103842 -13.792573 -0.400001
v 6.033501 -13.812739 -0.400001
v 5.963617 -13.836573 -0.400001
v 5.894269 -13.864073 -0.400001
v 5.825532 -13.895240 -0.400001
v 5.757482 -13.930073 -0.400001
v 5.690196 -13.968573 -0.400001
v 5.623750 -14.010739 -0.400000
v 5.623750 -14.621240 -0.400000
v -6.019751 -14.280239 0.400001
v -6.019751 -15.413239 0.400001
v -7.554251 -15.413239 0.400001
v -7.554251 -15.897240 0.400001
v -6.019751 -15.897240 0.400001
v -6.019751 -17.063240 0.400001
v -7.658751 -17.063240 0.400001
v -7.658751 -17.547239 0.400001
v -5.480751 -17.547239 0.400000
v -5.480751 -13.796240 0.400000
v -7.609251 -13.796240 0.400001
v -7.609251 -14.280239 0.400001
v -4.668065 -14.567943 0.400000
v -4.556267 -14.509737 0.400000
v -4.446493 -14.457528 0.400000
v -4.338380 -14.411221 0.400000
v -4.231566 -14.370719 0.400000
v -4.125688 -14.335927 0.400000
v -4.020383 -14.306749 0.400000
v -3.915287 -14.283092 0.400000
v -3.810039 -14.264856 0.400000
v -3.704276 -14.251950 0.400000
v -3.597634 -14.244276 0.400000
v -3.489750 -14.241739 0.400000
v -3.280075 -14.254230 0.400000
v -3.081018 -14.290781 0.400000
v -2.894032 -14.350021 0.400000
v -2.720565 -14.430573 0.400000
v -2.562071 -14.531063 0.400000
v -2.420000 -14.650115 0.400000
v -2.295805 -14.786354 0.400000
v -2.190935 -14.938406 0.400000
v -2.106844 -15.104896 0.400000
v -2.044981 -15.284448 0.400000
v -2.006800 -15.475688 0.400000
v -1.993750 -15.677239 0.400000
v -2.006392 -15.882042 0.400000
v -2.043556 -16.074945 0.400000
v -2.104094 -16.254826 0.400000
v -2.186861 -16.420555 0.400000
v -2.290712 -16.571005 0.400000
v -2.414500 -16.705051 0.400000
v -2.557080 -16.821568 0.400000
v -2.717306 -16.919426 0.400000
v -2.894032 -16.997498 0.400000
v -3.086111 -17.054659 0.400000
v -3.292399 -17.089783 0.400000
v -3.511750 -17.101740 0.400000
v -3.618383 -17.098660 0.400000
v -3.726352 -17.089466 0.400000
v -3.835391 -17.074240 0.400000
v -3.945232 -17.053055 0.400000
v -4.055607 -17.025988 0.400000
v -4.166250 -16.993114 0.400000
v -4.276894 -16.954514 0.400000
v -4.387269 -16.910259 0.400000
v -4.497110 -16.860428 0.400000
v -4.606149 -16.805096 0.400000
v -4.714118 -16.744341 0.400000
v -4.820750 -16.678240 0.400000
v -4.820750 -17.266739 0.400000
v -4.727849 -17.313671 0.400000
v -4.633037 -17.358025 0.400000
v -4.535781 -17.399513 0.400000
v -4.435546 -17.437851 0.400000
v -4.331798 -17.472752 0.400000
v -4.224000 -17.503927 0.400000
v -4.111619 -17.531094 0.400000
v -3.994120 -17.553963 0.400000
v -3.870969 -17.572248 0.400000
v -3.741630 -17.585663 0.400000
v -3.605568 -17.593924 0.400000
v -3.462250 -17.596741 0.400000
v -3.126649 -17.574966 0.400000
v -2.823436 -17.512840 0.400000
v -2.552001 -17.415154 0.400000
v -2.311732 -17.286703 0.400000
v -2.102019 -17.132280 0.400000
v -1.922250 -16.956676 0.400000
v -1.771815 -16.764690 0.400000
v -1.650102 -16.561110 0.400000
v -1.556500 -16.350733 0.400000
v -1.490398 -16.138348 0.400000
v -1.451185 -15.928753 0.400000
v -1.438250 -15.726740 0.400000
v -1.455930 -15.447462 0.400000
v -1.507738 -15.182851 0.400000
v -1.591820 -14.934740 0.400000
v -1.706324 -14.704962 0.400000
v -1.849397 -14.495351 0.400000
v -2.019187 -14.307739 0.400000
v -2.213842 -14.143962 0.400000
v -2.431509 -14.005851 0.400000
v -2.670336 -13.895240 0.400000
v -2.928470 -13.813962 0.400000
v -3.204059 -13.763851 0.400000
v -3.495250 -13.746739 0.400000
v -3.591681 -13.748703 0.400000
v -3.688743 -13.754659 0.400000
v -3.786836 -13.764700 0.400000
v -3.886361 -13.778925 0.400000
v -3.987720 -13.797426 0.400000
v -4.091312 -13.820302 0.400000
v -4.197541 -13.847646 0.400000
v -4.306806 -13.879555 0.400000
v -4.419508 -13.916122 0.400000
v -4.536049 -13.957445 0.400000
v -4.656829 -14.003619 0.400000
v -4.782250 -14.054739 0.400000
v -4.782250 -14.632239 0.400000
v -0.624250 -17.547239 0.400000
v -0.123750 -16.441740 0.400000
v 1.471250 -16.441740 0.400000
v 1.944250 -17.547239 0.400000
v 2.494250 -17.547239 0.400000
v 0.882750 -13.774240 0.400000
v 0.503250 -13.774240 0.400000
v -1.174250 -17.547239 0.400000
v 0.096250 -15.957740 0.400000
v 0.701250 -14.599239 0.400000
v 1.262250 -15.957740 0.400000
v 3.547115 -13.806107 0.400000
v 3.369794 -13.834842 0.400000
v 3.210539 -13.881145 0.400000
v 3.069102 -13.943721 0.400000
v 2.945234 -14.021269 0.400000
v 2.838687 -14.112490 0.400000
v 2.749214 -14.216085 0.400000
v 2.676565 -14.330758 0.400000
v 2.620492 -14.455208 0.400000
v 2.580748 -14.588138 0.400000
v 2.557083 -14.728248 0.400000
v 2.549250 -14.874240 0.400000
v 2.557545 -15.018535 0.400000
v 2.582607 -15.156395 0.400000
v 2.624703 -15.286654 0.400000
v 2.684102 -15.408147 0.400000
v 2.761070 -15.519710 0.400000
v 2.855875 -15.620177 0.400000
v 2.968784 -15.708384 0.400000
v 3.100065 -15.783166 0.400000
v 3.249985 -15.843357 0.400000
v 3.418810 -15.887793 0.400000
v 3.606810 -15.915309 0.400000
v 3.814250 -15.924740 0.400000
v 4.375250 -15.924740 0.400000
v 4.375250 -17.547239 0.400000
v 4.914250 -17.547239 0.400000
v 4.914250 -13.796240 0.400000
v 3.742750 -13.796240 0.400000
v 3.764750 -15.440740 0.400000
v 3.667421 -15.436303 0.400000
v 3.576452 -15.423120 0.400000
v 3.492243 -15.401381 0.400000
v 3.415195 -15.371277 0.400000
v 3.345710 -15.332999 0.400000
v 3.284188 -15.286739 0.400000
v 3.231030 -15.232688 0.400000
v 3.186639 -15.171036 0.400000
v 3.151414 -15.101974 0.400000
v 3.125757 -15.025693 0.400000
v 3.110069 -14.942385 0.400000
v 3.104750 -14.852240 0.400000
v 3.107955 -14.783216 0.400000
v 3.118016 -14.714383 0.400000
v 3.135602 -14.646849 0.400000
v 3.161380 -14.581721 0.400000
v 3.196019 -14.520107 0.400000
v 3.240188 -14.463115 0.400000
v 3.294554 -14.411851 0.400000
v 3.359787 -14.367425 0.400000
v 3.436555 -14.330942 0.400000
v 3.525526 -14.303513 0.400000
v 3.627368 -14.286242 0.400000
v 3.742750 -14.280239 0.400000
v 4.375250 -14.280239 0.400000
v 4.375250 -15.440740 0.400000
v 5.703246 -14.550011 0.399999
v 5.782131 -14.487279 0.399999
v 5.860251 -14.432607 0.399999
v 5.937454 -14.385554 0.399999
v 6.013588 -14.345682 0.399999
v 6.088500 -14.312552 0.399999
v 6.162038 -14.285724 0.399999
v 6.234047 -14.264758 0.399999
v 6.304376 -14.249216 0.399999
v 6.372871 -14.238659 0.399999
v 6.439380 -14.232646 0.399999
v 6.503751 -14.230740 0.399999
v 6.588227 -14.234464 0.399999
v 6.668063 -14.245406 0.399999
v 6.742743 -14.263224 0.399999
v 6.811750 -14.287573 0.399999
v 6.874571 -14.318110 0.399999
v 6.930688 -14.354489 0.399999
v 6.979587 -14.396370 0.399999
v 7.020751 -14.443406 0.399999
v 7.053665 -14.495255 0.399999
v 7.077813 -14.551573 0.399999
v 7.092680 -14.612016 0.399999
v 7.097750 -14.676240 0.399999
v 7.065828 -14.842245 0.399999
v 6.977567 -14.984494 0.399999
v 6.844236 -15.109709 0.399999
v 6.677104 -15.224610 0.399999
v 6.487436 -15.335921 0.399999
v 6.286501 -15.450365 0.399999
v 6.085567 -15.574662 0.399999
v 5.895899 -15.715536 0.399999
v 5.728766 -15.879708 0.399999
v 5.595436 -16.073902 0.400000
v 5.507175 -16.304838 0.400000
v 5.475250 -16.579239 0.400000
v 5.484366 -16.722885 0.400000
v 5.511052 -16.858950 0.400000
v 5.554314 -16.986498 0.400000
v 5.613158 -17.104591 0.400000
v 5.686593 -17.212297 0.399999
v 5.773625 -17.308678 0.399999
v 5.873262 -17.392797 0.399999
v 5.984510 -17.463722 0.399999
v 6.106376 -17.520514 0.399999
v 6.237866 -17.562237 0.399999
v 6.377989 -17.587959 0.399999
v 6.525750 -17.596741 0.399999
v 6.625932 -17.594439 0.399999
v 6.723114 -17.587496 0.399999
v 6.817509 -17.575857 0.399999
v 6.909325 -17.559462 0.399999
v 6.998773 -17.538254 0.399999
v 7.086063 -17.512177 0.399999
v 7.171405 -17.481173 0.399999
v 7.255010 -17.445185 0.399999
v 7.337087 -17.404154 0.399999
v 7.417846 -17.358025 0.399999
v 7.497497 -17.306740 0.399999
v 7.576250 -17.250240 0.399999
v 7.576250 -16.568239 0.399999
v 7.506040 -16.652897 0.399999
v 7.433022 -16.730795 0.399999
v 7.357368 -16.801819 0.399999
v 7.279252 -16.865850 0.399999
v 7.198843 -16.922779 0.399999
v 7.116314 -16.972490 0.399999
v 7.031837 -17.014866 0.399999
v 6.945584 -17.049795 0.399999
v 6.857728 -17.077162 0.399999
v 6.768438 -17.096851 0.399999
v 6.677889 -17.108749 0.399999
v 6.586251 -17.112740 0.399999
v 6.486430 -17.107424 0.399999
v 6.395889 -17.092216 0.399999
v 6.314516 -17.068224 0.399999
v 6.242195 -17.036554 0.399999
v 6.178811 -16.998316 0.399999
v 6.124250 -16.954615 0.399999
v 6.078398 -16.906559 0.399999
v 6.041140 -16.855259 0.399999
v 6.012360 -16.801819 0.399999
v 5.991945 -16.747347 0.399999
v 5.979780 -16.692951 0.399999
v 5.975750 -16.639740 0.399999
v 6.007673 -16.459246 0.399999
v 6.095934 -16.301744 0.399999
v 6.229265 -16.161583 0.399999
v 6.396398 -16.033110 0.399999
v 6.586065 -15.910671 0.399999
v 6.787000 -15.788615 0.399999
v 6.987935 -15.661287 0.399999
v 7.177602 -15.523036 0.399999
v 7.344735 -15.368208 0.399999
v 7.478065 -15.191152 0.399999
v 7.566326 -14.986213 0.399999
v 7.598251 -14.747740 0.399999
v 7.588978 -14.599796 0.399999
v 7.561660 -14.461613 0.399999
v 7.517040 -14.333778 0.399999
v 7.455862 -14.216888 0.399999
v 7.378871 -14.111531 0.399999
v 7.286813 -14.018302 0.399999
v 7.180432 -13.937792 0.399999
v 7.060472 -13.870591 0.399999
v 6.927680 -13.817294 0.399999
v 6.782799 -13.778492 0.399999
v 6.626575 -13.754776 0.399999
v 6.459751 -13.746739 0.399999
v 6.388263 -13.748573 0.399999
v 6.316852 -13.754073 0.399999
v 6.245594 -13.763239 0.399999
v 6.174565 -13.776073 0.399999
v 6.103842 -13.792573 0.399999
v 6.033501 -13.812739 0.399999
v 5.963617 -13.836573 0.399999
v 5.894269 -13.864073 0.399999
v 5.825532 -13.895240 0.399999
v 5.757482 -13.930073 0.399999
v 5.690196 -13.968573 0.399999
v 5.623750 -14.010739 0.400000
v 5.623750 -14.621240 0.400000
v 5.703246 -14.550011 0.399999
v 5.703246 -14.550011 -0.400001
v 5.782131 -14.487279 0.399999
v 5.782131 -14.487279 -0.400001
v 5.860251 -14.432607 0.399999
v 5.860251 -14.432607 -0.400001
v 5.937454 -14.385554 0.399999
v 5.937454 -14.385554 -0.400001
v 6.013588 -14.345682 0.399999
v 6.013588 -14.345682 -0.400001
v 6.088500 -14.312552 0.399999
v 6.088500 -14.312552 -0.400001
v 6.162038 -14.285724 0.399999
v 6.162038 -14.285724 -0.400001
v 6.234047 -14.264758 0.399999
v 6.234047 -14.264758 -0.400001
v 6.304376 -14.249216 0.399999
v 6.304376 -14.249216 -0.400001
v 6.372871 -14.238659 0.399999
v 6.372871 -14.238659 -0.400001
v 6.439380 -14.232646 0.399999
v 6.439380 -14.232646 -0.400001
v 6.503751 -14.230740 0.399999
v 6.503751 -14.230740 -0.400001
v 6.588227 -14.234464 0.399999
v 6.588227 -14.234464 -0.400001
v 6.668063 -14.245406 0.399999
v 6.668063 -14.245406 -0.400001
v 6.742743 -14.263224 0.399999
v 6.742743 -14.263224 -0.400001
v 6.811750 -14.287573 0.399999
v 6.811750 -14.287573 -0.400001
v 6.874571 -14.318110 0.399999
v 6.874571 -14.318110 -0.400001
v 6.930688 -14.354489 0.399999
v 6.930688 -14.354489 -0.400001
v 6.979587 -14.396370 0.399999
v 6.979587 -14.396370 -0.400001
v 7.020751 -14.443406 0.399999
v 7.020751 -14.443406 -0.400001
v 7.053665 -14.495255 0.399999
v 7.053665 -14.495255 -0.400001
v 7.077813 -14.551573 0.399999
v 7.077813 -14.551573 -0.400001
v 7.092680 -14.612016 0.399999
v 7.092680 -14.612016 -0.400001
v 7.097750 -14.676240 0.399999
v 7.097750 -14.676240 -0.400001
v 7.065828 -14.842245 0.399999
v 7.065828 -14.842245 -0.400001
v 6.977567 -14.984494 0.399999
v 6.977567 -14.984494 -0.400001
v 6.844236 -15.109709 0.399999
v 6.844236 -15.109709 -0.400001
v 6.677104 -15.224610 0.399999
v 6.677104 -15.224610 -0.400001
v 6.487436 -15.335921 0.399999
v 6.487436 -15.335921 -0.400001
v 6.286501 -15.450365 0.399999
v 6.286501 -15.450365 -0.400001
v 6.085567 -15.574662 0.399999
v 6.085567 -15.574662 -0.400001
v 5.895899 -15.715536 0.399999
v 5.895899 -15.715536 -0.400001
v 5.728766 -15.879708 0.399999
v 5.728766 -15.879708 -0.400001
v 5.595436 -16.073902 0.400000
v 5.595436 -16.073902 -0.400000
v 5.507175 -16.304838 0.400000
v 5.507175 -16.304838 -0.400000
v 5.475250 -16.579239 0.400000
v 5.475250 -16.579239 -0.400000
v 5.484366 -16.722885 0.400000
v 5.484366 -16.722885 -0.400000
v 5.511052 -16.858950 0.400000
v 5.511052 -16.858950 -0.400000
v 5.554314 -16.986498 0.400000
v 5.554314 -16.986498 -0.400000
v 5.613158 -17.104591 0.400000
v 5.613158 -17.104591 -0.400000
v 5.686593 -17.212297 0.399999
v 5.686593 -17.212297 -0.400001
v 5.773625 -17.308678 0.399999
v 5.773625 -17.308678 -0.400001
v 5.873262 -17.392797 0.399999
v 5.873262 -17.392797 -0.400001
v 5.984510 -17.463722 0.399999
v 5.984510 -17.463722 -0.400001
v 6.106376 -17.520514 0.399999
v 6.106376 -17.520514 -0.400001
v 6.237866 -17.562237 0.399999
v 6.237866 -17.562237 -0.400001
v 6.377989 -17.587959 0.399999
v 6.377989 -17.587959 -0.400001
v 6.525750 -17.596741 0.399999
v 6.525750 -17.596741 -0.400001
v 6.625932 -17.594439 0.399999
v 6.625932 -17.594439 -0.400001
v 6.723114 -17.587496 0.399999
v 6.723114 -17.587496 -0.400001
v 6.817509 -17.575857 0.399999
v 6.817509 -17.575857 -0.400001
v 6.909325 -17.559462 0.399999
v 6.909325 -17.559462 -0.400001
v 6.998773 -17.538254 0.399999
v 6.998773 -17.538254 -0.400001
v 7.086063 -17.512177 0.399999
v 7.086063 -17.512177 -0.400001
v 7.171405 -17.481173 0.399999
v 7.171405 -17.481173 -0.400001
v 7.255010 -17.445185 0.399999
v 7.255010 -17.445185 -0.400001
v 7.337087 -17.404154 0.399999
v 7.337087 -17.404154 -0.400001
v 7.417846 -17.358025 0.399999
v 7.417846 -17.358025 -0.400001
v 7.497497 -17.306740 0.399999
v 7.497497 -17.306740 -0.400001
v 7.576250 -17.250240 0.399999
v 7.576250 -17.250240 -0.400001
v 7.576250 -16.568239 0.399999
v 7.576250 -16.568239 -0.400001
v 7.506040 -16.652897 0.399999
v 7.506040 -16.652897 -0.400001
v 7.433022 -16.730795 0.399999
v 7.433022 -16.730795 -0.400001
v 7.357368 -16.801819 0.399999
v 7.357368 -16.801819 -0.400001
v 7.279252 -16.865850 0.399999
v 7.279252 -16.865850 -0.400001
v 7.198843 -16.922779 0.399999
v 7.198843 -16.922779 -0.400001
v 7.116314 -16.972490 0.399999
v 7.116314 -16.972490 -0.400001
v 7.031837 -17.014866 0.399999
v 7.031837 -17.014866 -0.400001
v 6.945584 -17.049795 0.399999
v 6.945584 -17.049795 -0.400001
v 6.857728 -17.077162 0.399999
v 6.857728 -17.077162 -0.400001
v 6.768438 -17.096851 0.399999
v 6.768438 -17.096851 -0.400001
v 6.677889 -17.108749 0.399999
v 6.677889 -17.108749 -0.400001
v 6.586251 -17.112740 0.399999
v 6.586251 -17.112740 -0.400001
v 6.486430 -17.107424 0.399999
v 6.486430 -17.107424 -0.400001
v 6.395889 -17.092216 0.399999
v 6.395889 -17.092216 -0.400001
v 6.314516 -17.068224 0.399999
v 6.314516 -17.068224 -0.400001
v 6.242195 -17.036554 0.399999
v 6.242195 -17.036554 -0.400001
v 6.178811 -16.998316 0.399999
v 6.178811 -16.998316 -0.400001
v 6.124250 -16.954615 0.399999
v 6.124250 -16.954615 -0.400001
v 6.078398 -16.906559 0.399999
v 6.078398 -16.906559 -0.400001
v 6.041140 -16.855259 0.399999
v 6.041140 -16.855259 -0.400001
v 6.012360 -16.801819 0.399999
v 6.012360 -16.801819 -0.400001
v 5.991945 -16.747347 0.399999
v 5.991945 -16.747347 -0.400001
v 5.979780 -16.692951 0.399999
v 5.979780 -16.692951 -0.400001
v 5.975750 -16.639740 0.399999
v 5.975750 -16.639740 -0.400001
v 6.007673 -16.459246 0.399999
v 6.007673 -16.459246 -0.400001
v 6.095934 -16.301744 0.399999
v 6.095934 -16.301744 -0.400001
v 6.229265 -16.161583 0.399999
v 6.229265 -16.161583 -0.400001
v 6.396398 -16.033110 0.399999
v 6.396398 -16.033110 -0.400001
v 6.586065 -15.910671 0.399999
v 6.586065 -15.910671 -0.400001
v 6.787000 -15.788615 0.399999
v 6.787000 -15.788615 -0.400001
v 6.987935 -15.661287 0.399999
v 6.987935 -15.661287 -0.400001
v 7.177602 -15.523036 0.399999
v 7.177602 -15.523036 -0.400001
v 7.344735 -15.368208 0.399999
v 7.344735 -15.368208 -0.400001
v 7.478065 -15.191152 0.399999
v 7.478065 -15.191152 -0.400001
v 7.566326 -14.986213 0.399999
v 7.566326 -14.986213 -0.400001
v 7.598251 -14.747740 0.399999
v 7.598251 -14.747740 -0.400001
v 7.588978 -14.599796 0.399999
v 7.588978 -14.599796 -0.400001
v 7.561660 -14.461613 0.399999
v 7.561660 -14.461613 -0.400001
v 7.517040 -14.333778 0.399999
v 7.517040 -14.333778 -0.400001
v 7.455862 -14.216888 0.399999
v 7.455862 -14.216888 -0.400001
v 7.378871 -14.111531 0.399999
v 7.378871 -14.111531 -0.400001
v 7.286813 -14.018302 0.399999
v 7.286813 -14.018302 -0.400001
v 7.180432 -13.937792 0.399999
v 7.180432 -13.937792 -0.400001
v 7.060472 -13.870591 0.399999
v 7.060472 -13.870591 -0.400001
v 6.927680 -13.817294 0.399999
v 6.927680 -13.817294 -0.400001
v 6.782799 -13.778492 0.399999
v 6.782799 -13.778492 -0.400001
v 6.626575 -13.754776 0.399999
v 6.626575 -13.754776 -0.400001
v 6.459751 -13.746739 0.399999
v 6.459751 -13.746739 -0.400001
v 6.388263 -13.748573 0.399999
v 6.388263 -13.748573 -0.400001
v 6.316852 -13.754073 0.399999
v 6.316852 -13.754073 -0.400001
v 6.245594 -13.763239 0.399999
v 6.245594 -13.763239 -0.400001
v 6.174565 -13.776073 0.399999
v 6.174565 -13.776073 -0.400001
v 6.103842 -13.792573 0.399999
v 6.103842 -13.792573 -0.400001
v 6.033501 -13.812739 0.399999
v 6.033501 -13.812739 -0.400001
v 5.963617 -13.836573 0.399999
v 5.963617 -13.836573 -0.400001
v 5.894269 -13.864073 0.399999
v 5.894269 -13.864073 -0.400001
v 5.825532 -13.895240 0.399999
v 5.825532 -13.895240 -0.400001
v 5.757482 -13.930073 0.399999
v 5.757482 -13.930073 -0.400001
v 5.690196 -13.968573 0.399999
v 5.690196 -13.968573 -0.400001
v 5.623750 -14.010739 0.400000
v 5.623750 -14.010739 -0.400000
v 5.623750 -14.621240 0.400000
v 5.623750 -14.621240 -0.400000
v 3.547115 -13.806107 0.400000
v 3.547115 -13.806107 -0.400000
v 3.369794 -13.834842 0.400000
v 3.369794 -13.834842 -0.400000
v 3.210539 -13.881145 0.400000
v 3.210539 -13.881145 -0.400000
v 3.069102 -13.943721 0.400000
v 3.069102 -13.943721 -0.400000
v 2.945234 -14.021269 0.400000
v 2.945234 -14.021269 -0.400000
v 2.838687 -14.112490 0.400000
v 2.838687 -14.112490 -0.400000
v 2.749214 -14.216085 0.400000
v 2.749214 -14.216085 -0.400000
v 2.676565 -14.330758 0.400000
v 2.676565 -14.330758 -0.400000
v 2.620492 -14.455208 0.400000
v 2.620492 -14.455208 -0.400000
v 2.580748 -14.588138 0.400000
v 2.580748 -14.588138 -0.400000
v 2.557083 -14.728248 0.400000
v 2.557083 -14.728248 -0.400000
v 2.549250 -14.874240 0.400000
v 2.549250 -14.874240 -0.400000
v 2.557545 -15.018535 0.400000
v 2.557545 -15.018535 -0.400000
v 2.582607 -15.156395 0.400000
v 2.582607 -15.156395 -0.400000
v 2.624703 -15.286654 0.400000
v 2.624703 -15.286654 -0.400000
v 2.684102 -15.408147 0.400000
v 2.684102 -15.408147 -0.400000
v 2.761070 -15.519710 0.400000
v 2.761070 -15.519710 -0.400000
v 2.855875 -15.620177 0.400000
v 2.855875 -15.620177 -0.400000
v 2.968784 -15.708384 0.400000
v 2.968784 -15.708384 -0.400000
v 3.100065 -15.783166 0.400000
v 3.100065 -15.783166 -0.400000
v 3.249985 -15.843357 0.400000
v 3.249985 -15.843357 -0.400000
v 3.418810 -15.887793 0.400000
v 3.418810 -15.887793 -0.400000
v 3.606810 -15.915309 0.400000
v 3.606810 -15.915309 -0.400000
v 3.814250 -15.924740 0.400000
v 3.814250 -15.924740 -0.400000
v 4.375250 -15.924740 0.400000
v 4.375250 -15.924740 -0.400000
v 4.375250 -17.547239 0.400000
v 4.375250 -17.547239 -0.400000
v 4.914250 -17.547239 0.400000
v 4.914250 -17.547239 -0.400000
v 4.914250 -13.796240 0.400000
v 4.914250 -13.796240 -0.400000
v 3.742750 -13.796240 0.400000
v 3.742750 -13.796240 -0.400000
v 3.764750 -15.440740 0.400000
v 3.764750 -15.440740 -0.400000
v 3.667421 -15.436303 0.400000
v 3.667421 -15.436303 -0.400000
v 3.576452 -15.423120 0.400000
v 3.576452 -15.423120 -0.400000
v 3.492243 -15.401381 0.400000
v 3.492243 -15.401381 -0.400000
v 3.415195 -15.371277 0.400000
v 3.415195 -15.371277 -0.400000
v 3.345710 -15.332999 0.400000
v 3.345710 -15.332999 -0.400000
v 3.284188 -15.286739 0.400000
v 3.284188 -15.286739 -0.400000
v 3.231030 -15.232688 0.400000
v 3.231030 -15.232688 -0.400000
v 3.186639 -15.171036 0.400000
v 3.186639 -15.171036 -0.400000
v 3.151414 -15.101974 0.400000
v 3.151414 -15.101974 -0.400000
v 3.125757 -15.025693 0.400000
v 3.125757 -15.025693 -0.400000
v 3.110069 -14.942385 0.400000
v 3.110069 -14.942385 -0.400000
v 3.104750 -14.852240 0.400000
v 3.104750 -14.852240 -0.400000
v 3.107955 -14.783216 0.400000
v 3.107955 -14.783216 -0.400000
v 3.118016 -14.714383 0.400000
v 3.118016 -14.714383 -0.400000
v 3.135602 -14.646849 0.400000
v 3.135602 -14.646849 -0.400000
v 3.161380 -14.581721 0.400000
v 3.161380 -14.581721 -0.400000
v 3.196019 -14.520107 0.400000
v 3.196019 -14.520107 -0.400000
v 3.240188 -14.463115 0.400000
v 3.240188 -14.463115 -0.400000
v 3.294554 -14.411851 0.400000
v 3.294554 -14.411851 -0.400000
v 3.359787 -14.367425 0.400000
v 3.359787 -14.367425 -0.400000
v 3.436555 -14.330942 0.400000
v 3.436555 -14.330942 -0.400000
v 3.525526 -14.303513 0.400000
v 3.525526 -14.303513 -0.400000
v 3.627368 -14.286242 0.400000
v 3.627368 -14.286242 -0.400000
v 3.742750 -14.280239 0.400000
v 3.742750 -14.280239 -0.400000
v 4.375250 -14.280239 0.400000
v 4.375250 -14.280239 -0.400000
v 4.375250 -15.440740 0.400000
v 4.375250 -15.440740 -0.400000
v -0.624250 -17.547239 0.400000
v -0.624250 -17.547239 -0.400000
v -0.123750 -16.441740 0.400000
v -0.123750 -16.441740 -0.400000
v 1.471250 -16.441740 0.400000
v 1.471250 -16.441740 -0.400000
v 1.944250 -17.547239 0.400000
v 1.944250 -17.547239 -0.400000
v 2.494250 -17.547239 0.400000
v 2.494250 -17.547239 -0.400000
v 0.882750 -13.774240 0.400000
v 0.882750 -13.774240 -0.400000
v 0.503250 -13.774240 0.400000
v 0.503250 -13.774240 -0.400000
v -1.174250 -17.547239 0.400000
v -1.174250 -17.547239 -0.400000
v 0.096250 -15.957740 0.400000
v 0.096250 -15.957740 -0.400000
v 0.701250 -14.599239 0.400000
v 0.701250 -14.599239 -0.400000
v 1.262250 -15.957740 0.400000
v 1.262250 -15.957740 -0.400000
v -4.668065 -14.567943 0.400000
v -4.668065 -14.567943 -0.400000
v -4.556267 -14.509737 0.400000
v -4.556267 -14.509737 -0.400000
v -4.446493 -14.457528 0.400000
v -4.446493 -14.457528 -0.400000
v -4.338380 -14.411221 0.400000
v -4.338380 -14.411221 -0.400000
v -4.231566 -14.370719 0.400000
v -4.231566 -14.370719 -0.400000
v -4.125688 -14.335927 0.400000
v -4.125688 -14.335927 -0.400000
v -4.020383 -14.306749 0.400000
v -4.020383 -14.306749 -0.400000
v -3.915287 -14.283092 0.400000
v -3.915287 -14.283092 -0.400000
v -3.810039 -14.264856 0.400000
v -3.810039 -14.264856 -0.400000
v -3.704276 -14.251950 0.400000
v -3.704276 -14.251950 -0.400000
v -3.597634 -14.244276 0.400000
v -3.597634 -14.244276 -0.400000
v -3.489750 -14.241739 0.400000
v -3.489750 -14.241739 -0.400000
v -3.280075 -14.254230 0.400000
v -3.280075 -14.254230 -0.400000
v -3.081018 -14.290781 0.400000
v -3.081018 -14.290781 -0.400000
v -2.894032 -14.350021 0.400000
v -2.894032 -14.350021 -0.400000
v -2.720565 -14.430573 0.400000
v -2.720565 -14.430573 -0.400000
v -2.562071 -14.531063 0.400000
v -2.562071 -14.531063 -0.400000
v -2.420000 -14.650115 0.400000
v -2.420000 -14.650115 -0.400000
v -2.295805 -14.786354 0.400000
v -2.295805 -14.786354 -0.400000
v -2.190935 -14.938406 0.400000
v -2.190935 -14.938406 -0.400000
v -2.106844 -15.104896 0.400000
v -2.106844 -15.104896 -0.400000
v -2.044981 -15.284448 0.400000
v -2.044981 -15.284448 -0.400000
v -2.006800 -15.475688 0.400000
v -2.006800 -15.475688 -0.400000
v -1.993750 -15.677239 0.400000
v -1.993750 -15.677239 -0.400000
v -2.006392 -15.882042 0.400000
v -2.006392 -15.882042 -0.400000
v -2.043556 -16.074945 0.400000
v -2.043556 -16.074945 -0.400000
v -2.104094 -16.254826 0.400000
v -2.104094 -16.254826 -0.400000
v -2.186861 -16.420555 0.400000
v -2.186861 -16.420555 -0.400000
v -2.290712 -16.571005 0.400000
v -2.290712 -16.571005 -0.400000
v -2.414500 -16.705051 0.400000
v -2.414500 -16.705051 -0.400000
v -2.557080 -16.821568 0.400000
v -2.557080 -16.821568 -0.400000
v -2.717306 -16.919426 0.400000
v -2.717306 -16.919426 -0.400000
v -2.894032 -16.997498 0.400000
v -2.894032 -16.997498 -0.400000
v -3.086111 -17.054659 0.400000
v -3.086111 -17.054659 -0.400000
v -3.292399 -17.089783 0.400000
v -3.292399 -17.089783 -0.400000
v -3.511750 -17.101740 0.400000
v -3.511750 -17.101740 -0.400000
v -3.618383 -17.098660 0.400000
v -3.618383 -17.098660 -0.400000
v -3.726352 -17.089466 0.400000
v -3.726352 -17.089466 -0.400000
v -3.835391 -17.074240 0.400000
v -3.835391 -17.074240 -0.400000
v -3.945232 -17.053055 0.400000
v -3.945232 -17.053055 -0.400000
v -4.055607 -17.025988 0.400000
v -4.055607 -17.025988 -0.400000
v -4.166250 -16.993114 0.400000
v -4.166250 -16.993114 -0.400000
v -4.276894 -16.954514 0.400000
v -4.276894 -16.954514 -0.400000
v -4.387269 -16.910259 0.400000
v -4.387269 -16.910259 -0.400000
v -4.497110 -16.860428 0.400000
v -4.497110 -16.860428 -0.400000
v -4.606149 -16.805096 0.400000
v -4.606149 -16.805096 -0.400000
v -4.714118 -16.744341 0.400000
v -4.714118 -16.744341 -0.400000
v -4.820750 -16.678240 0.400000
v -4.820750 -16.678240 -0.400000
v -4.820750 -17.266739 0.400000
v -4.820750 -17.266739 -0.400000
v -4.727849 -17.313671 0.400000
v -4.727849 -17.313671 -0.400000
v -4.633037 -17.358025 0.400000
v -4.633037 -17.358025 -0.400000
v -4.535781 -17.399513 0.400000
v -4.535781 -17.399513 -0.400000
v -4.435546 -17.437851 0.400000
v -4.435546 -17.437851 -0.400000
v -4.331798 -17.472752 0.400000
v -4.331798 -17.472752 -0.400000
v -4.224000 -17.503927 0.400000
v -4.224000 -17.503927 -0.400000
v -4.111619 -17.531094 0.400000
v -4.111619 -17.531094 -0.400000
v -3.994120 -17.553963 0.400000
v -3.994120 -17.553963 -0.400000
v -3.870969 -17.572248 0.400000
v -3.870969 -17.572248 -0.400000
v -3.741630 -17.585663 0.400000
v -3.741630 -17.585663 -0.400000
v -3.605568 -17.593924 0.400000
v -3.605568 -17.593924 -0.400000
v -3.462250 -17.596741 0.400000
v -3.462250 -17.596741 -0.400000
v -3.126649 -17.574966 0.400000
v -3.126649 -17.574966 -0.400000
v -2.823436 -17.512840 0.400000
v -2.823436 -17.512840 -0.400000
v -2.552001 -17.415154 0.400000
v -2.552001 -17.415154 -0.400000
v -2.311732 -17.286703 0.400000
v -2.311732 -17.286703 -0.400000
v -2.102019 -17.132280 0.400000
v -2.102019 -17.132280 -0.400000
v -1.922250 -16.956676 0.400000
v -1.922250 -16.956676 -0.400000
v -1.771815 -16.764690 0.400000
v -1.771815 -16.764690 -0.400000
v -1.650102 -16.561110 0.400000
v -1.650102 -16.561110 -0.400000
v -1.556500 -16.350733 0.400000
v -1.556500 -16.350733 -0.400000
v -1.490398 -16.138348 0.400000
v -1.490398 -16.138348 -0.400000
v -1.451185 -15.928753 0.400000
v -1.451185 -15.928753 -0.400000
v -1.438250 -15.726740 0.400000
v -1.438250 -15.726740 -0.400000
v -1.455930 -15.447462 0.400000
v -1.455930 -15.447462 -0.400000
v -1.507738 -15.182851 0.400000
v -1.507738 -15.182851 -0.400000
v -1.591820 -14.934740 0.400000
v -1.591820 -14.934740 -0.400000
v -1.706324 -14.704962 0.400000
v -1.706324 -14.704962 -0.400000
v -1.849397 -14.495351 0.400000
v -1.849397 -14.495351 -0.400000
v -2.019187 -14.307739 0.400000
v -2.019187 -14.307739 -0.400000
v -2.213842 -14.143962 0.400000
v -2.213842 -14.143962 -0.400000
v -2.431509 -14.005851 0.400000
v -2.431509 -14.005851 -0.400000
v -2.670336 -13.895240 0.400000
v -2.670336 -13.895240 -0.400000
v -2.928470 -13.813962 0.400000
v -2.928470 -13.813962 -0.400000
v -3.204059 -13.763851 0.400000
v -3.204059 -13.763851 -0.400000
v -3.495250 -13.746739 0.400000
v -3.495250 -13.746739 -0.400000
v -3.591681 -13.748703 0.400000
v -3.591681 -13.748703 -0.400000
v -3.688743 -13.754659 0.400000
v -3.688743 -13.754659 -0.400000
v -3.786836 -13.764700 0.400000
v -3.786836 -13.764700 -0.400000
v -3.886361 -13.778925 0.400000
v -3.886361 -13.778925 -0.400000
v -3.987720 -13.797426 0.400000
v -3.987720 -13.797426 -0.400000
v -4.091312 -13.820302 0.400000
v -4.091312 -13.820302 -0.400000
v -4.197541 -13.847646 0.400000
v -4.197541 -13.847646 -0.400000
v -4.306806 -13.879555 0.400000
v -4.306806 -13.879555 -0.400000
v -4.419508 -13.916122 0.400000
v -4.419508 -13.916122 -0.400000
v -4.536049 -13.957445 0.400000
v -4.536049 -13.957445 -0.400000
v -4.656829 -14.003619 0.400000
v -4.656829 -14.003619 -0.400000
v -4.782250 -14.054739 0.400000
v -4.782250 -14.054739 -0.400000
v -4.782250 -14.632239 0.400000
v -4.782250 -14.632239 -0.400000
v -6.019751 -14.280239 0.400001
v -6.019751 -14.280239 -0.399999
v -6.019751 -15.413239 0.400001
v -6.019751 -15.413239 -0.399999
v -7.554251 -15.413239 0.400001
v -7.554251 -15.413239 -0.399999
v -7.554251 -15.897240 0.400001
v -7.554251 -15.897240 -0.399999
v -6.019751 -15.897240 0.400001
v -6.019751 -15.897240 -0.399999
v -6.019751 -17.063240 0.400001
v -6.019751 -17.063240 -0.399999
v -7.658751 -17.063240 0.400001
v -7.658751 -17.063240 -0.399999
v -7.658751 -17.547239 0.400001
v -7.658751 -17.547239 -0.399999
v -5.480751 -17.547239 0.400000
v -5.480751 -17.547239 -0.400000
v -5.480751 -13.796240 0.400000
v -5.480751 -13.796240 -0.400000
v -7.609251 -13.796240 0.400001
v -7.609251 -13.796240 -0.399999
v -7.609251 -14.280239 0.400001
v -7.609251 -14.280239 -0.399999
vn -0.0000 -0.0000 -1.0000
vn -0.0000 -0.0000 1.0000
vn 0.5982 -0.8014 -0.0000
vn 0.6451 -0.7641 -0.0000
vn 0.5472 -0.8370 -0.0000
vn 0.4924 -0.8703 -0.0000
vn 0.4344 -0.9007 -0.0000
vn 0.3738 -0.9275 -0.0000
vn 0.3113 -0.9503 -0.0000
vn 0.2478 -0.9688 -0.0000
vn 0.1842 -0.9829 -0.0000
vn 0.1212 -0.9926 -0.0000
vn 0.0598 -0.9982 -0.0000
vn -0.0072 -1.0000 -0.0000
vn -0.0900 -0.9959 -0.0000
vn -0.1842 -0.9829 -0.0000
vn -0.2828 -0.9592 -0.0000
vn -0.3856 -0.9227 -0.0000
vn -0.4915 -0.8709 -0.0000
vn -0.5986 -0.8011 -0.0000
vn -0.7033 -0.7109 -0.0000
vn -0.8007 -0.5990 -0.0000
vn -0.8845 -0.4665 -0.0000
vn -0.9482 -0.3175 -0.0000
vn -0.9872 -0.1593 -0.0000
vn -0.9985 0.0556 -0.0000
vn -0.9314 0.3641 -0.0000
vn -0.7738 0.6335 -0.0000
vn -0.6274 0.7787 -0.0000
vn -0.7737 0.6335 -0.0000
vn -0.5367 0.8438 -0.0000
vn -0.6273 0.7787 -0.0000
vn -0.5005 0.8657 -0.0000
vn -0.5106 0.8598 -0.0000
vn -0.5617 0.8274 -0.0000
vn -0.6500 0.7599 -0.0000
vn -0.7661 0.6427 -0.0000
vn -0.6501 0.7599 -0.0000
vn -0.8854 0.4648 -0.0000
vn -0.9712 0.2381 -0.0000
vn -0.9997 0.0262 -0.0000
vn -0.9918 -0.1282 -0.0000
vn -0.9663 -0.2574 -0.0000
vn -0.9231 -0.3845 -0.0000
vn -0.8626 -0.5058 -0.0000
vn -0.7860 -0.6182 -0.0000
vn -0.6952 -0.7188 -0.0000
vn -0.5927 -0.8055 -0.0000
vn -0.4810 -0.8767 -0.0000
vn -0.3632 -0.9317 -0.0000
vn -0.2420 -0.9703 -0.0000
vn -0.1202 -0.9928 -0.0000
vn -0.0182 -0.9998 -0.0000
vn 0.0471 -0.9989 -0.0000
vn 0.0968 -0.9953 -0.0000
vn 0.1491 -0.9888 -0.0000
vn 0.2033 -0.9791 -0.0000
vn 0.2586 -0.9660 -0.0000
vn 0.3140 -0.9494 -0.0000
vn 0.3686 -0.9296 -0.0000
vn 0.4214 -0.9069 -0.0000
vn 0.4717 -0.8817 -0.0000
vn 0.5189 -0.8549 -0.0000
vn 0.5623 -0.8269 -0.0000
vn 0.8896 -0.4567 -0.0000
vn 0.3392 0.9407 -0.0000
vn -0.7500 0.6614 -0.0000
vn 0.3393 0.9407 -0.0000
vn -0.7074 0.7068 -0.0000
vn -0.6596 0.7516 -0.0000
vn -0.6063 0.7953 -0.0000
vn -0.6596 0.7517 -0.0000
vn -0.5473 0.8370 -0.0000
vn -0.4825 0.8759 -0.0000
vn -0.4122 0.9111 -0.0000
vn -0.3367 0.9416 -0.0000
vn -0.2566 0.9665 -0.0000
vn -0.1730 0.9849 -0.0000
vn -0.0870 0.9962 -0.0000
vn 0.0048 1.0000 -0.0000
vn 0.1096 0.9940 -0.0000
vn 0.2246 0.9744 -0.0000
vn 0.3426 0.9395 -0.0000
vn 0.4598 0.8880 -0.0000
vn 0.3427 0.9395 -0.0000
vn 0.5721 0.8202 -0.0000
vn 0.6758 0.7371 -0.0000
vn 0.7680 0.6404 -0.0000
vn 0.8467 0.5321 -0.0000
vn 0.9105 0.4135 -0.0000
vn 0.9584 0.2853 -0.0000
vn 0.9891 0.1473 -0.0000
vn 0.9988 -0.0497 -0.0000
vn 0.9418 -0.3362 -0.0000
vn 0.8047 -0.5937 -0.0000
vn 0.6690 -0.7433 -0.0000
vn 0.5764 -0.8172 -0.0000
vn 0.5308 -0.8475 -0.0000
vn 0.5272 -0.8497 -0.0000
vn 0.5624 -0.8268 -0.0000
vn 0.6354 -0.7722 -0.0000
vn 0.7422 -0.6702 -0.0000
vn 0.8648 -0.5021 -0.0000
vn 0.9638 -0.2666 -0.0000
vn 0.9994 -0.0352 -0.0000
vn 0.9917 0.1285 -0.0000
vn 0.9650 0.2624 -0.0000
vn 0.9175 0.3977 -0.0000
vn 0.8490 0.5283 -0.0000
vn 0.7616 0.6481 -0.0000
vn 0.6592 0.7519 -0.0000
vn 0.5474 0.8369 -0.0000
vn 0.6592 0.7520 -0.0000
vn 0.4315 0.9021 -0.0000
vn 0.3162 0.9487 -0.0000
vn 0.2047 0.9788 -0.0000
vn 0.0992 0.9951 -0.0000
vn 0.0112 0.9999 -0.0000
vn -0.0512 0.9987 -0.0000
vn -0.1022 0.9948 -0.0000
vn -0.1527 0.9883 -0.0000
vn -0.2026 0.9793 -0.0000
vn -0.2515 0.9679 -0.0000
vn -0.2993 0.9542 -0.0000
vn -0.3458 0.9383 -0.0000
vn -0.3909 0.9204 -0.0000
vn -0.4344 0.9007 -0.0000
vn -0.4763 0.8793 -0.0000
vn -0.5164 0.8564 -0.0000
vn -0.8763 0.4818 -0.0000
vn -0.4078 -0.9131 -0.0000
vn -0.2200 0.9755 -0.0000
vn -0.1053 0.9944 -0.0000
vn -0.3427 0.9395 -0.0000
vn -0.4688 0.8833 -0.0000
vn -0.5921 0.8058 -0.0000
vn -0.7056 0.7086 -0.0000
vn -0.8030 0.5960 -0.0000
vn -0.8804 0.4742 -0.0000
vn -0.9370 0.3494 -0.0000
vn -0.9739 0.2269 -0.0000
vn -0.9939 0.1102 -0.0000
vn -1.0000 -0.0019 -0.0000
vn -0.9930 -0.1183 -0.0000
vn -0.9698 -0.2437 -0.0000
vn -0.9273 -0.3743 -0.0000
vn -0.8631 -0.5050 -0.0000
vn -0.7775 -0.6289 -0.0000
vn -0.6734 -0.7393 -0.0000
vn -0.5568 -0.8307 -0.0000
vn -0.4348 -0.9005 -0.0000
vn -0.3142 -0.9494 -0.0000
vn -0.2000 -0.9798 -0.0000
vn -0.0952 -0.9955 -0.0000
vn -0.0227 -0.9997 -0.0000
vn -0.7071 -0.7071 -0.0000
vn 0.7071 -0.7071 -0.0000
vn 0.7071 0.7071 -0.0000
vn -0.0252 0.9997 -0.0000
vn 0.0946 0.9955 -0.0000
vn 0.0228 0.9997 -0.0000
vn 0.1970 0.9804 -0.0000
vn 0.3075 0.9516 -0.0000
vn 0.4241 0.9056 -0.0000
vn 0.5431 0.8397 -0.0000
vn 0.6588 0.7523 -0.0000
vn 0.7645 0.6446 -0.0000
vn 0.8536 0.5209 -0.0000
vn 0.9218 0.3876 -0.0000
vn 0.9676 0.2525 -0.0000
vn 0.9925 0.1222 -0.0000
vn 1.0000 0.0063 -0.0000
vn 0.9954 -0.0956 -0.0000
vn 0.9801 -0.1986 -0.0000
vn 0.9505 -0.3106 -0.0000
vn 0.9028 -0.4300 -0.0000
vn 0.8333 -0.5528 -0.0000
vn 0.7405 -0.6721 -0.0000
vn 0.6264 -0.7795 -0.0000
vn 0.4975 -0.8674 -0.0000
vn 0.3629 -0.9318 -0.0000
vn 0.2314 -0.9729 -0.0000
vn 0.1098 -0.9940 -0.0000
vn 0.0260 -0.9997 -0.0000
vn -0.7071 0.7071 -0.0000
vn 0.5420 -0.8404 -0.0000
vn -0.5507 -0.8347 -0.0000
vn 0.8345 -0.5510 -0.0000
vn -0.5508 -0.8347 -0.0000
vn 0.5510 0.8345 -0.0000
vn -0.5449 0.8385 -0.0000
vn -0.8385 -0.5449 -0.0000
vn -0.8385 -0.5448 -0.0000
vn -0.0137 -0.9999 -0.0000
vn 0.8387 0.5446 -0.0000
vn -0.8312 0.5560 -0.0000
vn 0.4457 -0.8952 -0.0000
vn 0.4763 -0.8793 -0.0000
vn 0.4117 -0.9113 -0.0000
vn 0.3742 -0.9273 -0.0000
vn 0.3334 -0.9428 -0.0000
vn 0.2897 -0.9571 -0.0000
vn 0.3335 -0.9428 -0.0000
vn 0.2434 -0.9699 -0.0000
vn 0.1952 -0.9808 -0.0000
vn 0.1460 -0.9893 -0.0000
vn 0.0965 -0.9953 -0.0000
vn 0.0477 -0.9989 -0.0000
vn -0.0180 -0.9998 -0.0000
vn -0.1203 -0.9927 -0.0000
vn -0.2418 -0.9703 -0.0000
vn -0.3623 -0.9320 -0.0000
vn -0.4793 -0.8776 -0.0000
vn -0.5902 -0.8073 -0.0000
vn -0.6922 -0.7217 -0.0000
vn -0.7829 -0.6221 -0.0000
vn -0.8599 -0.5105 -0.0000
vn -0.9212 -0.3892 -0.0000
vn -0.9652 -0.2614 -0.0000
vn -0.9915 -0.1305 -0.0000
vn -1.0000 -0.0015 -0.0000
vn -0.9921 0.1257 -0.0000
vn -0.9670 0.2546 -0.0000
vn -0.9234 0.3838 -0.0000
vn -0.8609 0.5087 -0.0000
vn -0.7808 0.6248 -0.0000
vn -0.6854 0.7282 -0.0000
vn -0.5784 0.8158 -0.0000
vn -0.4637 0.8860 -0.0000
vn -0.3454 0.9385 -0.0000
vn -0.2270 0.9739 -0.0000
vn -0.1113 0.9938 -0.0000
vn -0.2269 0.9739 -0.0000
vn -0.0128 0.9999 -0.0000
vn 0.0569 0.9984 -0.0000
vn 0.1116 0.9938 -0.0000
vn 0.1639 0.9865 -0.0000
vn 0.2138 0.9769 -0.0000
vn 0.2616 0.9652 -0.0000
vn 0.3072 0.9516 -0.0000
vn 0.3509 0.9364 -0.0000
vn 0.3927 0.9196 -0.0000
vn 0.4329 0.9014 -0.0000
vn 0.4716 0.8818 -0.0000
vn 0.5088 0.8609 -0.0000
vn -0.4864 0.8738 -0.0000
vn -0.8517 -0.5240 -0.0000
vn -0.4863 0.8738 -0.0000
vn -0.4374 -0.8993 -0.0000
vn -0.4081 -0.9129 -0.0000
vn -0.3749 -0.9271 -0.0000
vn -0.3381 -0.9411 -0.0000
vn -0.2984 -0.9544 -0.0000
vn -0.2565 -0.9666 -0.0000
vn -0.2131 -0.9770 -0.0000
vn -0.1690 -0.9856 -0.0000
vn -0.1251 -0.9922 -0.0000
vn -0.0819 -0.9966 -0.0000
vn -0.0401 -0.9992 -0.0000
vn 0.0226 -0.9997 -0.0000
vn 0.1330 -0.9911 -0.0000
vn 0.2704 -0.9628 -0.0000
vn 0.4061 -0.9138 -0.0000
vn 0.5336 -0.8457 -0.0000
vn 0.6474 -0.7621 -0.0000
vn 0.7446 -0.6675 -0.0000
vn 0.8243 -0.5661 -0.0000
vn 0.8876 -0.4607 -0.0000
vn 0.9358 -0.3524 -0.0000
vn 0.9705 -0.2409 -0.0000
vn 0.9923 -0.1241 -0.0000
vn 1.0000 -0.0004 -0.0000
vn 0.9918 0.1279 -0.0000
vn 0.9664 0.2571 -0.0000
vn 0.9232 0.3844 -0.0000
vn 0.8625 0.5061 -0.0000
vn 0.7855 0.6188 -0.0000
vn 0.6942 0.7198 -0.0000
vn 0.5911 0.8066 -0.0000
vn 0.4790 0.8778 -0.0000
vn 0.3610 0.9325 -0.0000
vn 0.2401 0.9708 -0.0000
vn 0.1190 0.9929 -0.0000
vn 0.0192 0.9998 -0.0000
vn -0.0408 0.9992 -0.0000
vn -0.0816 0.9967 -0.0000
vn -0.1217 0.9926 -0.0000
vn -0.1606 0.9870 -0.0000
vn -0.1976 0.9803 -0.0000
vn -0.2325 0.9726 -0.0000
vn -0.2648 0.9643 -0.0000
vn -0.2945 0.9556 -0.0000
vn -0.3214 0.9469 -0.0000
vn -0.2945 0.9557 -0.0000
vn -0.3457 0.9384 -0.0000
vn -0.3673 0.9301 -0.0000
vn -0.8299 0.5579 -0.0000
vn -0.5046 -0.8633 -0.0000
vt 0.727273 0.000000
vt 0.000000 0.000000
vt 0.818182 0.000000
vt 0.909091 0.000000
vt 1.000000 0.000000
vt 0.090909 0.000000
vt 0.363636 0.000000
vt 0.181818 0.000000
vt 0.272727 0.000000
vt 0.454545 0.000000
vt 0.545455 0.000000
vt 0.636364 0.000000
vt 0.855670 0.000000
vt 0.876289 0.000000
vt 0.865979 0.000000
vt 0.886598 0.000000
vt 0.896907 0.000000
vt 0.845361 0.000000
vt 0.907216 0.000000
vt 0.917526 0.000000
vt 0.927835 0.000000
vt 0.835052 0.000000
vt 0.938144 0.000000
vt 0.948454 0.000000
vt 0.958763 0.000000
vt 0.824742 0.000000
vt 0.969072 0.000000
vt 0.979381 0.000000
vt 0.989691 0.000000
vt 0.814433 0.000000
vt 0.092784 0.000000
vt 0.082474 0.000000
vt 0.072165 0.000000
vt 0.061856 0.000000
vt 0.051546 0.000000
vt 0.041237 0.000000
vt 0.030928 0.000000
vt 0.020619 0.000000
vt 0.010309 0.000000
vt 0.804124 0.000000
vt 0.113402 0.000000
vt 0.103093 0.000000
vt 0.123711 0.000000
vt 0.134021 0.000000
vt 0.144330 0.000000
vt 0.793814 0.000000
vt 0.154639 0.000000
vt 0.164948 0.000000
vt 0.783505 0.000000
vt 0.175258 0.000000
vt 0.185567 0.000000
vt 0.773196 0.000000
vt 0.195876 0.000000
vt 0.762887 0.000000
vt 0.206186 0.000000
vt 0.216495 0.000000
vt 0.752577 0.000000
vt 0.226804 0.000000
vt 0.742268 0.000000
vt 0.237113 0.000000
vt 0.247423 0.000000
vt 0.731959 0.000000
vt 0.257732 0.000000
vt 0.721649 0.000000
vt 0.268041 0.000000
vt 0.711340 0.000000
vt 0.278351 0.000000
vt 0.701031 0.000000
vt 0.288660 0.000000
vt 0.690722 0.000000
vt 0.298969 0.000000
vt 0.474227 0.000000
vt 0.494845 0.000000
vt 0.484536 0.000000
vt 0.309278 0.000000
vt 0.463918 0.000000
vt 0.680412 0.000000
vt 0.453608 0.000000
vt 0.319588 0.000000
vt 0.443299 0.000000
vt 0.432990 0.000000
vt 0.329897 0.000000
vt 0.422680 0.000000
vt 0.670103 0.000000
vt 0.412371 0.000000
vt 0.340206 0.000000
vt 0.402062 0.000000
vt 0.391753 0.000000
vt 0.350515 0.000000
vt 0.381443 0.000000
vt 0.371134 0.000000
vt 0.360825 0.000000
vt 0.659794 0.000000
vt 0.505155 0.000000
vt 0.649485 0.000000
vt 0.515464 0.000000
vt 0.525773 0.000000
vt 0.536082 0.000000
vt 0.639175 0.000000
vt 0.546392 0.000000
vt 0.556701 0.000000
vt 0.567010 0.000000
vt 0.628866 0.000000
vt 0.577320 0.000000
vt 0.587629 0.000000
vt 0.597938 0.000000
vt 0.618557 0.000000
vt 0.608247 0.000000
vt 0.400000 0.000000
vt 0.600000 0.000000
vt 0.500000 0.000000
vt 0.900000 0.000000
vt 0.700000 0.000000
vt 0.800000 0.000000
vt 0.200000 0.000000
vt 0.100000 0.000000
vt 0.300000 0.000000
vt 0.472727 0.000000
vt 0.981818 0.000000
vt 0.490909 0.000000
vt 0.509091 0.000000
vt 0.018182 0.000000
vt 0.036364 0.000000
vt 0.054545 0.000000
vt 0.072727 0.000000
vt 0.109091 0.000000
vt 0.963636 0.000000
vt 0.127273 0.000000
vt 0.945455 0.000000
vt 0.927273 0.000000
vt 0.145455 0.000000
vt 0.890909 0.000000
vt 0.872727 0.000000
vt 0.854545 0.000000
vt 0.163636 0.000000
vt 0.836364 0.000000
vt 0.781818 0.000000
vt 0.763636 0.000000
vt 0.745455 0.000000
vt 0.218182 0.000000
vt 0.709091 0.000000
vt 0.236364 0.000000
vt 0.690909 0.000000
vt 0.672727 0.000000
vt 0.254545 0.000000
vt 0.654545 0.000000
vt 0.618182 0.000000
vt 0.581818 0.000000
vt 0.563636 0.000000
vt 0.290909 0.000000
vt 0.527273 0.000000
vt 0.436364 0.000000
vt 0.309091 0.000000
vt 0.327273 0.000000
vt 0.345455 0.000000
vt 0.381818 0.000000
vt 0.418182 0.000000
vt 0.884298 0.000000
vt 0.900826 0.000000
vt 0.892562 0.000000
vt 0.917355 0.000000
vt 0.876033 0.000000
vt 0.925620 0.000000
vt 0.933884 0.000000
vt 0.867769 0.000000
vt 0.942149 0.000000
vt 0.950413 0.000000
vt 0.859504 0.000000
vt 0.958678 0.000000
vt 0.966942 0.000000
vt 0.851240 0.000000
vt 0.975207 0.000000
vt 0.983471 0.000000
vt 0.842975 0.000000
vt 0.991736 0.000000
vt 0.057851 0.000000
vt 0.049587 0.000000
vt 0.041322 0.000000
vt 0.033058 0.000000
vt 0.024793 0.000000
vt 0.016529 0.000000
vt 0.008264 0.000000
vt 0.834711 0.000000
vt 0.074380 0.000000
vt 0.066116 0.000000
vt 0.826446 0.000000
vt 0.082645 0.000000
vt 0.099174 0.000000
vt 0.107438 0.000000
vt 0.115702 0.000000
vt 0.123967 0.000000
vt 0.132231 0.000000
vt 0.140496 0.000000
vt 0.809917 0.000000
vt 0.148760 0.000000
vt 0.157025 0.000000
vt 0.165289 0.000000
vt 0.801653 0.000000
vt 0.173554 0.000000
vt 0.793388 0.000000
vt 0.190083 0.000000
vt 0.198347 0.000000
vt 0.785124 0.000000
vt 0.206612 0.000000
vt 0.214876 0.000000
vt 0.776860 0.000000
vt 0.223140 0.000000
vt 0.768595 0.000000
vt 0.231405 0.000000
vt 0.239669 0.000000
vt 0.760331 0.000000
vt 0.247934 0.000000
vt 0.752066 0.000000
vt 0.256198 0.000000
vt 0.743802 0.000000
vt 0.264463 0.000000
vt 0.735537 0.000000
vt 0.719008 0.000000
vt 0.280992 0.000000
vt 0.710744 0.000000
vt 0.702479 0.000000
vt 0.289256 0.000000
vt 0.694215 0.000000
vt 0.487603 0.000000
vt 0.504132 0.000000
vt 0.495868 0.000000
vt 0.297521 0.000000
vt 0.685950 0.000000
vt 0.512397 0.000000
vt 0.677686 0.000000
vt 0.305785 0.000000
vt 0.520661 0.000000
vt 0.669421 0.000000
vt 0.528926 0.000000
vt 0.661157 0.000000
vt 0.652893 0.000000
vt 0.314050 0.000000
vt 0.537190 0.000000
vt 0.644628 0.000000
vt 0.553719 0.000000
vt 0.322314 0.000000
vt 0.628099 0.000000
vt 0.561983 0.000000
vt 0.619835 0.000000
vt 0.570248 0.000000
vt 0.611570 0.000000
vt 0.578512 0.000000
vt 0.603306 0.000000
vt 0.586777 0.000000
vt 0.330579 0.000000
vt 0.595041 0.000000
vt 0.338843 0.000000
vt 0.479339 0.000000
vt 0.471074 0.000000
vt 0.347107 0.000000
vt 0.462810 0.000000
vt 0.355372 0.000000
vt 0.446281 0.000000
vt 0.438017 0.000000
vt 0.429752 0.000000
vt 0.371901 0.000000
vt 0.421488 0.000000
vt 0.413223 0.000000
vt 0.380165 0.000000
vt 0.404959 0.000000
vt 0.396694 0.000000
vt 0.388430 0.000000
vt 0.008197 1.000000
vt 0.000000 1.000000
vt 0.016393 1.000000
vt 0.008197 0.000000
vt 0.024590 1.000000
vt 0.016393 0.000000
vt 0.032787 1.000000
vt 0.024590 0.000000
vt 0.040984 1.000000
vt 0.032787 0.000000
vt 0.049180 1.000000
vt 0.040984 0.000000
vt 0.057377 1.000000
vt 0.049180 0.000000
vt 0.065574 1.000000
vt 0.057377 0.000000
vt 0.073770 1.000000
vt 0.065574 0.000000
vt 0.081967 1.000000
vt 0.073770 0.000000
vt 0.090164 1.000000
vt 0.081967 0.000000
vt 0.098361 1.000000
vt 0.090164 0.000000
vt 0.106557 1.000000
vt 0.098361 0.000000
vt 0.114754 1.000000
vt 0.106557 0.000000
vt 0.122951 1.000000
vt 0.114754 0.000000
vt 0.131148 1.000000
vt 0.122951 0.000000
vt 0.139344 1.000000
vt 0.131148 0.000000
vt 0.147541 1.000000
vt 0.139344 0.000000
vt 0.155738 1.000000
vt 0.147541 0.000000
vt 0.163934 1.000000
vt 0.155738 0.000000
vt 0.172131 1.000000
vt 0.163934 0.000000
vt 0.180328 1.000000
vt 0.172131 0.000000
vt 0.188525 1.000000
vt 0.180328 0.000000
vt 0.196721 1.000000
vt 0.188525 0.000000
vt 0.204918 1.000000
vt 0.196721 0.000000
vt 0.213115 1.000000
vt 0.204918 0.000000
vt 0.221311 1.000000
vt 0.213115 0.000000
vt 0.229508 1.000000
vt 0.221311 0.000000
vt 0.237705 1.000000
vt 0.229508 0.000000
vt 0.245902 1.000000
vt 0.237705 0.000000
vt 0.254098 1.000000
vt 0.245902 0.000000
vt 0.262295 1.000000
vt 0.254098 0.000000
vt 0.270492 1.000000
vt 0.262295 0.000000
vt 0.278689 1.000000
vt 0.270492 0.000000
vt 0.286885 1.000000
vt 0.278689 0.000000
vt 0.295082 1.000000
vt 0.286885 0.000000
vt 0.303279 1.000000
vt 0.295082 0.000000
vt 0.311475 1.000000
vt 0.303279 0.000000
vt 0.319672 1.000000
vt 0.311475 0.000000
vt 0.327869 1.000000
vt 0.319672 0.000000
vt 0.336066 1.000000
vt 0.327869 0.000000
vt 0.344262 1.000000
vt 0.336066 0.000000
vt 0.352459 1.000000
vt 0.344262 0.000000
vt 0.360656 1.000000
vt 0.352459 0.000000
vt 0.368852 1.000000
vt 0.360656 0.000000
vt 0.377049 1.000000
vt 0.368852 0.000000
vt 0.385246 1.000000
vt 0.377049 0.000000
vt 0.393443 1.000000
vt 0.385246 0.000000
vt 0.401639 1.000000
vt 0.393443 0.000000
vt 0.409836 1.000000
vt 0.401639 0.000000
vt 0.418033 1.000000
vt 0.409836 0.000000
vt 0.426230 1.000000
vt 0.418033 0.000000
vt 0.434426 1.000000
vt 0.426230 0.000000
vt 0.442623 1.000000
vt 0.434426 0.000000
vt 0.450820 1.000000
vt 0.442623 0.000000
vt 0.459016 1.000000
vt 0.450820 0.000000
vt 0.467213 1.000000
vt 0.459016 0.000000
vt 0.475410 1.000000
vt 0.467213 0.000000
vt 0.483607 1.000000
vt 0.475410 0.000000
vt 0.491803 1.000000
vt 0.483607 0.000000
vt 0.500000 1.000000
vt 0.491803 0.000000
vt 0.508197 1.000000
vt 0.516393 1.000000
vt 0.508197 0.000000
vt 0.524590 1.000000
vt 0.516393 0.000000
vt 0.532787 1.000000
vt 0.524590 0.000000
vt 0.540984 1.000000
vt 0.532787 0.000000
vt 0.549180 1.000000
vt 0.540984 0.000000
vt 0.557377 1.000000
vt 0.549180 0.000000
vt 0.565574 1.000000
vt 0.557377 0.000000
vt 0.573770 1.000000
vt 0.565574 0.000000
vt 0.581967 1.000000
vt 0.573770 0.000000
vt 0.590164 1.000000
vt 0.581967 0.000000
vt 0.598361 1.000000
vt 0.590164 0.000000
vt 0.606557 1.000000
vt 0.598361 0.000000
vt 0.614754 1.000000
vt 0.606557 0.000000
vt 0.622951 1.000000
vt 0.614754 0.000000
vt 0.631148 1.000000
vt 0.622951 0.000000
vt 0.639344 1.000000
vt 0.631148 0.000000
vt 0.647541 1.000000
vt 0.639344 0.000000
vt 0.655738 1.000000
vt 0.647541 0.000000
vt 0.663934 1.000000
vt 0.655738 0.000000
vt 0.672131 1.000000
vt 0.663934 0.000000
vt 0.680328 1.000000
vt 0.672131 0.000000
vt 0.688525 1.000000
vt 0.680328 0.000000
vt 0.696721 1.000000
vt 0.688525 0.000000
vt 0.704918 1.000000
vt 0.696721 0.000000
vt 0.713115 1.000000
vt 0.704918 0.000000
vt 0.721311 1.000000
vt 0.713115 0.000000
vt 0.729508 1.000000
vt 0.721311 0.000000
vt 0.737705 1.000000
vt 0.729508 0.000000
vt 0.745902 1.000000
vt 0.737705 0.000000
vt 0.754098 1.000000
vt 0.745902 0.000000
vt 0.762295 1.000000
vt 0.754098 0.000000
vt 0.770492 1.000000
vt 0.762295 0.000000
vt 0.778689 1.000000
vt 0.770492 0.000000
vt 0.786885 1.000000
vt 0.778689 0.000000
vt 0.795082 1.000000
vt 0.786885 0.000000
vt 0.803279 1.000000
vt 0.795082 0.000000
vt 0.811475 1.000000
vt 0.803279 0.000000
vt 0.819672 1.000000
vt 0.811475 0.000000
vt 0.827869 1.000000
vt 0.819672 0.000000
vt 0.836066 1.000000
vt 0.827869 0.000000
vt 0.844262 1.000000
vt 0.836066 0.000000
vt 0.852459 1.000000
vt 0.844262 0.000000
vt 0.860656 1.000000
vt 0.852459 0.000000
vt 0.868852 1.000000
vt 0.860656 0.000000
vt 0.877049 1.000000
vt 0.868852 0.000000
vt 0.885246 1.000000
vt 0.877049 0.000000
vt 0.893443 1.000000
vt 0.885246 0.000000
vt 0.901639 1.000000
vt 0.893443 0.000000
vt 0.909836 1.000000
vt 0.901639 0.000000
vt 0.918033 1.000000
vt 0.909836 0.000000
vt 0.926230 1.000000
vt 0.918033 0.000000
vt 0.934426 1.000000
vt 0.926230 0.000000
vt 0.942623 1.000000
vt 0.934426 0.000000
vt 0.950820 1.000000
vt 0.942623 0.000000
vt 0.959016 1.000000
vt 0.950820 0.000000
vt 0.967213 1.000000
vt 0.959016 0.000000
vt 0.975410 1.000000
vt 0.967213 0.000000
vt 0.983607 1.000000
vt 0.975410 0.000000
vt 0.991803 1.000000
vt 0.983607 0.000000
vt 1.000000 1.000000
vt 0.991803 0.000000
vt 0.034483 1.000000
vt 0.068966 1.000000
vt 0.034483 0.000000
vt 0.103448 1.000000
vt 0.068966 0.000000
vt 0.137931 1.000000
vt 0.103448 0.000000
vt 0.172414 1.000000
vt 0.137931 0.000000
vt 0.206897 1.000000
vt 0.172414 0.000000
vt 0.241379 1.000000
vt 0.206897 0.000000
vt 0.275862 1.000000
vt 0.241379 0.000000
vt 0.310345 1.000000
vt 0.275862 0.000000
vt 0.344828 1.000000
vt 0.310345 0.000000
vt 0.379310 1.000000
vt 0.344828 0.000000
vt 0.413793 1.000000
vt 0.379310 0.000000
vt 0.448276 1.000000
vt 0.413793 0.000000
vt 0.482759 1.000000
vt 0.448276 0.000000
vt 0.517241 1.000000
vt 0.482759 0.000000
vt 0.551724 1.000000
vt 0.517241 0.000000
vt 0.586207 1.000000
vt 0.551724 0.000000
vt 0.620690 1.000000
vt 0.586207 0.000000
vt 0.655172 1.000000
vt 0.620690 0.000000
vt 0.689655 1.000000
vt 0.655172 0.000000
vt 0.724138 1.000000
vt 0.689655 0.000000
vt 0.758621 1.000000
vt 0.724138 0.000000
vt 0.793103 1.000000
vt 0.758621 0.000000
vt 0.827586 1.000000
vt 0.793103 0.000000
vt 0.862069 1.000000
vt 0.827586 0.000000
vt 0.896552 1.000000
vt 0.862069 0.000000
vt 0.931035 1.000000
vt 0.896552 0.000000
vt 0.965517 1.000000
vt 0.931035 0.000000
vt 0.965517 0.000000
vt 0.037037 1.000000
vt 0.074074 1.000000
vt 0.037037 0.000000
vt 0.111111 1.000000
vt 0.074074 0.000000
vt 0.148148 1.000000
vt 0.111111 0.000000
vt 0.185185 1.000000
vt 0.148148 0.000000
vt 0.222222 1.000000
vt 0.185185 0.000000
vt 0.259259 1.000000
vt 0.222222 0.000000
vt 0.296296 1.000000
vt 0.259259 0.000000
vt 0.333333 1.000000
vt 0.296296 0.000000
vt 0.370370 1.000000
vt 0.333333 0.000000
vt 0.407407 1.000000
vt 0.370370 0.000000
vt 0.444444 1.000000
vt 0.407407 0.000000
vt 0.481481 1.000000
vt 0.444444 0.000000
vt 0.518519 1.000000
vt 0.481481 0.000000
vt 0.555556 1.000000
vt 0.518519 0.000000
vt 0.592593 1.000000
vt 0.555556 0.000000
vt 0.629630 1.000000
vt 0.592593 0.000000
vt 0.666667 1.000000
vt 0.629630 0.000000
vt 0.703704 1.000000
vt 0.666667 0.000000
vt 0.740741 1.000000
vt 0.703704 0.000000
vt 0.777778 1.000000
vt 0.740741 0.000000
vt 0.814815 1.000000
vt 0.777778 0.000000
vt 0.851852 1.000000
vt 0.814815 0.000000
vt 0.888889 1.000000
vt 0.851852 0.000000
vt 0.925926 1.000000
vt 0.888889 0.000000
vt 0.962963 1.000000
vt 0.925926 0.000000
vt 0.962963 0.000000
vt 0.125000 1.000000
vt 0.250000 1.000000
vt 0.125000 0.000000
vt 0.375000 1.000000
vt 0.250000 0.000000
vt 0.375000 0.000000
vt 0.625000 1.000000
vt 0.750000 1.000000
vt 0.625000 0.000000
vt 0.875000 1.000000
vt 0.750000 0.000000
vt 0.875000 0.000000
vt 0.010204 1.000000
vt 0.020408 1.000000
vt 0.010204 0.000000
vt 0.030612 1.000000
vt 0.020408 0.000000
vt 0.040816 1.000000
vt 0.030612 0.000000
vt 0.051020 1.000000
vt 0.040816 0.000000
vt 0.061224 1.000000
vt 0.051020 0.000000
vt 0.071429 1.000000
vt 0.061224 0.000000
vt 0.081633 1.000000
vt 0.071429 0.000000
vt 0.091837 1.000000
vt 0.081633 0.000000
vt 0.102041 1.000000
vt 0.091837 0.000000
vt 0.112245 1.000000
vt 0.102041 0.000000
vt 0.122449 1.000000
vt 0.112245 0.000000
vt 0.132653 1.000000
vt 0.122449 0.000000
vt 0.142857 1.000000
vt 0.132653 0.000000
vt 0.153061 1.000000
vt 0.142857 0.000000
vt 0.163265 1.000000
vt 0.153061 0.000000
vt 0.173469 1.000000
vt 0.163265 0.000000
vt 0.183673 1.000000
vt 0.173469 0.000000
vt 0.193878 1.000000
vt 0.183673 0.000000
vt 0.204082 1.000000
vt 0.193878 0.000000
vt 0.214286 1.000000
vt 0.204082 0.000000
vt 0.224490 1.000000
vt 0.214286 0.000000
vt 0.234694 1.000000
vt 0.224490 0.000000
vt 0.244898 1.000000
vt 0.234694 0.000000
vt 0.255102 1.000000
vt 0.244898 0.000000
vt 0.265306 1.000000
vt 0.255102 0.000000
vt 0.275510 1.000000
vt 0.265306 0.000000
vt 0.285714 1.000000
vt 0.275510 0.000000
vt 0.295918 1.000000
vt 0.285714 0.000000
vt 0.306122 1.000000
vt 0.295918 0.000000
vt 0.316327 1.000000
vt 0.306122 0.000000
vt 0.326531 1.000000
vt 0.316327 0.000000
vt 0.336735 1.000000
vt 0.326531 0.000000
vt 0.346939 1.000000
vt 0.336735 0.000000
vt 0.357143 1.000000
vt 0.346939 0.000000
vt 0.367347 1.000000
vt 0.357143 0.000000
vt 0.377551 1.000000
vt 0.367347 0.000000
vt 0.387755 1.000000
vt 0.377551 0.000000
vt 0.397959 1.000000
vt 0.387755 0.000000
vt 0.408163 1.000000
vt 0.397959 0.000000
vt 0.418367 1.000000
vt 0.408163 0.000000
vt 0.428571 1.000000
vt 0.418367 0.000000
vt 0.438776 1.000000
vt 0.428571 0.000000
vt 0.448980 1.000000
vt 0.438776 0.000000
vt 0.459184 1.000000
vt 0.448980 0.000000
vt 0.469388 1.000000
vt 0.459184 0.000000
vt 0.479592 1.000000
vt 0.469388 0.000000
vt 0.489796 1.000000
vt 0.479592 0.000000
vt 0.489796 0.000000
vt 0.510204 1.000000
vt 0.520408 1.000000
vt 0.510204 0.000000
vt 0.530612 1.000000
vt 0.520408 0.000000
vt 0.540816 1.000000
vt 0.530612 0.000000
vt 0.551020 1.000000
vt 0.540816 0.000000
vt 0.561224 1.000000
vt 0.551020 0.000000
vt 0.571429 1.000000
vt 0.561224 0.000000
vt 0.581633 1.000000
vt 0.571429 0.000000
vt 0.591837 1.000000
vt 0.581633 0.000000
vt 0.602041 1.000000
vt 0.591837 0.000000
vt 0.612245 1.000000
vt 0.602041 0.000000
vt 0.622449 1.000000
vt 0.612245 0.000000
vt 0.632653 1.000000
vt 0.622449 0.000000
vt 0.642857 1.000000
vt 0.632653 0.000000
vt 0.653061 1.000000
vt 0.642857 0.000000
vt 0.663265 1.000000
vt 0.653061 0.000000
vt 0.673469 1.000000
vt 0.663265 0.000000
vt 0.683673 1.000000
vt 0.673469 0.000000
vt 0.693878 1.000000
vt 0.683673 0.000000
vt 0.704082 1.000000
vt 0.693878 0.000000
vt 0.714286 1.000000
vt 0.704082 0.000000
vt 0.724490 1.000000
vt 0.714286 0.000000
vt 0.734694 1.000000
vt 0.724490 0.000000
vt 0.744898 1.000000
vt 0.734694 0.000000
vt 0.755102 1.000000
vt 0.744898 0.000000
vt 0.765306 1.000000
vt 0.755102 0.000000
vt 0.775510 1.000000
vt 0.765306 0.000000
vt 0.785714 1.000000
vt 0.775510 0.000000
vt 0.795918 1.000000
vt 0.785714 0.000000
vt 0.806122 1.000000
vt 0.795918 0.000000
vt 0.816327 1.000000
vt 0.806122 0.000000
vt 0.826531 1.000000
vt 0.816327 0.000000
vt 0.836735 1.000000
vt 0.826531 0.000000
vt 0.846939 1.000000
vt 0.836735 0.000000
vt 0.857143 1.000000
vt 0.846939 0.000000
vt 0.867347 1.000000
vt 0.857143 0.000000
vt 0.877551 1.000000
vt 0.867347 0.000000
vt 0.887755 1.000000
vt 0.877551 0.000000
vt 0.897959 1.000000
vt 0.887755 0.000000
vt 0.908163 1.000000
vt 0.897959 0.000000
vt 0.918367 1.000000
vt 0.908163 0.000000
vt 0.928571 1.000000
vt 0.918367 0.000000
vt 0.938776 1.000000
vt 0.928571 0.000000
vt 0.948980 1.000000
vt 0.938776 0.000000
vt 0.959184 1.000000
vt 0.948980 0.000000
vt 0.969388 1.000000
vt 0.959184 0.000000
vt 0.979592 1.000000
vt 0.969388 0.000000
vt 0.989796 1.000000
vt 0.979592 0.000000
vt 0.989796 0.000000
vt 0.083333 1.000000
vt 0.166667 1.000000
vt 0.083333 0.000000
vt 0.166667 0.000000
vt 0.416667 1.000000
vt 0.416667 0.000000
vt 0.583333 1.000000
vt 0.583333 0.000000
vt 0.833333 1.000000
vt 0.916667 1.000000
vt 0.833333 0.000000
vt 0.916667 0.000000
s 0
usemtl マテリアル.002
f 5393/2123/1001 5385/2124/1001 5394/2125/1001
f 5385/2124/1001 5395/2126/1001 5394/2125/1001
f 5385/2124/1001 5396/2127/1001 5395/2126/1001
f 5393/2123/1001 5386/2128/1001 5385/2124/1001
f 5393/2123/1001 5389/2129/1001 5386/2128/1001
f 5389/2129/1001 5387/2130/1001 5386/2128/1001
f 5389/2129/1001 5388/2131/1001 5387/2130/1001
f 5393/2123/1001 5390/2132/1001 5389/2129/1001
f 5393/2123/1001 5391/2133/1001 5390/2132/1001
f 5393/2123/1001 5392/2134/1001 5391/2133/1001
f 5480/2135/1001 5482/2136/1001 5481/2137/1001
f 5480/2135/1001 5483/2138/1001 5482/2136/1001
f 5480/2135/1001 5484/2139/1001 5483/2138/1001
f 5479/2140/1001 5484/2139/1001 5480/2135/1001
f 5479/2140/1001 5485/2141/1001 5484/2139/1001
f 5479/2140/1001 5486/2142/1001 5485/2141/1001
f 5479/2140/1001 5487/2143/1001 5486/2142/1001
f 5478/2144/1001 5487/2143/1001 5479/2140/1001
f 5478/2144/1001 5488/2145/1001 5487/2143/1001
f 5478/2144/1001 5489/2146/1001 5488/2145/1001
f 5478/2144/1001 5490/2147/1001 5489/2146/1001
f 5477/2148/1001 5490/2147/1001 5478/2144/1001
f 5477/2148/1001 5491/2149/1001 5490/2147/1001
f 5477/2148/1001 5492/2150/1001 5491/2149/1001
f 5477/2148/1001 5493/2151/1001 5492/2150/1001
f 5476/2152/1001 5493/2151/1001 5477/2148/1001
f 5476/2152/1001 5406/2153/1001 5493/2151/1001
f 5406/2153/1001 5405/2154/1001 5493/2151/1001
f 5405/2154/1001 5404/2155/1001 5493/2151/1001
f 5404/2155/1001 5403/2156/1001 5493/2151/1001
f 5403/2156/1001 5402/2157/1001 5493/2151/1001
f 5402/2157/1001 5401/2158/1001 5493/2151/1001
f 5401/2158/1001 5400/2159/1001 5493/2151/1001
f 5400/2159/1001 5399/2160/1001 5493/2151/1001
f 5399/2160/1001 5398/2161/1001 5493/2151/1001
f 5398/2161/1001 5397/2124/1001 5493/2151/1001
f 5397/2124/1001 5494/2127/1001 5493/2151/1001
f 5475/2162/1001 5408/2163/1001 5476/2152/1001
f 5408/2163/1001 5407/2164/1001 5476/2152/1001
f 5407/2164/1001 5406/2153/1001 5476/2152/1001
f 5475/2162/1001 5409/2165/1001 5408/2163/1001
f 5475/2162/1001 5410/2166/1001 5409/2165/1001
f 5475/2162/1001 5411/2167/1001 5410/2166/1001
f 5474/2168/1001 5411/2167/1001 5475/2162/1001
f 5474/2168/1001 5412/2169/1001 5411/2167/1001
f 5474/2168/1001 5413/2170/1001 5412/2169/1001
f 5473/2171/1001 5413/2170/1001 5474/2168/1001
f 5473/2171/1001 5414/2172/1001 5413/2170/1001
f 5473/2171/1001 5415/2173/1001 5414/2172/1001
f 5472/2174/1001 5415/2173/1001 5473/2171/1001
f 5472/2174/1001 5416/2175/1001 5415/2173/1001
f 5471/2176/1001 5416/2175/1001 5472/2174/1001
f 5471/2176/1001 5417/2177/1001 5416/2175/1001
f 5471/2176/1001 5418/2178/1001 5417/2177/1001
f 5470/2179/1001 5418/2178/1001 5471/2176/1001
f 5470/2179/1001 5419/2180/1001 5418/2178/1001
f 5469/2181/1001 5419/2180/1001 5470/2179/1001
f 5469/2181/1001 5420/2182/1001 5419/2180/1001
f 5469/2181/1001 5421/2183/1001 5420/2182/1001
f 5468/2184/1001 5421/2183/1001 5469/2181/1001
f 5468/2184/1001 5422/2185/1001 5421/2183/1001
f 5467/2186/1001 5422/2185/1001 5468/2184/1001
f 5467/2186/1001 5423/2187/1001 5422/2185/1001
f 5466/2188/1001 5423/2187/1001 5467/2186/1001
f 5466/2188/1001 5424/2189/1001 5423/2187/1001
f 5465/2190/1001 5424/2189/1001 5466/2188/1001
f 5465/2190/1001 5425/2191/1001 5424/2189/1001
f 5464/2192/1001 5425/2191/1001 5465/2190/1001
f 5464/2192/1001 5426/2193/1001 5425/2191/1001
f 5443/2194/1001 5445/2195/1001 5444/2196/1001
f 5464/2192/1001 5427/2197/1001 5426/2193/1001
f 5442/2198/1001 5445/2195/1001 5443/2194/1001
f 5463/2199/1001 5427/2197/1001 5464/2192/1001
f 5441/2200/1001 5445/2195/1001 5442/2198/1001
f 5463/2199/1001 5428/2201/1001 5427/2197/1001
f 5440/2202/1001 5445/2195/1001 5441/2200/1001
f 5439/2203/1001 5445/2195/1001 5440/2202/1001
f 5463/2199/1001 5429/2204/1001 5428/2201/1001
f 5438/2205/1001 5445/2195/1001 5439/2203/1001
f 5462/2206/1001 5429/2204/1001 5463/2199/1001
f 5437/2207/1001 5445/2195/1001 5438/2205/1001
f 5462/2206/1001 5430/2208/1001 5429/2204/1001
f 5436/2209/1001 5445/2195/1001 5437/2207/1001
f 5435/2210/1001 5445/2195/1001 5436/2209/1001
f 5462/2206/1001 5431/2211/1001 5430/2208/1001
f 5434/2212/1001 5445/2195/1001 5435/2210/1001
f 5433/2213/1001 5445/2195/1001 5434/2212/1001
f 5462/2206/1001 5432/2214/1001 5431/2211/1001
f 5432/2214/1001 5445/2195/1001 5433/2213/1001
f 5462/2206/1001 5445/2195/1001 5432/2214/1001
f 5461/2215/1001 5445/2195/1001 5462/2206/1001
f 5461/2215/1001 5446/2216/1001 5445/2195/1001
f 5460/2217/1001 5446/2216/1001 5461/2215/1001
f 5460/2217/1001 5447/2218/1001 5446/2216/1001
f 5460/2217/1001 5448/2219/1001 5447/2218/1001
f 5460/2217/1001 5449/2220/1001 5448/2219/1001
f 5459/2221/1001 5449/2220/1001 5460/2217/1001
f 5459/2221/1001 5450/2222/1001 5449/2220/1001
f 5459/2221/1001 5451/2223/1001 5450/2222/1001
f 5459/2221/1001 5452/2224/1001 5451/2223/1001
f 5458/2225/1001 5452/2224/1001 5459/2221/1001
f 5458/2225/1001 5453/2226/1001 5452/2224/1001
f 5458/2225/1001 5454/2227/1001 5453/2226/1001
f 5458/2225/1001 5455/2228/1001 5454/2227/1001
f 5457/2229/1001 5455/2228/1001 5458/2225/1001
f 5457/2229/1001 5456/2230/1001 5455/2228/1001
f 5499/2231/1001 5501/2232/1001 5500/2233/1001
f 5499/2231/1001 5504/2234/1001 5501/2232/1001
f 5504/2234/1001 5502/2235/1001 5501/2232/1001
f 5499/2231/1001 5505/2127/1001 5504/2234/1001
f 5503/2236/1001 5502/2235/1001 5504/2234/1001
f 5499/2231/1001 5497/2237/1001 5505/2127/1001
f 5497/2237/1001 5503/2236/1001 5505/2127/1001
f 5497/2237/1001 5496/2238/1001 5503/2236/1001
f 5496/2238/1001 5502/2235/1001 5503/2236/1001
f 5499/2231/1001 5498/2239/1001 5497/2237/1001
f 5495/2124/1001 5502/2235/1001 5496/2238/1001
f 5532/2240/1001 5560/2241/1001 5533/2242/1001
f 5560/2241/1001 5534/2243/1001 5533/2242/1001
f 5560/2241/1001 5506/2124/1001 5534/2243/1001
f 5560/2241/1001 5507/2244/1001 5506/2124/1001
f 5560/2241/1001 5508/2245/1001 5507/2244/1001
f 5560/2241/1001 5509/2246/1001 5508/2245/1001
f 5560/2241/1001 5510/2247/1001 5509/2246/1001
f 5560/2241/1001 5511/2128/1001 5510/2247/1001
f 5560/2241/1001 5512/2248/1001 5511/2128/1001
f 5560/2241/1001 5559/2249/1001 5512/2248/1001
f 5559/2249/1001 5513/2250/1001 5512/2248/1001
f 5532/2240/1001 5561/2127/1001 5560/2241/1001
f 5558/2251/1001 5513/2250/1001 5559/2249/1001
f 5557/2252/1001 5513/2250/1001 5558/2251/1001
f 5556/2126/1001 5513/2250/1001 5557/2252/1001
f 5556/2126/1001 5514/2253/1001 5513/2250/1001
f 5555/2254/1001 5514/2253/1001 5556/2126/1001
f 5554/2255/1001 5514/2253/1001 5555/2254/1001
f 5553/2256/1001 5514/2253/1001 5554/2255/1001
f 5553/2256/1001 5515/2257/1001 5514/2253/1001
f 5552/2258/1001 5515/2257/1001 5553/2256/1001
f 5551/2125/1001 5515/2257/1001 5552/2258/1001
f 5550/2236/1001 5515/2257/1001 5551/2125/1001
f 5550/2236/1001 5516/2130/1001 5515/2257/1001
f 5549/2259/1001 5516/2130/1001 5550/2236/1001
f 5548/2260/1001 5516/2130/1001 5549/2259/1001
f 5548/2260/1001 5517/2237/1001 5516/2130/1001
f 5547/2261/1001 5517/2237/1001 5548/2260/1001
f 5546/2123/1001 5517/2237/1001 5547/2261/1001
f 5546/2123/1001 5518/2262/1001 5517/2237/1001
f 5545/2263/1001 5518/2262/1001 5546/2123/1001
f 5545/2263/1001 5519/2264/1001 5518/2262/1001
f 5544/2265/1001 5519/2264/1001 5545/2263/1001
f 5543/2266/1001 5519/2264/1001 5544/2265/1001
f 5543/2266/1001 5520/2267/1001 5519/2264/1001
f 5542/2268/1001 5520/2267/1001 5543/2266/1001
f 5541/2134/1001 5520/2267/1001 5542/2268/1001
f 5541/2134/1001 5521/2131/1001 5520/2267/1001
f 5540/2269/1001 5521/2131/1001 5541/2134/1001
f 5539/2232/1001 5521/2131/1001 5540/2269/1001
f 5538/2270/1001 5521/2131/1001 5539/2232/1001
f 5537/2271/1001 5521/2131/1001 5538/2270/1001
f 5537/2271/1001 5522/2272/1001 5521/2131/1001
f 5536/2133/1001 5522/2272/1001 5537/2271/1001
f 5535/2273/1001 5522/2272/1001 5536/2133/1001
f 5532/2240/1001 5530/2274/1001 5561/2127/1001
f 5530/2274/1001 5535/2273/1001 5561/2127/1001
f 5530/2274/1001 5522/2272/1001 5535/2273/1001
f 5530/2274/1001 5523/2275/1001 5522/2272/1001
f 5530/2274/1001 5524/2276/1001 5523/2275/1001
f 5530/2274/1001 5525/2277/1001 5524/2276/1001
f 5530/2274/1001 5526/2129/1001 5525/2277/1001
f 5530/2274/1001 5527/2278/1001 5526/2129/1001
f 5530/2274/1001 5528/2231/1001 5527/2278/1001
f 5530/2274/1001 5529/2279/1001 5528/2231/1001
f 5532/2240/1001 5531/2132/1001 5530/2274/1001
f 5669/2280/1001 5671/2281/1001 5670/2282/1001
f 5669/2280/1001 5672/2126/1001 5671/2281/1001
f 5669/2280/1001 5673/2283/1001 5672/2126/1001
f 5668/2284/1001 5673/2283/1001 5669/2280/1001
f 5668/2284/1001 5674/2285/1001 5673/2283/1001
f 5668/2284/1001 5675/2286/1001 5674/2285/1001
f 5667/2287/1001 5675/2286/1001 5668/2284/1001
f 5667/2287/1001 5676/2288/1001 5675/2286/1001
f 5667/2287/1001 5677/2289/1001 5676/2288/1001
f 5666/2290/1001 5677/2289/1001 5667/2287/1001
f 5666/2290/1001 5678/2291/1001 5677/2289/1001
f 5666/2290/1001 5679/2292/1001 5678/2291/1001
f 5665/2293/1001 5679/2292/1001 5666/2290/1001
f 5665/2293/1001 5680/2294/1001 5679/2292/1001
f 5665/2293/1001 5681/2295/1001 5680/2294/1001
f 5664/2296/1001 5681/2295/1001 5665/2293/1001
f 5664/2296/1001 5682/2297/1001 5681/2295/1001
f 5664/2296/1001 5569/2298/1001 5682/2297/1001
f 5569/2298/1001 5568/2299/1001 5682/2297/1001
f 5568/2299/1001 5567/2300/1001 5682/2297/1001
f 5567/2300/1001 5566/2301/1001 5682/2297/1001
f 5566/2301/1001 5565/2302/1001 5682/2297/1001
f 5565/2302/1001 5564/2303/1001 5682/2297/1001
f 5564/2303/1001 5563/2304/1001 5682/2297/1001
f 5563/2304/1001 5562/2124/1001 5682/2297/1001
f 5562/2124/1001 5683/2127/1001 5682/2297/1001
f 5663/2305/1001 5571/2306/1001 5664/2296/1001
f 5571/2306/1001 5570/2307/1001 5664/2296/1001
f 5570/2307/1001 5569/2298/1001 5664/2296/1001
f 5662/2308/1001 5573/2128/1001 5663/2305/1001
f 5573/2128/1001 5572/2309/1001 5663/2305/1001
f 5572/2309/1001 5571/2306/1001 5663/2305/1001
f 5661/2125/1001 5574/2310/1001 5662/2308/1001
f 5574/2310/1001 5573/2128/1001 5662/2308/1001
f 5661/2125/1001 5575/2311/1001 5574/2310/1001
f 5661/2125/1001 5576/2312/1001 5575/2311/1001
f 5661/2125/1001 5577/2313/1001 5576/2312/1001
f 5661/2125/1001 5578/2314/1001 5577/2313/1001
f 5661/2125/1001 5579/2315/1001 5578/2314/1001
f 5660/2316/1001 5579/2315/1001 5661/2125/1001
f 5660/2316/1001 5580/2317/1001 5579/2315/1001
f 5660/2316/1001 5581/2318/1001 5580/2317/1001
f 5660/2316/1001 5582/2319/1001 5581/2318/1001
f 5659/2320/1001 5582/2319/1001 5660/2316/1001
f 5659/2320/1001 5583/2321/1001 5582/2319/1001
f 5659/2320/1001 5584/2130/1001 5583/2321/1001
f 5658/2322/1001 5584/2130/1001 5659/2320/1001
f 5658/2322/1001 5585/2323/1001 5584/2130/1001
f 5658/2322/1001 5586/2324/1001 5585/2323/1001
f 5657/2325/1001 5586/2324/1001 5658/2322/1001
f 5657/2325/1001 5587/2326/1001 5586/2324/1001
f 5657/2325/1001 5588/2327/1001 5587/2326/1001
f 5656/2328/1001 5588/2327/1001 5657/2325/1001
f 5656/2328/1001 5589/2329/1001 5588/2327/1001
f 5655/2330/1001 5589/2329/1001 5656/2328/1001
f 5655/2330/1001 5590/2331/1001 5589/2329/1001
f 5655/2330/1001 5591/2332/1001 5590/2331/1001
f 5654/2333/1001 5591/2332/1001 5655/2330/1001
f 5654/2333/1001 5592/2334/1001 5591/2332/1001
f 5653/2335/1001 5592/2334/1001 5654/2333/1001
f 5653/2335/1001 5593/2336/1001 5592/2334/1001
f 5652/2337/1001 5593/2336/1001 5653/2335/1001
f 5652/2337/1001 5594/2338/1001 5593/2336/1001
f 5651/2339/1001 5594/2338/1001 5652/2337/1001
f 5651/2339/1001 5595/2131/1001 5594/2338/1001
f 5650/2123/1001 5595/2131/1001 5651/2339/1001
f 5649/2340/1001 5595/2131/1001 5650/2123/1001
f 5649/2340/1001 5596/2341/1001 5595/2131/1001
f 5648/2342/1001 5596/2341/1001 5649/2340/1001
f 5647/2343/1001 5596/2341/1001 5648/2342/1001
f 5647/2343/1001 5597/2344/1001 5596/2341/1001
f 5646/2345/1001 5597/2344/1001 5647/2343/1001
f 5621/2346/1001 5623/2347/1001 5622/2348/1001
f 5646/2345/1001 5598/2349/1001 5597/2344/1001
f 5645/2350/1001 5598/2349/1001 5646/2345/1001
f 5621/2346/1001 5624/2351/1001 5623/2347/1001
f 5644/2352/1001 5598/2349/1001 5645/2350/1001
f 5644/2352/1001 5599/2353/1001 5598/2349/1001
f 5621/2346/1001 5625/2354/1001 5624/2351/1001
f 5643/2355/1001 5599/2353/1001 5644/2352/1001
f 5621/2346/1001 5626/2356/1001 5625/2354/1001
f 5642/2357/1001 5599/2353/1001 5643/2355/1001
f 5641/2358/1001 5599/2353/1001 5642/2357/1001
f 5641/2358/1001 5600/2359/1001 5599/2353/1001
f 5621/2346/1001 5627/2360/1001 5626/2356/1001
f 5640/2361/1001 5600/2359/1001 5641/2358/1001
f 5621/2346/1001 5628/2133/1001 5627/2360/1001
f 5639/2134/1001 5600/2359/1001 5640/2361/1001
f 5621/2346/1001 5629/2362/1001 5628/2133/1001
f 5639/2134/1001 5601/2363/1001 5600/2359/1001
f 5638/2364/1001 5601/2363/1001 5639/2134/1001
f 5621/2346/1001 5630/2365/1001 5629/2362/1001
f 5637/2366/1001 5601/2363/1001 5638/2364/1001
f 5621/2346/1001 5631/2367/1001 5630/2365/1001
f 5636/2368/1001 5601/2363/1001 5637/2366/1001
f 5621/2346/1001 5632/2369/1001 5631/2367/1001
f 5635/2370/1001 5601/2363/1001 5636/2368/1001
f 5621/2346/1001 5633/2371/1001 5632/2369/1001
f 5635/2370/1001 5602/2372/1001 5601/2363/1001
f 5634/2373/1001 5602/2372/1001 5635/2370/1001
f 5621/2346/1001 5634/2373/1001 5633/2371/1001
f 5621/2346/1001 5602/2372/1001 5634/2373/1001
f 5621/2346/1001 5603/2374/1001 5602/2372/1001
f 5620/2375/1001 5603/2374/1001 5621/2346/1001
f 5619/2376/1001 5603/2374/1001 5620/2375/1001
f 5619/2376/1001 5604/2377/1001 5603/2374/1001
f 5618/2378/1001 5604/2377/1001 5619/2376/1001
f 5618/2378/1001 5605/2379/1001 5604/2377/1001
f 5617/2132/1001 5605/2379/1001 5618/2378/1001
f 5616/2380/1001 5605/2379/1001 5617/2132/1001
f 5616/2380/1001 5606/2129/1001 5605/2379/1001
f 5615/2381/1001 5606/2129/1001 5616/2380/1001
f 5614/2382/1001 5606/2129/1001 5615/2381/1001
f 5614/2382/1001 5607/2383/1001 5606/2129/1001
f 5613/2384/1001 5607/2383/1001 5614/2382/1001
f 5612/2385/1001 5607/2383/1001 5613/2384/1001
f 5612/2385/1001 5608/2386/1001 5607/2383/1001
f 5611/2387/1001 5608/2386/1001 5612/2385/1001
f 5610/2388/1001 5608/2386/1001 5611/2387/1001
f 5610/2388/1001 5609/2389/1001 5608/2386/1001
f 5692/2123/1002 5693/2125/1002 5684/2124/1002
f 5684/2124/1002 5693/2125/1002 5694/2126/1002
f 5684/2124/1002 5694/2126/1002 5695/2127/1002
f 5692/2123/1002 5684/2124/1002 5685/2128/1002
f 5692/2123/1002 5685/2128/1002 5688/2129/1002
f 5688/2129/1002 5685/2128/1002 5686/2130/1002
f 5688/2129/1002 5686/2130/1002 5687/2131/1002
f 5692/2123/1002 5688/2129/1002 5689/2132/1002
f 5692/2123/1002 5689/2132/1002 5690/2133/1002
f 5692/2123/1002 5690/2133/1002 5691/2134/1002
f 5779/2135/1002 5780/2137/1002 5781/2136/1002
f 5779/2135/1002 5781/2136/1002 5782/2138/1002
f 5779/2135/1002 5782/2138/1002 5783/2139/1002
f 5778/2140/1002 5779/2135/1002 5783/2139/1002
f 5778/2140/1002 5783/2139/1002 5784/2141/1002
f 5778/2140/1002 5784/2141/1002 5785/2142/1002
f 5778/2140/1002 5785/2142/1002 5786/2143/1002
f 5777/2144/1002 5778/2140/1002 5786/2143/1002
f 5777/2144/1002 5786/2143/1002 5787/2145/1002
f 5777/2144/1002 5787/2145/1002 5788/2146/1002
f 5777/2144/1002 5788/2146/1002 5789/2147/1002
f 5776/2148/1002 5777/2144/1002 5789/2147/1002
f 5776/2148/1002 5789/2147/1002 5790/2149/1002
f 5776/2148/1002 5790/2149/1002 5791/2150/1002
f 5776/2148/1002 5791/2150/1002 5792/2151/1002
f 5775/2152/1002 5776/2148/1002 5792/2151/1002
f 5775/2152/1002 5792/2151/1002 5705/2153/1002
f 5705/2153/1002 5792/2151/1002 5704/2154/1002
f 5704/2154/1002 5792/2151/1002 5703/2155/1002
f 5703/2155/1002 5792/2151/1002 5702/2156/1002
f 5702/2156/1002 5792/2151/1002 5701/2157/1002
f 5701/2157/1002 5792/2151/1002 5700/2158/1002
f 5700/2158/1002 5792/2151/1002 5699/2159/1002
f 5699/2159/1002 5792/2151/1002 5698/2160/1002
f 5698/2160/1002 5792/2151/1002 5697/2161/1002
f 5697/2161/1002 5792/2151/1002 5696/2124/1002
f 5696/2124/1002 5792/2151/1002 5793/2127/1002
f 5774/2162/1002 5775/2152/1002 5707/2163/1002
f 5707/2163/1002 5775/2152/1002 5706/2164/1002
f 5706/2164/1002 5775/2152/1002 5705/2153/1002
f 5774/2162/1002 5707/2163/1002 5708/2165/1002
f 5774/2162/1002 5708/2165/1002 5709/2166/1002
f 5774/2162/1002 5709/2166/1002 5710/2167/1002
f 5773/2168/1002 5774/2162/1002 5710/2167/1002
f 5773/2168/1002 5710/2167/1002 5711/2169/1002
f 5773/2168/1002 5711/2169/1002 5712/2170/1002
f 5772/2171/1002 5773/2168/1002 5712/2170/1002
f 5772/2171/1002 5712/2170/1002 5713/2172/1002
f 5772/2171/1002 5713/2172/1002 5714/2173/1002
f 5771/2174/1002 5772/2171/1002 5714/2173/1002
f 5771/2174/1002 5714/2173/1002 5715/2175/1002
f 5770/2176/1002 5771/2174/1002 5715/2175/1002
f 5770/2176/1002 5715/2175/1002 5716/2177/1002
f 5770/2176/1002 5716/2177/1002 5717/2178/1002
f 5769/2179/1002 5770/2176/1002 5717/2178/1002
f 5769/2179/1002 5717/2178/1002 5718/2180/1002
f 5768/2181/1002 5769/2179/1002 5718/2180/1002
f 5768/2181/1002 5718/2180/1002 5719/2182/1002
f 5768/2181/1002 5719/2182/1002 5720/2183/1002
f 5767/2184/1002 5768/2181/1002 5720/2183/1002
f 5767/2184/1002 5720/2183/1002 5721/2185/1002
f 5766/2186/1002 5767/2184/1002 5721/2185/1002
f 5766/2186/1002 5721/2185/1002 5722/2187/1002
f 5765/2188/1002 5766/2186/1002 5722/2187/1002
f 5765/2188/1002 5722/2187/1002 5723/2189/1002
f 5764/2190/1002 5765/2188/1002 5723/2189/1002
f 5764/2190/1002 5723/2189/1002 5724/2191/1002
f 5763/2192/1002 5764/2190/1002 5724/2191/1002
f 5763/2192/1002 5724/2191/1002 5725/2193/1002
f 5742/2194/1002 5743/2196/1002 5744/2195/1002
f 5763/2192/1002 5725/2193/1002 5726/2197/1002
f 5741/2198/1002 5742/2194/1002 5744/2195/1002
f 5762/2199/1002 5763/2192/1002 5726/2197/1002
f 5740/2200/1002 5741/2198/1002 5744/2195/1002
f 5762/2199/1002 5726/2197/1002 5727/2201/1002
f 5739/2202/1002 5740/2200/1002 5744/2195/1002
f 5738/2203/1002 5739/2202/1002 5744/2195/1002
f 5762/2199/1002 5727/2201/1002 5728/2204/1002
f 5737/2205/1002 5738/2203/1002 5744/2195/1002
f 5761/2206/1002 5762/2199/1002 5728/2204/1002
f 5736/2207/1002 5737/2205/1002 5744/2195/1002
f 5761/2206/1002 5728/2204/1002 5729/2208/1002
f 5735/2209/1002 5736/2207/1002 5744/2195/1002
f 5734/2210/1002 5735/2209/1002 5744/2195/1002
f 5761/2206/1002 5729/2208/1002 5730/2211/1002
f 5733/2212/1002 5734/2210/1002 5744/2195/1002
f 5732/2213/1002 5733/2212/1002 5744/2195/1002
f 5761/2206/1002 5730/2211/1002 5731/2214/1002
f 5731/2214/1002 5732/2213/1002 5744/2195/1002
f 5761/2206/1002 5731/2214/1002 5744/2195/1002
f 5760/2215/1002 5761/2206/1002 5744/2195/1002
f 5760/2215/1002 5744/2195/1002 5745/2216/1002
f 5759/2217/1002 5760/2215/1002 5745/2216/1002
f 5759/2217/1002 5745/2216/1002 5746/2218/1002
f 5759/2217/1002 5746/2218/1002 5747/2219/1002
f 5759/2217/1002 5747/2219/1002 5748/2220/1002
f 5758/2221/1002 5759/2217/1002 5748/2220/1002
f 5758/2221/1002 5748/2220/1002 5749/2222/1002
f 5758/2221/1002 5749/2222/1002 5750/2223/1002
f 5758/2221/1002 5750/2223/1002 5751/2224/1002
f 5757/2225/1002 5758/2221/1002 5751/2224/1002
f 5757/2225/1002 5751/2224/1002 5752/2226/1002
f 5757/2225/1002 5752/2226/1002 5753/2227/1002
f 5757/2225/1002 5753/2227/1002 5754/2228/1002
f 5756/2229/1002 5757/2225/1002 5754/2228/1002
f 5756/2229/1002 5754/2228/1002 5755/2230/1002
f 5798/2231/1002 5799/2233/1002 5800/2232/1002
f 5798/2231/1002 5800/2232/1002 5803/2234/1002
f 5803/2234/1002 5800/2232/1002 5801/2235/1002
f 5798/2231/1002 5803/2234/1002 5804/2127/1002
f 5802/2236/1002 5803/2234/1002 5801/2235/1002
f 5798/2231/1002 5804/2127/1002 5796/2237/1002
f 5796/2237/1002 5804/2127/1002 5802/2236/1002
f 5796/2237/1002 5802/2236/1002 5795/2238/1002
f 5795/2238/1002 5802/2236/1002 5801/2235/1002
f 5798/2231/1002 5796/2237/1002 5797/2239/1002
f 5794/2124/1002 5795/2238/1002 5801/2235/1002
f 5831/2240/1002 5832/2242/1002 5859/2241/1002
f 5859/2241/1002 5832/2242/1002 5833/2243/1002
f 5859/2241/1002 5833/2243/1002 5805/2124/1002
f 5859/2241/1002 5805/2124/1002 5806/2244/1002
f 5859/2241/1002 5806/2244/1002 5807/2245/1002
f 5859/2241/1002 5807/2245/1002 5808/2246/1002
f 5859/2241/1002 5808/2246/1002 5809/2247/1002
f 5859/2241/1002 5809/2247/1002 5810/2128/1002
f 5859/2241/1002 5810/2128/1002 5811/2248/1002
f 5859/2241/1002 5811/2248/1002 5858/2249/1002
f 5858/2249/1002 5811/2248/1002 5812/2250/1002
f 5831/2240/1002 5859/2241/1002 5860/2127/1002
f 5857/2251/1002 5858/2249/1002 5812/2250/1002
f 5856/2252/1002 5857/2251/1002 5812/2250/1002
f 5855/2126/1002 5856/2252/1002 5812/2250/1002
f 5855/2126/1002 5812/2250/1002 5813/2253/1002
f 5854/2254/1002 5855/2126/1002 5813/2253/1002
f 5853/2255/1002 5854/2254/1002 5813/2253/1002
f 5852/2256/1002 5853/2255/1002 5813/2253/1002
f 5852/2256/1002 5813/2253/1002 5814/2257/1002
f 5851/2258/1002 5852/2256/1002 5814/2257/1002
f 5850/2125/1002 5851/2258/1002 5814/2257/1002
f 5849/2236/1002 5850/2125/1002 5814/2257/1002
f 5849/2236/1002 5814/2257/1002 5815/2130/1002
f 5848/2259/1002 5849/2236/1002 5815/2130/1002
f 5847/2260/1002 5848/2259/1002 5815/2130/1002
f 5847/2260/1002 5815/2130/1002 5816/2237/1002
f 5846/2261/1002 5847/2260/1002 5816/2237/1002
f 5845/2123/1002 5846/2261/1002 5816/2237/1002
f 5845/2123/1002 5816/2237/1002 5817/2262/1002
f 5844/2263/1002 5845/2123/1002 5817/2262/1002
f 5844/2263/1002 5817/2262/1002 5818/2264/1002
f 5843/2265/1002 5844/2263/1002 5818/2264/1002
f 5842/2266/1002 5843/2265/1002 5818/2264/1002
f 5842/2266/1002 5818/2264/1002 5819/2267/1002
f 5841/2268/1002 5842/2266/1002 5819/2267/1002
f 5840/2134/1002 5841/2268/1002 5819/2267/1002
f 5840/2134/1002 5819/2267/1002 5820/2131/1002
f 5839/2269/1002 5840/2134/1002 5820/2131/1002
f 5838/2232/1002 5839/2269/1002 5820/2131/1002
f 5837/2270/1002 5838/2232/1002 5820/2131/1002
f 5836/2271/1002 5837/2270/1002 5820/2131/1002
f 5836/2271/1002 5820/2131/1002 5821/2272/1002
f 5835/2133/1002 5836/2271/1002 5821/2272/1002
f 5834/2273/1002 5835/2133/1002 5821/2272/1002
f 5831/2240/1002 5860/2127/1002 5829/2274/1002
f 5829/2274/1002 5860/2127/1002 5834/2273/1002
f 5829/2274/1002 5834/2273/1002 5821/2272/1002
f 5829/2274/1002 5821/2272/1002 5822/2275/1002
f 5829/2274/1002 5822/2275/1002 5823/2276/1002
f 5829/2274/1002 5823/2276/1002 5824/2277/1002
f 5829/2274/1002 5824/2277/1002 5825/2129/1002
f 5829/2274/1002 5825/2129/1002 5826/2278/1002
f 5829/2274/1002 5826/2278/1002 5827/2231/1002
f 5829/2274/1002 5827/2231/1002 5828/2279/1002
f 5831/2240/1002 5829/2274/1002 5830/2132/1002
f 5968/2280/1002 5969/2282/1002 5970/2281/1002
f 5968/2280/1002 5970/2281/1002 5971/2126/1002
f 5968/2280/1002 5971/2126/1002 5972/2283/1002
f 5967/2284/1002 5968/2280/1002 5972/2283/1002
f 5967/2284/1002 5972/2283/1002 5973/2285/1002
f 5967/2284/1002 5973/2285/1002 5974/2286/1002
f 5966/2287/1002 5967/2284/1002 5974/2286/1002
f 5966/2287/1002 5974/2286/1002 5975/2288/1002
f 5966/2287/1002 5975/2288/1002 5976/2289/1002
f 5965/2290/1002 5966/2287/1002 5976/2289/1002
f 5965/2290/1002 5976/2289/1002 5977/2291/1002
f 5965/2290/1002 5977/2291/1002 5978/2292/1002
f 5964/2293/1002 5965/2290/1002 5978/2292/1002
f 5964/2293/1002 5978/2292/1002 5979/2294/1002
f 5964/2293/1002 5979/2294/1002 5980/2295/1002
f 5963/2296/1002 5964/2293/1002 5980/2295/1002
f 5963/2296/1002 5980/2295/1002 5981/2297/1002
f 5963/2296/1002 5981/2297/1002 5868/2298/1002
f 5868/2298/1002 5981/2297/1002 5867/2299/1002
f 5867/2299/1002 5981/2297/1002 5866/2300/1002
f 5866/2300/1002 5981/2297/1002 5865/2301/1002
f 5865/2301/1002 5981/2297/1002 5864/2302/1002
f 5864/2302/1002 5981/2297/1002 5863/2303/1002
f 5863/2303/1002 5981/2297/1002 5862/2304/1002
f 5862/2304/1002 5981/2297/1002 5861/2124/1002
f 5861/2124/1002 5981/2297/1002 5982/2127/1002
f 5962/2305/1002 5963/2296/1002 5870/2306/1002
f 5870/2306/1002 5963/2296/1002 5869/2307/1002
f 5869/2307/1002 5963/2296/1002 5868/2298/1002
f 5961/2308/1002 5962/2305/1002 5872/2128/1002
f 5872/2128/1002 5962/2305/1002 5871/2309/1002
f 5871/2309/1002 5962/2305/1002 5870/2306/1002
f 5960/2125/1002 5961/2308/1002 5873/2310/1002
f 5873/2310/1002 5961/2308/1002 5872/2128/1002
f 5960/2125/1002 5873/2310/1002 5874/2311/1002
f 5960/2125/1002 5874/2311/1002 5875/2312/1002
f 5960/2125/1002 5875/2312/1002 5876/2313/1002
f 5960/2125/1002 5876/2313/1002 5877/2314/1002
f 5960/2125/1002 5877/2314/1002 5878/2315/1002
f 5959/2316/1002 5960/2125/1002 5878/2315/1002
f 5959/2316/1002 5878/2315/1002 5879/2317/1002
f 5959/2316/1002 5879/2317/1002 5880/2318/1002
f 5959/2316/1002 5880/2318/1002 5881/2319/1002
f 5958/2320/1002 5959/2316/1002 5881/2319/1002
f 5958/2320/1002 5881/2319/1002 5882/2321/1002
f 5958/2320/1002 5882/2321/1002 5883/2130/1002
f 5957/2322/1002 5958/2320/1002 5883/2130/1002
f 5957/2322/1002 5883/2130/1002 5884/2323/1002
f 5957/2322/1002 5884/2323/1002 5885/2324/1002
f 5956/2325/1002 5957/2322/1002 5885/2324/1002
f 5956/2325/1002 5885/2324/1002 5886/2326/1002
f 5956/2325/1002 5886/2326/1002 5887/2327/1002
f 5955/2328/1002 5956/2325/1002 5887/2327/1002
f 5955/2328/1002 5887/2327/1002 5888/2329/1002
f 5954/2330/1002 5955/2328/1002 5888/2329/1002
f 5954/2330/1002 5888/2329/1002 5889/2331/1002
f 5954/2330/1002 5889/2331/1002 5890/2332/1002
f 5953/2333/1002 5954/2330/1002 5890/2332/1002
f 5953/2333/1002 5890/2332/1002 5891/2334/1002
f 5952/2335/1002 5953/2333/1002 5891/2334/1002
f 5952/2335/1002 5891/2334/1002 5892/2336/1002
f 5951/2337/1002 5952/2335/1002 5892/2336/1002
f 5951/2337/1002 5892/2336/1002 5893/2338/1002
f 5950/2339/1002 5951/2337/1002 5893/2338/1002
f 5950/2339/1002 5893/2338/1002 5894/2131/1002
f 5949/2123/1002 5950/2339/1002 5894/2131/1002
f 5948/2340/1002 5949/2123/1002 5894/2131/1002
f 5948/2340/1002 5894/2131/1002 5895/2341/1002
f 5947/2342/1002 5948/2340/1002 5895/2341/1002
f 5946/2343/1002 5947/2342/1002 5895/2341/1002
f 5946/2343/1002 5895/2341/1002 5896/2344/1002
f 5945/2345/1002 5946/2343/1002 5896/2344/1002
f 5920/2346/1002 5921/2348/1002 5922/2347/1002
f 5945/2345/1002 5896/2344/1002 5897/2349/1002
f 5944/2350/1002 5945/2345/1002 5897/2349/1002
f 5920/2346/1002 5922/2347/1002 5923/2351/1002
f 5943/2352/1002 5944/2350/1002 5897/2349/1002
f 5943/2352/1002 5897/2349/1002 5898/2353/1002
f 5920/2346/1002 5923/2351/1002 5924/2354/1002
f 5942/2355/1002 5943/2352/1002 5898/2353/1002
f 5920/2346/1002 5924/2354/1002 5925/2356/1002
f 5941/2357/1002 5942/2355/1002 5898/2353/1002
f 5940/2358/1002 5941/2357/1002 5898/2353/1002
f 5940/2358/1002 5898/2353/1002 5899/2359/1002
f 5920/2346/1002 5925/2356/1002 5926/2360/1002
f 5939/2361/1002 5940/2358/1002 5899/2359/1002
f 5920/2346/1002 5926/2360/1002 5927/2133/1002
f 5938/2134/1002 5939/2361/1002 5899/2359/1002
f 5920/2346/1002 5927/2133/1002 5928/2362/1002
f 5938/2134/1002 5899/2359/1002 5900/2363/1002
f 5937/2364/1002 5938/2134/1002 5900/2363/1002
f 5920/2346/1002 5928/2362/1002 5929/2365/1002
f 5936/2366/1002 5937/2364/1002 5900/2363/1002
f 5920/2346/1002 5929/2365/1002 5930/2367/1002
f 5935/2368/1002 5936/2366/1002 5900/2363/1002
f 5920/2346/1002 5930/2367/1002 5931/2369/1002
f 5934/2370/1002 5935/2368/1002 5900/2363/1002
f 5920/2346/1002 5931/2369/1002 5932/2371/1002
f 5934/2370/1002 5900/2363/1002 5901/2372/1002
f 5933/2373/1002 5934/2370/1002 5901/2372/1002
f 5920/2346/1002 5932/2371/1002 5933/2373/1002
f 5920/2346/1002 5933/2373/1002 5901/2372/1002
f 5920/2346/1002 5901/2372/1002 5902/2374/1002
f 5919/2375/1002 5920/2346/1002 5902/2374/1002
f 5918/2376/1002 5919/2375/1002 5902/2374/1002
f 5918/2376/1002 5902/2374/1002 5903/2377/1002
f 5917/2378/1002 5918/2376/1002 5903/2377/1002
f 5917/2378/1002 5903/2377/1002 5904/2379/1002
f 5916/2132/1002 5917/2378/1002 5904/2379/1002
f 5915/2380/1002 5916/2132/1002 5904/2379/1002
f 5915/2380/1002 5904/2379/1002 5905/2129/1002
f 5914/2381/1002 5915/2380/1002 5905/2129/1002
f 5913/2382/1002 5914/2381/1002 5905/2129/1002
f 5913/2382/1002 5905/2129/1002 5906/2383/1002
f 5912/2384/1002 5913/2382/1002 5906/2383/1002
f 5911/2385/1002 5912/2384/1002 5906/2383/1002
f 5911/2385/1002 5906/2383/1002 5907/2386/1002
f 5910/2387/1002 5911/2385/1002 5907/2386/1002
f 5909/2388/1002 5910/2387/1002 5907/2386/1002
f 5909/2388/1002 5907/2386/1002 5908/2389/1002
s 1
f 5986/2390/1003 5983/2124/1004 5984/2391/1004
f 5988/2392/1005 5985/2393/1003 5986/2390/1003
f 5990/2394/1006 5987/2395/1005 5988/2392/1005
f 5992/2396/1007 5989/2397/1006 5990/2394/1006
f 5994/2398/1008 5991/2399/1007 5992/2396/1007
f 5996/2400/1009 5993/2401/1008 5994/2398/1008
f 5998/2402/1010 5995/2403/1009 5996/2400/1009
f 6000/2404/1011 5997/2405/1010 5998/2402/1010
f 6002/2406/1012 5999/2407/1011 6000/2404/1011
f 6004/2408/1013 6001/2409/1012 6002/2406/1012
f 6006/2410/1014 6003/2411/1013 6004/2408/1013
f 6008/2412/1015 6005/2413/1014 6006/2410/1014
f 6010/2414/1016 6007/2415/1015 6008/2412/1015
f 6012/2416/1017 6009/2417/1016 6010/2414/1016
f 6014/2418/1018 6011/2419/1017 6012/2416/1017
f 6016/2420/1019 6013/2421/1018 6014/2418/1018
f 6018/2422/1020 6015/2423/1019 6016/2420/1019
f 6020/2424/1021 6017/2425/1020 6018/2422/1020
f 6022/2426/1022 6019/2427/1021 6020/2424/1021
f 6024/2428/1023 6021/2429/1022 6022/2426/1022
f 6026/2430/1024 6023/2431/1023 6024/2428/1023
f 6028/2432/1025 6025/2433/1024 6026/2430/1024
f 6030/2434/1026 6027/2435/1025 6028/2432/1025
f 6032/2436/1027 6029/2437/1026 6030/2434/1026
f 6034/2438/1028 6031/2439/1027 6032/2436/1027
f 6036/2440/1029 6033/2441/1030 6034/2438/1028
f 6038/2442/1031 6035/2443/1032 6036/2440/1029
f 6040/2444/1033 6037/2445/1031 6038/2442/1031
f 6042/2446/1034 6039/2447/1033 6040/2444/1033
f 6044/2448/1035 6041/2449/1034 6042/2446/1034
f 6046/2450/1036 6043/2451/1035 6044/2448/1035
f 6048/2452/1037 6045/2453/1038 6046/2450/1036
f 6050/2454/1039 6047/2455/1037 6048/2452/1037
f 6052/2456/1040 6049/2457/1039 6050/2454/1039
f 6054/2458/1041 6051/2459/1040 6052/2456/1040
f 6056/2460/1042 6053/2461/1041 6054/2458/1041
f 6058/2462/1043 6055/2463/1042 6056/2460/1042
f 6060/2464/1044 6057/2465/1043 6058/2462/1043
f 6062/2466/1045 6059/2467/1044 6060/2464/1044
f 6064/2468/1046 6061/2469/1045 6062/2466/1045
f 6066/2470/1047 6063/2471/1046 6064/2468/1046
f 6068/2472/1048 6065/2473/1047 6066/2470/1047
f 6070/2474/1049 6067/2475/1048 6068/2472/1048
f 6072/2476/1050 6069/2477/1049 6070/2474/1049
f 6074/2478/1051 6071/2479/1050 6072/2476/1050
f 6076/2480/1052 6073/2481/1051 6074/2478/1051
f 6078/2482/1053 6075/2483/1052 6076/2480/1052
f 6080/2484/1054 6077/2485/1053 6078/2482/1053
f 6082/2486/1055 6079/2487/1054 6080/2484/1054
f 6084/2488/1056 6081/2489/1055 6082/2486/1055
f 6086/2490/1057 6083/2491/1056 6084/2488/1056
f 6088/2492/1058 6085/2493/1057 6086/2490/1057
f 6090/2494/1059 6087/2495/1058 6088/2492/1058
f 6092/2496/1060 6089/2497/1059 6090/2494/1059
f 6094/2498/1061 6091/2499/1060 6092/2496/1060
f 6096/2500/1062 6093/2501/1061 6094/2498/1061
f 6098/2502/1063 6095/2503/1062 6096/2500/1062
f 6100/2504/1064 6097/2505/1063 6098/2502/1063
f 6102/2506/1065 6099/2507/1064 6100/2504/1064
f 6104/2508/1066 6101/2509/1065 6102/2506/1065
f 6106/2510/1067 6103/2511/1068 6104/2508/1066
f 6108/2512/1069 6105/2233/1067 6106/2510/1067
f 6110/2513/1070 6107/2514/1069 6108/2512/1069
f 6112/2515/1071 6109/2516/1072 6110/2513/1070
f 6114/2517/1073 6111/2518/1071 6112/2515/1071
f 6116/2519/1074 6113/2520/1073 6114/2517/1073
f 6118/2521/1075 6115/2522/1074 6116/2519/1074
f 6120/2523/1076 6117/2524/1075 6118/2521/1075
f 6122/2525/1077 6119/2526/1076 6120/2523/1076
f 6124/2527/1078 6121/2528/1077 6122/2525/1077
f 6126/2529/1079 6123/2530/1078 6124/2527/1078
f 6128/2531/1080 6125/2532/1079 6126/2529/1079
f 6130/2533/1081 6127/2534/1080 6128/2531/1080
f 6132/2535/1082 6129/2536/1081 6130/2533/1081
f 6134/2537/1083 6131/2538/1082 6132/2535/1082
f 6136/2539/1084 6133/2540/1085 6134/2537/1083
f 6138/2541/1086 6135/2542/1084 6136/2539/1084
f 6140/2543/1087 6137/2544/1086 6138/2541/1086
f 6142/2545/1088 6139/2546/1087 6140/2543/1087
f 6144/2547/1089 6141/2548/1088 6142/2545/1088
f 6146/2549/1090 6143/2550/1089 6144/2547/1089
f 6148/2551/1091 6145/2552/1090 6146/2549/1090
f 6150/2553/1092 6147/2554/1091 6148/2551/1091
f 6152/2555/1093 6149/2556/1092 6150/2553/1092
f 6154/2557/1094 6151/2558/1093 6152/2555/1093
f 6156/2559/1095 6153/2560/1094 6154/2557/1094
f 6158/2561/1096 6155/2562/1095 6156/2559/1095
f 6160/2563/1097 6157/2564/1096 6158/2561/1096
f 6162/2565/1098 6159/2566/1097 6160/2563/1097
f 6164/2567/1099 6161/2568/1098 6162/2565/1098
f 6166/2569/1100 6163/2570/1099 6164/2567/1099
f 6168/2571/1101 6165/2572/1100 6166/2569/1100
f 6170/2573/1102 6167/2574/1101 6168/2571/1101
f 6172/2575/1103 6169/2576/1102 6170/2573/1102
f 6174/2577/1104 6171/2578/1103 6172/2575/1103
f 6176/2579/1105 6173/2580/1104 6174/2577/1104
f 6178/2581/1106 6175/2582/1105 6176/2579/1105
f 6180/2583/1107 6177/2584/1106 6178/2581/1106
f 6182/2585/1108 6179/2586/1107 6180/2583/1107
f 6184/2587/1109 6181/2588/1108 6182/2585/1108
f 6186/2589/1110 6183/2590/1109 6184/2587/1109
f 6188/2591/1111 6185/2592/1110 6186/2589/1110
f 6190/2593/1112 6187/2594/1113 6188/2591/1111
f 6192/2595/1114 6189/2596/1112 6190/2593/1112
f 6194/2597/1115 6191/2598/1114 6192/2595/1114
f 6196/2599/1116 6193/2600/1115 6194/2597/1115
f 6198/2601/1117 6195/2602/1116 6196/2599/1116
f 6200/2603/1118 6197/2604/1117 6198/2601/1117
f 6202/2605/1119 6199/2606/1118 6200/2603/1118
f 6204/2607/1120 6201/2608/1119 6202/2605/1119
f 6206/2609/1121 6203/2610/1120 6204/2607/1120
f 6208/2611/1122 6205/2612/1121 6206/2609/1121
f 6210/2613/1123 6207/2614/1122 6208/2611/1122
f 6212/2615/1124 6209/2616/1123 6210/2613/1123
f 6214/2617/1125 6211/2618/1124 6212/2615/1124
f 6216/2619/1126 6213/2620/1125 6214/2617/1125
f 6218/2621/1127 6215/2622/1126 6216/2619/1126
f 6220/2623/1128 6217/2624/1127 6218/2621/1127
f 6222/2625/1129 6219/2626/1128 6220/2623/1128
f 6224/2627/1130 6221/2628/1129 6222/2625/1129
f 6226/2629/1131 6223/2630/1130 6224/2627/1130
f 5984/2631/1004 6225/2632/1131 6226/2629/1131
f 6230/2633/1132 6227/2124/1133 6228/2391/1133
f 6232/2634/1134 6229/2635/1132 6230/2633/1132
f 6234/2636/1135 6231/2637/1134 6232/2634/1134
f 6236/2638/1136 6233/2639/1135 6234/2636/1135
f 6238/2640/1137 6235/2641/1136 6236/2638/1136
f 6240/2642/1138 6237/2643/1137 6238/2640/1137
f 6242/2644/1139 6239/2645/1138 6240/2642/1138
f 6244/2646/1140 6241/2647/1139 6242/2644/1139
f 6246/2648/1141 6243/2649/1140 6244/2646/1140
f 6248/2650/1142 6245/2651/1141 6246/2648/1141
f 6250/2652/1143 6247/2653/1142 6248/2650/1142
f 6252/2654/1144 6249/2655/1143 6250/2652/1143
f 6254/2656/1145 6251/2657/1144 6252/2654/1144
f 6256/2658/1146 6253/2659/1145 6254/2656/1145
f 6258/2660/1147 6255/2661/1146 6256/2658/1146
f 6260/2662/1148 6257/2663/1147 6258/2660/1147
f 6262/2664/1149 6259/2665/1148 6260/2662/1148
f 6264/2666/1150 6261/2667/1149 6262/2664/1149
f 6266/2668/1151 6263/2669/1150 6264/2666/1150
f 6268/2670/1152 6265/2671/1151 6266/2668/1151
f 6270/2672/1153 6267/2673/1152 6268/2670/1152
f 6272/2674/1154 6269/2675/1153 6270/2672/1153
f 6274/2676/1155 6271/2677/1154 6272/2674/1154
f 6276/2678/1156 6273/2679/1155 6274/2676/1155
f 6278/2680/1156 6275/2681/1156 6276/2678/1156
f 6280/2682/1157 6277/2683/1156 6278/2680/1156
f 6282/2684/1158 6279/2685/1157 6280/2682/1157
f 6284/2686/1159 6281/2687/1158 6282/2684/1158
f 6228/2631/1133 6283/2688/1159 6284/2686/1159
f 6288/2689/1160 6285/2124/1161 6286/2391/1161
f 6290/2690/1162 6287/2691/1160 6288/2689/1160
f 6292/2692/1163 6289/2693/1162 6290/2690/1162
f 6294/2694/1164 6291/2695/1163 6292/2692/1163
f 6296/2696/1165 6293/2697/1164 6294/2694/1164
f 6298/2698/1166 6295/2699/1165 6296/2696/1165
f 6300/2700/1167 6297/2701/1166 6298/2698/1166
f 6302/2702/1168 6299/2703/1167 6300/2700/1167
f 6304/2704/1169 6301/2705/1168 6302/2702/1168
f 6306/2706/1170 6303/2707/1169 6304/2704/1169
f 6308/2708/1171 6305/2709/1170 6306/2706/1170
f 6310/2710/1172 6307/2711/1171 6308/2708/1171
f 6312/2712/1173 6309/2713/1172 6310/2710/1172
f 6314/2714/1174 6311/2715/1173 6312/2712/1173
f 6316/2716/1175 6313/2717/1174 6314/2714/1174
f 6318/2718/1176 6315/2719/1175 6316/2716/1175
f 6320/2720/1177 6317/2721/1176 6318/2718/1176
f 6322/2722/1178 6319/2723/1177 6320/2720/1177
f 6324/2724/1179 6321/2725/1178 6322/2722/1178
f 6326/2726/1180 6323/2727/1179 6324/2724/1179
f 6328/2728/1181 6325/2729/1180 6326/2726/1180
f 6330/2730/1182 6327/2731/1181 6328/2728/1181
f 6332/2732/1183 6329/2733/1182 6330/2730/1182
f 6334/2734/1184 6331/2735/1183 6332/2732/1183
f 6336/2736/1156 6333/2737/1184 6334/2734/1184
f 6338/2738/1185 6335/2739/1156 6336/2736/1156
f 6286/2631/1161 6337/2740/1185 6338/2738/1185
f 6342/2741/1186 6339/2124/1186 6340/2391/1186
f 6344/2742/1187 6341/2743/1186 6342/2741/1186
f 6346/2744/1187 6343/2745/1187 6344/2742/1187
f 6348/2510/1188 6345/2746/1189 6346/2744/1187
f 6350/2747/1190 6347/2233/1188 6348/2510/1188
f 6352/2748/1191 6349/2749/1190 6350/2747/1190
f 6354/2750/1192 6351/2751/1191 6352/2748/1191
f 6340/2631/1186 6353/2752/1193 6354/2750/1192
f 6358/2704/1194 6355/2124/1195 6356/2391/1195
f 6360/2722/1196 6357/2707/1194 6358/2704/1194
f 6356/2631/1195 6359/2725/1196 6360/2722/1196
f 6364/2753/1197 6361/2124/1198 6362/2391/1198
f 6366/2754/1199 6363/2755/1197 6364/2753/1197
f 6368/2756/1200 6365/2757/1199 6366/2754/1199
f 6370/2758/1201 6367/2759/1200 6368/2756/1200
f 6372/2760/1202 6369/2761/1203 6370/2758/1201
f 6374/2762/1204 6371/2763/1202 6372/2760/1202
f 6376/2764/1205 6373/2765/1204 6374/2762/1204
f 6378/2766/1206 6375/2767/1205 6376/2764/1205
f 6380/2768/1207 6377/2769/1206 6378/2766/1206
f 6382/2770/1208 6379/2771/1207 6380/2768/1207
f 6384/2772/1209 6381/2773/1208 6382/2770/1208
f 6386/2774/1210 6383/2775/1209 6384/2772/1209
f 6388/2776/1211 6385/2777/1210 6386/2774/1210
f 6390/2778/1212 6387/2779/1211 6388/2776/1211
f 6392/2780/1213 6389/2781/1212 6390/2778/1212
f 6394/2782/1214 6391/2783/1213 6392/2780/1213
f 6396/2784/1215 6393/2785/1214 6394/2782/1214
f 6398/2786/1216 6395/2787/1215 6396/2784/1215
f 6400/2788/1217 6397/2789/1216 6398/2786/1216
f 6402/2790/1218 6399/2791/1217 6400/2788/1217
f 6404/2792/1219 6401/2793/1218 6402/2790/1218
f 6406/2794/1220 6403/2795/1219 6404/2792/1219
f 6408/2796/1221 6405/2797/1220 6406/2794/1220
f 6410/2798/1222 6407/2799/1221 6408/2796/1221
f 6412/2800/1223 6409/2801/1222 6410/2798/1222
f 6414/2802/1224 6411/2803/1223 6412/2800/1223
f 6416/2804/1225 6413/2805/1224 6414/2802/1224
f 6418/2806/1226 6415/2807/1225 6416/2804/1225
f 6420/2808/1227 6417/2809/1226 6418/2806/1226
f 6422/2810/1228 6419/2811/1227 6420/2808/1227
f 6424/2812/1229 6421/2813/1228 6422/2810/1228
f 6426/2814/1230 6423/2815/1229 6424/2812/1229
f 6428/2816/1231 6425/2817/1230 6426/2814/1230
f 6430/2818/1232 6427/2819/1233 6428/2816/1231
f 6432/2820/1234 6429/2821/1232 6430/2818/1232
f 6434/2822/1235 6431/2823/1234 6432/2820/1234
f 6436/2824/1236 6433/2825/1235 6434/2822/1235
f 6438/2826/1237 6435/2827/1236 6436/2824/1236
f 6440/2828/1238 6437/2829/1237 6438/2826/1237
f 6442/2830/1239 6439/2831/1238 6440/2828/1238
f 6444/2832/1240 6441/2833/1239 6442/2830/1239
f 6446/2834/1241 6443/2835/1240 6444/2832/1240
f 6448/2836/1242 6445/2837/1241 6446/2834/1241
f 6450/2838/1243 6447/2839/1242 6448/2836/1242
f 6452/2840/1244 6449/2841/1243 6450/2838/1243
f 6454/2842/1245 6451/2843/1244 6452/2840/1244
f 6456/2844/1246 6453/2845/1245 6454/2842/1245
f 6458/2846/1247 6455/2847/1248 6456/2844/1246
f 6460/2510/1249 6457/2848/1247 6458/2846/1247
f 6462/2849/1250 6459/2233/1249 6460/2510/1249
f 6464/2850/1251 6461/2851/1250 6462/2849/1250
f 6466/2852/1252 6463/2853/1251 6464/2850/1251
f 6468/2854/1253 6465/2855/1252 6466/2852/1252
f 6470/2856/1254 6467/2857/1253 6468/2854/1253
f 6472/2858/1255 6469/2859/1254 6470/2856/1254
f 6474/2860/1256 6471/2861/1255 6472/2858/1255
f 6476/2862/1257 6473/2863/1256 6474/2860/1256
f 6478/2864/1258 6475/2865/1257 6476/2862/1257
f 6480/2866/1259 6477/2867/1258 6478/2864/1258
f 6482/2868/1260 6479/2869/1259 6480/2866/1259
f 6484/2870/1261 6481/2871/1260 6482/2868/1260
f 6486/2872/1262 6483/2873/1261 6484/2870/1261
f 6488/2874/1263 6485/2875/1262 6486/2872/1262
f 6490/2876/1264 6487/2877/1263 6488/2874/1263
f 6492/2878/1265 6489/2879/1264 6490/2876/1264
f 6494/2880/1266 6491/2881/1265 6492/2878/1265
f 6496/2882/1267 6493/2883/1266 6494/2880/1266
f 6498/2884/1268 6495/2885/1267 6496/2882/1267
f 6500/2886/1269 6497/2887/1268 6498/2884/1268
f 6502/2888/1270 6499/2889/1269 6500/2886/1269
f 6504/2890/1271 6501/2891/1270 6502/2888/1270
f 6506/2892/1272 6503/2893/1271 6504/2890/1271
f 6508/2894/1273 6505/2895/1272 6506/2892/1272
f 6510/2896/1274 6507/2897/1273 6508/2894/1273
f 6512/2898/1275 6509/2899/1274 6510/2896/1274
f 6514/2900/1276 6511/2901/1275 6512/2898/1275
f 6516/2902/1277 6513/2903/1276 6514/2900/1276
f 6518/2904/1278 6515/2905/1277 6516/2902/1277
f 6520/2906/1279 6517/2907/1278 6518/2904/1278
f 6522/2908/1280 6519/2909/1279 6520/2906/1279
f 6524/2910/1281 6521/2911/1280 6522/2908/1280
f 6526/2912/1282 6523/2913/1281 6524/2910/1281
f 6528/2914/1283 6525/2915/1282 6526/2912/1282
f 6530/2916/1284 6527/2917/1283 6528/2914/1283
f 6532/2918/1285 6529/2919/1284 6530/2916/1284
f 6534/2920/1286 6531/2921/1285 6532/2918/1285
f 6536/2922/1287 6533/2923/1286 6534/2920/1286
f 6538/2924/1288 6535/2925/1287 6536/2922/1287
f 6540/2926/1289 6537/2927/1288 6538/2924/1288
f 6542/2928/1290 6539/2929/1289 6540/2926/1289
f 6544/2930/1291 6541/2931/1290 6542/2928/1290
f 6546/2932/1292 6543/2933/1291 6544/2930/1291
f 6548/2934/1293 6545/2935/1294 6546/2932/1292
f 6550/2936/1295 6547/2937/1293 6548/2934/1293
f 6552/2938/1296 6549/2939/1295 6550/2936/1295
f 6554/2940/1297 6551/2941/1296 6552/2938/1296
f 6556/2942/1298 6553/2943/1297 6554/2940/1297
f 6362/2631/1198 6555/2944/1298 6556/2942/1298
f 6560/2945/1185 6557/2124/1156 6558/2391/1156
f 6562/2946/1185 6559/2947/1185 6560/2945/1185
f 6564/2742/1156 6561/2948/1185 6562/2946/1185
f 6566/2704/1156 6563/2745/1156 6564/2742/1156
f 6568/2949/1185 6565/2707/1156 6566/2704/1156
f 6570/2510/1185 6567/2950/1185 6568/2949/1185
f 6572/2951/1156 6569/2233/1185 6570/2510/1185
f 6574/2722/1157 6571/2952/1156 6572/2951/1156
f 6576/2748/1158 6573/2725/1157 6574/2722/1157
f 6578/2953/1185 6575/2751/1158 6576/2748/1158
f 6580/2954/1156 6577/2955/1185 6578/2953/1185
f 6558/2631/1156 6579/2956/1156 6580/2954/1156
f 5986/2390/1003 5985/2393/1003 5983/2124/1004
f 5988/2392/1005 5987/2395/1005 5985/2393/1003
f 5990/2394/1006 5989/2397/1006 5987/2395/1005
f 5992/2396/1007 5991/2399/1007 5989/2397/1006
f 5994/2398/1008 5993/2401/1008 5991/2399/1007
f 5996/2400/1009 5995/2403/1009 5993/2401/1008
f 5998/2402/1010 5997/2405/1010 5995/2403/1009
f 6000/2404/1011 5999/2407/1011 5997/2405/1010
f 6002/2406/1012 6001/2409/1012 5999/2407/1011
f 6004/2408/1013 6003/2411/1013 6001/2409/1012
f 6006/2410/1014 6005/2413/1014 6003/2411/1013
f 6008/2412/1015 6007/2415/1015 6005/2413/1014
f 6010/2414/1016 6009/2417/1016 6007/2415/1015
f 6012/2416/1017 6011/2419/1017 6009/2417/1016
f 6014/2418/1018 6013/2421/1018 6011/2419/1017
f 6016/2420/1019 6015/2423/1019 6013/2421/1018
f 6018/2422/1020 6017/2425/1020 6015/2423/1019
f 6020/2424/1021 6019/2427/1021 6017/2425/1020
f 6022/2426/1022 6021/2429/1022 6019/2427/1021
f 6024/2428/1023 6023/2431/1023 6021/2429/1022
f 6026/2430/1024 6025/2433/1024 6023/2431/1023
f 6028/2432/1025 6027/2435/1025 6025/2433/1024
f 6030/2434/1026 6029/2437/1026 6027/2435/1025
f 6032/2436/1027 6031/2439/1027 6029/2437/1026
f 6034/2438/1028 6033/2441/1030 6031/2439/1027
f 6036/2440/1029 6035/2443/1032 6033/2441/1030
f 6038/2442/1031 6037/2445/1031 6035/2443/1032
f 6040/2444/1033 6039/2447/1033 6037/2445/1031
f 6042/2446/1034 6041/2449/1034 6039/2447/1033
f 6044/2448/1035 6043/2451/1035 6041/2449/1034
f 6046/2450/1036 6045/2453/1038 6043/2451/1035
f 6048/2452/1037 6047/2455/1037 6045/2453/1038
f 6050/2454/1039 6049/2457/1039 6047/2455/1037
f 6052/2456/1040 6051/2459/1040 6049/2457/1039
f 6054/2458/1041 6053/2461/1041 6051/2459/1040
f 6056/2460/1042 6055/2463/1042 6053/2461/1041
f 6058/2462/1043 6057/2465/1043 6055/2463/1042
f 6060/2464/1044 6059/2467/1044 6057/2465/1043
f 6062/2466/1045 6061/2469/1045 6059/2467/1044
f 6064/2468/1046 6063/2471/1046 6061/2469/1045
f 6066/2470/1047 6065/2473/1047 6063/2471/1046
f 6068/2472/1048 6067/2475/1048 6065/2473/1047
f 6070/2474/1049 6069/2477/1049 6067/2475/1048
f 6072/2476/1050 6071/2479/1050 6069/2477/1049
f 6074/2478/1051 6073/2481/1051 6071/2479/1050
f 6076/2480/1052 6075/2483/1052 6073/2481/1051
f 6078/2482/1053 6077/2485/1053 6075/2483/1052
f 6080/2484/1054 6079/2487/1054 6077/2485/1053
f 6082/2486/1055 6081/2489/1055 6079/2487/1054
f 6084/2488/1056 6083/2491/1056 6081/2489/1055
f 6086/2490/1057 6085/2493/1057 6083/2491/1056
f 6088/2492/1058 6087/2495/1058 6085/2493/1057
f 6090/2494/1059 6089/2497/1059 6087/2495/1058
f 6092/2496/1060 6091/2499/1060 6089/2497/1059
f 6094/2498/1061 6093/2501/1061 6091/2499/1060
f 6096/2500/1062 6095/2503/1062 6093/2501/1061
f 6098/2502/1063 6097/2505/1063 6095/2503/1062
f 6100/2504/1064 6099/2507/1064 6097/2505/1063
f 6102/2506/1065 6101/2509/1065 6099/2507/1064
f 6104/2508/1066 6103/2511/1068 6101/2509/1065
f 6106/2510/1067 6105/2233/1067 6103/2511/1068
f 6108/2512/1069 6107/2514/1069 6105/2233/1067
f 6110/2513/1070 6109/2516/1072 6107/2514/1069
f 6112/2515/1071 6111/2518/1071 6109/2516/1072
f 6114/2517/1073 6113/2520/1073 6111/2518/1071
f 6116/2519/1074 6115/2522/1074 6113/2520/1073
f 6118/2521/1075 6117/2524/1075 6115/2522/1074
f 6120/2523/1076 6119/2526/1076 6117/2524/1075
f 6122/2525/1077 6121/2528/1077 6119/2526/1076
f 6124/2527/1078 6123/2530/1078 6121/2528/1077
f 6126/2529/1079 6125/2532/1079 6123/2530/1078
f 6128/2531/1080 6127/2534/1080 6125/2532/1079
f 6130/2533/1081 6129/2536/1081 6127/2534/1080
f 6132/2535/1082 6131/2538/1082 6129/2536/1081
f 6134/2537/1083 6133/2540/1085 6131/2538/1082
f 6136/2539/1084 6135/2542/1084 6133/2540/1085
f 6138/2541/1086 6137/2544/1086 6135/2542/1084
f 6140/2543/1087 6139/2546/1087 6137/2544/1086
f 6142/2545/1088 6141/2548/1088 6139/2546/1087
f 6144/2547/1089 6143/2550/1089 6141/2548/1088
f 6146/2549/1090 6145/2552/1090 6143/2550/1089
f 6148/2551/1091 6147/2554/1091 6145/2552/1090
f 6150/2553/1092 6149/2556/1092 6147/2554/1091
f 6152/2555/1093 6151/2558/1093 6149/2556/1092
f 6154/2557/1094 6153/2560/1094 6151/2558/1093
f 6156/2559/1095 6155/2562/1095 6153/2560/1094
f 6158/2561/1096 6157/2564/1096 6155/2562/1095
f 6160/2563/1097 6159/2566/1097 6157/2564/1096
f 6162/2565/1098 6161/2568/1098 6159/2566/1097
f 6164/2567/1099 6163/2570/1099 6161/2568/1098
f 6166/2569/1100 6165/2572/1100 6163/2570/1099
f 6168/2571/1101 6167/2574/1101 6165/2572/1100
f 6170/2573/1102 6169/2576/1102 6167/2574/1101
f 6172/2575/1103 6171/2578/1103 6169/2576/1102
f 6174/2577/1104 6173/2580/1104 6171/2578/1103
f 6176/2579/1105 6175/2582/1105 6173/2580/1104
f 6178/2581/1106 6177/2584/1106 6175/2582/1105
f 6180/2583/1107 6179/2586/1107 6177/2584/1106
f 6182/2585/1108 6181/2588/1108 6179/2586/1107
f 6184/2587/1109 6183/2590/1109 6181/2588/1108
f 6186/2589/1110 6185/2592/1110 6183/2590/1109
f 6188/2591/1111 6187/2594/1113 6185/2592/1110
f 6190/2593/1112 6189/2596/1112 6187/2594/1113
f 6192/2595/1114 6191/2598/1114 6189/2596/1112
f 6194/2597/1115 6193/2600/1115 6191/2598/1114
f 6196/2599/1116 6195/2602/1116 6193/2600/1115
f 6198/2601/1117 6197/2604/1117 6195/2602/1116
f 6200/2603/1118 6199/2606/1118 6197/2604/1117
f 6202/2605/1119 6201/2608/1119 6199/2606/1118
f 6204/2607/1120 6203/2610/1120 6201/2608/1119
f 6206/2609/1121 6205/2612/1121 6203/2610/1120
f 6208/2611/1122 6207/2614/1122 6205/2612/1121
f 6210/2613/1123 6209/2616/1123 6207/2614/1122
f 6212/2615/1124 6211/2618/1124 6209/2616/1123
f 6214/2617/1125 6213/2620/1125 6211/2618/1124
f 6216/2619/1126 6215/2622/1126 6213/2620/1125
f 6218/2621/1127 6217/2624/1127 6215/2622/1126
f 6220/2623/1128 6219/2626/1128 6217/2624/1127
f 6222/2625/1129 6221/2628/1129 6219/2626/1128
f 6224/2627/1130 6223/2630/1130 6221/2628/1129
f 6226/2629/1131 6225/2632/1131 6223/2630/1130
f 5984/2631/1004 5983/2127/1004 6225/2632/1131
f 6230/2633/1132 6229/2635/1132 6227/2124/1133
f 6232/2634/1134 6231/2637/1134 6229/2635/1132
f 6234/2636/1135 6233/2639/1135 6231/2637/1134
f 6236/2638/1136 6235/2641/1136 6233/2639/1135
f 6238/2640/1137 6237/2643/1137 6235/2641/1136
f 6240/2642/1138 6239/2645/1138 6237/2643/1137
f 6242/2644/1139 6241/2647/1139 6239/2645/1138
f 6244/2646/1140 6243/2649/1140 6241/2647/1139
f 6246/2648/1141 6245/2651/1141 6243/2649/1140
f 6248/2650/1142 6247/2653/1142 6245/2651/1141
f 6250/2652/1143 6249/2655/1143 6247/2653/1142
f 6252/2654/1144 6251/2657/1144 6249/2655/1143
f 6254/2656/1145 6253/2659/1145 6251/2657/1144
f 6256/2658/1146 6255/2661/1146 6253/2659/1145
f 6258/2660/1147 6257/2663/1147 6255/2661/1146
f 6260/2662/1148 6259/2665/1148 6257/2663/1147
f 6262/2664/1149 6261/2667/1149 6259/2665/1148
f 6264/2666/1150 6263/2669/1150 6261/2667/1149
f 6266/2668/1151 6265/2671/1151 6263/2669/1150
f 6268/2670/1152 6267/2673/1152 6265/2671/1151
f 6270/2672/1153 6269/2675/1153 6267/2673/1152
f 6272/2674/1154 6271/2677/1154 6269/2675/1153
f 6274/2676/1155 6273/2679/1155 6271/2677/1154
f 6276/2678/1156 6275/2681/1156 6273/2679/1155
f 6278/2680/1156 6277/2683/1156 6275/2681/1156
f 6280/2682/1157 6279/2685/1157 6277/2683/1156
f 6282/2684/1158 6281/2687/1158 6279/2685/1157
f 6284/2686/1159 6283/2688/1159 6281/2687/1158
f 6228/2631/1133 6227/2127/1133 6283/2688/1159
f 6288/2689/1160 6287/2691/1160 6285/2124/1161
f 6290/2690/1162 6289/2693/1162 6287/2691/1160
f 6292/2692/1163 6291/2695/1163 6289/2693/1162
f 6294/2694/1164 6293/2697/1164 6291/2695/1163
f 6296/2696/1165 6295/2699/1165 6293/2697/1164
f 6298/2698/1166 6297/2701/1166 6295/2699/1165
f 6300/2700/1167 6299/2703/1167 6297/2701/1166
f 6302/2702/1168 6301/2705/1168 6299/2703/1167
f 6304/2704/1169 6303/2707/1169 6301/2705/1168
f 6306/2706/1170 6305/2709/1170 6303/2707/1169
f 6308/2708/1171 6307/2711/1171 6305/2709/1170
f 6310/2710/1172 6309/2713/1172 6307/2711/1171
f 6312/2712/1173 6311/2715/1173 6309/2713/1172
f 6314/2714/1174 6313/2717/1174 6311/2715/1173
f 6316/2716/1175 6315/2719/1175 6313/2717/1174
f 6318/2718/1176 6317/2721/1176 6315/2719/1175
f 6320/2720/1177 6319/2723/1177 6317/2721/1176
f 6322/2722/1178 6321/2725/1178 6319/2723/1177
f 6324/2724/1179 6323/2727/1179 6321/2725/1178
f 6326/2726/1180 6325/2729/1180 6323/2727/1179
f 6328/2728/1181 6327/2731/1181 6325/2729/1180
f 6330/2730/1182 6329/2733/1182 6327/2731/1181
f 6332/2732/1183 6331/2735/1183 6329/2733/1182
f 6334/2734/1184 6333/2737/1184 6331/2735/1183
f 6336/2736/1156 6335/2739/1156 6333/2737/1184
f 6338/2738/1185 6337/2740/1185 6335/2739/1156
f 6286/2631/1161 6285/2127/1161 6337/2740/1185
f 6342/2741/1186 6341/2743/1186 6339/2124/1186
f 6344/2742/1187 6343/2745/1187 6341/2743/1186
f 6346/2744/1187 6345/2746/1189 6343/2745/1187
f 6348/2510/1188 6347/2233/1188 6345/2746/1189
f 6350/2747/1190 6349/2749/1190 6347/2233/1188
f 6352/2748/1191 6351/2751/1191 6349/2749/1190
f 6354/2750/1192 6353/2752/1193 6351/2751/1191
f 6340/2631/1186 6339/2127/1186 6353/2752/1193
f 6358/2704/1194 6357/2707/1194 6355/2124/1195
f 6360/2722/1196 6359/2725/1196 6357/2707/1194
f 6356/2631/1195 6355/2127/1195 6359/2725/1196
f 6364/2753/1197 6363/2755/1197 6361/2124/1198
f 6366/2754/1199 6365/2757/1199 6363/2755/1197
f 6368/2756/1200 6367/2759/1200 6365/2757/1199
f 6370/2758/1201 6369/2761/1203 6367/2759/1200
f 6372/2760/1202 6371/2763/1202 6369/2761/1203
f 6374/2762/1204 6373/2765/1204 6371/2763/1202
f 6376/2764/1205 6375/2767/1205 6373/2765/1204
f 6378/2766/1206 6377/2769/1206 6375/2767/1205
f 6380/2768/1207 6379/2771/1207 6377/2769/1206
f 6382/2770/1208 6381/2773/1208 6379/2771/1207
f 6384/2772/1209 6383/2775/1209 6381/2773/1208
f 6386/2774/1210 6385/2777/1210 6383/2775/1209
f 6388/2776/1211 6387/2779/1211 6385/2777/1210
f 6390/2778/1212 6389/2781/1212 6387/2779/1211
f 6392/2780/1213 6391/2783/1213 6389/2781/1212
f 6394/2782/1214 6393/2785/1214 6391/2783/1213
f 6396/2784/1215 6395/2787/1215 6393/2785/1214
f 6398/2786/1216 6397/2789/1216 6395/2787/1215
f 6400/2788/1217 6399/2791/1217 6397/2789/1216
f 6402/2790/1218 6401/2793/1218 6399/2791/1217
f 6404/2792/1219 6403/2795/1219 6401/2793/1218
f 6406/2794/1220 6405/2797/1220 6403/2795/1219
f 6408/2796/1221 6407/2799/1221 6405/2797/1220
f 6410/2798/1222 6409/2801/1222 6407/2799/1221
f 6412/2800/1223 6411/2803/1223 6409/2801/1222
f 6414/2802/1224 6413/2805/1224 6411/2803/1223
f 6416/2804/1225 6415/2807/1225 6413/2805/1224
f 6418/2806/1226 6417/2809/1226 6415/2807/1225
f 6420/2808/1227 6419/2811/1227 6417/2809/1226
f 6422/2810/1228 6421/2813/1228 6419/2811/1227
f 6424/2812/1229 6423/2815/1229 6421/2813/1228
f 6426/2814/1230 6425/2817/1230 6423/2815/1229
f 6428/2816/1231 6427/2819/1233 6425/2817/1230
f 6430/2818/1232 6429/2821/1232 6427/2819/1233
f 6432/2820/1234 6431/2823/1234 6429/2821/1232
f 6434/2822/1235 6433/2825/1235 6431/2823/1234
f 6436/2824/1236 6435/2827/1236 6433/2825/1235
f 6438/2826/1237 6437/2829/1237 6435/2827/1236
f 6440/2828/1238 6439/2831/1238 6437/2829/1237
f 6442/2830/1239 6441/2833/1239 6439/2831/1238
f 6444/2832/1240 6443/2835/1240 6441/2833/1239
f 6446/2834/1241 6445/2837/1241 6443/2835/1240
f 6448/2836/1242 6447/2839/1242 6445/2837/1241
f 6450/2838/1243 6449/2841/1243 6447/2839/1242
f 6452/2840/1244 6451/2843/1244 6449/2841/1243
f 6454/2842/1245 6453/2845/1245 6451/2843/1244
f 6456/2844/1246 6455/2847/1248 6453/2845/1245
f 6458/2846/1247 6457/2848/1247 6455/2847/1248
f 6460/2510/1249 6459/2233/1249 6457/2848/1247
f 6462/2849/1250 6461/2851/1250 6459/2233/1249
f 6464/2850/1251 6463/2853/1251 6461/2851/1250
f 6466/2852/1252 6465/2855/1252 6463/2853/1251
f 6468/2854/1253 6467/2857/1253 6465/2855/1252
f 6470/2856/1254 6469/2859/1254 6467/2857/1253
f 6472/2858/1255 6471/2861/1255 6469/2859/1254
f 6474/2860/1256 6473/2863/1256 6471/2861/1255
f 6476/2862/1257 6475/2865/1257 6473/2863/1256
f 6478/2864/1258 6477/2867/1258 6475/2865/1257
f 6480/2866/1259 6479/2869/1259 6477/2867/1258
f 6482/2868/1260 6481/2871/1260 6479/2869/1259
f 6484/2870/1261 6483/2873/1261 6481/2871/1260
f 6486/2872/1262 6485/2875/1262 6483/2873/1261
f 6488/2874/1263 6487/2877/1263 6485/2875/1262
f 6490/2876/1264 6489/2879/1264 6487/2877/1263
f 6492/2878/1265 6491/2881/1265 6489/2879/1264
f 6494/2880/1266 6493/2883/1266 6491/2881/1265
f 6496/2882/1267 6495/2885/1267 6493/2883/1266
f 6498/2884/1268 6497/2887/1268 6495/2885/1267
f 6500/2886/1269 6499/2889/1269 6497/2887/1268
f 6502/2888/1270 6501/2891/1270 6499/2889/1269
f 6504/2890/1271 6503/2893/1271 6501/2891/1270
f 6506/2892/1272 6505/2895/1272 6503/2893/1271
f 6508/2894/1273 6507/2897/1273 6505/2895/1272
f 6510/2896/1274 6509/2899/1274 6507/2897/1273
f 6512/2898/1275 6511/2901/1275 6509/2899/1274
f 6514/2900/1276 6513/2903/1276 6511/2901/1275
f 6516/2902/1277 6515/2905/1277 6513/2903/1276
f 6518/2904/1278 6517/2907/1278 6515/2905/1277
f 6520/2906/1279 6519/2909/1279 6517/2907/1278
f 6522/2908/1280 6521/2911/1280 6519/2909/1279
f 6524/2910/1281 6523/2913/1281 6521/2911/1280
f 6526/2912/1282 6525/2915/1282 6523/2913/1281
f 6528/2914/1283 6527/2917/1283 6525/2915/1282
f 6530/2916/1284 6529/2919/1284 6527/2917/1283
f 6532/2918/1285 6531/2921/1285 6529/2919/1284
f 6534/2920/1286 6533/2923/1286 6531/2921/1285
f 6536/2922/1287 6535/2925/1287 6533/2923/1286
f 6538/2924/1288 6537/2927/1288 6535/2925/1287
f 6540/2926/1289 6539/2929/1289 6537/2927/1288
f 6542/2928/1290 6541/2931/1290 6539/2929/1289
f 6544/2930/1291 6543/2933/1291 6541/2931/1290
f 6546/2932/1292 6545/2935/1294 6543/2933/1291
f 6548/2934/1293 6547/2937/1293 6545/2935/1294
f 6550/2936/1295 6549/2939/1295 6547/2937/1293
f 6552/2938/1296 6551/2941/1296 6549/2939/1295
f 6554/2940/1297 6553/2943/1297 6551/2941/1296
f 6556/2942/1298 6555/2944/1298 6553/2943/1297
f 6362/2631/1198 6361/2127/1198 6555/2944/1298
f 6560/2945/1185 6559/2947/1185 6557/2124/1156
f 6562/2946/1185 6561/2948/1185 6559/2947/1185
f 6564/2742/1156 6563/2745/1156 6561/2948/1185
f 6566/2704/1156 6565/2707/1156 6563/2745/1156
f 6568/2949/1185 6567/2950/1185 6565/2707/1156
f 6570/2510/1185 6569/2233/1185 6567/2950/1185
f 6572/2951/1156 6571/2952/1156 6569/2233/1185
f 6574/2722/1157 6573/2725/1157 6571/2952/1156
f 6576/2748/1158 6575/2751/1158 6573/2725/1157
f 6578/2953/1185 6577/2955/1185 6575/2751/1158
f 6580/2954/1156 6579/2956/1156 6577/2955/1185
f 6558/2631/1156 6557/2127/1156 6579/2956/1156
