# Blender 4.1.1
# www.blender.org
mtllib ExplanationScene.mtl
o SPACE
v 12.572042 -11.428396 -0.400000
v 12.572042 -12.252397 -0.400000
v 11.456042 -12.252397 -0.400000
v 11.456042 -12.604397 -0.400000
v 12.572042 -12.604397 -0.400000
v 12.572042 -13.452396 -0.400000
v 11.380042 -13.452396 -0.400000
v 11.380042 -13.804397 -0.400000
v 12.964043 -13.804397 -0.400000
v 12.964043 -11.076397 -0.400000
v 11.416042 -11.076397 -0.400000
v 11.416042 -11.428396 -0.400000
v 13.555086 -11.637635 -0.400000
v 13.636395 -11.595304 -0.400000
v 13.716229 -11.557334 -0.400000
v 13.794857 -11.523656 -0.400000
v 13.872540 -11.494200 -0.400000
v 13.949542 -11.468897 -0.400000
v 14.026128 -11.447677 -0.400000
v 14.102561 -11.430470 -0.400000
v 14.179105 -11.417210 -0.400000
v 14.256024 -11.407823 -0.400000
v 14.333582 -11.402242 -0.400000
v 14.412043 -11.400396 -0.400000
v 14.564533 -11.409480 -0.400000
v 14.709302 -11.436064 -0.400000
v 14.845293 -11.479147 -0.400000
v 14.971450 -11.537730 -0.400000
v 15.086719 -11.610813 -0.400000
v 15.190042 -11.697397 -0.400000
v 15.280367 -11.796480 -0.400000
v 15.356635 -11.907063 -0.400000
v 15.417792 -12.028147 -0.400000
v 15.462784 -12.158731 -0.400000
v 15.490552 -12.297813 -0.400000
v 15.500043 -12.444397 -0.400000
v 15.490849 -12.593344 -0.400000
v 15.463820 -12.733638 -0.400000
v 15.419792 -12.864459 -0.400000
v 15.359598 -12.984989 -0.400000
v 15.284070 -13.094408 -0.400000
v 15.194042 -13.191896 -0.400000
v 15.090348 -13.276635 -0.400000
v 14.973821 -13.347804 -0.400000
v 14.845293 -13.404585 -0.400000
v 14.705598 -13.446157 -0.400000
v 14.555571 -13.471700 -0.400000
v 14.396043 -13.480397 -0.400000
v 14.318492 -13.478156 -0.400000
v 14.239968 -13.471471 -0.400000
v 14.160667 -13.460397 -0.400000
v 14.080784 -13.444989 -0.400000
v 14.000510 -13.425304 -0.400000
v 13.920042 -13.401397 -0.400000
v 13.839575 -13.373322 -0.400000
v 13.759302 -13.341138 -0.400000
v 13.679418 -13.304897 -0.400000
v 13.600117 -13.264656 -0.400000
v 13.521593 -13.220470 -0.400000
v 13.444042 -13.172397 -0.400000
v 13.444042 -13.600397 -0.400000
v 13.511607 -13.634529 -0.400000
v 13.580561 -13.666786 -0.400000
v 13.651293 -13.696959 -0.400000
v 13.724191 -13.724841 -0.400000
v 13.799644 -13.750223 -0.400000
v 13.878042 -13.772897 -0.400000
v 13.959774 -13.792654 -0.400000
v 14.045228 -13.809286 -0.400000
v 14.134792 -13.822584 -0.400000
v 14.228857 -13.832341 -0.400000
v 14.327811 -13.838348 -0.400000
v 14.432043 -13.840397 -0.400000
v 14.676117 -13.824562 -0.400000
v 14.896635 -13.779379 -0.400000
v 15.094043 -13.708335 -0.400000
v 15.268784 -13.614916 -0.400000
v 15.421302 -13.502607 -0.400000
v 15.552042 -13.374897 -0.400000
v 15.661449 -13.235270 -0.400000
v 15.749969 -13.087212 -0.400000
v 15.818043 -12.934210 -0.400000
v 15.866117 -12.779749 -0.400000
v 15.894635 -12.627316 -0.400000
v 15.904042 -12.480396 -0.400000
v 15.891184 -12.277286 -0.400000
v 15.853506 -12.084842 -0.400000
v 15.792356 -11.904397 -0.400000
v 15.709080 -11.737286 -0.400000
v 15.605026 -11.584841 -0.400000
v 15.481543 -11.448397 -0.400000
v 15.339975 -11.329286 -0.400000
v 15.181672 -11.228841 -0.400000
v 15.007980 -11.148396 -0.400000
v 14.820246 -11.089286 -0.400000
v 14.619818 -11.052841 -0.400000
v 14.408043 -11.040397 -0.400000
v 14.337911 -11.041825 -0.400000
v 14.267321 -11.046156 -0.400000
v 14.195980 -11.053459 -0.400000
v 14.123598 -11.063804 -0.400000
v 14.049883 -11.077260 -0.400000
v 13.974543 -11.093897 -0.400000
v 13.897285 -11.113783 -0.400000
v 13.817821 -11.136990 -0.400000
v 13.735855 -11.163584 -0.400000
v 13.651098 -11.193638 -0.400000
v 13.563258 -11.227219 -0.400000
v 13.472042 -11.264397 -0.400000
v 13.472042 -11.684397 -0.400000
v 16.496042 -13.804397 -0.400000
v 16.860043 -13.000397 -0.400000
v 18.020042 -13.000397 -0.400000
v 18.364042 -13.804397 -0.400000
v 18.764042 -13.804397 -0.400000
v 17.592043 -11.060396 -0.400000
v 17.316042 -11.060396 -0.400000
v 16.096043 -13.804397 -0.400000
v 17.020042 -12.648396 -0.400000
v 17.460043 -11.660397 -0.400000
v 17.868042 -12.648396 -0.400000
v 19.529762 -11.083572 -0.400000
v 19.400803 -11.104471 -0.400000
v 19.284981 -11.138146 -0.400000
v 19.182117 -11.183656 -0.400000
v 19.092031 -11.240054 -0.400000
v 19.014542 -11.306396 -0.400000
v 18.949471 -11.381740 -0.400000
v 18.896635 -11.465137 -0.400000
v 18.855856 -11.555647 -0.400000
v 18.826950 -11.652323 -0.400000
v 18.809740 -11.754221 -0.400000
v 18.804043 -11.860396 -0.400000
v 18.810076 -11.965339 -0.400000
v 18.828302 -12.065600 -0.400000
v 18.858917 -12.160335 -0.400000
v 18.902117 -12.248693 -0.400000
v 18.958094 -12.329829 -0.400000
v 19.027042 -12.402897 -0.400000
v 19.109158 -12.467048 -0.400000
v 19.204636 -12.521434 -0.400000
v 19.313667 -12.565209 -0.400000
v 19.436451 -12.597527 -0.400000
v 19.573177 -12.617538 -0.400000
v 19.724043 -12.624397 -0.400000
v 20.132042 -12.624397 -0.400000
v 20.132042 -13.804397 -0.400000
v 20.524042 -13.804397 -0.400000
v 20.524042 -11.076397 -0.400000
v 19.672043 -11.076397 -0.400000
v 19.688042 -12.272397 -0.400000
v 19.617258 -12.269170 -0.400000
v 19.551098 -12.259582 -0.400000
v 19.489855 -12.243772 -0.400000
v 19.433821 -12.221878 -0.400000
v 19.383286 -12.194040 -0.400000
v 19.338543 -12.160397 -0.400000
v 19.299883 -12.121086 -0.400000
v 19.267599 -12.076248 -0.400000
v 19.241980 -12.026022 -0.400000
v 19.223320 -11.970545 -0.400000
v 19.211910 -11.909957 -0.400000
v 19.208042 -11.844397 -0.400000
v 19.210373 -11.794198 -0.400000
v 19.217691 -11.744138 -0.400000
v 19.230480 -11.695022 -0.400000
v 19.249228 -11.647656 -0.400000
v 19.274420 -11.602846 -0.400000
v 19.306543 -11.561397 -0.400000
v 19.346083 -11.524115 -0.400000
v 19.393524 -11.491804 -0.400000
v 19.449356 -11.465272 -0.400000
v 19.514061 -11.445323 -0.400000
v 19.588129 -11.432762 -0.400000
v 19.672043 -11.428396 -0.400000
v 20.132042 -11.428396 -0.400000
v 20.132042 -12.272397 -0.400000
v 21.097858 -11.624594 -0.400000
v 21.155228 -11.578971 -0.400000
v 21.212044 -11.539209 -0.400000
v 21.268192 -11.504990 -0.400000
v 21.323563 -11.475992 -0.400000
v 21.378044 -11.451897 -0.400000
v 21.431524 -11.432385 -0.400000
v 21.483894 -11.417137 -0.400000
v 21.535044 -11.405834 -0.400000
v 21.584858 -11.398156 -0.400000
v 21.633228 -11.393784 -0.400000
v 21.680042 -11.392397 -0.400000
v 21.741482 -11.395105 -0.400000
v 21.799543 -11.403064 -0.400000
v 21.853855 -11.416021 -0.400000
v 21.904043 -11.433730 -0.400000
v 21.949730 -11.455938 -0.400000
v 21.990543 -11.482397 -0.400000
v 22.026106 -11.512856 -0.400000
v 22.056044 -11.547064 -0.400000
v 22.079981 -11.584772 -0.400000
v 22.097544 -11.625731 -0.400000
v 22.108356 -11.669688 -0.400000
v 22.112043 -11.716396 -0.400000
v 22.088827 -11.837129 -0.400000
v 22.024637 -11.940582 -0.400000
v 21.927670 -12.031647 -0.400000
v 21.806118 -12.115211 -0.400000
v 21.668179 -12.196165 -0.400000
v 21.522043 -12.279397 -0.400000
v 21.375910 -12.369795 -0.400000
v 21.237968 -12.472249 -0.400000
v 21.116419 -12.591647 -0.400000
v 21.019451 -12.732879 -0.400000
v 20.955261 -12.900832 -0.400000
v 20.932043 -13.100397 -0.400000
v 20.938673 -13.204866 -0.400000
v 20.958080 -13.303823 -0.400000
v 20.989544 -13.396585 -0.400000
v 21.032339 -13.482471 -0.400000
v 21.085747 -13.560802 -0.400000
v 21.149044 -13.630897 -0.400000
v 21.221506 -13.692075 -0.400000
v 21.302414 -13.743656 -0.400000
v 21.391043 -13.784960 -0.400000
v 21.486673 -13.815305 -0.400000
v 21.588581 -13.834010 -0.400000
v 21.696043 -13.840397 -0.400000
v 21.768902 -13.838723 -0.400000
v 21.839581 -13.833674 -0.400000
v 21.908230 -13.825209 -0.400000
v 21.975006 -13.813286 -0.400000
v 22.040060 -13.797862 -0.400000
v 22.103542 -13.778896 -0.400000
v 22.165611 -13.756348 -0.400000
v 22.226414 -13.730175 -0.400000
v 22.286106 -13.700335 -0.400000
v 22.344839 -13.666786 -0.400000
v 22.402767 -13.629487 -0.400000
v 22.460043 -13.588397 -0.400000
v 22.460043 -13.092397 -0.400000
v 22.408981 -13.153966 -0.400000
v 22.355877 -13.210619 -0.400000
v 22.300856 -13.262272 -0.400000
v 22.244043 -13.308842 -0.400000
v 22.185564 -13.350245 -0.400000
v 22.125544 -13.386396 -0.400000
v 22.064106 -13.417216 -0.400000
v 22.001377 -13.442619 -0.400000
v 21.937481 -13.462522 -0.400000
v 21.872543 -13.476841 -0.400000
v 21.806690 -13.485494 -0.400000
v 21.740044 -13.488397 -0.400000
v 21.667446 -13.484531 -0.400000
v 21.601599 -13.473471 -0.400000
v 21.542418 -13.456022 -0.400000
v 21.489820 -13.432989 -0.400000
v 21.443724 -13.405179 -0.400000
v 21.404043 -13.373397 -0.400000
v 21.370697 -13.338448 -0.400000
v 21.343599 -13.301138 -0.400000
v 21.322668 -13.262272 -0.400000
v 21.307821 -13.222656 -0.400000
v 21.298973 -13.183096 -0.400000
v 21.296043 -13.144397 -0.400000
v 21.319260 -13.013128 -0.400000
v 21.383450 -12.898582 -0.400000
v 21.480417 -12.796647 -0.400000
v 21.601969 -12.703212 -0.400000
v 21.739908 -12.614165 -0.400000
v 21.886044 -12.525397 -0.400000
v 22.032177 -12.432795 -0.400000
v 22.170116 -12.332249 -0.400000
v 22.291668 -12.219646 -0.400000
v 22.388636 -12.090878 -0.400000
v 22.452826 -11.941832 -0.400000
v 22.476044 -11.768396 -0.400000
v 22.469299 -11.660802 -0.400000
v 22.449432 -11.560305 -0.400000
v 22.416981 -11.467335 -0.400000
v 22.372488 -11.382322 -0.400000
v 22.316494 -11.305700 -0.400000
v 22.249542 -11.237897 -0.400000
v 22.172174 -11.179343 -0.400000
v 22.084932 -11.130471 -0.400000
v 21.988356 -11.091709 -0.400000
v 21.882988 -11.063489 -0.400000
v 21.769369 -11.046242 -0.400000
v 21.648043 -11.040397 -0.400000
v 21.596052 -11.041730 -0.400000
v 21.544117 -11.045730 -0.400000
v 21.492292 -11.052397 -0.400000
v 21.440636 -11.061730 -0.400000
v 21.389200 -11.073730 -0.400000
v 21.338043 -11.088397 -0.400000
v 21.287220 -11.105730 -0.400000
v 21.236784 -11.125731 -0.400000
v 21.186794 -11.148396 -0.400000
v 21.137302 -11.173730 -0.400000
v 21.088367 -11.201730 -0.400000
v 21.040043 -11.232397 -0.400000
v 21.040043 -11.676397 -0.400000
v 12.572042 -11.428396 0.400000
v 12.572042 -12.252397 0.400000
v 11.456042 -12.252397 0.400000
v 11.456042 -12.604397 0.400000
v 12.572042 -12.604397 0.400000
v 12.572042 -13.452396 0.400000
v 11.380042 -13.452396 0.400000
v 11.380042 -13.804397 0.400000
v 12.964043 -13.804397 0.400000
v 12.964043 -11.076397 0.400000
v 11.416042 -11.076397 0.400000
v 11.416042 -11.428396 0.400000
v 13.555086 -11.637635 0.400000
v 13.636395 -11.595304 0.400000
v 13.716229 -11.557334 0.400000
v 13.794857 -11.523656 0.400000
v 13.872540 -11.494200 0.400000
v 13.949542 -11.468897 0.400000
v 14.026128 -11.447677 0.400000
v 14.102561 -11.430470 0.400000
v 14.179105 -11.417210 0.400000
v 14.256024 -11.407823 0.400000
v 14.333582 -11.402242 0.400000
v 14.412043 -11.400396 0.400000
v 14.564533 -11.409480 0.400000
v 14.709302 -11.436064 0.400000
v 14.845293 -11.479147 0.400000
v 14.971450 -11.537730 0.400000
v 15.086719 -11.610813 0.400000
v 15.190042 -11.697397 0.400000
v 15.280367 -11.796480 0.400000
v 15.356635 -11.907063 0.400000
v 15.417792 -12.028147 0.400000
v 15.462784 -12.158731 0.400000
v 15.490552 -12.297813 0.400000
v 15.500043 -12.444397 0.400000
v 15.490849 -12.593344 0.400000
v 15.463820 -12.733638 0.400000
v 15.419792 -12.864459 0.400000
v 15.359598 -12.984989 0.400000
v 15.284070 -13.094408 0.400000
v 15.194042 -13.191896 0.400000
v 15.090348 -13.276635 0.400000
v 14.973821 -13.347804 0.400000
v 14.845293 -13.404585 0.400000
v 14.705598 -13.446157 0.400000
v 14.555571 -13.471700 0.400000
v 14.396043 -13.480397 0.400000
v 14.318492 -13.478156 0.400000
v 14.239968 -13.471471 0.400000
v 14.160667 -13.460397 0.400000
v 14.080784 -13.444989 0.400000
v 14.000510 -13.425304 0.400000
v 13.920042 -13.401397 0.400000
v 13.839575 -13.373322 0.400000
v 13.759302 -13.341138 0.400000
v 13.679418 -13.304897 0.400000
v 13.600117 -13.264656 0.400000
v 13.521593 -13.220470 0.400000
v 13.444042 -13.172397 0.400000
v 13.444042 -13.600397 0.400000
v 13.511607 -13.634529 0.400000
v 13.580561 -13.666786 0.400000
v 13.651293 -13.696959 0.400000
v 13.724191 -13.724841 0.400000
v 13.799644 -13.750223 0.400000
v 13.878042 -13.772897 0.400000
v 13.959774 -13.792654 0.400000
v 14.045228 -13.809286 0.400000
v 14.134792 -13.822584 0.400000
v 14.228857 -13.832341 0.400000
v 14.327811 -13.838348 0.400000
v 14.432043 -13.840397 0.400000
v 14.676117 -13.824562 0.400000
v 14.896635 -13.779379 0.400000
v 15.094043 -13.708335 0.400000
v 15.268784 -13.614916 0.400000
v 15.421302 -13.502607 0.400000
v 15.552042 -13.374897 0.400000
v 15.661449 -13.235270 0.400000
v 15.749969 -13.087212 0.400000
v 15.818043 -12.934210 0.400000
v 15.866117 -12.779749 0.400000
v 15.894635 -12.627316 0.400000
v 15.904042 -12.480396 0.400000
v 15.891184 -12.277286 0.400000
v 15.853506 -12.084842 0.400000
v 15.792356 -11.904397 0.400000
v 15.709080 -11.737286 0.400000
v 15.605026 -11.584841 0.400000
v 15.481543 -11.448397 0.400000
v 15.339975 -11.329286 0.400000
v 15.181672 -11.228841 0.400000
v 15.007980 -11.148396 0.400000
v 14.820246 -11.089286 0.400000
v 14.619818 -11.052841 0.400000
v 14.408043 -11.040397 0.400000
v 14.337911 -11.041825 0.400000
v 14.267321 -11.046156 0.400000
v 14.195980 -11.053459 0.400000
v 14.123598 -11.063804 0.400000
v 14.049883 -11.077260 0.400000
v 13.974543 -11.093897 0.400000
v 13.897285 -11.113783 0.400000
v 13.817821 -11.136990 0.400000
v 13.735855 -11.163584 0.400000
v 13.651098 -11.193638 0.400000
v 13.563258 -11.227219 0.400000
v 13.472042 -11.264397 0.400000
v 13.472042 -11.684397 0.400000
v 16.496042 -13.804397 0.400000
v 16.860043 -13.000397 0.400000
v 18.020042 -13.000397 0.400000
v 18.364042 -13.804397 0.400000
v 18.764042 -13.804397 0.400000
v 17.592043 -11.060396 0.400000
v 17.316042 -11.060396 0.400000
v 16.096043 -13.804397 0.400000
v 17.020042 -12.648396 0.400000
v 17.460043 -11.660397 0.400000
v 17.868042 -12.648396 0.400000
v 19.529762 -11.083572 0.400000
v 19.400803 -11.104471 0.400000
v 19.284981 -11.138146 0.400000
v 19.182117 -11.183656 0.400000
v 19.092031 -11.240054 0.400000
v 19.014542 -11.306396 0.400000
v 18.949471 -11.381740 0.400000
v 18.896635 -11.465137 0.400000
v 18.855856 -11.555647 0.400000
v 18.826950 -11.652323 0.400000
v 18.809740 -11.754221 0.400000
v 18.804043 -11.860396 0.400000
v 18.810076 -11.965339 0.400000
v 18.828302 -12.065600 0.400000
v 18.858917 -12.160335 0.400000
v 18.902117 -12.248693 0.400000
v 18.958094 -12.329829 0.400000
v 19.027042 -12.402897 0.400000
v 19.109158 -12.467048 0.400000
v 19.204636 -12.521434 0.400000
v 19.313667 -12.565209 0.400000
v 19.436451 -12.597527 0.400000
v 19.573177 -12.617538 0.400000
v 19.724043 -12.624397 0.400000
v 20.132042 -12.624397 0.400000
v 20.132042 -13.804397 0.400000
v 20.524042 -13.804397 0.400000
v 20.524042 -11.076397 0.400000
v 19.672043 -11.076397 0.400000
v 19.688042 -12.272397 0.400000
v 19.617258 -12.269170 0.400000
v 19.551098 -12.259582 0.400000
v 19.489855 -12.243772 0.400000
v 19.433821 -12.221878 0.400000
v 19.383286 -12.194040 0.400000
v 19.338543 -12.160397 0.400000
v 19.299883 -12.121086 0.400000
v 19.267599 -12.076248 0.400000
v 19.241980 -12.026022 0.400000
v 19.223320 -11.970545 0.400000
v 19.211910 -11.909957 0.400000
v 19.208042 -11.844397 0.400000
v 19.210373 -11.794198 0.400000
v 19.217691 -11.744138 0.400000
v 19.230480 -11.695022 0.400000
v 19.249228 -11.647656 0.400000
v 19.274420 -11.602846 0.400000
v 19.306543 -11.561397 0.400000
v 19.346083 -11.524115 0.400000
v 19.393524 -11.491804 0.400000
v 19.449356 -11.465272 0.400000
v 19.514061 -11.445323 0.400000
v 19.588129 -11.432762 0.400000
v 19.672043 -11.428396 0.400000
v 20.132042 -11.428396 0.400000
v 20.132042 -12.272397 0.400000
v 21.097858 -11.624594 0.400000
v 21.155228 -11.578971 0.400000
v 21.212044 -11.539209 0.400000
v 21.268192 -11.504990 0.400000
v 21.323563 -11.475992 0.400000
v 21.378044 -11.451897 0.400000
v 21.431524 -11.432385 0.400000
v 21.483894 -11.417137 0.400000
v 21.535044 -11.405834 0.400000
v 21.584858 -11.398156 0.400000
v 21.633228 -11.393784 0.400000
v 21.680042 -11.392397 0.400000
v 21.741482 -11.395105 0.400000
v 21.799543 -11.403064 0.400000
v 21.853855 -11.416021 0.400000
v 21.904043 -11.433730 0.400000
v 21.949730 -11.455938 0.400000
v 21.990543 -11.482397 0.400000
v 22.026106 -11.512856 0.400000
v 22.056044 -11.547064 0.400000
v 22.079981 -11.584772 0.400000
v 22.097544 -11.625731 0.400000
v 22.108356 -11.669688 0.400000
v 22.112043 -11.716396 0.400000
v 22.088827 -11.837129 0.400000
v 22.024637 -11.940582 0.400000
v 21.927670 -12.031647 0.400000
v 21.806118 -12.115211 0.400000
v 21.668179 -12.196165 0.400000
v 21.522043 -12.279397 0.400000
v 21.375910 -12.369795 0.400000
v 21.237968 -12.472249 0.400000
v 21.116419 -12.591647 0.400000
v 21.019451 -12.732879 0.400000
v 20.955261 -12.900832 0.400000
v 20.932043 -13.100397 0.400000
v 20.938673 -13.204866 0.400000
v 20.958080 -13.303823 0.400000
v 20.989544 -13.396585 0.400000
v 21.032339 -13.482471 0.400000
v 21.085747 -13.560802 0.400000
v 21.149044 -13.630897 0.400000
v 21.221506 -13.692075 0.400000
v 21.302414 -13.743656 0.400000
v 21.391043 -13.784960 0.400000
v 21.486673 -13.815305 0.400000
v 21.588581 -13.834010 0.400000
v 21.696043 -13.840397 0.400000
v 21.768902 -13.838723 0.400000
v 21.839581 -13.833674 0.400000
v 21.908230 -13.825209 0.400000
v 21.975006 -13.813286 0.400000
v 22.040060 -13.797862 0.400000
v 22.103542 -13.778896 0.400000
v 22.165611 -13.756348 0.400000
v 22.226414 -13.730175 0.400000
v 22.286106 -13.700335 0.400000
v 22.344839 -13.666786 0.400000
v 22.402767 -13.629487 0.400000
v 22.460043 -13.588397 0.400000
v 22.460043 -13.092397 0.400000
v 22.408981 -13.153966 0.400000
v 22.355877 -13.210619 0.400000
v 22.300856 -13.262272 0.400000
v 22.244043 -13.308842 0.400000
v 22.185564 -13.350245 0.400000
v 22.125544 -13.386396 0.400000
v 22.064106 -13.417216 0.400000
v 22.001377 -13.442619 0.400000
v 21.937481 -13.462522 0.400000
v 21.872543 -13.476841 0.400000
v 21.806690 -13.485494 0.400000
v 21.740044 -13.488397 0.400000
v 21.667446 -13.484531 0.400000
v 21.601599 -13.473471 0.400000
v 21.542418 -13.456022 0.400000
v 21.489820 -13.432989 0.400000
v 21.443724 -13.405179 0.400000
v 21.404043 -13.373397 0.400000
v 21.370697 -13.338448 0.400000
v 21.343599 -13.301138 0.400000
v 21.322668 -13.262272 0.400000
v 21.307821 -13.222656 0.400000
v 21.298973 -13.183096 0.400000
v 21.296043 -13.144397 0.400000
v 21.319260 -13.013128 0.400000
v 21.383450 -12.898582 0.400000
v 21.480417 -12.796647 0.400000
v 21.601969 -12.703212 0.400000
v 21.739908 -12.614165 0.400000
v 21.886044 -12.525397 0.400000
v 22.032177 -12.432795 0.400000
v 22.170116 -12.332249 0.400000
v 22.291668 -12.219646 0.400000
v 22.388636 -12.090878 0.400000
v 22.452826 -11.941832 0.400000
v 22.476044 -11.768396 0.400000
v 22.469299 -11.660802 0.400000
v 22.449432 -11.560305 0.400000
v 22.416981 -11.467335 0.400000
v 22.372488 -11.382322 0.400000
v 22.316494 -11.305700 0.400000
v 22.249542 -11.237897 0.400000
v 22.172174 -11.179343 0.400000
v 22.084932 -11.130471 0.400000
v 21.988356 -11.091709 0.400000
v 21.882988 -11.063489 0.400000
v 21.769369 -11.046242 0.400000
v 21.648043 -11.040397 0.400000
v 21.596052 -11.041730 0.400000
v 21.544117 -11.045730 0.400000
v 21.492292 -11.052397 0.400000
v 21.440636 -11.061730 0.400000
v 21.389200 -11.073730 0.400000
v 21.338043 -11.088397 0.400000
v 21.287220 -11.105730 0.400000
v 21.236784 -11.125731 0.400000
v 21.186794 -11.148396 0.400000
v 21.137302 -11.173730 0.400000
v 21.088367 -11.201730 0.400000
v 21.040043 -11.232397 0.400000
v 21.040043 -11.676397 0.400000
v 21.097858 -11.624594 0.400000
v 21.097858 -11.624594 -0.400000
v 21.155228 -11.578971 0.400000
v 21.155228 -11.578971 -0.400000
v 21.212044 -11.539209 0.400000
v 21.212044 -11.539209 -0.400000
v 21.268192 -11.504990 0.400000
v 21.268192 -11.504990 -0.400000
v 21.323563 -11.475992 0.400000
v 21.323563 -11.475992 -0.400000
v 21.378044 -11.451897 0.400000
v 21.378044 -11.451897 -0.400000
v 21.431524 -11.432385 0.400000
v 21.431524 -11.432385 -0.400000
v 21.483894 -11.417137 0.400000
v 21.483894 -11.417137 -0.400000
v 21.535044 -11.405834 0.400000
v 21.535044 -11.405834 -0.400000
v 21.584858 -11.398156 0.400000
v 21.584858 -11.398156 -0.400000
v 21.633228 -11.393784 0.400000
v 21.633228 -11.393784 -0.400000
v 21.680042 -11.392397 0.400000
v 21.680042 -11.392397 -0.400000
v 21.741482 -11.395105 0.400000
v 21.741482 -11.395105 -0.400000
v 21.799543 -11.403064 0.400000
v 21.799543 -11.403064 -0.400000
v 21.853855 -11.416021 0.400000
v 21.853855 -11.416021 -0.400000
v 21.904043 -11.433730 0.400000
v 21.904043 -11.433730 -0.400000
v 21.949730 -11.455938 0.400000
v 21.949730 -11.455938 -0.400000
v 21.990543 -11.482397 0.400000
v 21.990543 -11.482397 -0.400000
v 22.026106 -11.512856 0.400000
v 22.026106 -11.512856 -0.400000
v 22.056044 -11.547064 0.400000
v 22.056044 -11.547064 -0.400000
v 22.079981 -11.584772 0.400000
v 22.079981 -11.584772 -0.400000
v 22.097544 -11.625731 0.400000
v 22.097544 -11.625731 -0.400000
v 22.108356 -11.669688 0.400000
v 22.108356 -11.669688 -0.400000
v 22.112043 -11.716396 0.400000
v 22.112043 -11.716396 -0.400000
v 22.088827 -11.837129 0.400000
v 22.088827 -11.837129 -0.400000
v 22.024637 -11.940582 0.400000
v 22.024637 -11.940582 -0.400000
v 21.927670 -12.031647 0.400000
v 21.927670 -12.031647 -0.400000
v 21.806118 -12.115211 0.400000
v 21.806118 -12.115211 -0.400000
v 21.668179 -12.196165 0.400000
v 21.668179 -12.196165 -0.400000
v 21.522043 -12.279397 0.400000
v 21.522043 -12.279397 -0.400000
v 21.375910 -12.369795 0.400000
v 21.375910 -12.369795 -0.400000
v 21.237968 -12.472249 0.400000
v 21.237968 -12.472249 -0.400000
v 21.116419 -12.591647 0.400000
v 21.116419 -12.591647 -0.400000
v 21.019451 -12.732879 0.400000
v 21.019451 -12.732879 -0.400000
v 20.955261 -12.900832 0.400000
v 20.955261 -12.900832 -0.400000
v 20.932043 -13.100397 0.400000
v 20.932043 -13.100397 -0.400000
v 20.938673 -13.204866 0.400000
v 20.938673 -13.204866 -0.400000
v 20.958080 -13.303823 0.400000
v 20.958080 -13.303823 -0.400000
v 20.989544 -13.396585 0.400000
v 20.989544 -13.396585 -0.400000
v 21.032339 -13.482471 0.400000
v 21.032339 -13.482471 -0.400000
v 21.085747 -13.560802 0.400000
v 21.085747 -13.560802 -0.400000
v 21.149044 -13.630897 0.400000
v 21.149044 -13.630897 -0.400000
v 21.221506 -13.692075 0.400000
v 21.221506 -13.692075 -0.400000
v 21.302414 -13.743656 0.400000
v 21.302414 -13.743656 -0.400000
v 21.391043 -13.784960 0.400000
v 21.391043 -13.784960 -0.400000
v 21.486673 -13.815305 0.400000
v 21.486673 -13.815305 -0.400000
v 21.588581 -13.834010 0.400000
v 21.588581 -13.834010 -0.400000
v 21.696043 -13.840397 0.400000
v 21.696043 -13.840397 -0.400000
v 21.768902 -13.838723 0.400000
v 21.768902 -13.838723 -0.400000
v 21.839581 -13.833674 0.400000
v 21.839581 -13.833674 -0.400000
v 21.908230 -13.825209 0.400000
v 21.908230 -13.825209 -0.400000
v 21.975006 -13.813286 0.400000
v 21.975006 -13.813286 -0.400000
v 22.040060 -13.797862 0.400000
v 22.040060 -13.797862 -0.400000
v 22.103542 -13.778896 0.400000
v 22.103542 -13.778896 -0.400000
v 22.165611 -13.756348 0.400000
v 22.165611 -13.756348 -0.400000
v 22.226414 -13.730175 0.400000
v 22.226414 -13.730175 -0.400000
v 22.286106 -13.700335 0.400000
v 22.286106 -13.700335 -0.400000
v 22.344839 -13.666786 0.400000
v 22.344839 -13.666786 -0.400000
v 22.402767 -13.629487 0.400000
v 22.402767 -13.629487 -0.400000
v 22.460043 -13.588397 0.400000
v 22.460043 -13.588397 -0.400000
v 22.460043 -13.092397 0.400000
v 22.460043 -13.092397 -0.400000
v 22.408981 -13.153966 0.400000
v 22.408981 -13.153966 -0.400000
v 22.355877 -13.210619 0.400000
v 22.355877 -13.210619 -0.400000
v 22.300856 -13.262272 0.400000
v 22.300856 -13.262272 -0.400000
v 22.244043 -13.308842 0.400000
v 22.244043 -13.308842 -0.400000
v 22.185564 -13.350245 0.400000
v 22.185564 -13.350245 -0.400000
v 22.125544 -13.386396 0.400000
v 22.125544 -13.386396 -0.400000
v 22.064106 -13.417216 0.400000
v 22.064106 -13.417216 -0.400000
v 22.001377 -13.442619 0.400000
v 22.001377 -13.442619 -0.400000
v 21.937481 -13.462522 0.400000
v 21.937481 -13.462522 -0.400000
v 21.872543 -13.476841 0.400000
v 21.872543 -13.476841 -0.400000
v 21.806690 -13.485494 0.400000
v 21.806690 -13.485494 -0.400000
v 21.740044 -13.488397 0.400000
v 21.740044 -13.488397 -0.400000
v 21.667446 -13.484531 0.400000
v 21.667446 -13.484531 -0.400000
v 21.601599 -13.473471 0.400000
v 21.601599 -13.473471 -0.400000
v 21.542418 -13.456022 0.400000
v 21.542418 -13.456022 -0.400000
v 21.489820 -13.432989 0.400000
v 21.489820 -13.432989 -0.400000
v 21.443724 -13.405179 0.400000
v 21.443724 -13.405179 -0.400000
v 21.404043 -13.373397 0.400000
v 21.404043 -13.373397 -0.400000
v 21.370697 -13.338448 0.400000
v 21.370697 -13.338448 -0.400000
v 21.343599 -13.301138 0.400000
v 21.343599 -13.301138 -0.400000
v 21.322668 -13.262272 0.400000
v 21.322668 -13.262272 -0.400000
v 21.307821 -13.222656 0.400000
v 21.307821 -13.222656 -0.400000
v 21.298973 -13.183096 0.400000
v 21.298973 -13.183096 -0.400000
v 21.296043 -13.144397 0.400000
v 21.296043 -13.144397 -0.400000
v 21.319260 -13.013128 0.400000
v 21.319260 -13.013128 -0.400000
v 21.383450 -12.898582 0.400000
v 21.383450 -12.898582 -0.400000
v 21.480417 -12.796647 0.400000
v 21.480417 -12.796647 -0.400000
v 21.601969 -12.703212 0.400000
v 21.601969 -12.703212 -0.400000
v 21.739908 -12.614165 0.400000
v 21.739908 -12.614165 -0.400000
v 21.886044 -12.525397 0.400000
v 21.886044 -12.525397 -0.400000
v 22.032177 -12.432795 0.400000
v 22.032177 -12.432795 -0.400000
v 22.170116 -12.332249 0.400000
v 22.170116 -12.332249 -0.400000
v 22.291668 -12.219646 0.400000
v 22.291668 -12.219646 -0.400000
v 22.388636 -12.090878 0.400000
v 22.388636 -12.090878 -0.400000
v 22.452826 -11.941832 0.400000
v 22.452826 -11.941832 -0.400000
v 22.476044 -11.768396 0.400000
v 22.476044 -11.768396 -0.400000
v 22.469299 -11.660802 0.400000
v 22.469299 -11.660802 -0.400000
v 22.449432 -11.560305 0.400000
v 22.449432 -11.560305 -0.400000
v 22.416981 -11.467335 0.400000
v 22.416981 -11.467335 -0.400000
v 22.372488 -11.382322 0.400000
v 22.372488 -11.382322 -0.400000
v 22.316494 -11.305700 0.400000
v 22.316494 -11.305700 -0.400000
v 22.249542 -11.237897 0.400000
v 22.249542 -11.237897 -0.400000
v 22.172174 -11.179343 0.400000
v 22.172174 -11.179343 -0.400000
v 22.084932 -11.130471 0.400000
v 22.084932 -11.130471 -0.400000
v 21.988356 -11.091709 0.400000
v 21.988356 -11.091709 -0.400000
v 21.882988 -11.063489 0.400000
v 21.882988 -11.063489 -0.400000
v 21.769369 -11.046242 0.400000
v 21.769369 -11.046242 -0.400000
v 21.648043 -11.040397 0.400000
v 21.648043 -11.040397 -0.400000
v 21.596052 -11.041730 0.400000
v 21.596052 -11.041730 -0.400000
v 21.544117 -11.045730 0.400000
v 21.544117 -11.045730 -0.400000
v 21.492292 -11.052397 0.400000
v 21.492292 -11.052397 -0.400000
v 21.440636 -11.061730 0.400000
v 21.440636 -11.061730 -0.400000
v 21.389200 -11.073730 0.400000
v 21.389200 -11.073730 -0.400000
v 21.338043 -11.088397 0.400000
v 21.338043 -11.088397 -0.400000
v 21.287220 -11.105730 0.400000
v 21.287220 -11.105730 -0.400000
v 21.236784 -11.125731 0.400000
v 21.236784 -11.125731 -0.400000
v 21.186794 -11.148396 0.400000
v 21.186794 -11.148396 -0.400000
v 21.137302 -11.173730 0.400000
v 21.137302 -11.173730 -0.400000
v 21.088367 -11.201730 0.400000
v 21.088367 -11.201730 -0.400000
v 21.040043 -11.232397 0.400000
v 21.040043 -11.232397 -0.400000
v 21.040043 -11.676397 0.400000
v 21.040043 -11.676397 -0.400000
v 19.529762 -11.083572 0.400000
v 19.529762 -11.083572 -0.400000
v 19.400803 -11.104471 0.400000
v 19.400803 -11.104471 -0.400000
v 19.284981 -11.138146 0.400000
v 19.284981 -11.138146 -0.400000
v 19.182117 -11.183656 0.400000
v 19.182117 -11.183656 -0.400000
v 19.092031 -11.240054 0.400000
v 19.092031 -11.240054 -0.400000
v 19.014542 -11.306396 0.400000
v 19.014542 -11.306396 -0.400000
v 18.949471 -11.381740 0.400000
v 18.949471 -11.381740 -0.400000
v 18.896635 -11.465137 0.400000
v 18.896635 -11.465137 -0.400000
v 18.855856 -11.555647 0.400000
v 18.855856 -11.555647 -0.400000
v 18.826950 -11.652323 0.400000
v 18.826950 -11.652323 -0.400000
v 18.809740 -11.754221 0.400000
v 18.809740 -11.754221 -0.400000
v 18.804043 -11.860396 0.400000
v 18.804043 -11.860396 -0.400000
v 18.810076 -11.965339 0.400000
v 18.810076 -11.965339 -0.400000
v 18.828302 -12.065600 0.400000
v 18.828302 -12.065600 -0.400000
v 18.858917 -12.160335 0.400000
v 18.858917 -12.160335 -0.400000
v 18.902117 -12.248693 0.400000
v 18.902117 -12.248693 -0.400000
v 18.958094 -12.329829 0.400000
v 18.958094 -12.329829 -0.400000
v 19.027042 -12.402897 0.400000
v 19.027042 -12.402897 -0.400000
v 19.109158 -12.467048 0.400000
v 19.109158 -12.467048 -0.400000
v 19.204636 -12.521434 0.400000
v 19.204636 -12.521434 -0.400000
v 19.313667 -12.565209 0.400000
v 19.313667 -12.565209 -0.400000
v 19.436451 -12.597527 0.400000
v 19.436451 -12.597527 -0.400000
v 19.573177 -12.617538 0.400000
v 19.573177 -12.617538 -0.400000
v 19.724043 -12.624397 0.400000
v 19.724043 -12.624397 -0.400000
v 20.132042 -12.624397 0.400000
v 20.132042 -12.624397 -0.400000
v 20.132042 -13.804397 0.400000
v 20.132042 -13.804397 -0.400000
v 20.524042 -13.804397 0.400000
v 20.524042 -13.804397 -0.400000
v 20.524042 -11.076397 0.400000
v 20.524042 -11.076397 -0.400000
v 19.672043 -11.076397 0.400000
v 19.672043 -11.076397 -0.400000
v 19.688042 -12.272397 0.400000
v 19.688042 -12.272397 -0.400000
v 19.617258 -12.269170 0.400000
v 19.617258 -12.269170 -0.400000
v 19.551098 -12.259582 0.400000
v 19.551098 -12.259582 -0.400000
v 19.489855 -12.243772 0.400000
v 19.489855 -12.243772 -0.400000
v 19.433821 -12.221878 0.400000
v 19.433821 -12.221878 -0.400000
v 19.383286 -12.194040 0.400000
v 19.383286 -12.194040 -0.400000
v 19.338543 -12.160397 0.400000
v 19.338543 -12.160397 -0.400000
v 19.299883 -12.121086 0.400000
v 19.299883 -12.121086 -0.400000
v 19.267599 -12.076248 0.400000
v 19.267599 -12.076248 -0.400000
v 19.241980 -12.026022 0.400000
v 19.241980 -12.026022 -0.400000
v 19.223320 -11.970545 0.400000
v 19.223320 -11.970545 -0.400000
v 19.211910 -11.909957 0.400000
v 19.211910 -11.909957 -0.400000
v 19.208042 -11.844397 0.400000
v 19.208042 -11.844397 -0.400000
v 19.210373 -11.794198 0.400000
v 19.210373 -11.794198 -0.400000
v 19.217691 -11.744138 0.400000
v 19.217691 -11.744138 -0.400000
v 19.230480 -11.695022 0.400000
v 19.230480 -11.695022 -0.400000
v 19.249228 -11.647656 0.400000
v 19.249228 -11.647656 -0.400000
v 19.274420 -11.602846 0.400000
v 19.274420 -11.602846 -0.400000
v 19.306543 -11.561397 0.400000
v 19.306543 -11.561397 -0.400000
v 19.346083 -11.524115 0.400000
v 19.346083 -11.524115 -0.400000
v 19.393524 -11.491804 0.400000
v 19.393524 -11.491804 -0.400000
v 19.449356 -11.465272 0.400000
v 19.449356 -11.465272 -0.400000
v 19.514061 -11.445323 0.400000
v 19.514061 -11.445323 -0.400000
v 19.588129 -11.432762 0.400000
v 19.588129 -11.432762 -0.400000
v 19.672043 -11.428396 0.400000
v 19.672043 -11.428396 -0.400000
v 20.132042 -11.428396 0.400000
v 20.132042 -11.428396 -0.400000
v 20.132042 -12.272397 0.400000
v 20.132042 -12.272397 -0.400000
v 16.496042 -13.804397 0.400000
v 16.496042 -13.804397 -0.400000
v 16.860043 -13.000397 0.400000
v 16.860043 -13.000397 -0.400000
v 18.020042 -13.000397 0.400000
v 18.020042 -13.000397 -0.400000
v 18.364042 -13.804397 0.400000
v 18.364042 -13.804397 -0.400000
v 18.764042 -13.804397 0.400000
v 18.764042 -13.804397 -0.400000
v 17.592043 -11.060396 0.400000
v 17.592043 -11.060396 -0.400000
v 17.316042 -11.060396 0.400000
v 17.316042 -11.060396 -0.400000
v 16.096043 -13.804397 0.400000
v 16.096043 -13.804397 -0.400000
v 17.020042 -12.648396 0.400000
v 17.020042 -12.648396 -0.400000
v 17.460043 -11.660397 0.400000
v 17.460043 -11.660397 -0.400000
v 17.868042 -12.648396 0.400000
v 17.868042 -12.648396 -0.400000
v 13.555086 -11.637635 0.400000
v 13.555086 -11.637635 -0.400000
v 13.636395 -11.595304 0.400000
v 13.636395 -11.595304 -0.400000
v 13.716229 -11.557334 0.400000
v 13.716229 -11.557334 -0.400000
v 13.794857 -11.523656 0.400000
v 13.794857 -11.523656 -0.400000
v 13.872540 -11.494200 0.400000
v 13.872540 -11.494200 -0.400000
v 13.949542 -11.468897 0.400000
v 13.949542 -11.468897 -0.400000
v 14.026128 -11.447677 0.400000
v 14.026128 -11.447677 -0.400000
v 14.102561 -11.430470 0.400000
v 14.102561 -11.430470 -0.400000
v 14.179105 -11.417210 0.400000
v 14.179105 -11.417210 -0.400000
v 14.256024 -11.407823 0.400000
v 14.256024 -11.407823 -0.400000
v 14.333582 -11.402242 0.400000
v 14.333582 -11.402242 -0.400000
v 14.412043 -11.400396 0.400000
v 14.412043 -11.400396 -0.400000
v 14.564533 -11.409480 0.400000
v 14.564533 -11.409480 -0.400000
v 14.709302 -11.436064 0.400000
v 14.709302 -11.436064 -0.400000
v 14.845293 -11.479147 0.400000
v 14.845293 -11.479147 -0.400000
v 14.971450 -11.537730 0.400000
v 14.971450 -11.537730 -0.400000
v 15.086719 -11.610813 0.400000
v 15.086719 -11.610813 -0.400000
v 15.190042 -11.697397 0.400000
v 15.190042 -11.697397 -0.400000
v 15.280367 -11.796480 0.400000
v 15.280367 -11.796480 -0.400000
v 15.356635 -11.907063 0.400000
v 15.356635 -11.907063 -0.400000
v 15.417792 -12.028147 0.400000
v 15.417792 -12.028147 -0.400000
v 15.462784 -12.158731 0.400000
v 15.462784 -12.158731 -0.400000
v 15.490552 -12.297813 0.400000
v 15.490552 -12.297813 -0.400000
v 15.500043 -12.444397 0.400000
v 15.500043 -12.444397 -0.400000
v 15.490849 -12.593344 0.400000
v 15.490849 -12.593344 -0.400000
v 15.463820 -12.733638 0.400000
v 15.463820 -12.733638 -0.400000
v 15.419792 -12.864459 0.400000
v 15.419792 -12.864459 -0.400000
v 15.359598 -12.984989 0.400000
v 15.359598 -12.984989 -0.400000
v 15.284070 -13.094408 0.400000
v 15.284070 -13.094408 -0.400000
v 15.194042 -13.191896 0.400000
v 15.194042 -13.191896 -0.400000
v 15.090348 -13.276635 0.400000
v 15.090348 -13.276635 -0.400000
v 14.973821 -13.347804 0.400000
v 14.973821 -13.347804 -0.400000
v 14.845293 -13.404585 0.400000
v 14.845293 -13.404585 -0.400000
v 14.705598 -13.446157 0.400000
v 14.705598 -13.446157 -0.400000
v 14.555571 -13.471700 0.400000
v 14.555571 -13.471700 -0.400000
v 14.396043 -13.480397 0.400000
v 14.396043 -13.480397 -0.400000
v 14.318492 -13.478156 0.400000
v 14.318492 -13.478156 -0.400000
v 14.239968 -13.471471 0.400000
v 14.239968 -13.471471 -0.400000
v 14.160667 -13.460397 0.400000
v 14.160667 -13.460397 -0.400000
v 14.080784 -13.444989 0.400000
v 14.080784 -13.444989 -0.400000
v 14.000510 -13.425304 0.400000
v 14.000510 -13.425304 -0.400000
v 13.920042 -13.401397 0.400000
v 13.920042 -13.401397 -0.400000
v 13.839575 -13.373322 0.400000
v 13.839575 -13.373322 -0.400000
v 13.759302 -13.341138 0.400000
v 13.759302 -13.341138 -0.400000
v 13.679418 -13.304897 0.400000
v 13.679418 -13.304897 -0.400000
v 13.600117 -13.264656 0.400000
v 13.600117 -13.264656 -0.400000
v 13.521593 -13.220470 0.400000
v 13.521593 -13.220470 -0.400000
v 13.444042 -13.172397 0.400000
v 13.444042 -13.172397 -0.400000
v 13.444042 -13.600397 0.400000
v 13.444042 -13.600397 -0.400000
v 13.511607 -13.634529 0.400000
v 13.511607 -13.634529 -0.400000
v 13.580561 -13.666786 0.400000
v 13.580561 -13.666786 -0.400000
v 13.651293 -13.696959 0.400000
v 13.651293 -13.696959 -0.400000
v 13.724191 -13.724841 0.400000
v 13.724191 -13.724841 -0.400000
v 13.799644 -13.750223 0.400000
v 13.799644 -13.750223 -0.400000
v 13.878042 -13.772897 0.400000
v 13.878042 -13.772897 -0.400000
v 13.959774 -13.792654 0.400000
v 13.959774 -13.792654 -0.400000
v 14.045228 -13.809286 0.400000
v 14.045228 -13.809286 -0.400000
v 14.134792 -13.822584 0.400000
v 14.134792 -13.822584 -0.400000
v 14.228857 -13.832341 0.400000
v 14.228857 -13.832341 -0.400000
v 14.327811 -13.838348 0.400000
v 14.327811 -13.838348 -0.400000
v 14.432043 -13.840397 0.400000
v 14.432043 -13.840397 -0.400000
v 14.676117 -13.824562 0.400000
v 14.676117 -13.824562 -0.400000
v 14.896635 -13.779379 0.400000
v 14.896635 -13.779379 -0.400000
v 15.094043 -13.708335 0.400000
v 15.094043 -13.708335 -0.400000
v 15.268784 -13.614916 0.400000
v 15.268784 -13.614916 -0.400000
v 15.421302 -13.502607 0.400000
v 15.421302 -13.502607 -0.400000
v 15.552042 -13.374897 0.400000
v 15.552042 -13.374897 -0.400000
v 15.661449 -13.235270 0.400000
v 15.661449 -13.235270 -0.400000
v 15.749969 -13.087212 0.400000
v 15.749969 -13.087212 -0.400000
v 15.818043 -12.934210 0.400000
v 15.818043 -12.934210 -0.400000
v 15.866117 -12.779749 0.400000
v 15.866117 -12.779749 -0.400000
v 15.894635 -12.627316 0.400000
v 15.894635 -12.627316 -0.400000
v 15.904042 -12.480396 0.400000
v 15.904042 -12.480396 -0.400000
v 15.891184 -12.277286 0.400000
v 15.891184 -12.277286 -0.400000
v 15.853506 -12.084842 0.400000
v 15.853506 -12.084842 -0.400000
v 15.792356 -11.904397 0.400000
v 15.792356 -11.904397 -0.400000
v 15.709080 -11.737286 0.400000
v 15.709080 -11.737286 -0.400000
v 15.605026 -11.584841 0.400000
v 15.605026 -11.584841 -0.400000
v 15.481543 -11.448397 0.400000
v 15.481543 -11.448397 -0.400000
v 15.339975 -11.329286 0.400000
v 15.339975 -11.329286 -0.400000
v 15.181672 -11.228841 0.400000
v 15.181672 -11.228841 -0.400000
v 15.007980 -11.148396 0.400000
v 15.007980 -11.148396 -0.400000
v 14.820246 -11.089286 0.400000
v 14.820246 -11.089286 -0.400000
v 14.619818 -11.052841 0.400000
v 14.619818 -11.052841 -0.400000
v 14.408043 -11.040397 0.400000
v 14.408043 -11.040397 -0.400000
v 14.337911 -11.041825 0.400000
v 14.337911 -11.041825 -0.400000
v 14.267321 -11.046156 0.400000
v 14.267321 -11.046156 -0.400000
v 14.195980 -11.053459 0.400000
v 14.195980 -11.053459 -0.400000
v 14.123598 -11.063804 0.400000
v 14.123598 -11.063804 -0.400000
v 14.049883 -11.077260 0.400000
v 14.049883 -11.077260 -0.400000
v 13.974543 -11.093897 0.400000
v 13.974543 -11.093897 -0.400000
v 13.897285 -11.113783 0.400000
v 13.897285 -11.113783 -0.400000
v 13.817821 -11.136990 0.400000
v 13.817821 -11.136990 -0.400000
v 13.735855 -11.163584 0.400000
v 13.735855 -11.163584 -0.400000
v 13.651098 -11.193638 0.400000
v 13.651098 -11.193638 -0.400000
v 13.563258 -11.227219 0.400000
v 13.563258 -11.227219 -0.400000
v 13.472042 -11.264397 0.400000
v 13.472042 -11.264397 -0.400000
v 13.472042 -11.684397 0.400000
v 13.472042 -11.684397 -0.400000
v 12.572042 -11.428396 0.400000
v 12.572042 -11.428396 -0.400000
v 12.572042 -12.252397 0.400000
v 12.572042 -12.252397 -0.400000
v 11.456042 -12.252397 0.400000
v 11.456042 -12.252397 -0.400000
v 11.456042 -12.604397 0.400000
v 11.456042 -12.604397 -0.400000
v 12.572042 -12.604397 0.400000
v 12.572042 -12.604397 -0.400000
v 12.572042 -13.452396 0.400000
v 12.572042 -13.452396 -0.400000
v 11.380042 -13.452396 0.400000
v 11.380042 -13.452396 -0.400000
v 11.380042 -13.804397 0.400000
v 11.380042 -13.804397 -0.400000
v 12.964043 -13.804397 0.400000
v 12.964043 -13.804397 -0.400000
v 12.964043 -11.076397 0.400000
v 12.964043 -11.076397 -0.400000
v 11.416042 -11.076397 0.400000
v 11.416042 -11.076397 -0.400000
v 11.416042 -11.428396 0.400000
v 11.416042 -11.428396 -0.400000
vn -0.0000 -0.0000 -1.0000
vn -0.0000 -0.0000 1.0000
vn 0.5982 -0.8014 -0.0000
vn 0.6452 -0.7640 -0.0000
vn 0.6451 -0.7641 -0.0000
vn 0.5472 -0.8370 -0.0000
vn 0.4924 -0.8703 -0.0000
vn 0.4344 -0.9007 -0.0000
vn 0.4924 -0.8704 -0.0000
vn 0.3738 -0.9275 -0.0000
vn 0.3113 -0.9503 -0.0000
vn 0.2478 -0.9688 -0.0000
vn 0.1842 -0.9829 -0.0000
vn 0.1212 -0.9926 -0.0000
vn 0.1841 -0.9829 -0.0000
vn 0.0598 -0.9982 -0.0000
vn -0.0072 -1.0000 -0.0000
vn -0.0900 -0.9959 -0.0000
vn -0.1842 -0.9829 -0.0000
vn -0.2828 -0.9592 -0.0000
vn -0.3856 -0.9227 -0.0000
vn -0.4915 -0.8709 -0.0000
vn -0.5986 -0.8011 -0.0000
vn -0.7034 -0.7108 -0.0000
vn -0.5985 -0.8011 -0.0000
vn -0.8007 -0.5990 -0.0000
vn -0.7033 -0.7109 -0.0000
vn -0.8845 -0.4665 -0.0000
vn -0.9482 -0.3176 -0.0000
vn -0.9872 -0.1593 -0.0000
vn -0.9483 -0.3175 -0.0000
vn -0.9985 0.0556 -0.0000
vn -0.9314 0.3641 -0.0000
vn -0.7737 0.6335 -0.0000
vn -0.6273 0.7787 -0.0000
vn -0.7738 0.6335 -0.0000
vn -0.5367 0.8438 -0.0000
vn -0.5005 0.8657 -0.0000
vn -0.5106 0.8598 -0.0000
vn -0.5617 0.8274 -0.0000
vn -0.6500 0.7599 -0.0000
vn -0.7661 0.6427 -0.0000
vn -0.6501 0.7599 -0.0000
vn -0.8854 0.4648 -0.0000
vn -0.9712 0.2381 -0.0000
vn -0.9997 0.0262 -0.0000
vn -0.9918 -0.1282 -0.0000
vn -0.9663 -0.2574 -0.0000
vn -0.9231 -0.3845 -0.0000
vn -0.8626 -0.5058 -0.0000
vn -0.7860 -0.6182 -0.0000
vn -0.6952 -0.7188 -0.0000
vn -0.5927 -0.8055 -0.0000
vn -0.4810 -0.8767 -0.0000
vn -0.5927 -0.8054 -0.0000
vn -0.3632 -0.9317 -0.0000
vn -0.2420 -0.9703 -0.0000
vn -0.1202 -0.9928 -0.0000
vn -0.0182 -0.9998 -0.0000
vn 0.0471 -0.9989 -0.0000
vn 0.0969 -0.9953 -0.0000
vn 0.1491 -0.9888 -0.0000
vn 0.2033 -0.9791 -0.0000
vn 0.2586 -0.9660 -0.0000
vn 0.3140 -0.9494 -0.0000
vn 0.3686 -0.9296 -0.0000
vn 0.4214 -0.9069 -0.0000
vn 0.4718 -0.8817 -0.0000
vn 0.5189 -0.8548 -0.0000
vn 0.4717 -0.8817 -0.0000
vn 0.5623 -0.8269 -0.0000
vn 0.5188 -0.8549 -0.0000
vn 0.8896 -0.4567 -0.0000
vn 0.3393 0.9407 -0.0000
vn -0.7500 0.6614 -0.0000
vn -0.7074 0.7069 -0.0000
vn -0.6596 0.7517 -0.0000
vn -0.7074 0.7068 -0.0000
vn -0.6063 0.7953 -0.0000
vn -0.6596 0.7516 -0.0000
vn -0.5473 0.8370 -0.0000
vn -0.4825 0.8759 -0.0000
vn -0.4122 0.9111 -0.0000
vn -0.3367 0.9416 -0.0000
vn -0.2566 0.9665 -0.0000
vn -0.1730 0.9849 -0.0000
vn -0.0870 0.9962 -0.0000
vn 0.0048 1.0000 -0.0000
vn 0.1096 0.9940 -0.0000
vn 0.2246 0.9744 -0.0000
vn 0.3427 0.9395 -0.0000
vn 0.4598 0.8880 -0.0000
vn 0.3426 0.9395 -0.0000
vn 0.5721 0.8202 -0.0000
vn 0.6758 0.7371 -0.0000
vn 0.7680 0.6404 -0.0000
vn 0.8467 0.5321 -0.0000
vn 0.9105 0.4135 -0.0000
vn 0.9585 0.2852 -0.0000
vn 0.9891 0.1472 -0.0000
vn 0.9584 0.2853 -0.0000
vn 0.9988 -0.0497 -0.0000
vn 0.9891 0.1473 -0.0000
vn 0.9418 -0.3362 -0.0000
vn 0.8047 -0.5937 -0.0000
vn 0.6690 -0.7433 -0.0000
vn 0.5764 -0.8172 -0.0000
vn 0.5308 -0.8475 -0.0000
vn 0.5272 -0.8497 -0.0000
vn 0.5624 -0.8268 -0.0000
vn 0.6354 -0.7722 -0.0000
vn 0.5625 -0.8268 -0.0000
vn 0.7422 -0.6702 -0.0000
vn 0.8648 -0.5021 -0.0000
vn 0.7421 -0.6702 -0.0000
vn 0.9638 -0.2666 -0.0000
vn 0.9994 -0.0352 -0.0000
vn 0.9917 0.1285 -0.0000
vn 0.9650 0.2624 -0.0000
vn 0.9175 0.3977 -0.0000
vn 0.8490 0.5283 -0.0000
vn 0.7616 0.6481 -0.0000
vn 0.6592 0.7520 -0.0000
vn 0.5474 0.8369 -0.0000
vn 0.6592 0.7519 -0.0000
vn 0.4315 0.9021 -0.0000
vn 0.3162 0.9487 -0.0000
vn 0.2047 0.9788 -0.0000
vn 0.0992 0.9951 -0.0000
vn 0.0112 0.9999 -0.0000
vn -0.0512 0.9987 -0.0000
vn -0.1022 0.9948 -0.0000
vn -0.1527 0.9883 -0.0000
vn -0.2026 0.9793 -0.0000
vn -0.1528 0.9883 -0.0000
vn -0.2515 0.9679 -0.0000
vn -0.2993 0.9542 -0.0000
vn -0.3458 0.9383 -0.0000
vn -0.3909 0.9204 -0.0000
vn -0.4344 0.9007 -0.0000
vn -0.4763 0.8793 -0.0000
vn -0.5164 0.8564 -0.0000
vn -0.8763 0.4818 -0.0000
vn -0.4078 -0.9131 -0.0000
vn -0.2200 0.9755 -0.0000
vn -0.1053 0.9944 -0.0000
vn -0.3427 0.9395 -0.0000
vn -0.4688 0.8833 -0.0000
vn -0.5921 0.8058 -0.0000
vn -0.7056 0.7086 -0.0000
vn -0.8030 0.5960 -0.0000
vn -0.8804 0.4742 -0.0000
vn -0.9370 0.3494 -0.0000
vn -0.9739 0.2269 -0.0000
vn -0.9939 0.1102 -0.0000
vn -1.0000 -0.0019 -0.0000
vn -0.9930 -0.1184 -0.0000
vn -0.9698 -0.2437 -0.0000
vn -0.9930 -0.1183 -0.0000
vn -0.9273 -0.3743 -0.0000
vn -0.8632 -0.5049 -0.0000
vn -0.7775 -0.6289 -0.0000
vn -0.8631 -0.5050 -0.0000
vn -0.6734 -0.7393 -0.0000
vn -0.5568 -0.8307 -0.0000
vn -0.4348 -0.9005 -0.0000
vn -0.3142 -0.9494 -0.0000
vn -0.2000 -0.9798 -0.0000
vn -0.0952 -0.9955 -0.0000
vn -0.0227 -0.9997 -0.0000
vn -0.7071 -0.7071 -0.0000
vn 0.7071 -0.7071 -0.0000
vn 0.7071 0.7071 -0.0000
vn -0.0252 0.9997 -0.0000
vn 0.0946 0.9955 -0.0000
vn 0.0228 0.9997 -0.0000
vn 0.1970 0.9804 -0.0000
vn 0.3075 0.9515 -0.0000
vn 0.4241 0.9056 -0.0000
vn 0.3075 0.9516 -0.0000
vn 0.5431 0.8397 -0.0000
vn 0.6588 0.7523 -0.0000
vn 0.7645 0.6446 -0.0000
vn 0.8536 0.5209 -0.0000
vn 0.9218 0.3876 -0.0000
vn 0.9676 0.2525 -0.0000
vn 0.9925 0.1222 -0.0000
vn 1.0000 0.0063 -0.0000
vn 0.9954 -0.0956 -0.0000
vn 0.9801 -0.1986 -0.0000
vn 0.9954 -0.0957 -0.0000
vn 0.9505 -0.3106 -0.0000
vn 0.9028 -0.4300 -0.0000
vn 0.8333 -0.5528 -0.0000
vn 0.7405 -0.6721 -0.0000
vn 0.6264 -0.7795 -0.0000
vn 0.4975 -0.8674 -0.0000
vn 0.3629 -0.9318 -0.0000
vn 0.4976 -0.8674 -0.0000
vn 0.2314 -0.9729 -0.0000
vn 0.1098 -0.9940 -0.0000
vn 0.0260 -0.9997 -0.0000
vn -0.7071 0.7071 -0.0000
vn 0.5420 -0.8404 -0.0000
vn -0.5507 -0.8347 -0.0000
vn -0.5508 -0.8347 -0.0000
vn 0.8345 -0.5510 -0.0000
vn 0.5510 0.8345 -0.0000
vn -0.5449 0.8385 -0.0000
vn -0.8385 -0.5449 -0.0000
vn -0.5448 0.8385 -0.0000
vn -0.8385 -0.5448 -0.0000
vn -0.0136 -0.9999 -0.0000
vn 0.8387 0.5446 -0.0000
vn -0.8312 0.5560 -0.0000
vn -0.0137 -0.9999 -0.0000
vn -0.8311 0.5561 -0.0000
vn 0.4457 -0.8952 -0.0000
vn 0.4763 -0.8793 -0.0000
vn 0.4117 -0.9113 -0.0000
vn 0.3742 -0.9273 -0.0000
vn 0.3335 -0.9428 -0.0000
vn 0.2897 -0.9571 -0.0000
vn 0.3334 -0.9428 -0.0000
vn 0.2434 -0.9699 -0.0000
vn 0.1952 -0.9808 -0.0000
vn 0.1460 -0.9893 -0.0000
vn 0.0965 -0.9953 -0.0000
vn 0.0477 -0.9989 -0.0000
vn -0.0180 -0.9998 -0.0000
vn -0.1203 -0.9927 -0.0000
vn -0.2418 -0.9703 -0.0000
vn -0.3623 -0.9320 -0.0000
vn -0.4793 -0.8776 -0.0000
vn -0.5902 -0.8073 -0.0000
vn -0.6922 -0.7217 -0.0000
vn -0.7829 -0.6221 -0.0000
vn -0.8599 -0.5105 -0.0000
vn -0.9212 -0.3892 -0.0000
vn -0.9652 -0.2614 -0.0000
vn -0.9914 -0.1305 -0.0000
vn -1.0000 -0.0015 -0.0000
vn -0.9921 0.1257 -0.0000
vn -0.9670 0.2546 -0.0000
vn -0.9234 0.3838 -0.0000
vn -0.9670 0.2547 -0.0000
vn -0.8609 0.5087 -0.0000
vn -0.7808 0.6248 -0.0000
vn -0.6854 0.7282 -0.0000
vn -0.5784 0.8158 -0.0000
vn -0.4637 0.8860 -0.0000
vn -0.3454 0.9385 -0.0000
vn -0.2269 0.9739 -0.0000
vn -0.1113 0.9938 -0.0000
vn -0.0128 0.9999 -0.0000
vn 0.0569 0.9984 -0.0000
vn 0.1116 0.9938 -0.0000
vn 0.1639 0.9865 -0.0000
vn 0.2138 0.9769 -0.0000
vn 0.2616 0.9652 -0.0000
vn 0.3072 0.9516 -0.0000
vn 0.3509 0.9364 -0.0000
vn 0.3927 0.9197 -0.0000
vn 0.4329 0.9014 -0.0000
vn 0.4716 0.8818 -0.0000
vn 0.5087 0.8609 -0.0000
vn -0.4864 0.8738 -0.0000
vn 0.5088 0.8609 -0.0000
vn -0.8517 -0.5240 -0.0000
vn -0.4374 -0.8993 -0.0000
vn -0.4081 -0.9129 -0.0000
vn -0.3749 -0.9271 -0.0000
vn -0.3381 -0.9411 -0.0000
vn -0.2984 -0.9544 -0.0000
vn -0.2565 -0.9666 -0.0000
vn -0.2131 -0.9770 -0.0000
vn -0.1690 -0.9856 -0.0000
vn -0.1250 -0.9922 -0.0000
vn -0.0819 -0.9966 -0.0000
vn -0.0401 -0.9992 -0.0000
vn 0.0226 -0.9997 -0.0000
vn 0.1330 -0.9911 -0.0000
vn 0.2704 -0.9628 -0.0000
vn 0.4061 -0.9138 -0.0000
vn 0.5336 -0.8457 -0.0000
vn 0.6474 -0.7621 -0.0000
vn 0.7446 -0.6675 -0.0000
vn 0.8244 -0.5661 -0.0000
vn 0.8876 -0.4607 -0.0000
vn 0.8243 -0.5661 -0.0000
vn 0.9358 -0.3524 -0.0000
vn 0.9705 -0.2409 -0.0000
vn 0.9923 -0.1241 -0.0000
vn 0.9705 -0.2410 -0.0000
vn 1.0000 -0.0004 -0.0000
vn 0.9918 0.1279 -0.0000
vn 0.9664 0.2571 -0.0000
vn 0.9232 0.3844 -0.0000
vn 0.8625 0.5061 -0.0000
vn 0.7855 0.6188 -0.0000
vn 0.6942 0.7198 -0.0000
vn 0.5911 0.8066 -0.0000
vn 0.4790 0.8778 -0.0000
vn 0.3610 0.9326 -0.0000
vn 0.4791 0.8778 -0.0000
vn 0.2401 0.9708 -0.0000
vn 0.3610 0.9325 -0.0000
vn 0.1190 0.9929 -0.0000
vn 0.0192 0.9998 -0.0000
vn -0.0408 0.9992 -0.0000
vn -0.0816 0.9967 -0.0000
vn -0.1217 0.9926 -0.0000
vn -0.1606 0.9870 -0.0000
vn -0.1976 0.9803 -0.0000
vn -0.2325 0.9726 -0.0000
vn -0.2648 0.9643 -0.0000
vn -0.2945 0.9556 -0.0000
vn -0.3214 0.9469 -0.0000
vn -0.2945 0.9557 -0.0000
vn -0.3457 0.9384 -0.0000
vn -0.3673 0.9301 -0.0000
vn -0.8299 0.5579 -0.0000
vn -0.5046 -0.8633 -0.0000
vn -0.5047 -0.8633 -0.0000
vt 0.727273 0.000000
vt 0.000000 0.000000
vt 0.818182 0.000000
vt 0.909091 0.000000
vt 1.000000 0.000000
vt 0.090909 0.000000
vt 0.363636 0.000000
vt 0.181818 0.000000
vt 0.272727 0.000000
vt 0.454545 0.000000
vt 0.545455 0.000000
vt 0.636364 0.000000
vt 0.855670 0.000000
vt 0.876289 0.000000
vt 0.865979 0.000000
vt 0.886598 0.000000
vt 0.896907 0.000000
vt 0.845361 0.000000
vt 0.907216 0.000000
vt 0.917526 0.000000
vt 0.927835 0.000000
vt 0.835052 0.000000
vt 0.938144 0.000000
vt 0.948454 0.000000
vt 0.958763 0.000000
vt 0.824742 0.000000
vt 0.969072 0.000000
vt 0.979381 0.000000
vt 0.989691 0.000000
vt 0.814433 0.000000
vt 0.092784 0.000000
vt 0.082474 0.000000
vt 0.072165 0.000000
vt 0.061856 0.000000
vt 0.051546 0.000000
vt 0.041237 0.000000
vt 0.030928 0.000000
vt 0.020619 0.000000
vt 0.010309 0.000000
vt 0.804124 0.000000
vt 0.113402 0.000000
vt 0.103093 0.000000
vt 0.123711 0.000000
vt 0.134021 0.000000
vt 0.144330 0.000000
vt 0.793814 0.000000
vt 0.154639 0.000000
vt 0.164948 0.000000
vt 0.783505 0.000000
vt 0.175258 0.000000
vt 0.185567 0.000000
vt 0.773196 0.000000
vt 0.195876 0.000000
vt 0.762887 0.000000
vt 0.206186 0.000000
vt 0.216495 0.000000
vt 0.752577 0.000000
vt 0.226804 0.000000
vt 0.742268 0.000000
vt 0.237113 0.000000
vt 0.247423 0.000000
vt 0.731959 0.000000
vt 0.257732 0.000000
vt 0.721649 0.000000
vt 0.268041 0.000000
vt 0.711340 0.000000
vt 0.278351 0.000000
vt 0.701031 0.000000
vt 0.288660 0.000000
vt 0.690722 0.000000
vt 0.298969 0.000000
vt 0.474227 0.000000
vt 0.494845 0.000000
vt 0.484536 0.000000
vt 0.309278 0.000000
vt 0.463918 0.000000
vt 0.680412 0.000000
vt 0.453608 0.000000
vt 0.319588 0.000000
vt 0.443299 0.000000
vt 0.432990 0.000000
vt 0.329897 0.000000
vt 0.422680 0.000000
vt 0.670103 0.000000
vt 0.412371 0.000000
vt 0.340206 0.000000
vt 0.402062 0.000000
vt 0.391753 0.000000
vt 0.350515 0.000000
vt 0.381443 0.000000
vt 0.371134 0.000000
vt 0.360825 0.000000
vt 0.659794 0.000000
vt 0.505155 0.000000
vt 0.649485 0.000000
vt 0.515464 0.000000
vt 0.525773 0.000000
vt 0.536082 0.000000
vt 0.639175 0.000000
vt 0.546392 0.000000
vt 0.556701 0.000000
vt 0.567010 0.000000
vt 0.628866 0.000000
vt 0.577320 0.000000
vt 0.587629 0.000000
vt 0.597938 0.000000
vt 0.618557 0.000000
vt 0.608247 0.000000
vt 0.400000 0.000000
vt 0.600000 0.000000
vt 0.500000 0.000000
vt 0.900000 0.000000
vt 0.700000 0.000000
vt 0.800000 0.000000
vt 0.200000 0.000000
vt 0.100000 0.000000
vt 0.300000 0.000000
vt 0.472727 0.000000
vt 0.981818 0.000000
vt 0.490909 0.000000
vt 0.509091 0.000000
vt 0.018182 0.000000
vt 0.036364 0.000000
vt 0.054545 0.000000
vt 0.072727 0.000000
vt 0.109091 0.000000
vt 0.963636 0.000000
vt 0.127273 0.000000
vt 0.945455 0.000000
vt 0.927273 0.000000
vt 0.145455 0.000000
vt 0.890909 0.000000
vt 0.872727 0.000000
vt 0.854545 0.000000
vt 0.163636 0.000000
vt 0.836364 0.000000
vt 0.781818 0.000000
vt 0.763636 0.000000
vt 0.745455 0.000000
vt 0.218182 0.000000
vt 0.709091 0.000000
vt 0.236364 0.000000
vt 0.690909 0.000000
vt 0.672727 0.000000
vt 0.254545 0.000000
vt 0.654545 0.000000
vt 0.618182 0.000000
vt 0.581818 0.000000
vt 0.563636 0.000000
vt 0.290909 0.000000
vt 0.527273 0.000000
vt 0.436364 0.000000
vt 0.309091 0.000000
vt 0.327273 0.000000
vt 0.345455 0.000000
vt 0.381818 0.000000
vt 0.418182 0.000000
vt 0.884298 0.000000
vt 0.900826 0.000000
vt 0.892562 0.000000
vt 0.917355 0.000000
vt 0.876033 0.000000
vt 0.925620 0.000000
vt 0.933884 0.000000
vt 0.867769 0.000000
vt 0.942149 0.000000
vt 0.950413 0.000000
vt 0.859504 0.000000
vt 0.958678 0.000000
vt 0.966942 0.000000
vt 0.851240 0.000000
vt 0.975207 0.000000
vt 0.983471 0.000000
vt 0.842975 0.000000
vt 0.991736 0.000000
vt 0.057851 0.000000
vt 0.049587 0.000000
vt 0.041322 0.000000
vt 0.033058 0.000000
vt 0.024793 0.000000
vt 0.016529 0.000000
vt 0.008264 0.000000
vt 0.834711 0.000000
vt 0.074380 0.000000
vt 0.066116 0.000000
vt 0.826446 0.000000
vt 0.082645 0.000000
vt 0.099174 0.000000
vt 0.107438 0.000000
vt 0.115702 0.000000
vt 0.123967 0.000000
vt 0.132231 0.000000
vt 0.140496 0.000000
vt 0.809917 0.000000
vt 0.148760 0.000000
vt 0.157025 0.000000
vt 0.165289 0.000000
vt 0.801653 0.000000
vt 0.173554 0.000000
vt 0.793388 0.000000
vt 0.190083 0.000000
vt 0.198347 0.000000
vt 0.785124 0.000000
vt 0.206612 0.000000
vt 0.214876 0.000000
vt 0.776860 0.000000
vt 0.223140 0.000000
vt 0.768595 0.000000
vt 0.231405 0.000000
vt 0.239669 0.000000
vt 0.760331 0.000000
vt 0.247934 0.000000
vt 0.752066 0.000000
vt 0.256198 0.000000
vt 0.743802 0.000000
vt 0.264463 0.000000
vt 0.735537 0.000000
vt 0.719008 0.000000
vt 0.280992 0.000000
vt 0.710744 0.000000
vt 0.702479 0.000000
vt 0.289256 0.000000
vt 0.694215 0.000000
vt 0.487603 0.000000
vt 0.504132 0.000000
vt 0.495868 0.000000
vt 0.297521 0.000000
vt 0.685950 0.000000
vt 0.512397 0.000000
vt 0.677686 0.000000
vt 0.305785 0.000000
vt 0.520661 0.000000
vt 0.669421 0.000000
vt 0.528926 0.000000
vt 0.661157 0.000000
vt 0.652893 0.000000
vt 0.314050 0.000000
vt 0.537190 0.000000
vt 0.644628 0.000000
vt 0.553719 0.000000
vt 0.322314 0.000000
vt 0.628099 0.000000
vt 0.561983 0.000000
vt 0.619835 0.000000
vt 0.570248 0.000000
vt 0.611570 0.000000
vt 0.578512 0.000000
vt 0.603306 0.000000
vt 0.586777 0.000000
vt 0.330579 0.000000
vt 0.595041 0.000000
vt 0.338843 0.000000
vt 0.479339 0.000000
vt 0.471074 0.000000
vt 0.347107 0.000000
vt 0.462810 0.000000
vt 0.355372 0.000000
vt 0.446281 0.000000
vt 0.438017 0.000000
vt 0.429752 0.000000
vt 0.371901 0.000000
vt 0.421488 0.000000
vt 0.413223 0.000000
vt 0.380165 0.000000
vt 0.404959 0.000000
vt 0.396694 0.000000
vt 0.388430 0.000000
vt 0.008197 1.000000
vt 0.000000 1.000000
vt 0.016393 1.000000
vt 0.008197 0.000000
vt 0.024590 1.000000
vt 0.016393 0.000000
vt 0.032787 1.000000
vt 0.024590 0.000000
vt 0.040984 1.000000
vt 0.032787 0.000000
vt 0.049180 1.000000
vt 0.040984 0.000000
vt 0.057377 1.000000
vt 0.049180 0.000000
vt 0.065574 1.000000
vt 0.057377 0.000000
vt 0.073770 1.000000
vt 0.065574 0.000000
vt 0.081967 1.000000
vt 0.073770 0.000000
vt 0.090164 1.000000
vt 0.081967 0.000000
vt 0.098361 1.000000
vt 0.090164 0.000000
vt 0.106557 1.000000
vt 0.098361 0.000000
vt 0.114754 1.000000
vt 0.106557 0.000000
vt 0.122951 1.000000
vt 0.114754 0.000000
vt 0.131148 1.000000
vt 0.122951 0.000000
vt 0.139344 1.000000
vt 0.131148 0.000000
vt 0.147541 1.000000
vt 0.139344 0.000000
vt 0.155738 1.000000
vt 0.147541 0.000000
vt 0.163934 1.000000
vt 0.155738 0.000000
vt 0.172131 1.000000
vt 0.163934 0.000000
vt 0.180328 1.000000
vt 0.172131 0.000000
vt 0.188525 1.000000
vt 0.180328 0.000000
vt 0.196721 1.000000
vt 0.188525 0.000000
vt 0.204918 1.000000
vt 0.196721 0.000000
vt 0.213115 1.000000
vt 0.204918 0.000000
vt 0.221311 1.000000
vt 0.213115 0.000000
vt 0.229508 1.000000
vt 0.221311 0.000000
vt 0.237705 1.000000
vt 0.229508 0.000000
vt 0.245902 1.000000
vt 0.237705 0.000000
vt 0.254098 1.000000
vt 0.245902 0.000000
vt 0.262295 1.000000
vt 0.254098 0.000000
vt 0.270492 1.000000
vt 0.262295 0.000000
vt 0.278689 1.000000
vt 0.270492 0.000000
vt 0.286885 1.000000
vt 0.278689 0.000000
vt 0.295082 1.000000
vt 0.286885 0.000000
vt 0.303279 1.000000
vt 0.295082 0.000000
vt 0.311475 1.000000
vt 0.303279 0.000000
vt 0.319672 1.000000
vt 0.311475 0.000000
vt 0.327869 1.000000
vt 0.319672 0.000000
vt 0.336066 1.000000
vt 0.327869 0.000000
vt 0.344262 1.000000
vt 0.336066 0.000000
vt 0.352459 1.000000
vt 0.344262 0.000000
vt 0.360656 1.000000
vt 0.352459 0.000000
vt 0.368852 1.000000
vt 0.360656 0.000000
vt 0.377049 1.000000
vt 0.368852 0.000000
vt 0.385246 1.000000
vt 0.377049 0.000000
vt 0.393443 1.000000
vt 0.385246 0.000000
vt 0.401639 1.000000
vt 0.393443 0.000000
vt 0.409836 1.000000
vt 0.401639 0.000000
vt 0.418033 1.000000
vt 0.409836 0.000000
vt 0.426230 1.000000
vt 0.418033 0.000000
vt 0.434426 1.000000
vt 0.426230 0.000000
vt 0.442623 1.000000
vt 0.434426 0.000000
vt 0.450820 1.000000
vt 0.442623 0.000000
vt 0.459016 1.000000
vt 0.450820 0.000000
vt 0.467213 1.000000
vt 0.459016 0.000000
vt 0.475410 1.000000
vt 0.467213 0.000000
vt 0.483607 1.000000
vt 0.475410 0.000000
vt 0.491803 1.000000
vt 0.483607 0.000000
vt 0.500000 1.000000
vt 0.491803 0.000000
vt 0.508197 1.000000
vt 0.516393 1.000000
vt 0.508197 0.000000
vt 0.524590 1.000000
vt 0.516393 0.000000
vt 0.532787 1.000000
vt 0.524590 0.000000
vt 0.540984 1.000000
vt 0.532787 0.000000
vt 0.549180 1.000000
vt 0.540984 0.000000
vt 0.557377 1.000000
vt 0.549180 0.000000
vt 0.565574 1.000000
vt 0.557377 0.000000
vt 0.573770 1.000000
vt 0.565574 0.000000
vt 0.581967 1.000000
vt 0.573770 0.000000
vt 0.590164 1.000000
vt 0.581967 0.000000
vt 0.598361 1.000000
vt 0.590164 0.000000
vt 0.606557 1.000000
vt 0.598361 0.000000
vt 0.614754 1.000000
vt 0.606557 0.000000
vt 0.622951 1.000000
vt 0.614754 0.000000
vt 0.631148 1.000000
vt 0.622951 0.000000
vt 0.639344 1.000000
vt 0.631148 0.000000
vt 0.647541 1.000000
vt 0.639344 0.000000
vt 0.655738 1.000000
vt 0.647541 0.000000
vt 0.663934 1.000000
vt 0.655738 0.000000
vt 0.672131 1.000000
vt 0.663934 0.000000
vt 0.680328 1.000000
vt 0.672131 0.000000
vt 0.688525 1.000000
vt 0.680328 0.000000
vt 0.696721 1.000000
vt 0.688525 0.000000
vt 0.704918 1.000000
vt 0.696721 0.000000
vt 0.713115 1.000000
vt 0.704918 0.000000
vt 0.721311 1.000000
vt 0.713115 0.000000
vt 0.729508 1.000000
vt 0.721311 0.000000
vt 0.737705 1.000000
vt 0.729508 0.000000
vt 0.745902 1.000000
vt 0.737705 0.000000
vt 0.754098 1.000000
vt 0.745902 0.000000
vt 0.762295 1.000000
vt 0.754098 0.000000
vt 0.770492 1.000000
vt 0.762295 0.000000
vt 0.778689 1.000000
vt 0.770492 0.000000
vt 0.786885 1.000000
vt 0.778689 0.000000
vt 0.795082 1.000000
vt 0.786885 0.000000
vt 0.803279 1.000000
vt 0.795082 0.000000
vt 0.811475 1.000000
vt 0.803279 0.000000
vt 0.819672 1.000000
vt 0.811475 0.000000
vt 0.827869 1.000000
vt 0.819672 0.000000
vt 0.836066 1.000000
vt 0.827869 0.000000
vt 0.844262 1.000000
vt 0.836066 0.000000
vt 0.852459 1.000000
vt 0.844262 0.000000
vt 0.860656 1.000000
vt 0.852459 0.000000
vt 0.868852 1.000000
vt 0.860656 0.000000
vt 0.877049 1.000000
vt 0.868852 0.000000
vt 0.885246 1.000000
vt 0.877049 0.000000
vt 0.893443 1.000000
vt 0.885246 0.000000
vt 0.901639 1.000000
vt 0.893443 0.000000
vt 0.909836 1.000000
vt 0.901639 0.000000
vt 0.918033 1.000000
vt 0.909836 0.000000
vt 0.926230 1.000000
vt 0.918033 0.000000
vt 0.934426 1.000000
vt 0.926230 0.000000
vt 0.942623 1.000000
vt 0.934426 0.000000
vt 0.950820 1.000000
vt 0.942623 0.000000
vt 0.959016 1.000000
vt 0.950820 0.000000
vt 0.967213 1.000000
vt 0.959016 0.000000
vt 0.975410 1.000000
vt 0.967213 0.000000
vt 0.983607 1.000000
vt 0.975410 0.000000
vt 0.991803 1.000000
vt 0.983607 0.000000
vt 1.000000 1.000000
vt 0.991803 0.000000
vt 0.034483 1.000000
vt 0.068966 1.000000
vt 0.034483 0.000000
vt 0.103448 1.000000
vt 0.068966 0.000000
vt 0.137931 1.000000
vt 0.103448 0.000000
vt 0.172414 1.000000
vt 0.137931 0.000000
vt 0.206897 1.000000
vt 0.172414 0.000000
vt 0.241379 1.000000
vt 0.206897 0.000000
vt 0.275862 1.000000
vt 0.241379 0.000000
vt 0.310345 1.000000
vt 0.275862 0.000000
vt 0.344828 1.000000
vt 0.310345 0.000000
vt 0.379310 1.000000
vt 0.344828 0.000000
vt 0.413793 1.000000
vt 0.379310 0.000000
vt 0.448276 1.000000
vt 0.413793 0.000000
vt 0.482759 1.000000
vt 0.448276 0.000000
vt 0.517241 1.000000
vt 0.482759 0.000000
vt 0.551724 1.000000
vt 0.517241 0.000000
vt 0.586207 1.000000
vt 0.551724 0.000000
vt 0.620690 1.000000
vt 0.586207 0.000000
vt 0.655172 1.000000
vt 0.620690 0.000000
vt 0.689655 1.000000
vt 0.655172 0.000000
vt 0.724138 1.000000
vt 0.689655 0.000000
vt 0.758621 1.000000
vt 0.724138 0.000000
vt 0.793103 1.000000
vt 0.758621 0.000000
vt 0.827586 1.000000
vt 0.793103 0.000000
vt 0.862069 1.000000
vt 0.827586 0.000000
vt 0.896552 1.000000
vt 0.862069 0.000000
vt 0.931035 1.000000
vt 0.896552 0.000000
vt 0.965517 1.000000
vt 0.931035 0.000000
vt 0.965517 0.000000
vt 0.037037 1.000000
vt 0.074074 1.000000
vt 0.037037 0.000000
vt 0.111111 1.000000
vt 0.074074 0.000000
vt 0.148148 1.000000
vt 0.111111 0.000000
vt 0.185185 1.000000
vt 0.148148 0.000000
vt 0.222222 1.000000
vt 0.185185 0.000000
vt 0.259259 1.000000
vt 0.222222 0.000000
vt 0.296296 1.000000
vt 0.259259 0.000000
vt 0.333333 1.000000
vt 0.296296 0.000000
vt 0.370370 1.000000
vt 0.333333 0.000000
vt 0.407407 1.000000
vt 0.370370 0.000000
vt 0.444444 1.000000
vt 0.407407 0.000000
vt 0.481481 1.000000
vt 0.444444 0.000000
vt 0.518519 1.000000
vt 0.481481 0.000000
vt 0.555556 1.000000
vt 0.518519 0.000000
vt 0.592593 1.000000
vt 0.555556 0.000000
vt 0.629630 1.000000
vt 0.592593 0.000000
vt 0.666667 1.000000
vt 0.629630 0.000000
vt 0.703704 1.000000
vt 0.666667 0.000000
vt 0.740741 1.000000
vt 0.703704 0.000000
vt 0.777778 1.000000
vt 0.740741 0.000000
vt 0.814815 1.000000
vt 0.777778 0.000000
vt 0.851852 1.000000
vt 0.814815 0.000000
vt 0.888889 1.000000
vt 0.851852 0.000000
vt 0.925926 1.000000
vt 0.888889 0.000000
vt 0.962963 1.000000
vt 0.925926 0.000000
vt 0.962963 0.000000
vt 0.125000 1.000000
vt 0.250000 1.000000
vt 0.125000 0.000000
vt 0.375000 1.000000
vt 0.250000 0.000000
vt 0.375000 0.000000
vt 0.625000 1.000000
vt 0.750000 1.000000
vt 0.625000 0.000000
vt 0.875000 1.000000
vt 0.750000 0.000000
vt 0.875000 0.000000
vt 0.010204 1.000000
vt 0.020408 1.000000
vt 0.010204 0.000000
vt 0.030612 1.000000
vt 0.020408 0.000000
vt 0.040816 1.000000
vt 0.030612 0.000000
vt 0.051020 1.000000
vt 0.040816 0.000000
vt 0.061224 1.000000
vt 0.051020 0.000000
vt 0.071429 1.000000
vt 0.061224 0.000000
vt 0.081633 1.000000
vt 0.071429 0.000000
vt 0.091837 1.000000
vt 0.081633 0.000000
vt 0.102041 1.000000
vt 0.091837 0.000000
vt 0.112245 1.000000
vt 0.102041 0.000000
vt 0.122449 1.000000
vt 0.112245 0.000000
vt 0.132653 1.000000
vt 0.122449 0.000000
vt 0.142857 1.000000
vt 0.132653 0.000000
vt 0.153061 1.000000
vt 0.142857 0.000000
vt 0.163265 1.000000
vt 0.153061 0.000000
vt 0.173469 1.000000
vt 0.163265 0.000000
vt 0.183673 1.000000
vt 0.173469 0.000000
vt 0.193878 1.000000
vt 0.183673 0.000000
vt 0.204082 1.000000
vt 0.193878 0.000000
vt 0.214286 1.000000
vt 0.204082 0.000000
vt 0.224490 1.000000
vt 0.214286 0.000000
vt 0.234694 1.000000
vt 0.224490 0.000000
vt 0.244898 1.000000
vt 0.234694 0.000000
vt 0.255102 1.000000
vt 0.244898 0.000000
vt 0.265306 1.000000
vt 0.255102 0.000000
vt 0.275510 1.000000
vt 0.265306 0.000000
vt 0.285714 1.000000
vt 0.275510 0.000000
vt 0.295918 1.000000
vt 0.285714 0.000000
vt 0.306122 1.000000
vt 0.295918 0.000000
vt 0.316327 1.000000
vt 0.306122 0.000000
vt 0.326531 1.000000
vt 0.316327 0.000000
vt 0.336735 1.000000
vt 0.326531 0.000000
vt 0.346939 1.000000
vt 0.336735 0.000000
vt 0.357143 1.000000
vt 0.346939 0.000000
vt 0.367347 1.000000
vt 0.357143 0.000000
vt 0.377551 1.000000
vt 0.367347 0.000000
vt 0.387755 1.000000
vt 0.377551 0.000000
vt 0.397959 1.000000
vt 0.387755 0.000000
vt 0.408163 1.000000
vt 0.397959 0.000000
vt 0.418367 1.000000
vt 0.408163 0.000000
vt 0.428571 1.000000
vt 0.418367 0.000000
vt 0.438776 1.000000
vt 0.428571 0.000000
vt 0.448980 1.000000
vt 0.438776 0.000000
vt 0.459184 1.000000
vt 0.448980 0.000000
vt 0.469388 1.000000
vt 0.459184 0.000000
vt 0.479592 1.000000
vt 0.469388 0.000000
vt 0.489796 1.000000
vt 0.479592 0.000000
vt 0.489796 0.000000
vt 0.510204 1.000000
vt 0.520408 1.000000
vt 0.510204 0.000000
vt 0.530612 1.000000
vt 0.520408 0.000000
vt 0.540816 1.000000
vt 0.530612 0.000000
vt 0.551020 1.000000
vt 0.540816 0.000000
vt 0.561224 1.000000
vt 0.551020 0.000000
vt 0.571429 1.000000
vt 0.561224 0.000000
vt 0.581633 1.000000
vt 0.571429 0.000000
vt 0.591837 1.000000
vt 0.581633 0.000000
vt 0.602041 1.000000
vt 0.591837 0.000000
vt 0.612245 1.000000
vt 0.602041 0.000000
vt 0.622449 1.000000
vt 0.612245 0.000000
vt 0.632653 1.000000
vt 0.622449 0.000000
vt 0.642857 1.000000
vt 0.632653 0.000000
vt 0.653061 1.000000
vt 0.642857 0.000000
vt 0.663265 1.000000
vt 0.653061 0.000000
vt 0.673469 1.000000
vt 0.663265 0.000000
vt 0.683673 1.000000
vt 0.673469 0.000000
vt 0.693878 1.000000
vt 0.683673 0.000000
vt 0.704082 1.000000
vt 0.693878 0.000000
vt 0.714286 1.000000
vt 0.704082 0.000000
vt 0.724490 1.000000
vt 0.714286 0.000000
vt 0.734694 1.000000
vt 0.724490 0.000000
vt 0.744898 1.000000
vt 0.734694 0.000000
vt 0.755102 1.000000
vt 0.744898 0.000000
vt 0.765306 1.000000
vt 0.755102 0.000000
vt 0.775510 1.000000
vt 0.765306 0.000000
vt 0.785714 1.000000
vt 0.775510 0.000000
vt 0.795918 1.000000
vt 0.785714 0.000000
vt 0.806122 1.000000
vt 0.795918 0.000000
vt 0.816327 1.000000
vt 0.806122 0.000000
vt 0.826531 1.000000
vt 0.816327 0.000000
vt 0.836735 1.000000
vt 0.826531 0.000000
vt 0.846939 1.000000
vt 0.836735 0.000000
vt 0.857143 1.000000
vt 0.846939 0.000000
vt 0.867347 1.000000
vt 0.857143 0.000000
vt 0.877551 1.000000
vt 0.867347 0.000000
vt 0.887755 1.000000
vt 0.877551 0.000000
vt 0.897959 1.000000
vt 0.887755 0.000000
vt 0.908163 1.000000
vt 0.897959 0.000000
vt 0.918367 1.000000
vt 0.908163 0.000000
vt 0.928571 1.000000
vt 0.918367 0.000000
vt 0.938776 1.000000
vt 0.928571 0.000000
vt 0.948980 1.000000
vt 0.938776 0.000000
vt 0.959184 1.000000
vt 0.948980 0.000000
vt 0.969388 1.000000
vt 0.959184 0.000000
vt 0.979592 1.000000
vt 0.969388 0.000000
vt 0.989796 1.000000
vt 0.979592 0.000000
vt 0.989796 0.000000
vt 0.083333 1.000000
vt 0.166667 1.000000
vt 0.083333 0.000000
vt 0.166667 0.000000
vt 0.416667 1.000000
vt 0.416667 0.000000
vt 0.583333 1.000000
vt 0.583333 0.000000
vt 0.833333 1.000000
vt 0.916667 1.000000
vt 0.833333 0.000000
vt 0.916667 0.000000
s 0
usemtl マテリアル.002
f 9/1/1 1/2/1 10/3/1
f 1/2/1 11/4/1 10/3/1
f 1/2/1 12/5/1 11/4/1
f 9/1/1 2/6/1 1/2/1
f 9/1/1 5/7/1 2/6/1
f 5/7/1 3/8/1 2/6/1
f 5/7/1 4/9/1 3/8/1
f 9/1/1 6/10/1 5/7/1
f 9/1/1 7/11/1 6/10/1
f 9/1/1 8/12/1 7/11/1
f 96/13/1 98/14/1 97/15/1
f 96/13/1 99/16/1 98/14/1
f 96/13/1 100/17/1 99/16/1
f 95/18/1 100/17/1 96/13/1
f 95/18/1 101/19/1 100/17/1
f 95/18/1 102/20/1 101/19/1
f 95/18/1 103/21/1 102/20/1
f 94/22/1 103/21/1 95/18/1
f 94/22/1 104/23/1 103/21/1
f 94/22/1 105/24/1 104/23/1
f 94/22/1 106/25/1 105/24/1
f 93/26/1 106/25/1 94/22/1
f 93/26/1 107/27/1 106/25/1
f 93/26/1 108/28/1 107/27/1
f 93/26/1 109/29/1 108/28/1
f 92/30/1 109/29/1 93/26/1
f 92/30/1 22/31/1 109/29/1
f 22/31/1 21/32/1 109/29/1
f 21/32/1 20/33/1 109/29/1
f 20/33/1 19/34/1 109/29/1
f 19/34/1 18/35/1 109/29/1
f 18/35/1 17/36/1 109/29/1
f 17/36/1 16/37/1 109/29/1
f 16/37/1 15/38/1 109/29/1
f 15/38/1 14/39/1 109/29/1
f 14/39/1 13/2/1 109/29/1
f 13/2/1 110/5/1 109/29/1
f 91/40/1 24/41/1 92/30/1
f 24/41/1 23/42/1 92/30/1
f 23/42/1 22/31/1 92/30/1
f 91/40/1 25/43/1 24/41/1
f 91/40/1 26/44/1 25/43/1
f 91/40/1 27/45/1 26/44/1
f 90/46/1 27/45/1 91/40/1
f 90/46/1 28/47/1 27/45/1
f 90/46/1 29/48/1 28/47/1
f 89/49/1 29/48/1 90/46/1
f 89/49/1 30/50/1 29/48/1
f 89/49/1 31/51/1 30/50/1
f 88/52/1 31/51/1 89/49/1
f 88/52/1 32/53/1 31/51/1
f 87/54/1 32/53/1 88/52/1
f 87/54/1 33/55/1 32/53/1
f 87/54/1 34/56/1 33/55/1
f 86/57/1 34/56/1 87/54/1
f 86/57/1 35/58/1 34/56/1
f 85/59/1 35/58/1 86/57/1
f 85/59/1 36/60/1 35/58/1
f 85/59/1 37/61/1 36/60/1
f 84/62/1 37/61/1 85/59/1
f 84/62/1 38/63/1 37/61/1
f 83/64/1 38/63/1 84/62/1
f 83/64/1 39/65/1 38/63/1
f 82/66/1 39/65/1 83/64/1
f 82/66/1 40/67/1 39/65/1
f 81/68/1 40/67/1 82/66/1
f 81/68/1 41/69/1 40/67/1
f 80/70/1 41/69/1 81/68/1
f 80/70/1 42/71/1 41/69/1
f 59/72/1 61/73/1 60/74/1
f 80/70/1 43/75/1 42/71/1
f 58/76/1 61/73/1 59/72/1
f 79/77/1 43/75/1 80/70/1
f 57/78/1 61/73/1 58/76/1
f 79/77/1 44/79/1 43/75/1
f 56/80/1 61/73/1 57/78/1
f 55/81/1 61/73/1 56/80/1
f 79/77/1 45/82/1 44/79/1
f 54/83/1 61/73/1 55/81/1
f 78/84/1 45/82/1 79/77/1
f 53/85/1 61/73/1 54/83/1
f 78/84/1 46/86/1 45/82/1
f 52/87/1 61/73/1 53/85/1
f 51/88/1 61/73/1 52/87/1
f 78/84/1 47/89/1 46/86/1
f 50/90/1 61/73/1 51/88/1
f 49/91/1 61/73/1 50/90/1
f 78/84/1 48/92/1 47/89/1
f 48/92/1 61/73/1 49/91/1
f 78/84/1 61/73/1 48/92/1
f 77/93/1 61/73/1 78/84/1
f 77/93/1 62/94/1 61/73/1
f 76/95/1 62/94/1 77/93/1
f 76/95/1 63/96/1 62/94/1
f 76/95/1 64/97/1 63/96/1
f 76/95/1 65/98/1 64/97/1
f 75/99/1 65/98/1 76/95/1
f 75/99/1 66/100/1 65/98/1
f 75/99/1 67/101/1 66/100/1
f 75/99/1 68/102/1 67/101/1
f 74/103/1 68/102/1 75/99/1
f 74/103/1 69/104/1 68/102/1
f 74/103/1 70/105/1 69/104/1
f 74/103/1 71/106/1 70/105/1
f 73/107/1 71/106/1 74/103/1
f 73/107/1 72/108/1 71/106/1
f 115/109/1 117/110/1 116/111/1
f 115/109/1 120/112/1 117/110/1
f 120/112/1 118/113/1 117/110/1
f 115/109/1 121/5/1 120/112/1
f 119/114/1 118/113/1 120/112/1
f 115/109/1 113/115/1 121/5/1
f 113/115/1 119/114/1 121/5/1
f 113/115/1 112/116/1 119/114/1
f 112/116/1 118/113/1 119/114/1
f 115/109/1 114/117/1 113/115/1
f 111/2/1 118/113/1 112/116/1
f 148/118/1 176/119/1 149/120/1
f 176/119/1 150/121/1 149/120/1
f 176/119/1 122/2/1 150/121/1
f 176/119/1 123/122/1 122/2/1
f 176/119/1 124/123/1 123/122/1
f 176/119/1 125/124/1 124/123/1
f 176/119/1 126/125/1 125/124/1
f 176/119/1 127/6/1 126/125/1
f 176/119/1 128/126/1 127/6/1
f 176/119/1 175/127/1 128/126/1
f 175/127/1 129/128/1 128/126/1
f 148/118/1 177/5/1 176/119/1
f 174/129/1 129/128/1 175/127/1
f 173/130/1 129/128/1 174/129/1
f 172/4/1 129/128/1 173/130/1
f 172/4/1 130/131/1 129/128/1
f 171/132/1 130/131/1 172/4/1
f 170/133/1 130/131/1 171/132/1
f 169/134/1 130/131/1 170/133/1
f 169/134/1 131/135/1 130/131/1
f 168/136/1 131/135/1 169/134/1
f 167/3/1 131/135/1 168/136/1
f 166/114/1 131/135/1 167/3/1
f 166/114/1 132/8/1 131/135/1
f 165/137/1 132/8/1 166/114/1
f 164/138/1 132/8/1 165/137/1
f 164/138/1 133/115/1 132/8/1
f 163/139/1 133/115/1 164/138/1
f 162/1/1 133/115/1 163/139/1
f 162/1/1 134/140/1 133/115/1
f 161/141/1 134/140/1 162/1/1
f 161/141/1 135/142/1 134/140/1
f 160/143/1 135/142/1 161/141/1
f 159/144/1 135/142/1 160/143/1
f 159/144/1 136/145/1 135/142/1
f 158/146/1 136/145/1 159/144/1
f 157/12/1 136/145/1 158/146/1
f 157/12/1 137/9/1 136/145/1
f 156/147/1 137/9/1 157/12/1
f 155/110/1 137/9/1 156/147/1
f 154/148/1 137/9/1 155/110/1
f 153/149/1 137/9/1 154/148/1
f 153/149/1 138/150/1 137/9/1
f 152/11/1 138/150/1 153/149/1
f 151/151/1 138/150/1 152/11/1
f 148/118/1 146/152/1 177/5/1
f 146/152/1 151/151/1 177/5/1
f 146/152/1 138/150/1 151/151/1
f 146/152/1 139/153/1 138/150/1
f 146/152/1 140/154/1 139/153/1
f 146/152/1 141/155/1 140/154/1
f 146/152/1 142/7/1 141/155/1
f 146/152/1 143/156/1 142/7/1
f 146/152/1 144/109/1 143/156/1
f 146/152/1 145/157/1 144/109/1
f 148/118/1 147/10/1 146/152/1
f 285/158/1 287/159/1 286/160/1
f 285/158/1 288/4/1 287/159/1
f 285/158/1 289/161/1 288/4/1
f 284/162/1 289/161/1 285/158/1
f 284/162/1 290/163/1 289/161/1
f 284/162/1 291/164/1 290/163/1
f 283/165/1 291/164/1 284/162/1
f 283/165/1 292/166/1 291/164/1
f 283/165/1 293/167/1 292/166/1
f 282/168/1 293/167/1 283/165/1
f 282/168/1 294/169/1 293/167/1
f 282/168/1 295/170/1 294/169/1
f 281/171/1 295/170/1 282/168/1
f 281/171/1 296/172/1 295/170/1
f 281/171/1 297/173/1 296/172/1
f 280/174/1 297/173/1 281/171/1
f 280/174/1 298/175/1 297/173/1
f 280/174/1 185/176/1 298/175/1
f 185/176/1 184/177/1 298/175/1
f 184/177/1 183/178/1 298/175/1
f 183/178/1 182/179/1 298/175/1
f 182/179/1 181/180/1 298/175/1
f 181/180/1 180/181/1 298/175/1
f 180/181/1 179/182/1 298/175/1
f 179/182/1 178/2/1 298/175/1
f 178/2/1 299/5/1 298/175/1
f 279/183/1 187/184/1 280/174/1
f 187/184/1 186/185/1 280/174/1
f 186/185/1 185/176/1 280/174/1
f 278/186/1 189/6/1 279/183/1
f 189/6/1 188/187/1 279/183/1
f 188/187/1 187/184/1 279/183/1
f 277/3/1 190/188/1 278/186/1
f 190/188/1 189/6/1 278/186/1
f 277/3/1 191/189/1 190/188/1
f 277/3/1 192/190/1 191/189/1
f 277/3/1 193/191/1 192/190/1
f 277/3/1 194/192/1 193/191/1
f 277/3/1 195/193/1 194/192/1
f 276/194/1 195/193/1 277/3/1
f 276/194/1 196/195/1 195/193/1
f 276/194/1 197/196/1 196/195/1
f 276/194/1 198/197/1 197/196/1
f 275/198/1 198/197/1 276/194/1
f 275/198/1 199/199/1 198/197/1
f 275/198/1 200/8/1 199/199/1
f 274/200/1 200/8/1 275/198/1
f 274/200/1 201/201/1 200/8/1
f 274/200/1 202/202/1 201/201/1
f 273/203/1 202/202/1 274/200/1
f 273/203/1 203/204/1 202/202/1
f 273/203/1 204/205/1 203/204/1
f 272/206/1 204/205/1 273/203/1
f 272/206/1 205/207/1 204/205/1
f 271/208/1 205/207/1 272/206/1
f 271/208/1 206/209/1 205/207/1
f 271/208/1 207/210/1 206/209/1
f 270/211/1 207/210/1 271/208/1
f 270/211/1 208/212/1 207/210/1
f 269/213/1 208/212/1 270/211/1
f 269/213/1 209/214/1 208/212/1
f 268/215/1 209/214/1 269/213/1
f 268/215/1 210/216/1 209/214/1
f 267/217/1 210/216/1 268/215/1
f 267/217/1 211/9/1 210/216/1
f 266/1/1 211/9/1 267/217/1
f 265/218/1 211/9/1 266/1/1
f 265/218/1 212/219/1 211/9/1
f 264/220/1 212/219/1 265/218/1
f 263/221/1 212/219/1 264/220/1
f 263/221/1 213/222/1 212/219/1
f 262/223/1 213/222/1 263/221/1
f 237/224/1 239/225/1 238/226/1
f 262/223/1 214/227/1 213/222/1
f 261/228/1 214/227/1 262/223/1
f 237/224/1 240/229/1 239/225/1
f 260/230/1 214/227/1 261/228/1
f 260/230/1 215/231/1 214/227/1
f 237/224/1 241/232/1 240/229/1
f 259/233/1 215/231/1 260/230/1
f 237/224/1 242/234/1 241/232/1
f 258/235/1 215/231/1 259/233/1
f 257/236/1 215/231/1 258/235/1
f 257/236/1 216/237/1 215/231/1
f 237/224/1 243/238/1 242/234/1
f 256/239/1 216/237/1 257/236/1
f 237/224/1 244/11/1 243/238/1
f 255/12/1 216/237/1 256/239/1
f 237/224/1 245/240/1 244/11/1
f 255/12/1 217/241/1 216/237/1
f 254/242/1 217/241/1 255/12/1
f 237/224/1 246/243/1 245/240/1
f 253/244/1 217/241/1 254/242/1
f 237/224/1 247/245/1 246/243/1
f 252/246/1 217/241/1 253/244/1
f 237/224/1 248/247/1 247/245/1
f 251/248/1 217/241/1 252/246/1
f 237/224/1 249/249/1 248/247/1
f 251/248/1 218/250/1 217/241/1
f 250/251/1 218/250/1 251/248/1
f 237/224/1 250/251/1 249/249/1
f 237/224/1 218/250/1 250/251/1
f 237/224/1 219/252/1 218/250/1
f 236/253/1 219/252/1 237/224/1
f 235/254/1 219/252/1 236/253/1
f 235/254/1 220/255/1 219/252/1
f 234/256/1 220/255/1 235/254/1
f 234/256/1 221/257/1 220/255/1
f 233/10/1 221/257/1 234/256/1
f 232/258/1 221/257/1 233/10/1
f 232/258/1 222/7/1 221/257/1
f 231/259/1 222/7/1 232/258/1
f 230/260/1 222/7/1 231/259/1
f 230/260/1 223/261/1 222/7/1
f 229/262/1 223/261/1 230/260/1
f 228/263/1 223/261/1 229/262/1
f 228/263/1 224/264/1 223/261/1
f 227/265/1 224/264/1 228/263/1
f 226/266/1 224/264/1 227/265/1
f 226/266/1 225/267/1 224/264/1
f 308/1/2 309/3/2 300/2/2
f 300/2/2 309/3/2 310/4/2
f 300/2/2 310/4/2 311/5/2
f 308/1/2 300/2/2 301/6/2
f 308/1/2 301/6/2 304/7/2
f 304/7/2 301/6/2 302/8/2
f 304/7/2 302/8/2 303/9/2
f 308/1/2 304/7/2 305/10/2
f 308/1/2 305/10/2 306/11/2
f 308/1/2 306/11/2 307/12/2
f 395/13/2 396/15/2 397/14/2
f 395/13/2 397/14/2 398/16/2
f 395/13/2 398/16/2 399/17/2
f 394/18/2 395/13/2 399/17/2
f 394/18/2 399/17/2 400/19/2
f 394/18/2 400/19/2 401/20/2
f 394/18/2 401/20/2 402/21/2
f 393/22/2 394/18/2 402/21/2
f 393/22/2 402/21/2 403/23/2
f 393/22/2 403/23/2 404/24/2
f 393/22/2 404/24/2 405/25/2
f 392/26/2 393/22/2 405/25/2
f 392/26/2 405/25/2 406/27/2
f 392/26/2 406/27/2 407/28/2
f 392/26/2 407/28/2 408/29/2
f 391/30/2 392/26/2 408/29/2
f 391/30/2 408/29/2 321/31/2
f 321/31/2 408/29/2 320/32/2
f 320/32/2 408/29/2 319/33/2
f 319/33/2 408/29/2 318/34/2
f 318/34/2 408/29/2 317/35/2
f 317/35/2 408/29/2 316/36/2
f 316/36/2 408/29/2 315/37/2
f 315/37/2 408/29/2 314/38/2
f 314/38/2 408/29/2 313/39/2
f 313/39/2 408/29/2 312/2/2
f 312/2/2 408/29/2 409/5/2
f 390/40/2 391/30/2 323/41/2
f 323/41/2 391/30/2 322/42/2
f 322/42/2 391/30/2 321/31/2
f 390/40/2 323/41/2 324/43/2
f 390/40/2 324/43/2 325/44/2
f 390/40/2 325/44/2 326/45/2
f 389/46/2 390/40/2 326/45/2
f 389/46/2 326/45/2 327/47/2
f 389/46/2 327/47/2 328/48/2
f 388/49/2 389/46/2 328/48/2
f 388/49/2 328/48/2 329/50/2
f 388/49/2 329/50/2 330/51/2
f 387/52/2 388/49/2 330/51/2
f 387/52/2 330/51/2 331/53/2
f 386/54/2 387/52/2 331/53/2
f 386/54/2 331/53/2 332/55/2
f 386/54/2 332/55/2 333/56/2
f 385/57/2 386/54/2 333/56/2
f 385/57/2 333/56/2 334/58/2
f 384/59/2 385/57/2 334/58/2
f 384/59/2 334/58/2 335/60/2
f 384/59/2 335/60/2 336/61/2
f 383/62/2 384/59/2 336/61/2
f 383/62/2 336/61/2 337/63/2
f 382/64/2 383/62/2 337/63/2
f 382/64/2 337/63/2 338/65/2
f 381/66/2 382/64/2 338/65/2
f 381/66/2 338/65/2 339/67/2
f 380/68/2 381/66/2 339/67/2
f 380/68/2 339/67/2 340/69/2
f 379/70/2 380/68/2 340/69/2
f 379/70/2 340/69/2 341/71/2
f 358/72/2 359/74/2 360/73/2
f 379/70/2 341/71/2 342/75/2
f 357/76/2 358/72/2 360/73/2
f 378/77/2 379/70/2 342/75/2
f 356/78/2 357/76/2 360/73/2
f 378/77/2 342/75/2 343/79/2
f 355/80/2 356/78/2 360/73/2
f 354/81/2 355/80/2 360/73/2
f 378/77/2 343/79/2 344/82/2
f 353/83/2 354/81/2 360/73/2
f 377/84/2 378/77/2 344/82/2
f 352/85/2 353/83/2 360/73/2
f 377/84/2 344/82/2 345/86/2
f 351/87/2 352/85/2 360/73/2
f 350/88/2 351/87/2 360/73/2
f 377/84/2 345/86/2 346/89/2
f 349/90/2 350/88/2 360/73/2
f 348/91/2 349/90/2 360/73/2
f 377/84/2 346/89/2 347/92/2
f 347/92/2 348/91/2 360/73/2
f 377/84/2 347/92/2 360/73/2
f 376/93/2 377/84/2 360/73/2
f 376/93/2 360/73/2 361/94/2
f 375/95/2 376/93/2 361/94/2
f 375/95/2 361/94/2 362/96/2
f 375/95/2 362/96/2 363/97/2
f 375/95/2 363/97/2 364/98/2
f 374/99/2 375/95/2 364/98/2
f 374/99/2 364/98/2 365/100/2
f 374/99/2 365/100/2 366/101/2
f 374/99/2 366/101/2 367/102/2
f 373/103/2 374/99/2 367/102/2
f 373/103/2 367/102/2 368/104/2
f 373/103/2 368/104/2 369/105/2
f 373/103/2 369/105/2 370/106/2
f 372/107/2 373/103/2 370/106/2
f 372/107/2 370/106/2 371/108/2
f 414/109/2 415/111/2 416/110/2
f 414/109/2 416/110/2 419/112/2
f 419/112/2 416/110/2 417/113/2
f 414/109/2 419/112/2 420/5/2
f 418/114/2 419/112/2 417/113/2
f 414/109/2 420/5/2 412/115/2
f 412/115/2 420/5/2 418/114/2
f 412/115/2 418/114/2 411/116/2
f 411/116/2 418/114/2 417/113/2
f 414/109/2 412/115/2 413/117/2
f 410/2/2 411/116/2 417/113/2
f 447/118/2 448/120/2 475/119/2
f 475/119/2 448/120/2 449/121/2
f 475/119/2 449/121/2 421/2/2
f 475/119/2 421/2/2 422/122/2
f 475/119/2 422/122/2 423/123/2
f 475/119/2 423/123/2 424/124/2
f 475/119/2 424/124/2 425/125/2
f 475/119/2 425/125/2 426/6/2
f 475/119/2 426/6/2 427/126/2
f 475/119/2 427/126/2 474/127/2
f 474/127/2 427/126/2 428/128/2
f 447/118/2 475/119/2 476/5/2
f 473/129/2 474/127/2 428/128/2
f 472/130/2 473/129/2 428/128/2
f 471/4/2 472/130/2 428/128/2
f 471/4/2 428/128/2 429/131/2
f 470/132/2 471/4/2 429/131/2
f 469/133/2 470/132/2 429/131/2
f 468/134/2 469/133/2 429/131/2
f 468/134/2 429/131/2 430/135/2
f 467/136/2 468/134/2 430/135/2
f 466/3/2 467/136/2 430/135/2
f 465/114/2 466/3/2 430/135/2
f 465/114/2 430/135/2 431/8/2
f 464/137/2 465/114/2 431/8/2
f 463/138/2 464/137/2 431/8/2
f 463/138/2 431/8/2 432/115/2
f 462/139/2 463/138/2 432/115/2
f 461/1/2 462/139/2 432/115/2
f 461/1/2 432/115/2 433/140/2
f 460/141/2 461/1/2 433/140/2
f 460/141/2 433/140/2 434/142/2
f 459/143/2 460/141/2 434/142/2
f 458/144/2 459/143/2 434/142/2
f 458/144/2 434/142/2 435/145/2
f 457/146/2 458/144/2 435/145/2
f 456/12/2 457/146/2 435/145/2
f 456/12/2 435/145/2 436/9/2
f 455/147/2 456/12/2 436/9/2
f 454/110/2 455/147/2 436/9/2
f 453/148/2 454/110/2 436/9/2
f 452/149/2 453/148/2 436/9/2
f 452/149/2 436/9/2 437/150/2
f 451/11/2 452/149/2 437/150/2
f 450/151/2 451/11/2 437/150/2
f 447/118/2 476/5/2 445/152/2
f 445/152/2 476/5/2 450/151/2
f 445/152/2 450/151/2 437/150/2
f 445/152/2 437/150/2 438/153/2
f 445/152/2 438/153/2 439/154/2
f 445/152/2 439/154/2 440/155/2
f 445/152/2 440/155/2 441/7/2
f 445/152/2 441/7/2 442/156/2
f 445/152/2 442/156/2 443/109/2
f 445/152/2 443/109/2 444/157/2
f 447/118/2 445/152/2 446/10/2
f 584/158/2 585/160/2 586/159/2
f 584/158/2 586/159/2 587/4/2
f 584/158/2 587/4/2 588/161/2
f 583/162/2 584/158/2 588/161/2
f 583/162/2 588/161/2 589/163/2
f 583/162/2 589/163/2 590/164/2
f 582/165/2 583/162/2 590/164/2
f 582/165/2 590/164/2 591/166/2
f 582/165/2 591/166/2 592/167/2
f 581/168/2 582/165/2 592/167/2
f 581/168/2 592/167/2 593/169/2
f 581/168/2 593/169/2 594/170/2
f 580/171/2 581/168/2 594/170/2
f 580/171/2 594/170/2 595/172/2
f 580/171/2 595/172/2 596/173/2
f 579/174/2 580/171/2 596/173/2
f 579/174/2 596/173/2 597/175/2
f 579/174/2 597/175/2 484/176/2
f 484/176/2 597/175/2 483/177/2
f 483/177/2 597/175/2 482/178/2
f 482/178/2 597/175/2 481/179/2
f 481/179/2 597/175/2 480/180/2
f 480/180/2 597/175/2 479/181/2
f 479/181/2 597/175/2 478/182/2
f 478/182/2 597/175/2 477/2/2
f 477/2/2 597/175/2 598/5/2
f 578/183/2 579/174/2 486/184/2
f 486/184/2 579/174/2 485/185/2
f 485/185/2 579/174/2 484/176/2
f 577/186/2 578/183/2 488/6/2
f 488/6/2 578/183/2 487/187/2
f 487/187/2 578/183/2 486/184/2
f 576/3/2 577/186/2 489/188/2
f 489/188/2 577/186/2 488/6/2
f 576/3/2 489/188/2 490/189/2
f 576/3/2 490/189/2 491/190/2
f 576/3/2 491/190/2 492/191/2
f 576/3/2 492/191/2 493/192/2
f 576/3/2 493/192/2 494/193/2
f 575/194/2 576/3/2 494/193/2
f 575/194/2 494/193/2 495/195/2
f 575/194/2 495/195/2 496/196/2
f 575/194/2 496/196/2 497/197/2
f 574/198/2 575/194/2 497/197/2
f 574/198/2 497/197/2 498/199/2
f 574/198/2 498/199/2 499/8/2
f 573/200/2 574/198/2 499/8/2
f 573/200/2 499/8/2 500/201/2
f 573/200/2 500/201/2 501/202/2
f 572/203/2 573/200/2 501/202/2
f 572/203/2 501/202/2 502/204/2
f 572/203/2 502/204/2 503/205/2
f 571/206/2 572/203/2 503/205/2
f 571/206/2 503/205/2 504/207/2
f 570/208/2 571/206/2 504/207/2
f 570/208/2 504/207/2 505/209/2
f 570/208/2 505/209/2 506/210/2
f 569/211/2 570/208/2 506/210/2
f 569/211/2 506/210/2 507/212/2
f 568/213/2 569/211/2 507/212/2
f 568/213/2 507/212/2 508/214/2
f 567/215/2 568/213/2 508/214/2
f 567/215/2 508/214/2 509/216/2
f 566/217/2 567/215/2 509/216/2
f 566/217/2 509/216/2 510/9/2
f 565/1/2 566/217/2 510/9/2
f 564/218/2 565/1/2 510/9/2
f 564/218/2 510/9/2 511/219/2
f 563/220/2 564/218/2 511/219/2
f 562/221/2 563/220/2 511/219/2
f 562/221/2 511/219/2 512/222/2
f 561/223/2 562/221/2 512/222/2
f 536/224/2 537/226/2 538/225/2
f 561/223/2 512/222/2 513/227/2
f 560/228/2 561/223/2 513/227/2
f 536/224/2 538/225/2 539/229/2
f 559/230/2 560/228/2 513/227/2
f 559/230/2 513/227/2 514/231/2
f 536/224/2 539/229/2 540/232/2
f 558/233/2 559/230/2 514/231/2
f 536/224/2 540/232/2 541/234/2
f 557/235/2 558/233/2 514/231/2
f 556/236/2 557/235/2 514/231/2
f 556/236/2 514/231/2 515/237/2
f 536/224/2 541/234/2 542/238/2
f 555/239/2 556/236/2 515/237/2
f 536/224/2 542/238/2 543/11/2
f 554/12/2 555/239/2 515/237/2
f 536/224/2 543/11/2 544/240/2
f 554/12/2 515/237/2 516/241/2
f 553/242/2 554/12/2 516/241/2
f 536/224/2 544/240/2 545/243/2
f 552/244/2 553/242/2 516/241/2
f 536/224/2 545/243/2 546/245/2
f 551/246/2 552/244/2 516/241/2
f 536/224/2 546/245/2 547/247/2
f 550/248/2 551/246/2 516/241/2
f 536/224/2 547/247/2 548/249/2
f 550/248/2 516/241/2 517/250/2
f 549/251/2 550/248/2 517/250/2
f 536/224/2 548/249/2 549/251/2
f 536/224/2 549/251/2 517/250/2
f 536/224/2 517/250/2 518/252/2
f 535/253/2 536/224/2 518/252/2
f 534/254/2 535/253/2 518/252/2
f 534/254/2 518/252/2 519/255/2
f 533/256/2 534/254/2 519/255/2
f 533/256/2 519/255/2 520/257/2
f 532/10/2 533/256/2 520/257/2
f 531/258/2 532/10/2 520/257/2
f 531/258/2 520/257/2 521/7/2
f 530/259/2 531/258/2 521/7/2
f 529/260/2 530/259/2 521/7/2
f 529/260/2 521/7/2 522/261/2
f 528/262/2 529/260/2 522/261/2
f 527/263/2 528/262/2 522/261/2
f 527/263/2 522/261/2 523/264/2
f 526/265/2 527/263/2 523/264/2
f 525/266/2 526/265/2 523/264/2
f 525/266/2 523/264/2 524/267/2
s 1
f 602/268/3 599/2/4 600/269/5
f 604/270/6 601/271/3 602/268/3
f 606/272/7 603/273/6 604/270/6
f 608/274/8 605/275/9 606/272/7
f 610/276/10 607/277/8 608/274/8
f 612/278/11 609/279/10 610/276/10
f 614/280/12 611/281/11 612/278/11
f 616/282/13 613/283/12 614/280/12
f 618/284/14 615/285/15 616/282/13
f 620/286/16 617/287/14 618/284/14
f 622/288/17 619/289/16 620/286/16
f 624/290/18 621/291/17 622/288/17
f 626/292/19 623/293/18 624/290/18
f 628/294/20 625/295/19 626/292/19
f 630/296/21 627/297/20 628/294/20
f 632/298/22 629/299/21 630/296/21
f 634/300/23 631/301/22 632/298/22
f 636/302/24 633/303/25 634/300/23
f 638/304/26 635/305/27 636/302/24
f 640/306/28 637/307/26 638/304/26
f 642/308/29 639/309/28 640/306/28
f 644/310/30 641/311/31 642/308/29
f 646/312/32 643/313/30 644/310/30
f 648/314/33 645/315/32 646/312/32
f 650/316/34 647/317/33 648/314/33
f 652/318/35 649/319/36 650/316/34
f 654/320/37 651/321/35 652/318/35
f 656/322/38 653/323/37 654/320/37
f 658/324/39 655/325/38 656/322/38
f 660/326/40 657/327/39 658/324/39
f 662/328/41 659/329/40 660/326/40
f 664/330/42 661/331/43 662/328/41
f 666/332/44 663/333/42 664/330/42
f 668/334/45 665/335/44 666/332/44
f 670/336/46 667/337/45 668/334/45
f 672/338/47 669/339/46 670/336/46
f 674/340/48 671/341/47 672/338/47
f 676/342/49 673/343/48 674/340/48
f 678/344/50 675/345/49 676/342/49
f 680/346/51 677/347/50 678/344/50
f 682/348/52 679/349/51 680/346/51
f 684/350/53 681/351/52 682/348/52
f 686/352/54 683/353/55 684/350/53
f 688/354/56 685/355/54 686/352/54
f 690/356/57 687/357/56 688/354/56
f 692/358/58 689/359/57 690/356/57
f 694/360/59 691/361/58 692/358/58
f 696/362/60 693/363/59 694/360/59
f 698/364/61 695/365/60 696/362/60
f 700/366/62 697/367/61 698/364/61
f 702/368/63 699/369/62 700/366/62
f 704/370/64 701/371/63 702/368/63
f 706/372/65 703/373/64 704/370/64
f 708/374/66 705/375/65 706/372/65
f 710/376/67 707/377/66 708/374/66
f 712/378/68 709/379/67 710/376/67
f 714/380/69 711/381/70 712/378/68
f 716/382/71 713/383/72 714/380/69
f 718/384/73 715/385/71 716/382/71
f 720/386/74 717/387/73 718/384/73
f 722/388/75 719/389/74 720/386/74
f 724/390/76 721/111/75 722/388/75
f 726/391/77 723/392/78 724/390/76
f 728/393/79 725/394/80 726/391/77
f 730/395/81 727/396/79 728/393/79
f 732/397/82 729/398/81 730/395/81
f 734/399/83 731/400/82 732/397/82
f 736/401/84 733/402/83 734/399/83
f 738/403/85 735/404/84 736/401/84
f 740/405/86 737/406/85 738/403/85
f 742/407/87 739/408/86 740/405/86
f 744/409/88 741/410/87 742/407/87
f 746/411/89 743/412/88 744/409/88
f 748/413/90 745/414/89 746/411/89
f 750/415/91 747/416/90 748/413/90
f 752/417/92 749/418/93 750/415/91
f 754/419/94 751/420/92 752/417/92
f 756/421/95 753/422/94 754/419/94
f 758/423/96 755/424/95 756/421/95
f 760/425/97 757/426/96 758/423/96
f 762/427/98 759/428/97 760/425/97
f 764/429/99 761/430/98 762/427/98
f 766/431/100 763/432/101 764/429/99
f 768/433/102 765/434/103 766/431/100
f 770/435/104 767/436/102 768/433/102
f 772/437/105 769/438/104 770/435/104
f 774/439/106 771/440/105 772/437/105
f 776/441/107 773/442/106 774/439/106
f 778/443/108 775/444/107 776/441/107
f 780/445/109 777/446/108 778/443/108
f 782/447/110 779/448/109 780/445/109
f 784/449/111 781/450/112 782/447/110
f 786/451/113 783/452/111 784/449/111
f 788/453/114 785/454/115 786/451/113
f 790/455/116 787/456/114 788/453/114
f 792/457/117 789/458/116 790/455/116
f 794/459/118 791/460/117 792/457/117
f 796/461/119 793/462/118 794/459/118
f 798/463/120 795/464/119 796/461/119
f 800/465/121 797/466/120 798/463/120
f 802/467/122 799/468/121 800/465/121
f 804/469/123 801/470/122 802/467/122
f 806/471/124 803/472/125 804/469/123
f 808/473/126 805/474/124 806/471/124
f 810/475/127 807/476/126 808/473/126
f 812/477/128 809/478/127 810/475/127
f 814/479/129 811/480/128 812/477/128
f 816/481/130 813/482/129 814/479/129
f 818/483/131 815/484/130 816/481/130
f 820/485/132 817/486/131 818/483/131
f 822/487/133 819/488/132 820/485/132
f 824/489/134 821/490/135 822/487/133
f 826/491/136 823/492/134 824/489/134
f 828/493/137 825/494/136 826/491/136
f 830/495/138 827/496/137 828/493/137
f 832/497/139 829/498/138 830/495/138
f 834/499/140 831/500/139 832/497/139
f 836/501/141 833/502/140 834/499/140
f 838/503/142 835/504/141 836/501/141
f 840/505/143 837/506/142 838/503/142
f 842/507/144 839/508/143 840/505/143
f 600/509/5 841/510/144 842/507/144
f 846/511/145 843/2/146 844/269/146
f 848/512/147 845/513/145 846/511/145
f 850/514/148 847/515/147 848/512/147
f 852/516/149 849/517/148 850/514/148
f 854/518/150 851/519/149 852/516/149
f 856/520/151 853/521/150 854/518/150
f 858/522/152 855/523/151 856/520/151
f 860/524/153 857/525/152 858/522/152
f 862/526/154 859/527/153 860/524/153
f 864/528/155 861/529/154 862/526/154
f 866/530/156 863/531/155 864/528/155
f 868/532/157 865/533/156 866/530/156
f 870/534/158 867/535/159 868/532/157
f 872/536/160 869/537/158 870/534/158
f 874/538/161 871/539/160 872/536/160
f 876/540/162 873/541/163 874/538/161
f 878/542/164 875/543/162 876/540/162
f 880/544/165 877/545/164 878/542/164
f 882/546/166 879/547/165 880/544/165
f 884/548/167 881/549/166 882/546/166
f 886/550/168 883/551/167 884/548/167
f 888/552/169 885/553/168 886/550/168
f 890/554/170 887/555/169 888/552/169
f 892/556/171 889/557/170 890/554/170
f 894/558/171 891/559/171 892/556/171
f 896/560/172 893/561/171 894/558/171
f 898/562/173 895/563/172 896/560/172
f 900/564/174 897/565/173 898/562/173
f 844/509/146 899/566/174 900/564/174
f 904/567/175 901/2/176 902/269/176
f 906/568/177 903/569/175 904/567/175
f 908/570/178 905/571/177 906/568/177
f 910/572/179 907/573/180 908/570/178
f 912/574/181 909/575/179 910/572/179
f 914/576/182 911/577/181 912/574/181
f 916/578/183 913/579/182 914/576/182
f 918/580/184 915/581/183 916/578/183
f 920/582/185 917/583/184 918/580/184
f 922/584/186 919/585/185 920/582/185
f 924/586/187 921/587/186 922/584/186
f 926/588/188 923/589/187 924/586/187
f 928/590/189 925/591/188 926/588/188
f 930/592/190 927/593/191 928/590/189
f 932/594/192 929/595/190 930/592/190
f 934/596/193 931/597/192 932/594/192
f 936/598/194 933/599/193 934/596/193
f 938/600/195 935/601/194 936/598/194
f 940/602/196 937/603/195 938/600/195
f 942/604/197 939/605/196 940/602/196
f 944/606/198 941/607/199 942/604/197
f 946/608/200 943/609/198 944/606/198
f 948/610/201 945/611/200 946/608/200
f 950/612/202 947/613/201 948/610/201
f 952/614/171 949/615/202 950/612/202
f 954/616/203 951/617/171 952/614/171
f 902/509/176 953/618/203 954/616/203
f 958/619/204 955/2/204 956/269/204
f 960/620/205 957/621/204 958/619/204
f 962/622/206 959/623/206 960/620/205
f 964/388/207 961/624/206 962/622/206
f 966/625/208 963/111/207 964/388/207
f 968/626/209 965/627/208 966/625/208
f 970/628/210 967/629/211 968/626/209
f 956/509/204 969/630/212 970/628/210
f 974/582/213 971/2/214 972/269/214
f 976/600/215 973/585/216 974/582/213
f 972/509/214 975/603/217 976/600/215
f 980/631/218 977/2/219 978/269/219
f 982/632/220 979/633/218 980/631/218
f 984/634/221 981/635/220 982/632/220
f 986/636/222 983/637/221 984/634/221
f 988/638/223 985/639/224 986/636/222
f 990/640/225 987/641/223 988/638/223
f 992/642/226 989/643/225 990/640/225
f 994/644/227 991/645/226 992/642/226
f 996/646/228 993/647/227 994/644/227
f 998/648/229 995/649/228 996/646/228
f 1000/650/230 997/651/229 998/648/229
f 1002/652/231 999/653/230 1000/650/230
f 1004/654/232 1001/655/231 1002/652/231
f 1006/656/233 1003/657/232 1004/654/232
f 1008/658/234 1005/659/233 1006/656/233
f 1010/660/235 1007/661/234 1008/658/234
f 1012/662/236 1009/663/235 1010/660/235
f 1014/664/237 1011/665/236 1012/662/236
f 1016/666/238 1013/667/237 1014/664/237
f 1018/668/239 1015/669/238 1016/666/238
f 1020/670/240 1017/671/239 1018/668/239
f 1022/672/241 1019/673/240 1020/670/240
f 1024/674/242 1021/675/241 1022/672/241
f 1026/676/243 1023/677/242 1024/674/242
f 1028/678/244 1025/679/243 1026/676/243
f 1030/680/245 1027/681/246 1028/678/244
f 1032/682/247 1029/683/245 1030/680/245
f 1034/684/248 1031/685/247 1032/682/247
f 1036/686/249 1033/687/248 1034/684/248
f 1038/688/250 1035/689/249 1036/686/249
f 1040/690/251 1037/691/250 1038/688/250
f 1042/692/252 1039/693/251 1040/690/251
f 1044/694/253 1041/695/252 1042/692/252
f 1046/696/254 1043/697/253 1044/694/253
f 1048/698/255 1045/699/254 1046/696/254
f 1050/700/256 1047/701/255 1048/698/255
f 1052/702/257 1049/703/256 1050/700/256
f 1054/704/258 1051/705/257 1052/702/257
f 1056/706/259 1053/707/258 1054/704/258
f 1058/708/260 1055/709/259 1056/706/259
f 1060/710/261 1057/711/260 1058/708/260
f 1062/712/262 1059/713/261 1060/710/261
f 1064/714/263 1061/715/262 1062/712/262
f 1066/716/264 1063/717/263 1064/714/263
f 1068/718/265 1065/719/264 1066/716/264
f 1070/720/266 1067/721/265 1068/718/265
f 1072/722/267 1069/723/268 1070/720/266
f 1074/724/269 1071/725/267 1072/722/267
f 1076/388/270 1073/726/269 1074/724/269
f 1078/727/271 1075/111/270 1076/388/270
f 1080/728/272 1077/729/271 1078/727/271
f 1082/730/273 1079/731/272 1080/728/272
f 1084/732/274 1081/733/273 1082/730/273
f 1086/734/275 1083/735/274 1084/732/274
f 1088/736/276 1085/737/275 1086/734/275
f 1090/738/277 1087/739/276 1088/736/276
f 1092/740/278 1089/741/277 1090/738/277
f 1094/742/279 1091/743/278 1092/740/278
f 1096/744/280 1093/745/279 1094/742/279
f 1098/746/281 1095/747/280 1096/744/280
f 1100/748/282 1097/749/281 1098/746/281
f 1102/750/283 1099/751/282 1100/748/282
f 1104/752/284 1101/753/283 1102/750/283
f 1106/754/285 1103/755/284 1104/752/284
f 1108/756/286 1105/757/285 1106/754/285
f 1110/758/287 1107/759/286 1108/756/286
f 1112/760/288 1109/761/287 1110/758/287
f 1114/762/289 1111/763/290 1112/760/288
f 1116/764/291 1113/765/289 1114/762/289
f 1118/766/292 1115/767/291 1116/764/291
f 1120/768/293 1117/769/294 1118/766/292
f 1122/770/295 1119/771/293 1120/768/293
f 1124/772/296 1121/773/295 1122/770/295
f 1126/774/297 1123/775/296 1124/772/296
f 1128/776/298 1125/777/297 1126/774/297
f 1130/778/299 1127/779/298 1128/776/298
f 1132/780/300 1129/781/299 1130/778/299
f 1134/782/301 1131/783/300 1132/780/300
f 1136/784/302 1133/785/301 1134/782/301
f 1138/786/303 1135/787/302 1136/784/302
f 1140/788/304 1137/789/305 1138/786/303
f 1142/790/306 1139/791/307 1140/788/304
f 1144/792/308 1141/793/306 1142/790/306
f 1146/794/309 1143/795/308 1144/792/308
f 1148/796/310 1145/797/309 1146/794/309
f 1150/798/311 1147/799/310 1148/796/310
f 1152/800/312 1149/801/311 1150/798/311
f 1154/802/313 1151/803/312 1152/800/312
f 1156/804/314 1153/805/313 1154/802/313
f 1158/806/315 1155/807/314 1156/804/314
f 1160/808/316 1157/809/315 1158/806/315
f 1162/810/317 1159/811/316 1160/808/316
f 1164/812/318 1161/813/319 1162/810/317
f 1166/814/320 1163/815/318 1164/812/318
f 1168/816/321 1165/817/320 1166/814/320
f 1170/818/322 1167/819/321 1168/816/321
f 1172/820/323 1169/821/322 1170/818/322
f 978/509/219 1171/822/324 1172/820/323
f 1176/823/203 1173/2/171 1174/269/171
f 1178/824/203 1175/825/203 1176/823/203
f 1180/620/171 1177/826/203 1178/824/203
f 1182/582/171 1179/623/171 1180/620/171
f 1184/827/203 1181/585/171 1182/582/171
f 1186/388/203 1183/828/203 1184/827/203
f 1188/829/171 1185/111/203 1186/388/203
f 1190/600/172 1187/830/171 1188/829/171
f 1192/626/173 1189/603/172 1190/600/172
f 1194/831/203 1191/629/173 1192/626/173
f 1196/832/171 1193/833/203 1194/831/203
f 1174/509/171 1195/834/171 1196/832/171
f 602/268/3 601/271/3 599/2/4
f 604/270/6 603/273/6 601/271/3
f 606/272/7 605/275/9 603/273/6
f 608/274/8 607/277/8 605/275/9
f 610/276/10 609/279/10 607/277/8
f 612/278/11 611/281/11 609/279/10
f 614/280/12 613/283/12 611/281/11
f 616/282/13 615/285/15 613/283/12
f 618/284/14 617/287/14 615/285/15
f 620/286/16 619/289/16 617/287/14
f 622/288/17 621/291/17 619/289/16
f 624/290/18 623/293/18 621/291/17
f 626/292/19 625/295/19 623/293/18
f 628/294/20 627/297/20 625/295/19
f 630/296/21 629/299/21 627/297/20
f 632/298/22 631/301/22 629/299/21
f 634/300/23 633/303/25 631/301/22
f 636/302/24 635/305/27 633/303/25
f 638/304/26 637/307/26 635/305/27
f 640/306/28 639/309/28 637/307/26
f 642/308/29 641/311/31 639/309/28
f 644/310/30 643/313/30 641/311/31
f 646/312/32 645/315/32 643/313/30
f 648/314/33 647/317/33 645/315/32
f 650/316/34 649/319/36 647/317/33
f 652/318/35 651/321/35 649/319/36
f 654/320/37 653/323/37 651/321/35
f 656/322/38 655/325/38 653/323/37
f 658/324/39 657/327/39 655/325/38
f 660/326/40 659/329/40 657/327/39
f 662/328/41 661/331/43 659/329/40
f 664/330/42 663/333/42 661/331/43
f 666/332/44 665/335/44 663/333/42
f 668/334/45 667/337/45 665/335/44
f 670/336/46 669/339/46 667/337/45
f 672/338/47 671/341/47 669/339/46
f 674/340/48 673/343/48 671/341/47
f 676/342/49 675/345/49 673/343/48
f 678/344/50 677/347/50 675/345/49
f 680/346/51 679/349/51 677/347/50
f 682/348/52 681/351/52 679/349/51
f 684/350/53 683/353/55 681/351/52
f 686/352/54 685/355/54 683/353/55
f 688/354/56 687/357/56 685/355/54
f 690/356/57 689/359/57 687/357/56
f 692/358/58 691/361/58 689/359/57
f 694/360/59 693/363/59 691/361/58
f 696/362/60 695/365/60 693/363/59
f 698/364/61 697/367/61 695/365/60
f 700/366/62 699/369/62 697/367/61
f 702/368/63 701/371/63 699/369/62
f 704/370/64 703/373/64 701/371/63
f 706/372/65 705/375/65 703/373/64
f 708/374/66 707/377/66 705/375/65
f 710/376/67 709/379/67 707/377/66
f 712/378/68 711/381/70 709/379/67
f 714/380/69 713/383/72 711/381/70
f 716/382/71 715/385/71 713/383/72
f 718/384/73 717/387/73 715/385/71
f 720/386/74 719/389/74 717/387/73
f 722/388/75 721/111/75 719/389/74
f 724/390/76 723/392/78 721/111/75
f 726/391/77 725/394/80 723/392/78
f 728/393/79 727/396/79 725/394/80
f 730/395/81 729/398/81 727/396/79
f 732/397/82 731/400/82 729/398/81
f 734/399/83 733/402/83 731/400/82
f 736/401/84 735/404/84 733/402/83
f 738/403/85 737/406/85 735/404/84
f 740/405/86 739/408/86 737/406/85
f 742/407/87 741/410/87 739/408/86
f 744/409/88 743/412/88 741/410/87
f 746/411/89 745/414/89 743/412/88
f 748/413/90 747/416/90 745/414/89
f 750/415/91 749/418/93 747/416/90
f 752/417/92 751/420/92 749/418/93
f 754/419/94 753/422/94 751/420/92
f 756/421/95 755/424/95 753/422/94
f 758/423/96 757/426/96 755/424/95
f 760/425/97 759/428/97 757/426/96
f 762/427/98 761/430/98 759/428/97
f 764/429/99 763/432/101 761/430/98
f 766/431/100 765/434/103 763/432/101
f 768/433/102 767/436/102 765/434/103
f 770/435/104 769/438/104 767/436/102
f 772/437/105 771/440/105 769/438/104
f 774/439/106 773/442/106 771/440/105
f 776/441/107 775/444/107 773/442/106
f 778/443/108 777/446/108 775/444/107
f 780/445/109 779/448/109 777/446/108
f 782/447/110 781/450/112 779/448/109
f 784/449/111 783/452/111 781/450/112
f 786/451/113 785/454/115 783/452/111
f 788/453/114 787/456/114 785/454/115
f 790/455/116 789/458/116 787/456/114
f 792/457/117 791/460/117 789/458/116
f 794/459/118 793/462/118 791/460/117
f 796/461/119 795/464/119 793/462/118
f 798/463/120 797/466/120 795/464/119
f 800/465/121 799/468/121 797/466/120
f 802/467/122 801/470/122 799/468/121
f 804/469/123 803/472/125 801/470/122
f 806/471/124 805/474/124 803/472/125
f 808/473/126 807/476/126 805/474/124
f 810/475/127 809/478/127 807/476/126
f 812/477/128 811/480/128 809/478/127
f 814/479/129 813/482/129 811/480/128
f 816/481/130 815/484/130 813/482/129
f 818/483/131 817/486/131 815/484/130
f 820/485/132 819/488/132 817/486/131
f 822/487/133 821/490/135 819/488/132
f 824/489/134 823/492/134 821/490/135
f 826/491/136 825/494/136 823/492/134
f 828/493/137 827/496/137 825/494/136
f 830/495/138 829/498/138 827/496/137
f 832/497/139 831/500/139 829/498/138
f 834/499/140 833/502/140 831/500/139
f 836/501/141 835/504/141 833/502/140
f 838/503/142 837/506/142 835/504/141
f 840/505/143 839/508/143 837/506/142
f 842/507/144 841/510/144 839/508/143
f 600/509/5 599/5/4 841/510/144
f 846/511/145 845/513/145 843/2/146
f 848/512/147 847/515/147 845/513/145
f 850/514/148 849/517/148 847/515/147
f 852/516/149 851/519/149 849/517/148
f 854/518/150 853/521/150 851/519/149
f 856/520/151 855/523/151 853/521/150
f 858/522/152 857/525/152 855/523/151
f 860/524/153 859/527/153 857/525/152
f 862/526/154 861/529/154 859/527/153
f 864/528/155 863/531/155 861/529/154
f 866/530/156 865/533/156 863/531/155
f 868/532/157 867/535/159 865/533/156
f 870/534/158 869/537/158 867/535/159
f 872/536/160 871/539/160 869/537/158
f 874/538/161 873/541/163 871/539/160
f 876/540/162 875/543/162 873/541/163
f 878/542/164 877/545/164 875/543/162
f 880/544/165 879/547/165 877/545/164
f 882/546/166 881/549/166 879/547/165
f 884/548/167 883/551/167 881/549/166
f 886/550/168 885/553/168 883/551/167
f 888/552/169 887/555/169 885/553/168
f 890/554/170 889/557/170 887/555/169
f 892/556/171 891/559/171 889/557/170
f 894/558/171 893/561/171 891/559/171
f 896/560/172 895/563/172 893/561/171
f 898/562/173 897/565/173 895/563/172
f 900/564/174 899/566/174 897/565/173
f 844/509/146 843/5/146 899/566/174
f 904/567/175 903/569/175 901/2/176
f 906/568/177 905/571/177 903/569/175
f 908/570/178 907/573/180 905/571/177
f 910/572/179 909/575/179 907/573/180
f 912/574/181 911/577/181 909/575/179
f 914/576/182 913/579/182 911/577/181
f 916/578/183 915/581/183 913/579/182
f 918/580/184 917/583/184 915/581/183
f 920/582/185 919/585/185 917/583/184
f 922/584/186 921/587/186 919/585/185
f 924/586/187 923/589/187 921/587/186
f 926/588/188 925/591/188 923/589/187
f 928/590/189 927/593/191 925/591/188
f 930/592/190 929/595/190 927/593/191
f 932/594/192 931/597/192 929/595/190
f 934/596/193 933/599/193 931/597/192
f 936/598/194 935/601/194 933/599/193
f 938/600/195 937/603/195 935/601/194
f 940/602/196 939/605/196 937/603/195
f 942/604/197 941/607/199 939/605/196
f 944/606/198 943/609/198 941/607/199
f 946/608/200 945/611/200 943/609/198
f 948/610/201 947/613/201 945/611/200
f 950/612/202 949/615/202 947/613/201
f 952/614/171 951/617/171 949/615/202
f 954/616/203 953/618/203 951/617/171
f 902/509/176 901/5/176 953/618/203
f 958/619/204 957/621/204 955/2/204
f 960/620/205 959/623/206 957/621/204
f 962/622/206 961/624/206 959/623/206
f 964/388/207 963/111/207 961/624/206
f 966/625/208 965/627/208 963/111/207
f 968/626/209 967/629/211 965/627/208
f 970/628/210 969/630/212 967/629/211
f 956/509/204 955/5/204 969/630/212
f 974/582/213 973/585/216 971/2/214
f 976/600/215 975/603/217 973/585/216
f 972/509/214 971/5/214 975/603/217
f 980/631/218 979/633/218 977/2/219
f 982/632/220 981/635/220 979/633/218
f 984/634/221 983/637/221 981/635/220
f 986/636/222 985/639/224 983/637/221
f 988/638/223 987/641/223 985/639/224
f 990/640/225 989/643/225 987/641/223
f 992/642/226 991/645/226 989/643/225
f 994/644/227 993/647/227 991/645/226
f 996/646/228 995/649/228 993/647/227
f 998/648/229 997/651/229 995/649/228
f 1000/650/230 999/653/230 997/651/229
f 1002/652/231 1001/655/231 999/653/230
f 1004/654/232 1003/657/232 1001/655/231
f 1006/656/233 1005/659/233 1003/657/232
f 1008/658/234 1007/661/234 1005/659/233
f 1010/660/235 1009/663/235 1007/661/234
f 1012/662/236 1011/665/236 1009/663/235
f 1014/664/237 1013/667/237 1011/665/236
f 1016/666/238 1015/669/238 1013/667/237
f 1018/668/239 1017/671/239 1015/669/238
f 1020/670/240 1019/673/240 1017/671/239
f 1022/672/241 1021/675/241 1019/673/240
f 1024/674/242 1023/677/242 1021/675/241
f 1026/676/243 1025/679/243 1023/677/242
f 1028/678/244 1027/681/246 1025/679/243
f 1030/680/245 1029/683/245 1027/681/246
f 1032/682/247 1031/685/247 1029/683/245
f 1034/684/248 1033/687/248 1031/685/247
f 1036/686/249 1035/689/249 1033/687/248
f 1038/688/250 1037/691/250 1035/689/249
f 1040/690/251 1039/693/251 1037/691/250
f 1042/692/252 1041/695/252 1039/693/251
f 1044/694/253 1043/697/253 1041/695/252
f 1046/696/254 1045/699/254 1043/697/253
f 1048/698/255 1047/701/255 1045/699/254
f 1050/700/256 1049/703/256 1047/701/255
f 1052/702/257 1051/705/257 1049/703/256
f 1054/704/258 1053/707/258 1051/705/257
f 1056/706/259 1055/709/259 1053/707/258
f 1058/708/260 1057/711/260 1055/709/259
f 1060/710/261 1059/713/261 1057/711/260
f 1062/712/262 1061/715/262 1059/713/261
f 1064/714/263 1063/717/263 1061/715/262
f 1066/716/264 1065/719/264 1063/717/263
f 1068/718/265 1067/721/265 1065/719/264
f 1070/720/266 1069/723/268 1067/721/265
f 1072/722/267 1071/725/267 1069/723/268
f 1074/724/269 1073/726/269 1071/725/267
f 1076/388/270 1075/111/270 1073/726/269
f 1078/727/271 1077/729/271 1075/111/270
f 1080/728/272 1079/731/272 1077/729/271
f 1082/730/273 1081/733/273 1079/731/272
f 1084/732/274 1083/735/274 1081/733/273
f 1086/734/275 1085/737/275 1083/735/274
f 1088/736/276 1087/739/276 1085/737/275
f 1090/738/277 1089/741/277 1087/739/276
f 1092/740/278 1091/743/278 1089/741/277
f 1094/742/279 1093/745/279 1091/743/278
f 1096/744/280 1095/747/280 1093/745/279
f 1098/746/281 1097/749/281 1095/747/280
f 1100/748/282 1099/751/282 1097/749/281
f 1102/750/283 1101/753/283 1099/751/282
f 1104/752/284 1103/755/284 1101/753/283
f 1106/754/285 1105/757/285 1103/755/284
f 1108/756/286 1107/759/286 1105/757/285
f 1110/758/287 1109/761/287 1107/759/286
f 1112/760/288 1111/763/290 1109/761/287
f 1114/762/289 1113/765/289 1111/763/290
f 1116/764/291 1115/767/291 1113/765/289
f 1118/766/292 1117/769/294 1115/767/291
f 1120/768/293 1119/771/293 1117/769/294
f 1122/770/295 1121/773/295 1119/771/293
f 1124/772/296 1123/775/296 1121/773/295
f 1126/774/297 1125/777/297 1123/775/296
f 1128/776/298 1127/779/298 1125/777/297
f 1130/778/299 1129/781/299 1127/779/298
f 1132/780/300 1131/783/300 1129/781/299
f 1134/782/301 1133/785/301 1131/783/300
f 1136/784/302 1135/787/302 1133/785/301
f 1138/786/303 1137/789/305 1135/787/302
f 1140/788/304 1139/791/307 1137/789/305
f 1142/790/306 1141/793/306 1139/791/307
f 1144/792/308 1143/795/308 1141/793/306
f 1146/794/309 1145/797/309 1143/795/308
f 1148/796/310 1147/799/310 1145/797/309
f 1150/798/311 1149/801/311 1147/799/310
f 1152/800/312 1151/803/312 1149/801/311
f 1154/802/313 1153/805/313 1151/803/312
f 1156/804/314 1155/807/314 1153/805/313
f 1158/806/315 1157/809/315 1155/807/314
f 1160/808/316 1159/811/316 1157/809/315
f 1162/810/317 1161/813/319 1159/811/316
f 1164/812/318 1163/815/318 1161/813/319
f 1166/814/320 1165/817/320 1163/815/318
f 1168/816/321 1167/819/321 1165/817/320
f 1170/818/322 1169/821/322 1167/819/321
f 1172/820/323 1171/822/324 1169/821/322
f 978/509/219 977/5/219 1171/822/324
f 1176/823/203 1175/825/203 1173/2/171
f 1178/824/203 1177/826/203 1175/825/203
f 1180/620/171 1179/623/171 1177/826/203
f 1182/582/171 1181/585/171 1179/623/171
f 1184/827/203 1183/828/203 1181/585/171
f 1186/388/203 1185/111/203 1183/828/203
f 1188/829/171 1187/830/171 1185/111/203
f 1190/600/172 1189/603/172 1187/830/171
f 1192/626/173 1191/629/173 1189/603/172
f 1194/831/203 1193/833/203 1191/629/173
f 1196/832/171 1195/834/171 1193/833/203
f 1174/509/171 1173/5/171 1195/834/171
o SPACE.001
v -23.692406 -10.744654 -0.399999
v -23.692406 -11.877654 -0.399999
v -25.226906 -11.877654 -0.399999
v -25.226906 -12.361654 -0.399999
v -23.692406 -12.361654 -0.399999
v -23.692406 -13.527655 -0.399999
v -25.331406 -13.527655 -0.399999
v -25.331406 -14.011654 -0.399999
v -23.153406 -14.011654 -0.400000
v -23.153406 -10.260654 -0.400000
v -25.281906 -10.260654 -0.399999
v -25.281906 -10.744654 -0.399999
v -22.340721 -11.032357 -0.400000
v -22.228922 -10.974152 -0.400000
v -22.119148 -10.921943 -0.400000
v -22.011036 -10.875635 -0.400000
v -21.904221 -10.835134 -0.400000
v -21.798344 -10.800342 -0.400000
v -21.693039 -10.771164 -0.400000
v -21.587942 -10.747506 -0.400000
v -21.482695 -10.729271 -0.400000
v -21.376930 -10.716365 -0.400000
v -21.270288 -10.708691 -0.400000
v -21.162405 -10.706154 -0.400000
v -20.952730 -10.718644 -0.400000
v -20.753674 -10.755196 -0.400000
v -20.566687 -10.814436 -0.400000
v -20.393219 -10.894988 -0.400000
v -20.234726 -10.995478 -0.400000
v -20.092655 -11.114530 -0.400000
v -19.968460 -11.250769 -0.400000
v -19.863590 -11.402821 -0.400000
v -19.779499 -11.569310 -0.400000
v -19.717636 -11.748862 -0.400000
v -19.679455 -11.940103 -0.400000
v -19.666405 -12.141654 -0.400000
v -19.679047 -12.346457 -0.400000
v -19.716211 -12.539360 -0.400000
v -19.776749 -12.719240 -0.400000
v -19.859516 -12.884969 -0.400000
v -19.963367 -13.035420 -0.400000
v -20.087154 -13.169467 -0.400000
v -20.229734 -13.285982 -0.400000
v -20.389961 -13.383840 -0.400000
v -20.566687 -13.461912 -0.400000
v -20.758766 -13.519073 -0.400000
v -20.965054 -13.554196 -0.400000
v -21.184406 -13.566154 -0.400000
v -21.291039 -13.563073 -0.400000
v -21.399008 -13.553881 -0.400000
v -21.508045 -13.538654 -0.400000
v -21.617887 -13.517469 -0.400000
v -21.728262 -13.490402 -0.400000
v -21.838905 -13.457529 -0.400000
v -21.949549 -13.418927 -0.400000
v -22.059925 -13.374673 -0.400000
v -22.169765 -13.324841 -0.400000
v -22.278805 -13.269510 -0.400000
v -22.386772 -13.208756 -0.400000
v -22.493404 -13.142654 -0.400000
v -22.493404 -13.731154 -0.400000
v -22.400503 -13.778086 -0.400000
v -22.305693 -13.822439 -0.400000
v -22.208437 -13.863928 -0.400000
v -22.108202 -13.902266 -0.400000
v -22.004452 -13.937165 -0.400000
v -21.896656 -13.968342 -0.400000
v -21.784275 -13.995507 -0.400000
v -21.666775 -14.018376 -0.400000
v -21.543623 -14.036662 -0.400000
v -21.414284 -14.050077 -0.400000
v -21.278223 -14.058337 -0.400000
v -21.134905 -14.061154 -0.400000
v -20.799303 -14.039381 -0.400000
v -20.496090 -13.977254 -0.400000
v -20.224655 -13.879569 -0.400000
v -19.984386 -13.751118 -0.400000
v -19.774673 -13.596694 -0.400000
v -19.594906 -13.421092 -0.400000
v -19.444469 -13.229104 -0.400000
v -19.322758 -13.025525 -0.400000
v -19.229155 -12.815146 -0.400000
v -19.163054 -12.602763 -0.400000
v -19.123840 -12.393167 -0.400000
v -19.110905 -12.191154 -0.400000
v -19.128586 -11.911877 -0.400000
v -19.180393 -11.647265 -0.400000
v -19.264475 -11.399155 -0.400000
v -19.378979 -11.169376 -0.400000
v -19.522053 -10.959765 -0.400000
v -19.691843 -10.772154 -0.400000
v -19.886497 -10.608377 -0.400000
v -20.104164 -10.470265 -0.400000
v -20.342991 -10.359654 -0.400000
v -20.601126 -10.278377 -0.400000
v -20.876715 -10.228266 -0.400000
v -21.167906 -10.211154 -0.400000
v -21.264336 -10.213118 -0.400000
v -21.361399 -10.219073 -0.400000
v -21.459492 -10.229115 -0.400000
v -21.559017 -10.243340 -0.400000
v -21.660376 -10.261841 -0.400000
v -21.763968 -10.284717 -0.400000
v -21.870195 -10.312060 -0.400000
v -21.979462 -10.343969 -0.400000
v -22.092163 -10.380537 -0.400000
v -22.208704 -10.421860 -0.400000
v -22.329483 -10.468034 -0.400000
v -22.454906 -10.519154 -0.400000
v -22.454906 -11.096654 -0.400000
v -18.296906 -14.011654 -0.400000
v -17.796406 -12.906155 -0.400000
v -16.201405 -12.906155 -0.400000
v -15.728405 -14.011654 -0.400000
v -15.178405 -14.011654 -0.400000
v -16.789906 -10.238654 -0.400000
v -17.169405 -10.238654 -0.400000
v -18.846905 -14.011654 -0.400000
v -17.576405 -12.422154 -0.400000
v -16.971405 -11.063654 -0.400000
v -16.410404 -12.422154 -0.400000
v -14.125540 -10.270521 -0.400000
v -14.302861 -10.299256 -0.400000
v -14.462116 -10.345560 -0.400000
v -14.603554 -10.408135 -0.400000
v -14.727421 -10.485683 -0.400000
v -14.833967 -10.576904 -0.400000
v -14.923441 -10.680500 -0.400000
v -14.996090 -10.795173 -0.400000
v -15.052163 -10.919622 -0.400000
v -15.091908 -11.052552 -0.400000
v -15.115572 -11.192662 -0.400000
v -15.123405 -11.338655 -0.400000
v -15.115110 -11.482949 -0.400000
v -15.090048 -11.620810 -0.400000
v -15.047952 -11.751068 -0.400000
v -14.988553 -11.872561 -0.400000
v -14.911585 -11.984124 -0.400000
v -14.816780 -12.084592 -0.400000
v -14.703871 -12.172798 -0.400000
v -14.572590 -12.247581 -0.400000
v -14.422670 -12.307772 -0.400000
v -14.253845 -12.352207 -0.400000
v -14.065845 -12.379724 -0.400000
v -13.858405 -12.389154 -0.400000
v -13.297405 -12.389154 -0.400000
v -13.297405 -14.011654 -0.400000
v -12.758405 -14.011654 -0.400000
v -12.758405 -10.260654 -0.400000
v -13.929905 -10.260654 -0.400000
v -13.907906 -11.905154 -0.400000
v -14.005234 -11.900718 -0.400000
v -14.096203 -11.887534 -0.400000
v -14.180412 -11.865795 -0.400000
v -14.257461 -11.835691 -0.400000
v -14.326945 -11.797414 -0.400000
v -14.388468 -11.751154 -0.400000
v -14.441625 -11.697103 -0.400000
v -14.486016 -11.635450 -0.400000
v -14.521241 -11.566389 -0.400000
v -14.546898 -11.490108 -0.400000
v -14.562587 -11.406799 -0.400000
v -14.567905 -11.316654 -0.400000
v -14.564700 -11.247631 -0.400000
v -14.554639 -11.178798 -0.400000
v -14.537054 -11.111263 -0.400000
v -14.511275 -11.046136 -0.400000
v -14.476636 -10.984522 -0.400000
v -14.432467 -10.927529 -0.400000
v -14.378101 -10.876266 -0.400000
v -14.312868 -10.831840 -0.400000
v -14.236100 -10.795357 -0.400000
v -14.147129 -10.767927 -0.400000
v -14.045287 -10.750657 -0.400000
v -13.929905 -10.744654 -0.400000
v -13.297405 -10.744654 -0.400000
v -13.297405 -11.905154 -0.400000
v -11.969409 -11.014425 -0.400001
v -11.890524 -10.951694 -0.400001
v -11.812405 -10.897021 -0.400001
v -11.735201 -10.849969 -0.400001
v -11.659067 -10.810097 -0.400001
v -11.584154 -10.776967 -0.400001
v -11.510617 -10.750138 -0.400001
v -11.438608 -10.729173 -0.400001
v -11.368279 -10.713631 -0.400001
v -11.299784 -10.703074 -0.400001
v -11.233274 -10.697061 -0.400001
v -11.168904 -10.695154 -0.400001
v -11.084428 -10.698878 -0.400001
v -11.004592 -10.709821 -0.400001
v -10.929913 -10.727638 -0.400001
v -10.860905 -10.751987 -0.400001
v -10.798084 -10.782524 -0.400001
v -10.741966 -10.818904 -0.400001
v -10.693069 -10.860785 -0.400001
v -10.651905 -10.907821 -0.400001
v -10.618990 -10.959670 -0.400001
v -10.594842 -11.015987 -0.400001
v -10.579975 -11.076430 -0.400001
v -10.574905 -11.140655 -0.400001
v -10.606827 -11.306660 -0.400001
v -10.695088 -11.448909 -0.400001
v -10.828419 -11.574123 -0.400001
v -10.995552 -11.689025 -0.400001
v -11.185219 -11.800336 -0.400001
v -11.386154 -11.914780 -0.400001
v -11.587089 -12.039077 -0.400001
v -11.776756 -12.179951 -0.400001
v -11.943889 -12.344123 -0.400001
v -12.077219 -12.538317 -0.400000
v -12.165480 -12.769253 -0.400000
v -12.197405 -13.043654 -0.400000
v -12.188289 -13.187301 -0.400000
v -12.161604 -13.323365 -0.400000
v -12.118341 -13.450912 -0.400000
v -12.059497 -13.569006 -0.400000
v -11.986062 -13.676711 -0.400001
v -11.899030 -13.773092 -0.400001
v -11.799393 -13.857212 -0.400001
v -11.688145 -13.928136 -0.400001
v -11.566279 -13.984928 -0.400001
v -11.434789 -14.026652 -0.400001
v -11.294666 -14.052373 -0.400001
v -11.146905 -14.061154 -0.400001
v -11.046723 -14.058853 -0.400001
v -10.949541 -14.051911 -0.400001
v -10.855146 -14.040272 -0.400001
v -10.763330 -14.023876 -0.400001
v -10.673882 -14.002668 -0.400001
v -10.586592 -13.976591 -0.400001
v -10.501249 -13.945587 -0.400001
v -10.417645 -13.909598 -0.400001
v -10.335568 -13.868568 -0.400001
v -10.254809 -13.822439 -0.400001
v -10.175159 -13.771153 -0.400001
v -10.096405 -13.714654 -0.400001
v -10.096405 -13.032655 -0.400001
v -10.166615 -13.117312 -0.400001
v -10.239634 -13.195210 -0.400001
v -10.315287 -13.266232 -0.400001
v -10.393404 -13.330265 -0.400001
v -10.473812 -13.387195 -0.400001
v -10.556341 -13.436905 -0.400001
v -10.640818 -13.479281 -0.400001
v -10.727071 -13.514210 -0.400001
v -10.814928 -13.541576 -0.400001
v -10.904217 -13.561265 -0.400001
v -10.994766 -13.573163 -0.400001
v -11.086405 -13.577154 -0.400001
v -11.186226 -13.571839 -0.400001
v -11.276766 -13.556631 -0.400001
v -11.358139 -13.532639 -0.400001
v -11.430460 -13.500969 -0.400001
v -11.493844 -13.462730 -0.400001
v -11.548405 -13.419029 -0.400001
v -11.594257 -13.370975 -0.400001
v -11.631516 -13.319673 -0.400001
v -11.660295 -13.266232 -0.400001
v -11.680710 -13.211761 -0.400001
v -11.692875 -13.157366 -0.400001
v -11.696905 -13.104155 -0.400001
v -11.664982 -12.923660 -0.400001
v -11.576721 -12.766159 -0.400001
v -11.443390 -12.625998 -0.400001
v -11.276258 -12.497525 -0.400001
v -11.086590 -12.375086 -0.400001
v -10.885655 -12.253030 -0.400001
v -10.684721 -12.125702 -0.400001
v -10.495053 -11.987451 -0.400001
v -10.327921 -11.832623 -0.400001
v -10.194590 -11.655566 -0.400001
v -10.106329 -11.450627 -0.400001
v -10.074404 -11.212154 -0.400001
v -10.083677 -11.064211 -0.400001
v -10.110994 -10.926027 -0.400001
v -10.155615 -10.798193 -0.400001
v -10.216793 -10.681303 -0.400001
v -10.293784 -10.575946 -0.400001
v -10.385841 -10.482717 -0.400001
v -10.492224 -10.402206 -0.400001
v -10.612183 -10.335006 -0.400001
v -10.744975 -10.281709 -0.400001
v -10.889856 -10.242907 -0.400001
v -11.046081 -10.219191 -0.400001
v -11.212904 -10.211154 -0.400001
v -11.284392 -10.212988 -0.400001
v -11.355803 -10.218488 -0.400001
v -11.427061 -10.227654 -0.400001
v -11.498090 -10.240487 -0.400001
v -11.568813 -10.256988 -0.400001
v -11.639154 -10.277154 -0.400001
v -11.709038 -10.300987 -0.400001
v -11.778386 -10.328487 -0.400001
v -11.847123 -10.359654 -0.400001
v -11.915173 -10.394487 -0.400001
v -11.982459 -10.432987 -0.400001
v -12.048904 -10.475154 -0.400000
v -12.048904 -11.085654 -0.400000
v -23.692406 -10.744654 0.400001
v -23.692406 -11.877654 0.400001
v -25.226906 -11.877654 0.400001
v -25.226906 -12.361654 0.400001
v -23.692406 -12.361654 0.400001
v -23.692406 -13.527655 0.400001
v -25.331406 -13.527655 0.400001
v -25.331406 -14.011654 0.400001
v -23.153406 -14.011654 0.400000
v -23.153406 -10.260654 0.400000
v -25.281906 -10.260654 0.400001
v -25.281906 -10.744654 0.400001
v -22.340721 -11.032357 0.400000
v -22.228922 -10.974152 0.400000
v -22.119148 -10.921943 0.400000
v -22.011036 -10.875635 0.400000
v -21.904221 -10.835134 0.400000
v -21.798344 -10.800342 0.400000
v -21.693039 -10.771164 0.400000
v -21.587942 -10.747506 0.400000
v -21.482695 -10.729271 0.400000
v -21.376930 -10.716365 0.400000
v -21.270288 -10.708691 0.400000
v -21.162405 -10.706154 0.400000
v -20.952730 -10.718644 0.400000
v -20.753674 -10.755196 0.400000
v -20.566687 -10.814436 0.400000
v -20.393219 -10.894988 0.400000
v -20.234726 -10.995478 0.400000
v -20.092655 -11.114530 0.400000
v -19.968460 -11.250769 0.400000
v -19.863590 -11.402821 0.400000
v -19.779499 -11.569310 0.400000
v -19.717636 -11.748862 0.400000
v -19.679455 -11.940103 0.400000
v -19.666405 -12.141654 0.400000
v -19.679047 -12.346457 0.400000
v -19.716211 -12.539360 0.400000
v -19.776749 -12.719240 0.400000
v -19.859516 -12.884969 0.400000
v -19.963367 -13.035420 0.400000
v -20.087154 -13.169467 0.400000
v -20.229734 -13.285982 0.400000
v -20.389961 -13.383840 0.400000
v -20.566687 -13.461912 0.400000
v -20.758766 -13.519073 0.400000
v -20.965054 -13.554196 0.400000
v -21.184406 -13.566154 0.400000
v -21.291039 -13.563073 0.400000
v -21.399008 -13.553881 0.400000
v -21.508045 -13.538654 0.400000
v -21.617887 -13.517469 0.400000
v -21.728262 -13.490402 0.400000
v -21.838905 -13.457529 0.400000
v -21.949549 -13.418927 0.400000
v -22.059925 -13.374673 0.400000
v -22.169765 -13.324841 0.400000
v -22.278805 -13.269510 0.400000
v -22.386772 -13.208756 0.400000
v -22.493404 -13.142654 0.400000
v -22.493404 -13.731154 0.400000
v -22.400503 -13.778086 0.400000
v -22.305693 -13.822439 0.400000
v -22.208437 -13.863928 0.400000
v -22.108202 -13.902266 0.400000
v -22.004452 -13.937165 0.400000
v -21.896656 -13.968342 0.400000
v -21.784275 -13.995507 0.400000
v -21.666775 -14.018376 0.400000
v -21.543623 -14.036662 0.400000
v -21.414284 -14.050077 0.400000
v -21.278223 -14.058337 0.400000
v -21.134905 -14.061154 0.400000
v -20.799303 -14.039381 0.400000
v -20.496090 -13.977254 0.400000
v -20.224655 -13.879569 0.400000
v -19.984386 -13.751118 0.400000
v -19.774673 -13.596694 0.400000
v -19.594906 -13.421092 0.400000
v -19.444469 -13.229104 0.400000
v -19.322758 -13.025525 0.400000
v -19.229155 -12.815146 0.400000
v -19.163054 -12.602763 0.400000
v -19.123840 -12.393167 0.400000
v -19.110905 -12.191154 0.400000
v -19.128586 -11.911877 0.400000
v -19.180393 -11.647265 0.400000
v -19.264475 -11.399155 0.400000
v -19.378979 -11.169376 0.400000
v -19.522053 -10.959765 0.400000
v -19.691843 -10.772154 0.400000
v -19.886497 -10.608377 0.400000
v -20.104164 -10.470265 0.400000
v -20.342991 -10.359654 0.400000
v -20.601126 -10.278377 0.400000
v -20.876715 -10.228266 0.400000
v -21.167906 -10.211154 0.400000
v -21.264336 -10.213118 0.400000
v -21.361399 -10.219073 0.400000
v -21.459492 -10.229115 0.400000
v -21.559017 -10.243340 0.400000
v -21.660376 -10.261841 0.400000
v -21.763968 -10.284717 0.400000
v -21.870195 -10.312060 0.400000
v -21.979462 -10.343969 0.400000
v -22.092163 -10.380537 0.400000
v -22.208704 -10.421860 0.400000
v -22.329483 -10.468034 0.400000
v -22.454906 -10.519154 0.400000
v -22.454906 -11.096654 0.400000
v -18.296906 -14.011654 0.400000
v -17.796406 -12.906155 0.400000
v -16.201405 -12.906155 0.400000
v -15.728405 -14.011654 0.400000
v -15.178405 -14.011654 0.400000
v -16.789906 -10.238654 0.400000
v -17.169405 -10.238654 0.400000
v -18.846905 -14.011654 0.400000
v -17.576405 -12.422154 0.400000
v -16.971405 -11.063654 0.400000
v -16.410404 -12.422154 0.400000
v -14.125540 -10.270521 0.400000
v -14.302861 -10.299256 0.400000
v -14.462116 -10.345560 0.400000
v -14.603554 -10.408135 0.400000
v -14.727421 -10.485683 0.400000
v -14.833967 -10.576904 0.400000
v -14.923441 -10.680500 0.400000
v -14.996090 -10.795173 0.400000
v -15.052163 -10.919622 0.400000
v -15.091908 -11.052552 0.400000
v -15.115572 -11.192662 0.400000
v -15.123405 -11.338655 0.400000
v -15.115110 -11.482949 0.400000
v -15.090048 -11.620810 0.400000
v -15.047952 -11.751068 0.400000
v -14.988553 -11.872561 0.400000
v -14.911585 -11.984124 0.400000
v -14.816780 -12.084592 0.400000
v -14.703871 -12.172798 0.400000
v -14.572590 -12.247581 0.400000
v -14.422670 -12.307772 0.400000
v -14.253845 -12.352207 0.400000
v -14.065845 -12.379724 0.400000
v -13.858405 -12.389154 0.400000
v -13.297405 -12.389154 0.400000
v -13.297405 -14.011654 0.400000
v -12.758405 -14.011654 0.400000
v -12.758405 -10.260654 0.400000
v -13.929905 -10.260654 0.400000
v -13.907906 -11.905154 0.400000
v -14.005234 -11.900718 0.400000
v -14.096203 -11.887534 0.400000
v -14.180412 -11.865795 0.400000
v -14.257461 -11.835691 0.400000
v -14.326945 -11.797414 0.400000
v -14.388468 -11.751154 0.400000
v -14.441625 -11.697103 0.400000
v -14.486016 -11.635450 0.400000
v -14.521241 -11.566389 0.400000
v -14.546898 -11.490108 0.400000
v -14.562587 -11.406799 0.400000
v -14.567905 -11.316654 0.400000
v -14.564700 -11.247631 0.400000
v -14.554639 -11.178798 0.400000
v -14.537054 -11.111263 0.400000
v -14.511275 -11.046136 0.400000
v -14.476636 -10.984522 0.400000
v -14.432467 -10.927529 0.400000
v -14.378101 -10.876266 0.400000
v -14.312868 -10.831840 0.400000
v -14.236100 -10.795357 0.400000
v -14.147129 -10.767927 0.400000
v -14.045287 -10.750657 0.400000
v -13.929905 -10.744654 0.400000
v -13.297405 -10.744654 0.400000
v -13.297405 -11.905154 0.400000
v -11.969409 -11.014425 0.399999
v -11.890524 -10.951694 0.399999
v -11.812405 -10.897021 0.399999
v -11.735201 -10.849969 0.399999
v -11.659067 -10.810097 0.399999
v -11.584154 -10.776967 0.399999
v -11.510617 -10.750138 0.399999
v -11.438608 -10.729173 0.399999
v -11.368279 -10.713631 0.399999
v -11.299784 -10.703074 0.399999
v -11.233274 -10.697061 0.399999
v -11.168904 -10.695154 0.399999
v -11.084428 -10.698878 0.399999
v -11.004592 -10.709821 0.399999
v -10.929913 -10.727638 0.399999
v -10.860905 -10.751987 0.399999
v -10.798084 -10.782524 0.399999
v -10.741966 -10.818904 0.399999
v -10.693069 -10.860785 0.399999
v -10.651905 -10.907821 0.399999
v -10.618990 -10.959670 0.399999
v -10.594842 -11.015987 0.399999
v -10.579975 -11.076430 0.399999
v -10.574905 -11.140655 0.399999
v -10.606827 -11.306660 0.399999
v -10.695088 -11.448909 0.399999
v -10.828419 -11.574123 0.399999
v -10.995552 -11.689025 0.399999
v -11.185219 -11.800336 0.399999
v -11.386154 -11.914780 0.399999
v -11.587089 -12.039077 0.399999
v -11.776756 -12.179951 0.399999
v -11.943889 -12.344123 0.399999
v -12.077219 -12.538317 0.400000
v -12.165480 -12.769253 0.400000
v -12.197405 -13.043654 0.400000
v -12.188289 -13.187301 0.400000
v -12.161604 -13.323365 0.400000
v -12.118341 -13.450912 0.400000
v -12.059497 -13.569006 0.400000
v -11.986062 -13.676711 0.399999
v -11.899030 -13.773092 0.399999
v -11.799393 -13.857212 0.399999
v -11.688145 -13.928136 0.399999
v -11.566279 -13.984928 0.399999
v -11.434789 -14.026652 0.399999
v -11.294666 -14.052373 0.399999
v -11.146905 -14.061154 0.399999
v -11.046723 -14.058853 0.399999
v -10.949541 -14.051911 0.399999
v -10.855146 -14.040272 0.399999
v -10.763330 -14.023876 0.399999
v -10.673882 -14.002668 0.399999
v -10.586592 -13.976591 0.399999
v -10.501249 -13.945587 0.399999
v -10.417645 -13.909598 0.399999
v -10.335568 -13.868568 0.399999
v -10.254809 -13.822439 0.399999
v -10.175159 -13.771153 0.399999
v -10.096405 -13.714654 0.399999
v -10.096405 -13.032655 0.399999
v -10.166615 -13.117312 0.399999
v -10.239634 -13.195210 0.399999
v -10.315287 -13.266232 0.399999
v -10.393404 -13.330265 0.399999
v -10.473812 -13.387195 0.399999
v -10.556341 -13.436905 0.399999
v -10.640818 -13.479281 0.399999
v -10.727071 -13.514210 0.399999
v -10.814928 -13.541576 0.399999
v -10.904217 -13.561265 0.399999
v -10.994766 -13.573163 0.399999
v -11.086405 -13.577154 0.399999
v -11.186226 -13.571839 0.399999
v -11.276766 -13.556631 0.399999
v -11.358139 -13.532639 0.399999
v -11.430460 -13.500969 0.399999
v -11.493844 -13.462730 0.399999
v -11.548405 -13.419029 0.399999
v -11.594257 -13.370975 0.399999
v -11.631516 -13.319673 0.399999
v -11.660295 -13.266232 0.399999
v -11.680710 -13.211761 0.399999
v -11.692875 -13.157366 0.399999
v -11.696905 -13.104155 0.399999
v -11.664982 -12.923660 0.399999
v -11.576721 -12.766159 0.399999
v -11.443390 -12.625998 0.399999
v -11.276258 -12.497525 0.399999
v -11.086590 -12.375086 0.399999
v -10.885655 -12.253030 0.399999
v -10.684721 -12.125702 0.399999
v -10.495053 -11.987451 0.399999
v -10.327921 -11.832623 0.399999
v -10.194590 -11.655566 0.399999
v -10.106329 -11.450627 0.399999
v -10.074404 -11.212154 0.399999
v -10.083677 -11.064211 0.399999
v -10.110994 -10.926027 0.399999
v -10.155615 -10.798193 0.399999
v -10.216793 -10.681303 0.399999
v -10.293784 -10.575946 0.399999
v -10.385841 -10.482717 0.399999
v -10.492224 -10.402206 0.399999
v -10.612183 -10.335006 0.399999
v -10.744975 -10.281709 0.399999
v -10.889856 -10.242907 0.399999
v -11.046081 -10.219191 0.399999
v -11.212904 -10.211154 0.399999
v -11.284392 -10.212988 0.399999
v -11.355803 -10.218488 0.399999
v -11.427061 -10.227654 0.399999
v -11.498090 -10.240487 0.399999
v -11.568813 -10.256988 0.399999
v -11.639154 -10.277154 0.399999
v -11.709038 -10.300987 0.399999
v -11.778386 -10.328487 0.399999
v -11.847123 -10.359654 0.399999
v -11.915173 -10.394487 0.399999
v -11.982459 -10.432987 0.399999
v -12.048904 -10.475154 0.400000
v -12.048904 -11.085654 0.400000
v -11.969409 -11.014425 0.399999
v -11.969409 -11.014425 -0.400001
v -11.890524 -10.951694 0.399999
v -11.890524 -10.951694 -0.400001
v -11.812405 -10.897021 0.399999
v -11.812405 -10.897021 -0.400001
v -11.735201 -10.849969 0.399999
v -11.735201 -10.849969 -0.400001
v -11.659067 -10.810097 0.399999
v -11.659067 -10.810097 -0.400001
v -11.584154 -10.776967 0.399999
v -11.584154 -10.776967 -0.400001
v -11.510617 -10.750138 0.399999
v -11.510617 -10.750138 -0.400001
v -11.438608 -10.729173 0.399999
v -11.438608 -10.729173 -0.400001
v -11.368279 -10.713631 0.399999
v -11.368279 -10.713631 -0.400001
v -11.299784 -10.703074 0.399999
v -11.299784 -10.703074 -0.400001
v -11.233274 -10.697061 0.399999
v -11.233274 -10.697061 -0.400001
v -11.168904 -10.695154 0.399999
v -11.168904 -10.695154 -0.400001
v -11.084428 -10.698878 0.399999
v -11.084428 -10.698878 -0.400001
v -11.004592 -10.709821 0.399999
v -11.004592 -10.709821 -0.400001
v -10.929913 -10.727638 0.399999
v -10.929913 -10.727638 -0.400001
v -10.860905 -10.751987 0.399999
v -10.860905 -10.751987 -0.400001
v -10.798084 -10.782524 0.399999
v -10.798084 -10.782524 -0.400001
v -10.741966 -10.818904 0.399999
v -10.741966 -10.818904 -0.400001
v -10.693069 -10.860785 0.399999
v -10.693069 -10.860785 -0.400001
v -10.651905 -10.907821 0.399999
v -10.651905 -10.907821 -0.400001
v -10.618990 -10.959670 0.399999
v -10.618990 -10.959670 -0.400001
v -10.594842 -11.015987 0.399999
v -10.594842 -11.015987 -0.400001
v -10.579975 -11.076430 0.399999
v -10.579975 -11.076430 -0.400001
v -10.574905 -11.140655 0.399999
v -10.574905 -11.140655 -0.400001
v -10.606827 -11.306660 0.399999
v -10.606827 -11.306660 -0.400001
v -10.695088 -11.448909 0.399999
v -10.695088 -11.448909 -0.400001
v -10.828419 -11.574123 0.399999
v -10.828419 -11.574123 -0.400001
v -10.995552 -11.689025 0.399999
v -10.995552 -11.689025 -0.400001
v -11.185219 -11.800336 0.399999
v -11.185219 -11.800336 -0.400001
v -11.386154 -11.914780 0.399999
v -11.386154 -11.914780 -0.400001
v -11.587089 -12.039077 0.399999
v -11.587089 -12.039077 -0.400001
v -11.776756 -12.179951 0.399999
v -11.776756 -12.179951 -0.400001
v -11.943889 -12.344123 0.399999
v -11.943889 -12.344123 -0.400001
v -12.077219 -12.538317 0.400000
v -12.077219 -12.538317 -0.400000
v -12.165480 -12.769253 0.400000
v -12.165480 -12.769253 -0.400000
v -12.197405 -13.043654 0.400000
v -12.197405 -13.043654 -0.400000
v -12.188289 -13.187301 0.400000
v -12.188289 -13.187301 -0.400000
v -12.161604 -13.323365 0.400000
v -12.161604 -13.323365 -0.400000
v -12.118341 -13.450912 0.400000
v -12.118341 -13.450912 -0.400000
v -12.059497 -13.569006 0.400000
v -12.059497 -13.569006 -0.400000
v -11.986062 -13.676711 0.399999
v -11.986062 -13.676711 -0.400001
v -11.899030 -13.773092 0.399999
v -11.899030 -13.773092 -0.400001
v -11.799393 -13.857212 0.399999
v -11.799393 -13.857212 -0.400001
v -11.688145 -13.928136 0.399999
v -11.688145 -13.928136 -0.400001
v -11.566279 -13.984928 0.399999
v -11.566279 -13.984928 -0.400001
v -11.434789 -14.026652 0.399999
v -11.434789 -14.026652 -0.400001
v -11.294666 -14.052373 0.399999
v -11.294666 -14.052373 -0.400001
v -11.146905 -14.061154 0.399999
v -11.146905 -14.061154 -0.400001
v -11.046723 -14.058853 0.399999
v -11.046723 -14.058853 -0.400001
v -10.949541 -14.051911 0.399999
v -10.949541 -14.051911 -0.400001
v -10.855146 -14.040272 0.399999
v -10.855146 -14.040272 -0.400001
v -10.763330 -14.023876 0.399999
v -10.763330 -14.023876 -0.400001
v -10.673882 -14.002668 0.399999
v -10.673882 -14.002668 -0.400001
v -10.586592 -13.976591 0.399999
v -10.586592 -13.976591 -0.400001
v -10.501249 -13.945587 0.399999
v -10.501249 -13.945587 -0.400001
v -10.417645 -13.909598 0.399999
v -10.417645 -13.909598 -0.400001
v -10.335568 -13.868568 0.399999
v -10.335568 -13.868568 -0.400001
v -10.254809 -13.822439 0.399999
v -10.254809 -13.822439 -0.400001
v -10.175159 -13.771153 0.399999
v -10.175159 -13.771153 -0.400001
v -10.096405 -13.714654 0.399999
v -10.096405 -13.714654 -0.400001
v -10.096405 -13.032655 0.399999
v -10.096405 -13.032655 -0.400001
v -10.166615 -13.117312 0.399999
v -10.166615 -13.117312 -0.400001
v -10.239634 -13.195210 0.399999
v -10.239634 -13.195210 -0.400001
v -10.315287 -13.266232 0.399999
v -10.315287 -13.266232 -0.400001
v -10.393404 -13.330265 0.399999
v -10.393404 -13.330265 -0.400001
v -10.473812 -13.387195 0.399999
v -10.473812 -13.387195 -0.400001
v -10.556341 -13.436905 0.399999
v -10.556341 -13.436905 -0.400001
v -10.640818 -13.479281 0.399999
v -10.640818 -13.479281 -0.400001
v -10.727071 -13.514210 0.399999
v -10.727071 -13.514210 -0.400001
v -10.814928 -13.541576 0.399999
v -10.814928 -13.541576 -0.400001
v -10.904217 -13.561265 0.399999
v -10.904217 -13.561265 -0.400001
v -10.994766 -13.573163 0.399999
v -10.994766 -13.573163 -0.400001
v -11.086405 -13.577154 0.399999
v -11.086405 -13.577154 -0.400001
v -11.186226 -13.571839 0.399999
v -11.186226 -13.571839 -0.400001
v -11.276766 -13.556631 0.399999
v -11.276766 -13.556631 -0.400001
v -11.358139 -13.532639 0.399999
v -11.358139 -13.532639 -0.400001
v -11.430460 -13.500969 0.399999
v -11.430460 -13.500969 -0.400001
v -11.493844 -13.462730 0.399999
v -11.493844 -13.462730 -0.400001
v -11.548405 -13.419029 0.399999
v -11.548405 -13.419029 -0.400001
v -11.594257 -13.370975 0.399999
v -11.594257 -13.370975 -0.400001
v -11.631516 -13.319673 0.399999
v -11.631516 -13.319673 -0.400001
v -11.660295 -13.266232 0.399999
v -11.660295 -13.266232 -0.400001
v -11.680710 -13.211761 0.399999
v -11.680710 -13.211761 -0.400001
v -11.692875 -13.157366 0.399999
v -11.692875 -13.157366 -0.400001
v -11.696905 -13.104155 0.399999
v -11.696905 -13.104155 -0.400001
v -11.664982 -12.923660 0.399999
v -11.664982 -12.923660 -0.400001
v -11.576721 -12.766159 0.399999
v -11.576721 -12.766159 -0.400001
v -11.443390 -12.625998 0.399999
v -11.443390 -12.625998 -0.400001
v -11.276258 -12.497525 0.399999
v -11.276258 -12.497525 -0.400001
v -11.086590 -12.375086 0.399999
v -11.086590 -12.375086 -0.400001
v -10.885655 -12.253030 0.399999
v -10.885655 -12.253030 -0.400001
v -10.684721 -12.125702 0.399999
v -10.684721 -12.125702 -0.400001
v -10.495053 -11.987451 0.399999
v -10.495053 -11.987451 -0.400001
v -10.327921 -11.832623 0.399999
v -10.327921 -11.832623 -0.400001
v -10.194590 -11.655566 0.399999
v -10.194590 -11.655566 -0.400001
v -10.106329 -11.450627 0.399999
v -10.106329 -11.450627 -0.400001
v -10.074404 -11.212154 0.399999
v -10.074404 -11.212154 -0.400001
v -10.083677 -11.064211 0.399999
v -10.083677 -11.064211 -0.400001
v -10.110994 -10.926027 0.399999
v -10.110994 -10.926027 -0.400001
v -10.155615 -10.798193 0.399999
v -10.155615 -10.798193 -0.400001
v -10.216793 -10.681303 0.399999
v -10.216793 -10.681303 -0.400001
v -10.293784 -10.575946 0.399999
v -10.293784 -10.575946 -0.400001
v -10.385841 -10.482717 0.399999
v -10.385841 -10.482717 -0.400001
v -10.492224 -10.402206 0.399999
v -10.492224 -10.402206 -0.400001
v -10.612183 -10.335006 0.399999
v -10.612183 -10.335006 -0.400001
v -10.744975 -10.281709 0.399999
v -10.744975 -10.281709 -0.400001
v -10.889856 -10.242907 0.399999
v -10.889856 -10.242907 -0.400001
v -11.046081 -10.219191 0.399999
v -11.046081 -10.219191 -0.400001
v -11.212904 -10.211154 0.399999
v -11.212904 -10.211154 -0.400001
v -11.284392 -10.212988 0.399999
v -11.284392 -10.212988 -0.400001
v -11.355803 -10.218488 0.399999
v -11.355803 -10.218488 -0.400001
v -11.427061 -10.227654 0.399999
v -11.427061 -10.227654 -0.400001
v -11.498090 -10.240487 0.399999
v -11.498090 -10.240487 -0.400001
v -11.568813 -10.256988 0.399999
v -11.568813 -10.256988 -0.400001
v -11.639154 -10.277154 0.399999
v -11.639154 -10.277154 -0.400001
v -11.709038 -10.300987 0.399999
v -11.709038 -10.300987 -0.400001
v -11.778386 -10.328487 0.399999
v -11.778386 -10.328487 -0.400001
v -11.847123 -10.359654 0.399999
v -11.847123 -10.359654 -0.400001
v -11.915173 -10.394487 0.399999
v -11.915173 -10.394487 -0.400001
v -11.982459 -10.432987 0.399999
v -11.982459 -10.432987 -0.400001
v -12.048904 -10.475154 0.400000
v -12.048904 -10.475154 -0.400000
v -12.048904 -11.085654 0.400000
v -12.048904 -11.085654 -0.400000
v -14.125540 -10.270521 0.400000
v -14.125540 -10.270521 -0.400000
v -14.302861 -10.299256 0.400000
v -14.302861 -10.299256 -0.400000
v -14.462116 -10.345560 0.400000
v -14.462116 -10.345560 -0.400000
v -14.603554 -10.408135 0.400000
v -14.603554 -10.408135 -0.400000
v -14.727421 -10.485683 0.400000
v -14.727421 -10.485683 -0.400000
v -14.833967 -10.576904 0.400000
v -14.833967 -10.576904 -0.400000
v -14.923441 -10.680500 0.400000
v -14.923441 -10.680500 -0.400000
v -14.996090 -10.795173 0.400000
v -14.996090 -10.795173 -0.400000
v -15.052163 -10.919622 0.400000
v -15.052163 -10.919622 -0.400000
v -15.091908 -11.052552 0.400000
v -15.091908 -11.052552 -0.400000
v -15.115572 -11.192662 0.400000
v -15.115572 -11.192662 -0.400000
v -15.123405 -11.338655 0.400000
v -15.123405 -11.338655 -0.400000
v -15.115110 -11.482949 0.400000
v -15.115110 -11.482949 -0.400000
v -15.090048 -11.620810 0.400000
v -15.090048 -11.620810 -0.400000
v -15.047952 -11.751068 0.400000
v -15.047952 -11.751068 -0.400000
v -14.988553 -11.872561 0.400000
v -14.988553 -11.872561 -0.400000
v -14.911585 -11.984124 0.400000
v -14.911585 -11.984124 -0.400000
v -14.816780 -12.084592 0.400000
v -14.816780 -12.084592 -0.400000
v -14.703871 -12.172798 0.400000
v -14.703871 -12.172798 -0.400000
v -14.572590 -12.247581 0.400000
v -14.572590 -12.247581 -0.400000
v -14.422670 -12.307772 0.400000
v -14.422670 -12.307772 -0.400000
v -14.253845 -12.352207 0.400000
v -14.253845 -12.352207 -0.400000
v -14.065845 -12.379724 0.400000
v -14.065845 -12.379724 -0.400000
v -13.858405 -12.389154 0.400000
v -13.858405 -12.389154 -0.400000
v -13.297405 -12.389154 0.400000
v -13.297405 -12.389154 -0.400000
v -13.297405 -14.011654 0.400000
v -13.297405 -14.011654 -0.400000
v -12.758405 -14.011654 0.400000
v -12.758405 -14.011654 -0.400000
v -12.758405 -10.260654 0.400000
v -12.758405 -10.260654 -0.400000
v -13.929905 -10.260654 0.400000
v -13.929905 -10.260654 -0.400000
v -13.907906 -11.905154 0.400000
v -13.907906 -11.905154 -0.400000
v -14.005234 -11.900718 0.400000
v -14.005234 -11.900718 -0.400000
v -14.096203 -11.887534 0.400000
v -14.096203 -11.887534 -0.400000
v -14.180412 -11.865795 0.400000
v -14.180412 -11.865795 -0.400000
v -14.257461 -11.835691 0.400000
v -14.257461 -11.835691 -0.400000
v -14.326945 -11.797414 0.400000
v -14.326945 -11.797414 -0.400000
v -14.388468 -11.751154 0.400000
v -14.388468 -11.751154 -0.400000
v -14.441625 -11.697103 0.400000
v -14.441625 -11.697103 -0.400000
v -14.486016 -11.635450 0.400000
v -14.486016 -11.635450 -0.400000
v -14.521241 -11.566389 0.400000
v -14.521241 -11.566389 -0.400000
v -14.546898 -11.490108 0.400000
v -14.546898 -11.490108 -0.400000
v -14.562587 -11.406799 0.400000
v -14.562587 -11.406799 -0.400000
v -14.567905 -11.316654 0.400000
v -14.567905 -11.316654 -0.400000
v -14.564700 -11.247631 0.400000
v -14.564700 -11.247631 -0.400000
v -14.554639 -11.178798 0.400000
v -14.554639 -11.178798 -0.400000
v -14.537054 -11.111263 0.400000
v -14.537054 -11.111263 -0.400000
v -14.511275 -11.046136 0.400000
v -14.511275 -11.046136 -0.400000
v -14.476636 -10.984522 0.400000
v -14.476636 -10.984522 -0.400000
v -14.432467 -10.927529 0.400000
v -14.432467 -10.927529 -0.400000
v -14.378101 -10.876266 0.400000
v -14.378101 -10.876266 -0.400000
v -14.312868 -10.831840 0.400000
v -14.312868 -10.831840 -0.400000
v -14.236100 -10.795357 0.400000
v -14.236100 -10.795357 -0.400000
v -14.147129 -10.767927 0.400000
v -14.147129 -10.767927 -0.400000
v -14.045287 -10.750657 0.400000
v -14.045287 -10.750657 -0.400000
v -13.929905 -10.744654 0.400000
v -13.929905 -10.744654 -0.400000
v -13.297405 -10.744654 0.400000
v -13.297405 -10.744654 -0.400000
v -13.297405 -11.905154 0.400000
v -13.297405 -11.905154 -0.400000
v -18.296906 -14.011654 0.400000
v -18.296906 -14.011654 -0.400000
v -17.796406 -12.906155 0.400000
v -17.796406 -12.906155 -0.400000
v -16.201405 -12.906155 0.400000
v -16.201405 -12.906155 -0.400000
v -15.728405 -14.011654 0.400000
v -15.728405 -14.011654 -0.400000
v -15.178405 -14.011654 0.400000
v -15.178405 -14.011654 -0.400000
v -16.789906 -10.238654 0.400000
v -16.789906 -10.238654 -0.400000
v -17.169405 -10.238654 0.400000
v -17.169405 -10.238654 -0.400000
v -18.846905 -14.011654 0.400000
v -18.846905 -14.011654 -0.400000
v -17.576405 -12.422154 0.400000
v -17.576405 -12.422154 -0.400000
v -16.971405 -11.063654 0.400000
v -16.971405 -11.063654 -0.400000
v -16.410404 -12.422154 0.400000
v -16.410404 -12.422154 -0.400000
v -22.340721 -11.032357 0.400000
v -22.340721 -11.032357 -0.400000
v -22.228922 -10.974152 0.400000
v -22.228922 -10.974152 -0.400000
v -22.119148 -10.921943 0.400000
v -22.119148 -10.921943 -0.400000
v -22.011036 -10.875635 0.400000
v -22.011036 -10.875635 -0.400000
v -21.904221 -10.835134 0.400000
v -21.904221 -10.835134 -0.400000
v -21.798344 -10.800342 0.400000
v -21.798344 -10.800342 -0.400000
v -21.693039 -10.771164 0.400000
v -21.693039 -10.771164 -0.400000
v -21.587942 -10.747506 0.400000
v -21.587942 -10.747506 -0.400000
v -21.482695 -10.729271 0.400000
v -21.482695 -10.729271 -0.400000
v -21.376930 -10.716365 0.400000
v -21.376930 -10.716365 -0.400000
v -21.270288 -10.708691 0.400000
v -21.270288 -10.708691 -0.400000
v -21.162405 -10.706154 0.400000
v -21.162405 -10.706154 -0.400000
v -20.952730 -10.718644 0.400000
v -20.952730 -10.718644 -0.400000
v -20.753674 -10.755196 0.400000
v -20.753674 -10.755196 -0.400000
v -20.566687 -10.814436 0.400000
v -20.566687 -10.814436 -0.400000
v -20.393219 -10.894988 0.400000
v -20.393219 -10.894988 -0.400000
v -20.234726 -10.995478 0.400000
v -20.234726 -10.995478 -0.400000
v -20.092655 -11.114530 0.400000
v -20.092655 -11.114530 -0.400000
v -19.968460 -11.250769 0.400000
v -19.968460 -11.250769 -0.400000
v -19.863590 -11.402821 0.400000
v -19.863590 -11.402821 -0.400000
v -19.779499 -11.569310 0.400000
v -19.779499 -11.569310 -0.400000
v -19.717636 -11.748862 0.400000
v -19.717636 -11.748862 -0.400000
v -19.679455 -11.940103 0.400000
v -19.679455 -11.940103 -0.400000
v -19.666405 -12.141654 0.400000
v -19.666405 -12.141654 -0.400000
v -19.679047 -12.346457 0.400000
v -19.679047 -12.346457 -0.400000
v -19.716211 -12.539360 0.400000
v -19.716211 -12.539360 -0.400000
v -19.776749 -12.719240 0.400000
v -19.776749 -12.719240 -0.400000
v -19.859516 -12.884969 0.400000
v -19.859516 -12.884969 -0.400000
v -19.963367 -13.035420 0.400000
v -19.963367 -13.035420 -0.400000
v -20.087154 -13.169467 0.400000
v -20.087154 -13.169467 -0.400000
v -20.229734 -13.285982 0.400000
v -20.229734 -13.285982 -0.400000
v -20.389961 -13.383840 0.400000
v -20.389961 -13.383840 -0.400000
v -20.566687 -13.461912 0.400000
v -20.566687 -13.461912 -0.400000
v -20.758766 -13.519073 0.400000
v -20.758766 -13.519073 -0.400000
v -20.965054 -13.554196 0.400000
v -20.965054 -13.554196 -0.400000
v -21.184406 -13.566154 0.400000
v -21.184406 -13.566154 -0.400000
v -21.291039 -13.563073 0.400000
v -21.291039 -13.563073 -0.400000
v -21.399008 -13.553881 0.400000
v -21.399008 -13.553881 -0.400000
v -21.508045 -13.538654 0.400000
v -21.508045 -13.538654 -0.400000
v -21.617887 -13.517469 0.400000
v -21.617887 -13.517469 -0.400000
v -21.728262 -13.490402 0.400000
v -21.728262 -13.490402 -0.400000
v -21.838905 -13.457529 0.400000
v -21.838905 -13.457529 -0.400000
v -21.949549 -13.418927 0.400000
v -21.949549 -13.418927 -0.400000
v -22.059925 -13.374673 0.400000
v -22.059925 -13.374673 -0.400000
v -22.169765 -13.324841 0.400000
v -22.169765 -13.324841 -0.400000
v -22.278805 -13.269510 0.400000
v -22.278805 -13.269510 -0.400000
v -22.386772 -13.208756 0.400000
v -22.386772 -13.208756 -0.400000
v -22.493404 -13.142654 0.400000
v -22.493404 -13.142654 -0.400000
v -22.493404 -13.731154 0.400000
v -22.493404 -13.731154 -0.400000
v -22.400503 -13.778086 0.400000
v -22.400503 -13.778086 -0.400000
v -22.305693 -13.822439 0.400000
v -22.305693 -13.822439 -0.400000
v -22.208437 -13.863928 0.400000
v -22.208437 -13.863928 -0.400000
v -22.108202 -13.902266 0.400000
v -22.108202 -13.902266 -0.400000
v -22.004452 -13.937165 0.400000
v -22.004452 -13.937165 -0.400000
v -21.896656 -13.968342 0.400000
v -21.896656 -13.968342 -0.400000
v -21.784275 -13.995507 0.400000
v -21.784275 -13.995507 -0.400000
v -21.666775 -14.018376 0.400000
v -21.666775 -14.018376 -0.400000
v -21.543623 -14.036662 0.400000
v -21.543623 -14.036662 -0.400000
v -21.414284 -14.050077 0.400000
v -21.414284 -14.050077 -0.400000
v -21.278223 -14.058337 0.400000
v -21.278223 -14.058337 -0.400000
v -21.134905 -14.061154 0.400000
v -21.134905 -14.061154 -0.400000
v -20.799303 -14.039381 0.400000
v -20.799303 -14.039381 -0.400000
v -20.496090 -13.977254 0.400000
v -20.496090 -13.977254 -0.400000
v -20.224655 -13.879569 0.400000
v -20.224655 -13.879569 -0.400000
v -19.984386 -13.751118 0.400000
v -19.984386 -13.751118 -0.400000
v -19.774673 -13.596694 0.400000
v -19.774673 -13.596694 -0.400000
v -19.594906 -13.421092 0.400000
v -19.594906 -13.421092 -0.400000
v -19.444469 -13.229104 0.400000
v -19.444469 -13.229104 -0.400000
v -19.322758 -13.025525 0.400000
v -19.322758 -13.025525 -0.400000
v -19.229155 -12.815146 0.400000
v -19.229155 -12.815146 -0.400000
v -19.163054 -12.602763 0.400000
v -19.163054 -12.602763 -0.400000
v -19.123840 -12.393167 0.400000
v -19.123840 -12.393167 -0.400000
v -19.110905 -12.191154 0.400000
v -19.110905 -12.191154 -0.400000
v -19.128586 -11.911877 0.400000
v -19.128586 -11.911877 -0.400000
v -19.180393 -11.647265 0.400000
v -19.180393 -11.647265 -0.400000
v -19.264475 -11.399155 0.400000
v -19.264475 -11.399155 -0.400000
v -19.378979 -11.169376 0.400000
v -19.378979 -11.169376 -0.400000
v -19.522053 -10.959765 0.400000
v -19.522053 -10.959765 -0.400000
v -19.691843 -10.772154 0.400000
v -19.691843 -10.772154 -0.400000
v -19.886497 -10.608377 0.400000
v -19.886497 -10.608377 -0.400000
v -20.104164 -10.470265 0.400000
v -20.104164 -10.470265 -0.400000
v -20.342991 -10.359654 0.400000
v -20.342991 -10.359654 -0.400000
v -20.601126 -10.278377 0.400000
v -20.601126 -10.278377 -0.400000
v -20.876715 -10.228266 0.400000
v -20.876715 -10.228266 -0.400000
v -21.167906 -10.211154 0.400000
v -21.167906 -10.211154 -0.400000
v -21.264336 -10.213118 0.400000
v -21.264336 -10.213118 -0.400000
v -21.361399 -10.219073 0.400000
v -21.361399 -10.219073 -0.400000
v -21.459492 -10.229115 0.400000
v -21.459492 -10.229115 -0.400000
v -21.559017 -10.243340 0.400000
v -21.559017 -10.243340 -0.400000
v -21.660376 -10.261841 0.400000
v -21.660376 -10.261841 -0.400000
v -21.763968 -10.284717 0.400000
v -21.763968 -10.284717 -0.400000
v -21.870195 -10.312060 0.400000
v -21.870195 -10.312060 -0.400000
v -21.979462 -10.343969 0.400000
v -21.979462 -10.343969 -0.400000
v -22.092163 -10.380537 0.400000
v -22.092163 -10.380537 -0.400000
v -22.208704 -10.421860 0.400000
v -22.208704 -10.421860 -0.400000
v -22.329483 -10.468034 0.400000
v -22.329483 -10.468034 -0.400000
v -22.454906 -10.519154 0.400000
v -22.454906 -10.519154 -0.400000
v -22.454906 -11.096654 0.400000
v -22.454906 -11.096654 -0.400000
v -23.692406 -10.744654 0.400001
v -23.692406 -10.744654 -0.399999
v -23.692406 -11.877654 0.400001
v -23.692406 -11.877654 -0.399999
v -25.226906 -11.877654 0.400001
v -25.226906 -11.877654 -0.399999
v -25.226906 -12.361654 0.400001
v -25.226906 -12.361654 -0.399999
v -23.692406 -12.361654 0.400001
v -23.692406 -12.361654 -0.399999
v -23.692406 -13.527655 0.400001
v -23.692406 -13.527655 -0.399999
v -25.331406 -13.527655 0.400001
v -25.331406 -13.527655 -0.399999
v -25.331406 -14.011654 0.400001
v -25.331406 -14.011654 -0.399999
v -23.153406 -14.011654 0.400000
v -23.153406 -14.011654 -0.400000
v -23.153406 -10.260654 0.400000
v -23.153406 -10.260654 -0.400000
v -25.281906 -10.260654 0.400001
v -25.281906 -10.260654 -0.399999
v -25.281906 -10.744654 0.400001
v -25.281906 -10.744654 -0.399999
vn -0.0000 -0.0000 -1.0000
vn -0.0001 -0.0000 -1.0000
vn -0.0000 -0.0000 1.0000
vn -0.0001 -0.0000 1.0000
vn 0.5982 -0.8014 -0.0000
vn 0.6451 -0.7641 -0.0000
vn 0.6452 -0.7641 -0.0000
vn 0.5472 -0.8370 -0.0000
vn 0.4924 -0.8703 -0.0000
vn 0.4344 -0.9007 -0.0000
vn 0.3738 -0.9275 -0.0000
vn 0.3113 -0.9503 -0.0000
vn 0.2478 -0.9688 -0.0000
vn 0.1842 -0.9829 -0.0000
vn 0.1212 -0.9926 -0.0000
vn 0.1841 -0.9829 -0.0000
vn 0.0599 -0.9982 -0.0000
vn -0.0072 -1.0000 -0.0000
vn -0.0900 -0.9959 -0.0000
vn -0.1842 -0.9829 -0.0000
vn -0.2828 -0.9592 -0.0000
vn -0.3856 -0.9227 -0.0000
vn -0.4915 -0.8709 -0.0000
vn -0.5986 -0.8011 -0.0000
vn -0.7033 -0.7109 -0.0000
vn -0.8007 -0.5990 -0.0000
vn -0.8845 -0.4665 -0.0000
vn -0.9482 -0.3175 -0.0000
vn -0.9872 -0.1593 -0.0000
vn -0.9985 0.0556 -0.0000
vn -0.9314 0.3641 -0.0000
vn -0.7738 0.6335 -0.0000
vn -0.6274 0.7787 -0.0000
vn -0.7737 0.6335 -0.0000
vn -0.5367 0.8438 -0.0000
vn -0.5005 0.8657 -0.0000
vn -0.5106 0.8598 -0.0000
vn -0.5617 0.8274 -0.0000
vn -0.6501 0.7599 -0.0000
vn -0.7661 0.6427 -0.0000
vn -0.8854 0.4648 -0.0000
vn -0.9712 0.2381 -0.0000
vn -0.9997 0.0262 -0.0000
vn -0.9918 -0.1282 -0.0000
vn -0.9663 -0.2574 -0.0000
vn -0.9231 -0.3845 -0.0000
vn -0.8626 -0.5058 -0.0000
vn -0.7860 -0.6182 -0.0000
vn -0.6952 -0.7188 -0.0000
vn -0.5927 -0.8055 -0.0000
vn -0.4810 -0.8767 -0.0000
vn -0.3632 -0.9317 -0.0000
vn -0.2420 -0.9703 -0.0000
vn -0.1202 -0.9928 -0.0000
vn -0.0182 -0.9998 -0.0000
vn 0.0471 -0.9989 -0.0000
vn 0.0968 -0.9953 -0.0000
vn 0.1491 -0.9888 -0.0000
vn 0.2033 -0.9791 -0.0000
vn 0.2586 -0.9660 -0.0000
vn 0.3140 -0.9494 -0.0000
vn 0.3686 -0.9296 -0.0000
vn 0.4214 -0.9069 -0.0000
vn 0.4717 -0.8817 -0.0000
vn 0.5189 -0.8549 -0.0000
vn 0.5623 -0.8269 -0.0000
vn 0.8896 -0.4567 -0.0000
vn 0.3394 0.9407 -0.0000
vn -0.7500 0.6614 -0.0000
vn 0.3393 0.9407 -0.0000
vn -0.7074 0.7068 -0.0000
vn -0.6596 0.7516 -0.0000
vn -0.6063 0.7953 -0.0000
vn -0.6596 0.7517 -0.0000
vn -0.5473 0.8369 -0.0000
vn -0.4825 0.8759 -0.0000
vn -0.5473 0.8370 -0.0000
vn -0.4122 0.9111 -0.0000
vn -0.3367 0.9416 -0.0000
vn -0.2566 0.9665 -0.0000
vn -0.1730 0.9849 -0.0000
vn -0.0870 0.9962 -0.0000
vn 0.0048 1.0000 -0.0000
vn 0.1096 0.9940 -0.0000
vn 0.2246 0.9744 -0.0000
vn 0.3426 0.9395 -0.0000
vn 0.4598 0.8880 -0.0000
vn 0.3427 0.9395 -0.0000
vn 0.5721 0.8202 -0.0000
vn 0.6758 0.7371 -0.0000
vn 0.7680 0.6404 -0.0000
vn 0.8467 0.5321 -0.0000
vn 0.9105 0.4135 -0.0000
vn 0.9584 0.2853 -0.0000
vn 0.9891 0.1473 -0.0000
vn 0.9988 -0.0497 -0.0000
vn 0.9418 -0.3362 -0.0000
vn 0.8047 -0.5937 -0.0000
vn 0.6690 -0.7433 -0.0000
vn 0.5764 -0.8172 -0.0000
vn 0.5308 -0.8475 -0.0000
vn 0.5272 -0.8497 -0.0000
vn 0.5624 -0.8268 -0.0000
vn 0.6354 -0.7722 -0.0000
vn 0.7422 -0.6702 -0.0000
vn 0.8648 -0.5021 -0.0000
vn 0.7421 -0.6702 -0.0000
vn 0.9638 -0.2666 -0.0000
vn 0.9994 -0.0352 -0.0000
vn 0.9917 0.1285 -0.0000
vn 0.9650 0.2624 -0.0000
vn 0.9175 0.3977 -0.0000
vn 0.8490 0.5283 -0.0000
vn 0.7616 0.6481 -0.0000
vn 0.6592 0.7520 -0.0000
vn 0.5474 0.8369 -0.0000
vn 0.4315 0.9021 -0.0000
vn 0.3162 0.9487 -0.0000
vn 0.2047 0.9788 -0.0000
vn 0.0992 0.9951 -0.0000
vn 0.0112 0.9999 -0.0000
vn -0.0512 0.9987 -0.0000
vn -0.1022 0.9948 -0.0000
vn -0.1527 0.9883 -0.0000
vn -0.2026 0.9793 -0.0000
vn -0.2515 0.9679 -0.0000
vn -0.2993 0.9542 -0.0000
vn -0.3458 0.9383 -0.0000
vn -0.3909 0.9204 -0.0000
vn -0.4344 0.9007 -0.0000
vn -0.4763 0.8793 -0.0000
vn -0.5164 0.8564 -0.0000
vn -0.8763 0.4818 -0.0000
vn -0.4079 -0.9130 -0.0000
vn -0.8763 0.4817 -0.0000
vn -0.2200 0.9755 -0.0000
vn -0.1053 0.9944 -0.0000
vn -0.3427 0.9395 -0.0000
vn -0.4688 0.8833 -0.0000
vn -0.5921 0.8058 -0.0000
vn -0.7056 0.7086 -0.0000
vn -0.8030 0.5960 -0.0000
vn -0.8804 0.4742 -0.0000
vn -0.9370 0.3494 -0.0000
vn -0.9739 0.2269 -0.0000
vn -0.9939 0.1102 -0.0000
vn -1.0000 -0.0019 -0.0000
vn -0.9930 -0.1183 -0.0000
vn -0.9698 -0.2437 -0.0000
vn -0.9273 -0.3743 -0.0000
vn -0.8631 -0.5050 -0.0000
vn -0.7775 -0.6289 -0.0000
vn -0.8631 -0.5049 -0.0000
vn -0.6734 -0.7393 -0.0000
vn -0.5568 -0.8307 -0.0000
vn -0.4348 -0.9005 -0.0000
vn -0.3142 -0.9494 -0.0000
vn -0.2000 -0.9798 -0.0000
vn -0.0952 -0.9955 -0.0000
vn -0.0227 -0.9997 -0.0000
vn -0.7071 -0.7071 -0.0000
vn 0.7071 -0.7071 -0.0000
vn 0.7071 0.7071 -0.0000
vn -0.0252 0.9997 -0.0000
vn 0.0946 0.9955 -0.0000
vn 0.0228 0.9997 -0.0000
vn 0.1970 0.9804 -0.0000
vn 0.3075 0.9516 -0.0000
vn 0.4241 0.9056 -0.0000
vn 0.5431 0.8397 -0.0000
vn 0.6588 0.7523 -0.0000
vn 0.7645 0.6446 -0.0000
vn 0.8536 0.5209 -0.0000
vn 0.9218 0.3876 -0.0000
vn 0.8536 0.5208 -0.0000
vn 0.9676 0.2525 -0.0000
vn 0.9925 0.1222 -0.0000
vn 1.0000 0.0063 -0.0000
vn 0.9954 -0.0956 -0.0000
vn 1.0000 0.0062 -0.0000
vn 0.9801 -0.1986 -0.0000
vn 0.9505 -0.3106 -0.0000
vn 0.9028 -0.4300 -0.0000
vn 0.8333 -0.5528 -0.0000
vn 0.7405 -0.6721 -0.0000
vn 0.6264 -0.7795 -0.0000
vn 0.4975 -0.8674 -0.0000
vn 0.3629 -0.9318 -0.0000
vn 0.2314 -0.9729 -0.0000
vn 0.1098 -0.9940 -0.0000
vn 0.0260 -0.9997 -0.0000
vn -0.7071 0.7071 -0.0000
vn 0.5420 -0.8404 -0.0000
vn -0.5508 -0.8347 -0.0000
vn -0.5507 -0.8347 -0.0000
vn 0.8345 -0.5510 -0.0000
vn 0.5510 0.8345 -0.0000
vn -0.5449 0.8385 -0.0000
vn -0.8385 -0.5449 -0.0000
vn -0.0137 -0.9999 -0.0000
vn 0.8387 0.5446 -0.0000
vn -0.8312 0.5560 -0.0000
vn 0.4457 -0.8952 -0.0000
vn 0.4763 -0.8793 -0.0000
vn 0.4117 -0.9113 -0.0000
vn 0.3742 -0.9273 -0.0000
vn 0.3334 -0.9428 -0.0000
vn 0.2897 -0.9571 -0.0000
vn 0.2434 -0.9699 -0.0000
vn 0.1952 -0.9808 -0.0000
vn 0.1460 -0.9893 -0.0000
vn 0.0965 -0.9953 -0.0000
vn 0.0477 -0.9989 -0.0000
vn -0.0180 -0.9998 -0.0000
vn -0.1203 -0.9927 -0.0000
vn -0.2418 -0.9703 -0.0000
vn -0.3623 -0.9320 -0.0000
vn -0.4793 -0.8776 -0.0000
vn -0.5902 -0.8073 -0.0000
vn -0.6922 -0.7217 -0.0000
vn -0.7829 -0.6221 -0.0000
vn -0.8599 -0.5105 -0.0000
vn -0.9212 -0.3892 -0.0000
vn -0.9652 -0.2614 -0.0000
vn -0.9915 -0.1305 -0.0000
vn -1.0000 -0.0015 -0.0000
vn -0.9914 -0.1305 -0.0000
vn -0.9921 0.1257 -0.0000
vn -0.9670 0.2546 -0.0000
vn -0.9234 0.3838 -0.0000
vn -0.9670 0.2547 -0.0000
vn -0.8609 0.5087 -0.0000
vn -0.7808 0.6248 -0.0000
vn -0.6854 0.7282 -0.0000
vn -0.5784 0.8158 -0.0000
vn -0.4637 0.8860 -0.0000
vn -0.5783 0.8158 -0.0000
vn -0.3454 0.9385 -0.0000
vn -0.2270 0.9739 -0.0000
vn -0.1113 0.9938 -0.0000
vn -0.0128 0.9999 -0.0000
vn 0.0569 0.9984 -0.0000
vn 0.1116 0.9938 -0.0000
vn 0.1639 0.9865 -0.0000
vn 0.2138 0.9769 -0.0000
vn 0.2616 0.9652 -0.0000
vn 0.3072 0.9516 -0.0000
vn 0.3509 0.9364 -0.0000
vn 0.3927 0.9197 -0.0000
vn 0.4329 0.9014 -0.0000
vn 0.3927 0.9196 -0.0000
vn 0.4716 0.8818 -0.0000
vn 0.5088 0.8609 -0.0000
vn -0.4864 0.8737 -0.0000
vn -0.8517 -0.5240 -0.0000
vn -0.4374 -0.8993 -0.0000
vn -0.4081 -0.9129 -0.0000
vn -0.3749 -0.9271 -0.0000
vn -0.3381 -0.9411 -0.0000
vn -0.2984 -0.9544 -0.0000
vn -0.2565 -0.9666 -0.0000
vn -0.2131 -0.9770 -0.0000
vn -0.1690 -0.9856 -0.0000
vn -0.1251 -0.9922 -0.0000
vn -0.0819 -0.9966 -0.0000
vn -0.0401 -0.9992 -0.0000
vn 0.0226 -0.9997 -0.0000
vn 0.1330 -0.9911 -0.0000
vn 0.2704 -0.9628 -0.0000
vn 0.4061 -0.9138 -0.0000
vn 0.5336 -0.8457 -0.0000
vn 0.6474 -0.7621 -0.0000
vn 0.7446 -0.6675 -0.0000
vn 0.8244 -0.5661 -0.0000
vn 0.8876 -0.4607 -0.0000
vn 0.8243 -0.5661 -0.0000
vn 0.9358 -0.3524 -0.0000
vn 0.9705 -0.2409 -0.0000
vn 0.9923 -0.1241 -0.0000
vn 1.0000 -0.0004 -0.0000
vn 0.9918 0.1279 -0.0000
vn 0.9664 0.2571 -0.0000
vn 0.9232 0.3844 -0.0000
vn 0.8625 0.5061 -0.0000
vn 0.7855 0.6188 -0.0000
vn 0.6942 0.7198 -0.0000
vn 0.5911 0.8066 -0.0000
vn 0.4790 0.8778 -0.0000
vn 0.3610 0.9325 -0.0000
vn 0.2401 0.9708 -0.0000
vn 0.3610 0.9326 -0.0000
vn 0.1190 0.9929 -0.0000
vn 0.0192 0.9998 -0.0000
vn -0.0408 0.9992 -0.0000
vn -0.0816 0.9967 -0.0000
vn -0.1217 0.9926 -0.0000
vn -0.1606 0.9870 -0.0000
vn -0.1976 0.9803 -0.0000
vn -0.2325 0.9726 -0.0000
vn -0.2648 0.9643 -0.0000
vn -0.2945 0.9556 -0.0000
vn -0.3214 0.9469 -0.0000
vn -0.2945 0.9557 -0.0000
vn -0.3457 0.9384 -0.0000
vn -0.3673 0.9301 -0.0000
vn -0.8299 0.5579 -0.0000
vn -0.5047 -0.8633 -0.0000
vt 0.727273 0.000000
vt 0.000000 0.000000
vt 0.818182 0.000000
vt 0.909091 0.000000
vt 1.000000 0.000000
vt 0.090909 0.000000
vt 0.363636 0.000000
vt 0.181818 0.000000
vt 0.272727 0.000000
vt 0.454545 0.000000
vt 0.545455 0.000000
vt 0.636364 0.000000
vt 0.855670 0.000000
vt 0.876289 0.000000
vt 0.865979 0.000000
vt 0.886598 0.000000
vt 0.896907 0.000000
vt 0.845361 0.000000
vt 0.907216 0.000000
vt 0.917526 0.000000
vt 0.927835 0.000000
vt 0.835052 0.000000
vt 0.938144 0.000000
vt 0.948454 0.000000
vt 0.958763 0.000000
vt 0.824742 0.000000
vt 0.969072 0.000000
vt 0.979381 0.000000
vt 0.989691 0.000000
vt 0.814433 0.000000
vt 0.092784 0.000000
vt 0.082474 0.000000
vt 0.072165 0.000000
vt 0.061856 0.000000
vt 0.051546 0.000000
vt 0.041237 0.000000
vt 0.030928 0.000000
vt 0.020619 0.000000
vt 0.010309 0.000000
vt 0.804124 0.000000
vt 0.113402 0.000000
vt 0.103093 0.000000
vt 0.123711 0.000000
vt 0.134021 0.000000
vt 0.144330 0.000000
vt 0.793814 0.000000
vt 0.154639 0.000000
vt 0.164948 0.000000
vt 0.783505 0.000000
vt 0.175258 0.000000
vt 0.185567 0.000000
vt 0.773196 0.000000
vt 0.195876 0.000000
vt 0.762887 0.000000
vt 0.206186 0.000000
vt 0.216495 0.000000
vt 0.752577 0.000000
vt 0.226804 0.000000
vt 0.742268 0.000000
vt 0.237113 0.000000
vt 0.247423 0.000000
vt 0.731959 0.000000
vt 0.257732 0.000000
vt 0.721649 0.000000
vt 0.268041 0.000000
vt 0.711340 0.000000
vt 0.278351 0.000000
vt 0.701031 0.000000
vt 0.288660 0.000000
vt 0.690722 0.000000
vt 0.298969 0.000000
vt 0.474227 0.000000
vt 0.494845 0.000000
vt 0.484536 0.000000
vt 0.309278 0.000000
vt 0.463918 0.000000
vt 0.680412 0.000000
vt 0.453608 0.000000
vt 0.319588 0.000000
vt 0.443299 0.000000
vt 0.432990 0.000000
vt 0.329897 0.000000
vt 0.422680 0.000000
vt 0.670103 0.000000
vt 0.412371 0.000000
vt 0.340206 0.000000
vt 0.402062 0.000000
vt 0.391753 0.000000
vt 0.350515 0.000000
vt 0.381443 0.000000
vt 0.371134 0.000000
vt 0.360825 0.000000
vt 0.659794 0.000000
vt 0.505155 0.000000
vt 0.649485 0.000000
vt 0.515464 0.000000
vt 0.525773 0.000000
vt 0.536082 0.000000
vt 0.639175 0.000000
vt 0.546392 0.000000
vt 0.556701 0.000000
vt 0.567010 0.000000
vt 0.628866 0.000000
vt 0.577320 0.000000
vt 0.587629 0.000000
vt 0.597938 0.000000
vt 0.618557 0.000000
vt 0.608247 0.000000
vt 0.400000 0.000000
vt 0.600000 0.000000
vt 0.500000 0.000000
vt 0.900000 0.000000
vt 0.700000 0.000000
vt 0.800000 0.000000
vt 0.200000 0.000000
vt 0.100000 0.000000
vt 0.300000 0.000000
vt 0.472727 0.000000
vt 0.981818 0.000000
vt 0.490909 0.000000
vt 0.509091 0.000000
vt 0.018182 0.000000
vt 0.036364 0.000000
vt 0.054545 0.000000
vt 0.072727 0.000000
vt 0.109091 0.000000
vt 0.963636 0.000000
vt 0.127273 0.000000
vt 0.945455 0.000000
vt 0.927273 0.000000
vt 0.145455 0.000000
vt 0.890909 0.000000
vt 0.872727 0.000000
vt 0.854545 0.000000
vt 0.163636 0.000000
vt 0.836364 0.000000
vt 0.781818 0.000000
vt 0.763636 0.000000
vt 0.745455 0.000000
vt 0.218182 0.000000
vt 0.709091 0.000000
vt 0.236364 0.000000
vt 0.690909 0.000000
vt 0.672727 0.000000
vt 0.254545 0.000000
vt 0.654545 0.000000
vt 0.618182 0.000000
vt 0.581818 0.000000
vt 0.563636 0.000000
vt 0.290909 0.000000
vt 0.527273 0.000000
vt 0.436364 0.000000
vt 0.309091 0.000000
vt 0.327273 0.000000
vt 0.345455 0.000000
vt 0.381818 0.000000
vt 0.418182 0.000000
vt 0.884298 0.000000
vt 0.900826 0.000000
vt 0.892562 0.000000
vt 0.917355 0.000000
vt 0.876033 0.000000
vt 0.925620 0.000000
vt 0.933884 0.000000
vt 0.867769 0.000000
vt 0.942149 0.000000
vt 0.950413 0.000000
vt 0.859504 0.000000
vt 0.958678 0.000000
vt 0.966942 0.000000
vt 0.851240 0.000000
vt 0.975207 0.000000
vt 0.983471 0.000000
vt 0.842975 0.000000
vt 0.991736 0.000000
vt 0.057851 0.000000
vt 0.049587 0.000000
vt 0.041322 0.000000
vt 0.033058 0.000000
vt 0.024793 0.000000
vt 0.016529 0.000000
vt 0.008264 0.000000
vt 0.834711 0.000000
vt 0.074380 0.000000
vt 0.066116 0.000000
vt 0.826446 0.000000
vt 0.082645 0.000000
vt 0.099174 0.000000
vt 0.107438 0.000000
vt 0.115702 0.000000
vt 0.123967 0.000000
vt 0.132231 0.000000
vt 0.140496 0.000000
vt 0.809917 0.000000
vt 0.148760 0.000000
vt 0.157025 0.000000
vt 0.165289 0.000000
vt 0.801653 0.000000
vt 0.173554 0.000000
vt 0.793388 0.000000
vt 0.190083 0.000000
vt 0.198347 0.000000
vt 0.785124 0.000000
vt 0.206612 0.000000
vt 0.214876 0.000000
vt 0.776860 0.000000
vt 0.223140 0.000000
vt 0.768595 0.000000
vt 0.231405 0.000000
vt 0.239669 0.000000
vt 0.760331 0.000000
vt 0.247934 0.000000
vt 0.752066 0.000000
vt 0.256198 0.000000
vt 0.743802 0.000000
vt 0.264463 0.000000
vt 0.735537 0.000000
vt 0.719008 0.000000
vt 0.280992 0.000000
vt 0.710744 0.000000
vt 0.702479 0.000000
vt 0.289256 0.000000
vt 0.694215 0.000000
vt 0.487603 0.000000
vt 0.504132 0.000000
vt 0.495868 0.000000
vt 0.297521 0.000000
vt 0.685950 0.000000
vt 0.512397 0.000000
vt 0.677686 0.000000
vt 0.305785 0.000000
vt 0.520661 0.000000
vt 0.669421 0.000000
vt 0.528926 0.000000
vt 0.661157 0.000000
vt 0.652893 0.000000
vt 0.314050 0.000000
vt 0.537190 0.000000
vt 0.644628 0.000000
vt 0.553719 0.000000
vt 0.322314 0.000000
vt 0.628099 0.000000
vt 0.561983 0.000000
vt 0.619835 0.000000
vt 0.570248 0.000000
vt 0.611570 0.000000
vt 0.578512 0.000000
vt 0.603306 0.000000
vt 0.586777 0.000000
vt 0.330579 0.000000
vt 0.595041 0.000000
vt 0.338843 0.000000
vt 0.479339 0.000000
vt 0.471074 0.000000
vt 0.347107 0.000000
vt 0.462810 0.000000
vt 0.355372 0.000000
vt 0.446281 0.000000
vt 0.438017 0.000000
vt 0.429752 0.000000
vt 0.371901 0.000000
vt 0.421488 0.000000
vt 0.413223 0.000000
vt 0.380165 0.000000
vt 0.404959 0.000000
vt 0.396694 0.000000
vt 0.388430 0.000000
vt 0.008197 1.000000
vt 0.000000 1.000000
vt 0.016393 1.000000
vt 0.008197 0.000000
vt 0.024590 1.000000
vt 0.016393 0.000000
vt 0.032787 1.000000
vt 0.024590 0.000000
vt 0.040984 1.000000
vt 0.032787 0.000000
vt 0.049180 1.000000
vt 0.040984 0.000000
vt 0.057377 1.000000
vt 0.049180 0.000000
vt 0.065574 1.000000
vt 0.057377 0.000000
vt 0.073770 1.000000
vt 0.065574 0.000000
vt 0.081967 1.000000
vt 0.073770 0.000000
vt 0.090164 1.000000
vt 0.081967 0.000000
vt 0.098361 1.000000
vt 0.090164 0.000000
vt 0.106557 1.000000
vt 0.098361 0.000000
vt 0.114754 1.000000
vt 0.106557 0.000000
vt 0.122951 1.000000
vt 0.114754 0.000000
vt 0.131148 1.000000
vt 0.122951 0.000000
vt 0.139344 1.000000
vt 0.131148 0.000000
vt 0.147541 1.000000
vt 0.139344 0.000000
vt 0.155738 1.000000
vt 0.147541 0.000000
vt 0.163934 1.000000
vt 0.155738 0.000000
vt 0.172131 1.000000
vt 0.163934 0.000000
vt 0.180328 1.000000
vt 0.172131 0.000000
vt 0.188525 1.000000
vt 0.180328 0.000000
vt 0.196721 1.000000
vt 0.188525 0.000000
vt 0.204918 1.000000
vt 0.196721 0.000000
vt 0.213115 1.000000
vt 0.204918 0.000000
vt 0.221311 1.000000
vt 0.213115 0.000000
vt 0.229508 1.000000
vt 0.221311 0.000000
vt 0.237705 1.000000
vt 0.229508 0.000000
vt 0.245902 1.000000
vt 0.237705 0.000000
vt 0.254098 1.000000
vt 0.245902 0.000000
vt 0.262295 1.000000
vt 0.254098 0.000000
vt 0.270492 1.000000
vt 0.262295 0.000000
vt 0.278689 1.000000
vt 0.270492 0.000000
vt 0.286885 1.000000
vt 0.278689 0.000000
vt 0.295082 1.000000
vt 0.286885 0.000000
vt 0.303279 1.000000
vt 0.295082 0.000000
vt 0.311475 1.000000
vt 0.303279 0.000000
vt 0.319672 1.000000
vt 0.311475 0.000000
vt 0.327869 1.000000
vt 0.319672 0.000000
vt 0.336066 1.000000
vt 0.327869 0.000000
vt 0.344262 1.000000
vt 0.336066 0.000000
vt 0.352459 1.000000
vt 0.344262 0.000000
vt 0.360656 1.000000
vt 0.352459 0.000000
vt 0.368852 1.000000
vt 0.360656 0.000000
vt 0.377049 1.000000
vt 0.368852 0.000000
vt 0.385246 1.000000
vt 0.377049 0.000000
vt 0.393443 1.000000
vt 0.385246 0.000000
vt 0.401639 1.000000
vt 0.393443 0.000000
vt 0.409836 1.000000
vt 0.401639 0.000000
vt 0.418033 1.000000
vt 0.409836 0.000000
vt 0.426230 1.000000
vt 0.418033 0.000000
vt 0.434426 1.000000
vt 0.426230 0.000000
vt 0.442623 1.000000
vt 0.434426 0.000000
vt 0.450820 1.000000
vt 0.442623 0.000000
vt 0.459016 1.000000
vt 0.450820 0.000000
vt 0.467213 1.000000
vt 0.459016 0.000000
vt 0.475410 1.000000
vt 0.467213 0.000000
vt 0.483607 1.000000
vt 0.475410 0.000000
vt 0.491803 1.000000
vt 0.483607 0.000000
vt 0.500000 1.000000
vt 0.491803 0.000000
vt 0.508197 1.000000
vt 0.516393 1.000000
vt 0.508197 0.000000
vt 0.524590 1.000000
vt 0.516393 0.000000
vt 0.532787 1.000000
vt 0.524590 0.000000
vt 0.540984 1.000000
vt 0.532787 0.000000
vt 0.549180 1.000000
vt 0.540984 0.000000
vt 0.557377 1.000000
vt 0.549180 0.000000
vt 0.565574 1.000000
vt 0.557377 0.000000
vt 0.573770 1.000000
vt 0.565574 0.000000
vt 0.581967 1.000000
vt 0.573770 0.000000
vt 0.590164 1.000000
vt 0.581967 0.000000
vt 0.598361 1.000000
vt 0.590164 0.000000
vt 0.606557 1.000000
vt 0.598361 0.000000
vt 0.614754 1.000000
vt 0.606557 0.000000
vt 0.622951 1.000000
vt 0.614754 0.000000
vt 0.631148 1.000000
vt 0.622951 0.000000
vt 0.639344 1.000000
vt 0.631148 0.000000
vt 0.647541 1.000000
vt 0.639344 0.000000
vt 0.655738 1.000000
vt 0.647541 0.000000
vt 0.663934 1.000000
vt 0.655738 0.000000
vt 0.672131 1.000000
vt 0.663934 0.000000
vt 0.680328 1.000000
vt 0.672131 0.000000
vt 0.688525 1.000000
vt 0.680328 0.000000
vt 0.696721 1.000000
vt 0.688525 0.000000
vt 0.704918 1.000000
vt 0.696721 0.000000
vt 0.713115 1.000000
vt 0.704918 0.000000
vt 0.721311 1.000000
vt 0.713115 0.000000
vt 0.729508 1.000000
vt 0.721311 0.000000
vt 0.737705 1.000000
vt 0.729508 0.000000
vt 0.745902 1.000000
vt 0.737705 0.000000
vt 0.754098 1.000000
vt 0.745902 0.000000
vt 0.762295 1.000000
vt 0.754098 0.000000
vt 0.770492 1.000000
vt 0.762295 0.000000
vt 0.778689 1.000000
vt 0.770492 0.000000
vt 0.786885 1.000000
vt 0.778689 0.000000
vt 0.795082 1.000000
vt 0.786885 0.000000
vt 0.803279 1.000000
vt 0.795082 0.000000
vt 0.811475 1.000000
vt 0.803279 0.000000
vt 0.819672 1.000000
vt 0.811475 0.000000
vt 0.827869 1.000000
vt 0.819672 0.000000
vt 0.836066 1.000000
vt 0.827869 0.000000
vt 0.844262 1.000000
vt 0.836066 0.000000
vt 0.852459 1.000000
vt 0.844262 0.000000
vt 0.860656 1.000000
vt 0.852459 0.000000
vt 0.868852 1.000000
vt 0.860656 0.000000
vt 0.877049 1.000000
vt 0.868852 0.000000
vt 0.885246 1.000000
vt 0.877049 0.000000
vt 0.893443 1.000000
vt 0.885246 0.000000
vt 0.901639 1.000000
vt 0.893443 0.000000
vt 0.909836 1.000000
vt 0.901639 0.000000
vt 0.918033 1.000000
vt 0.909836 0.000000
vt 0.926230 1.000000
vt 0.918033 0.000000
vt 0.934426 1.000000
vt 0.926230 0.000000
vt 0.942623 1.000000
vt 0.934426 0.000000
vt 0.950820 1.000000
vt 0.942623 0.000000
vt 0.959016 1.000000
vt 0.950820 0.000000
vt 0.967213 1.000000
vt 0.959016 0.000000
vt 0.975410 1.000000
vt 0.967213 0.000000
vt 0.983607 1.000000
vt 0.975410 0.000000
vt 0.991803 1.000000
vt 0.983607 0.000000
vt 1.000000 1.000000
vt 0.991803 0.000000
vt 0.034483 1.000000
vt 0.068966 1.000000
vt 0.034483 0.000000
vt 0.103448 1.000000
vt 0.068966 0.000000
vt 0.137931 1.000000
vt 0.103448 0.000000
vt 0.172414 1.000000
vt 0.137931 0.000000
vt 0.206897 1.000000
vt 0.172414 0.000000
vt 0.241379 1.000000
vt 0.206897 0.000000
vt 0.275862 1.000000
vt 0.241379 0.000000
vt 0.310345 1.000000
vt 0.275862 0.000000
vt 0.344828 1.000000
vt 0.310345 0.000000
vt 0.379310 1.000000
vt 0.344828 0.000000
vt 0.413793 1.000000
vt 0.379310 0.000000
vt 0.448276 1.000000
vt 0.413793 0.000000
vt 0.482759 1.000000
vt 0.448276 0.000000
vt 0.517241 1.000000
vt 0.482759 0.000000
vt 0.551724 1.000000
vt 0.517241 0.000000
vt 0.586207 1.000000
vt 0.551724 0.000000
vt 0.620690 1.000000
vt 0.586207 0.000000
vt 0.655172 1.000000
vt 0.620690 0.000000
vt 0.689655 1.000000
vt 0.655172 0.000000
vt 0.724138 1.000000
vt 0.689655 0.000000
vt 0.758621 1.000000
vt 0.724138 0.000000
vt 0.793103 1.000000
vt 0.758621 0.000000
vt 0.827586 1.000000
vt 0.793103 0.000000
vt 0.862069 1.000000
vt 0.827586 0.000000
vt 0.896552 1.000000
vt 0.862069 0.000000
vt 0.931035 1.000000
vt 0.896552 0.000000
vt 0.965517 1.000000
vt 0.931035 0.000000
vt 0.965517 0.000000
vt 0.037037 1.000000
vt 0.074074 1.000000
vt 0.037037 0.000000
vt 0.111111 1.000000
vt 0.074074 0.000000
vt 0.148148 1.000000
vt 0.111111 0.000000
vt 0.185185 1.000000
vt 0.148148 0.000000
vt 0.222222 1.000000
vt 0.185185 0.000000
vt 0.259259 1.000000
vt 0.222222 0.000000
vt 0.296296 1.000000
vt 0.259259 0.000000
vt 0.333333 1.000000
vt 0.296296 0.000000
vt 0.370370 1.000000
vt 0.333333 0.000000
vt 0.407407 1.000000
vt 0.370370 0.000000
vt 0.444444 1.000000
vt 0.407407 0.000000
vt 0.481481 1.000000
vt 0.444444 0.000000
vt 0.518519 1.000000
vt 0.481481 0.000000
vt 0.555556 1.000000
vt 0.518519 0.000000
vt 0.592593 1.000000
vt 0.555556 0.000000
vt 0.629630 1.000000
vt 0.592593 0.000000
vt 0.666667 1.000000
vt 0.629630 0.000000
vt 0.703704 1.000000
vt 0.666667 0.000000
vt 0.740741 1.000000
vt 0.703704 0.000000
vt 0.777778 1.000000
vt 0.740741 0.000000
vt 0.814815 1.000000
vt 0.777778 0.000000
vt 0.851852 1.000000
vt 0.814815 0.000000
vt 0.888889 1.000000
vt 0.851852 0.000000
vt 0.925926 1.000000
vt 0.888889 0.000000
vt 0.962963 1.000000
vt 0.925926 0.000000
vt 0.962963 0.000000
vt 0.125000 1.000000
vt 0.250000 1.000000
vt 0.125000 0.000000
vt 0.375000 1.000000
vt 0.250000 0.000000
vt 0.375000 0.000000
vt 0.625000 1.000000
vt 0.750000 1.000000
vt 0.625000 0.000000
vt 0.875000 1.000000
vt 0.750000 0.000000
vt 0.875000 0.000000
vt 0.010204 1.000000
vt 0.020408 1.000000
vt 0.010204 0.000000
vt 0.030612 1.000000
vt 0.020408 0.000000
vt 0.040816 1.000000
vt 0.030612 0.000000
vt 0.051020 1.000000
vt 0.040816 0.000000
vt 0.061224 1.000000
vt 0.051020 0.000000
vt 0.071429 1.000000
vt 0.061224 0.000000
vt 0.081633 1.000000
vt 0.071429 0.000000
vt 0.091837 1.000000
vt 0.081633 0.000000
vt 0.102041 1.000000
vt 0.091837 0.000000
vt 0.112245 1.000000
vt 0.102041 0.000000
vt 0.122449 1.000000
vt 0.112245 0.000000
vt 0.132653 1.000000
vt 0.122449 0.000000
vt 0.142857 1.000000
vt 0.132653 0.000000
vt 0.153061 1.000000
vt 0.142857 0.000000
vt 0.163265 1.000000
vt 0.153061 0.000000
vt 0.173469 1.000000
vt 0.163265 0.000000
vt 0.183673 1.000000
vt 0.173469 0.000000
vt 0.193878 1.000000
vt 0.183673 0.000000
vt 0.204082 1.000000
vt 0.193878 0.000000
vt 0.214286 1.000000
vt 0.204082 0.000000
vt 0.224490 1.000000
vt 0.214286 0.000000
vt 0.234694 1.000000
vt 0.224490 0.000000
vt 0.244898 1.000000
vt 0.234694 0.000000
vt 0.255102 1.000000
vt 0.244898 0.000000
vt 0.265306 1.000000
vt 0.255102 0.000000
vt 0.275510 1.000000
vt 0.265306 0.000000
vt 0.285714 1.000000
vt 0.275510 0.000000
vt 0.295918 1.000000
vt 0.285714 0.000000
vt 0.306122 1.000000
vt 0.295918 0.000000
vt 0.316327 1.000000
vt 0.306122 0.000000
vt 0.326531 1.000000
vt 0.316327 0.000000
vt 0.336735 1.000000
vt 0.326531 0.000000
vt 0.346939 1.000000
vt 0.336735 0.000000
vt 0.357143 1.000000
vt 0.346939 0.000000
vt 0.367347 1.000000
vt 0.357143 0.000000
vt 0.377551 1.000000
vt 0.367347 0.000000
vt 0.387755 1.000000
vt 0.377551 0.000000
vt 0.397959 1.000000
vt 0.387755 0.000000
vt 0.408163 1.000000
vt 0.397959 0.000000
vt 0.418367 1.000000
vt 0.408163 0.000000
vt 0.428571 1.000000
vt 0.418367 0.000000
vt 0.438776 1.000000
vt 0.428571 0.000000
vt 0.448980 1.000000
vt 0.438776 0.000000
vt 0.459184 1.000000
vt 0.448980 0.000000
vt 0.469388 1.000000
vt 0.459184 0.000000
vt 0.479592 1.000000
vt 0.469388 0.000000
vt 0.489796 1.000000
vt 0.479592 0.000000
vt 0.489796 0.000000
vt 0.510204 1.000000
vt 0.520408 1.000000
vt 0.510204 0.000000
vt 0.530612 1.000000
vt 0.520408 0.000000
vt 0.540816 1.000000
vt 0.530612 0.000000
vt 0.551020 1.000000
vt 0.540816 0.000000
vt 0.561224 1.000000
vt 0.551020 0.000000
vt 0.571429 1.000000
vt 0.561224 0.000000
vt 0.581633 1.000000
vt 0.571429 0.000000
vt 0.591837 1.000000
vt 0.581633 0.000000
vt 0.602041 1.000000
vt 0.591837 0.000000
vt 0.612245 1.000000
vt 0.602041 0.000000
vt 0.622449 1.000000
vt 0.612245 0.000000
vt 0.632653 1.000000
vt 0.622449 0.000000
vt 0.642857 1.000000
vt 0.632653 0.000000
vt 0.653061 1.000000
vt 0.642857 0.000000
vt 0.663265 1.000000
vt 0.653061 0.000000
vt 0.673469 1.000000
vt 0.663265 0.000000
vt 0.683673 1.000000
vt 0.673469 0.000000
vt 0.693878 1.000000
vt 0.683673 0.000000
vt 0.704082 1.000000
vt 0.693878 0.000000
vt 0.714286 1.000000
vt 0.704082 0.000000
vt 0.724490 1.000000
vt 0.714286 0.000000
vt 0.734694 1.000000
vt 0.724490 0.000000
vt 0.744898 1.000000
vt 0.734694 0.000000
vt 0.755102 1.000000
vt 0.744898 0.000000
vt 0.765306 1.000000
vt 0.755102 0.000000
vt 0.775510 1.000000
vt 0.765306 0.000000
vt 0.785714 1.000000
vt 0.775510 0.000000
vt 0.795918 1.000000
vt 0.785714 0.000000
vt 0.806122 1.000000
vt 0.795918 0.000000
vt 0.816327 1.000000
vt 0.806122 0.000000
vt 0.826531 1.000000
vt 0.816327 0.000000
vt 0.836735 1.000000
vt 0.826531 0.000000
vt 0.846939 1.000000
vt 0.836735 0.000000
vt 0.857143 1.000000
vt 0.846939 0.000000
vt 0.867347 1.000000
vt 0.857143 0.000000
vt 0.877551 1.000000
vt 0.867347 0.000000
vt 0.887755 1.000000
vt 0.877551 0.000000
vt 0.897959 1.000000
vt 0.887755 0.000000
vt 0.908163 1.000000
vt 0.897959 0.000000
vt 0.918367 1.000000
vt 0.908163 0.000000
vt 0.928571 1.000000
vt 0.918367 0.000000
vt 0.938776 1.000000
vt 0.928571 0.000000
vt 0.948980 1.000000
vt 0.938776 0.000000
vt 0.959184 1.000000
vt 0.948980 0.000000
vt 0.969388 1.000000
vt 0.959184 0.000000
vt 0.979592 1.000000
vt 0.969388 0.000000
vt 0.989796 1.000000
vt 0.979592 0.000000
vt 0.989796 0.000000
vt 0.083333 1.000000
vt 0.166667 1.000000
vt 0.083333 0.000000
vt 0.166667 0.000000
vt 0.416667 1.000000
vt 0.416667 0.000000
vt 0.583333 1.000000
vt 0.583333 0.000000
vt 0.833333 1.000000
vt 0.916667 1.000000
vt 0.833333 0.000000
vt 0.916667 0.000000
s 0
usemtl マテリアル.004
f 1205/835/325 1197/836/325 1206/837/325
f 1197/836/325 1207/838/325 1206/837/325
f 1197/836/325 1208/839/325 1207/838/325
f 1205/835/325 1198/840/325 1197/836/325
f 1205/835/325 1201/841/325 1198/840/325
f 1201/841/325 1199/842/325 1198/840/325
f 1201/841/325 1200/843/325 1199/842/325
f 1205/835/325 1202/844/325 1201/841/325
f 1205/835/325 1203/845/325 1202/844/325
f 1205/835/325 1204/846/325 1203/845/325
f 1292/847/325 1294/848/325 1293/849/325
f 1292/847/325 1295/850/325 1294/848/325
f 1292/847/325 1296/851/325 1295/850/325
f 1291/852/325 1296/851/325 1292/847/325
f 1291/852/325 1297/853/325 1296/851/325
f 1291/852/325 1298/854/325 1297/853/325
f 1291/852/325 1299/855/325 1298/854/325
f 1290/856/325 1299/855/325 1291/852/325
f 1290/856/325 1300/857/325 1299/855/325
f 1290/856/325 1301/858/325 1300/857/325
f 1290/856/325 1302/859/325 1301/858/325
f 1289/860/325 1302/859/325 1290/856/325
f 1289/860/325 1303/861/325 1302/859/325
f 1289/860/325 1304/862/325 1303/861/325
f 1289/860/325 1305/863/325 1304/862/325
f 1288/864/325 1305/863/325 1289/860/325
f 1288/864/325 1218/865/325 1305/863/325
f 1218/865/325 1217/866/325 1305/863/325
f 1217/866/325 1216/867/325 1305/863/325
f 1216/867/325 1215/868/325 1305/863/325
f 1215/868/325 1214/869/325 1305/863/325
f 1214/869/325 1213/870/325 1305/863/325
f 1213/870/325 1212/871/325 1305/863/325
f 1212/871/325 1211/872/325 1305/863/325
f 1211/872/325 1210/873/325 1305/863/325
f 1210/873/325 1209/836/325 1305/863/325
f 1209/836/325 1306/839/325 1305/863/325
f 1287/874/325 1220/875/325 1288/864/325
f 1220/875/325 1219/876/325 1288/864/325
f 1219/876/326 1218/865/326 1288/864/326
f 1287/874/325 1221/877/325 1220/875/325
f 1287/874/325 1222/878/325 1221/877/325
f 1287/874/325 1223/879/325 1222/878/325
f 1286/880/325 1223/879/325 1287/874/325
f 1286/880/325 1224/881/325 1223/879/325
f 1286/880/325 1225/882/325 1224/881/325
f 1285/883/325 1225/882/325 1286/880/325
f 1285/883/325 1226/884/325 1225/882/325
f 1285/883/325 1227/885/325 1226/884/325
f 1284/886/325 1227/885/325 1285/883/325
f 1284/886/325 1228/887/325 1227/885/325
f 1283/888/325 1228/887/325 1284/886/325
f 1283/888/325 1229/889/325 1228/887/325
f 1283/888/325 1230/890/325 1229/889/325
f 1282/891/325 1230/890/325 1283/888/325
f 1282/891/325 1231/892/325 1230/890/325
f 1281/893/325 1231/892/325 1282/891/325
f 1281/893/325 1232/894/325 1231/892/325
f 1281/893/325 1233/895/325 1232/894/325
f 1280/896/325 1233/895/325 1281/893/325
f 1280/896/325 1234/897/325 1233/895/325
f 1279/898/325 1234/897/325 1280/896/325
f 1279/898/325 1235/899/325 1234/897/325
f 1278/900/325 1235/899/325 1279/898/325
f 1278/900/325 1236/901/325 1235/899/325
f 1277/902/325 1236/901/325 1278/900/325
f 1277/902/325 1237/903/325 1236/901/325
f 1276/904/325 1237/903/325 1277/902/325
f 1276/904/325 1238/905/325 1237/903/325
f 1255/906/325 1257/907/325 1256/908/325
f 1276/904/325 1239/909/325 1238/905/325
f 1254/910/325 1257/907/325 1255/906/325
f 1275/911/325 1239/909/325 1276/904/325
f 1253/912/325 1257/907/325 1254/910/325
f 1275/911/325 1240/913/325 1239/909/325
f 1252/914/325 1257/907/325 1253/912/325
f 1251/915/325 1257/907/325 1252/914/325
f 1275/911/325 1241/916/325 1240/913/325
f 1250/917/325 1257/907/325 1251/915/325
f 1274/918/325 1241/916/325 1275/911/325
f 1249/919/325 1257/907/325 1250/917/325
f 1274/918/325 1242/920/325 1241/916/325
f 1248/921/325 1257/907/325 1249/919/325
f 1247/922/325 1257/907/325 1248/921/325
f 1274/918/325 1243/923/325 1242/920/325
f 1246/924/325 1257/907/325 1247/922/325
f 1245/925/325 1257/907/325 1246/924/325
f 1274/918/325 1244/926/325 1243/923/325
f 1244/926/325 1257/907/325 1245/925/325
f 1274/918/325 1257/907/325 1244/926/325
f 1273/927/325 1257/907/325 1274/918/325
f 1273/927/325 1258/928/325 1257/907/325
f 1272/929/325 1258/928/325 1273/927/325
f 1272/929/325 1259/930/325 1258/928/325
f 1272/929/325 1260/931/325 1259/930/325
f 1272/929/325 1261/932/325 1260/931/325
f 1271/933/325 1261/932/325 1272/929/325
f 1271/933/325 1262/934/325 1261/932/325
f 1271/933/325 1263/935/325 1262/934/325
f 1271/933/325 1264/936/325 1263/935/325
f 1270/937/325 1264/936/325 1271/933/325
f 1270/937/325 1265/938/325 1264/936/325
f 1270/937/325 1266/939/325 1265/938/325
f 1270/937/325 1267/940/325 1266/939/325
f 1269/941/325 1267/940/325 1270/937/325
f 1269/941/325 1268/942/325 1267/940/325
f 1311/943/325 1313/944/325 1312/945/325
f 1311/943/325 1316/946/325 1313/944/325
f 1316/946/325 1314/947/325 1313/944/325
f 1311/943/325 1317/839/325 1316/946/325
f 1315/948/325 1314/947/325 1316/946/325
f 1311/943/325 1309/949/325 1317/839/325
f 1309/949/325 1315/948/325 1317/839/325
f 1309/949/325 1308/950/325 1315/948/325
f 1308/950/325 1314/947/325 1315/948/325
f 1311/943/325 1310/951/325 1309/949/325
f 1307/836/325 1314/947/325 1308/950/325
f 1344/952/325 1372/953/325 1345/954/325
f 1372/953/325 1346/955/325 1345/954/325
f 1372/953/325 1318/836/325 1346/955/325
f 1372/953/325 1319/956/325 1318/836/325
f 1372/953/325 1320/957/325 1319/956/325
f 1372/953/325 1321/958/325 1320/957/325
f 1372/953/325 1322/959/325 1321/958/325
f 1372/953/325 1323/840/325 1322/959/325
f 1372/953/325 1324/960/325 1323/840/325
f 1372/953/325 1371/961/325 1324/960/325
f 1371/961/325 1325/962/325 1324/960/325
f 1344/952/325 1373/839/325 1372/953/325
f 1370/963/325 1325/962/325 1371/961/325
f 1369/964/325 1325/962/325 1370/963/325
f 1368/838/325 1325/962/325 1369/964/325
f 1368/838/325 1326/965/325 1325/962/325
f 1367/966/325 1326/965/325 1368/838/325
f 1366/967/325 1326/965/325 1367/966/325
f 1365/968/325 1326/965/325 1366/967/325
f 1365/968/325 1327/969/325 1326/965/325
f 1364/970/325 1327/969/325 1365/968/325
f 1363/837/325 1327/969/325 1364/970/325
f 1362/948/325 1327/969/325 1363/837/325
f 1362/948/325 1328/842/325 1327/969/325
f 1361/971/325 1328/842/325 1362/948/325
f 1360/972/325 1328/842/325 1361/971/325
f 1360/972/325 1329/949/325 1328/842/325
f 1359/973/325 1329/949/325 1360/972/325
f 1358/835/325 1329/949/325 1359/973/325
f 1358/835/325 1330/974/325 1329/949/325
f 1357/975/325 1330/974/325 1358/835/325
f 1357/975/325 1331/976/325 1330/974/325
f 1356/977/325 1331/976/325 1357/975/325
f 1355/978/325 1331/976/325 1356/977/325
f 1355/978/325 1332/979/325 1331/976/325
f 1354/980/325 1332/979/325 1355/978/325
f 1353/846/325 1332/979/325 1354/980/325
f 1353/846/325 1333/843/325 1332/979/325
f 1352/981/325 1333/843/325 1353/846/325
f 1351/944/325 1333/843/325 1352/981/325
f 1350/982/325 1333/843/325 1351/944/325
f 1349/983/325 1333/843/325 1350/982/325
f 1349/983/325 1334/984/325 1333/843/325
f 1348/845/325 1334/984/325 1349/983/325
f 1347/985/325 1334/984/325 1348/845/325
f 1344/952/325 1342/986/325 1373/839/325
f 1342/986/325 1347/985/325 1373/839/325
f 1342/986/325 1334/984/325 1347/985/325
f 1342/986/325 1335/987/325 1334/984/325
f 1342/986/325 1336/988/325 1335/987/325
f 1342/986/325 1337/989/325 1336/988/325
f 1342/986/325 1338/841/325 1337/989/325
f 1342/986/325 1339/990/325 1338/841/325
f 1342/986/325 1340/943/325 1339/990/325
f 1342/986/325 1341/991/325 1340/943/325
f 1344/952/325 1343/844/325 1342/986/325
f 1481/992/325 1483/993/325 1482/994/325
f 1481/992/325 1484/838/325 1483/993/325
f 1481/992/325 1485/995/325 1484/838/325
f 1480/996/325 1485/995/325 1481/992/325
f 1480/996/325 1486/997/325 1485/995/325
f 1480/996/325 1487/998/325 1486/997/325
f 1479/999/325 1487/998/325 1480/996/325
f 1479/999/325 1488/1000/325 1487/998/325
f 1479/999/325 1489/1001/325 1488/1000/325
f 1478/1002/325 1489/1001/325 1479/999/325
f 1478/1002/325 1490/1003/325 1489/1001/325
f 1478/1002/325 1491/1004/325 1490/1003/325
f 1477/1005/325 1491/1004/325 1478/1002/325
f 1477/1005/325 1492/1006/325 1491/1004/325
f 1477/1005/325 1493/1007/325 1492/1006/325
f 1476/1008/325 1493/1007/325 1477/1005/325
f 1476/1008/325 1494/1009/325 1493/1007/325
f 1476/1008/325 1381/1010/325 1494/1009/325
f 1381/1010/325 1380/1011/325 1494/1009/325
f 1380/1011/325 1379/1012/325 1494/1009/325
f 1379/1012/325 1378/1013/325 1494/1009/325
f 1378/1013/325 1377/1014/325 1494/1009/325
f 1377/1014/325 1376/1015/325 1494/1009/325
f 1376/1015/325 1375/1016/325 1494/1009/325
f 1375/1016/325 1374/836/325 1494/1009/325
f 1374/836/325 1495/839/325 1494/1009/325
f 1475/1017/325 1383/1018/325 1476/1008/325
f 1383/1018/325 1382/1019/325 1476/1008/325
f 1382/1019/325 1381/1010/325 1476/1008/325
f 1474/1020/325 1385/840/325 1475/1017/325
f 1385/840/325 1384/1021/325 1475/1017/325
f 1384/1021/325 1383/1018/325 1475/1017/325
f 1473/837/325 1386/1022/325 1474/1020/325
f 1386/1022/325 1385/840/325 1474/1020/325
f 1473/837/325 1387/1023/325 1386/1022/325
f 1473/837/325 1388/1024/325 1387/1023/325
f 1473/837/325 1389/1025/325 1388/1024/325
f 1473/837/325 1390/1026/325 1389/1025/325
f 1473/837/325 1391/1027/325 1390/1026/325
f 1472/1028/325 1391/1027/325 1473/837/325
f 1472/1028/325 1392/1029/325 1391/1027/325
f 1472/1028/325 1393/1030/325 1392/1029/325
f 1472/1028/325 1394/1031/325 1393/1030/325
f 1471/1032/325 1394/1031/325 1472/1028/325
f 1471/1032/325 1395/1033/325 1394/1031/325
f 1471/1032/325 1396/842/325 1395/1033/325
f 1470/1034/325 1396/842/325 1471/1032/325
f 1470/1034/325 1397/1035/325 1396/842/325
f 1470/1034/325 1398/1036/325 1397/1035/325
f 1469/1037/325 1398/1036/325 1470/1034/325
f 1469/1037/325 1399/1038/325 1398/1036/325
f 1469/1037/325 1400/1039/325 1399/1038/325
f 1468/1040/325 1400/1039/325 1469/1037/325
f 1468/1040/325 1401/1041/325 1400/1039/325
f 1467/1042/325 1401/1041/325 1468/1040/325
f 1467/1042/325 1402/1043/325 1401/1041/325
f 1467/1042/325 1403/1044/325 1402/1043/325
f 1466/1045/325 1403/1044/325 1467/1042/325
f 1466/1045/325 1404/1046/325 1403/1044/325
f 1465/1047/325 1404/1046/325 1466/1045/325
f 1465/1047/325 1405/1048/325 1404/1046/325
f 1464/1049/325 1405/1048/325 1465/1047/325
f 1464/1049/325 1406/1050/325 1405/1048/325
f 1463/1051/325 1406/1050/325 1464/1049/325
f 1463/1051/325 1407/843/325 1406/1050/325
f 1462/835/325 1407/843/325 1463/1051/325
f 1461/1052/325 1407/843/325 1462/835/325
f 1461/1052/325 1408/1053/325 1407/843/325
f 1460/1054/325 1408/1053/325 1461/1052/325
f 1459/1055/325 1408/1053/325 1460/1054/325
f 1459/1055/325 1409/1056/325 1408/1053/325
f 1458/1057/325 1409/1056/325 1459/1055/325
f 1433/1058/325 1435/1059/325 1434/1060/325
f 1458/1057/325 1410/1061/325 1409/1056/325
f 1457/1062/325 1410/1061/325 1458/1057/325
f 1433/1058/325 1436/1063/325 1435/1059/325
f 1456/1064/325 1410/1061/325 1457/1062/325
f 1456/1064/325 1411/1065/325 1410/1061/325
f 1433/1058/325 1437/1066/325 1436/1063/325
f 1455/1067/325 1411/1065/325 1456/1064/325
f 1433/1058/325 1438/1068/325 1437/1066/325
f 1454/1069/325 1411/1065/325 1455/1067/325
f 1453/1070/325 1411/1065/325 1454/1069/325
f 1453/1070/325 1412/1071/325 1411/1065/325
f 1433/1058/325 1439/1072/325 1438/1068/325
f 1452/1073/325 1412/1071/325 1453/1070/325
f 1433/1058/325 1440/845/325 1439/1072/325
f 1451/846/325 1412/1071/325 1452/1073/325
f 1433/1058/325 1441/1074/325 1440/845/325
f 1451/846/325 1413/1075/325 1412/1071/325
f 1450/1076/325 1413/1075/325 1451/846/325
f 1433/1058/325 1442/1077/325 1441/1074/325
f 1449/1078/325 1413/1075/325 1450/1076/325
f 1433/1058/325 1443/1079/325 1442/1077/325
f 1448/1080/325 1413/1075/325 1449/1078/325
f 1433/1058/325 1444/1081/325 1443/1079/325
f 1447/1082/325 1413/1075/325 1448/1080/325
f 1433/1058/325 1445/1083/325 1444/1081/325
f 1447/1082/325 1414/1084/325 1413/1075/325
f 1446/1085/325 1414/1084/325 1447/1082/325
f 1433/1058/325 1446/1085/325 1445/1083/325
f 1433/1058/325 1414/1084/325 1446/1085/325
f 1433/1058/325 1415/1086/325 1414/1084/325
f 1432/1087/325 1415/1086/325 1433/1058/325
f 1431/1088/325 1415/1086/325 1432/1087/325
f 1431/1088/325 1416/1089/325 1415/1086/325
f 1430/1090/325 1416/1089/325 1431/1088/325
f 1430/1090/325 1417/1091/325 1416/1089/325
f 1429/844/325 1417/1091/325 1430/1090/325
f 1428/1092/325 1417/1091/325 1429/844/325
f 1428/1092/325 1418/841/325 1417/1091/325
f 1427/1093/325 1418/841/325 1428/1092/325
f 1426/1094/325 1418/841/325 1427/1093/325
f 1426/1094/325 1419/1095/325 1418/841/325
f 1425/1096/325 1419/1095/325 1426/1094/325
f 1424/1097/325 1419/1095/325 1425/1096/325
f 1424/1097/325 1420/1098/325 1419/1095/325
f 1423/1099/325 1420/1098/325 1424/1097/325
f 1422/1100/325 1420/1098/325 1423/1099/325
f 1422/1100/325 1421/1101/325 1420/1098/325
f 1504/835/327 1505/837/327 1496/836/327
f 1496/836/327 1505/837/327 1506/838/327
f 1496/836/327 1506/838/327 1507/839/327
f 1504/835/327 1496/836/327 1497/840/327
f 1504/835/327 1497/840/327 1500/841/327
f 1500/841/327 1497/840/327 1498/842/327
f 1500/841/327 1498/842/327 1499/843/327
f 1504/835/327 1500/841/327 1501/844/327
f 1504/835/327 1501/844/327 1502/845/327
f 1504/835/327 1502/845/327 1503/846/327
f 1591/847/327 1592/849/327 1593/848/327
f 1591/847/327 1593/848/327 1594/850/327
f 1591/847/327 1594/850/327 1595/851/327
f 1590/852/327 1591/847/327 1595/851/327
f 1590/852/327 1595/851/327 1596/853/327
f 1590/852/327 1596/853/327 1597/854/327
f 1590/852/327 1597/854/327 1598/855/327
f 1589/856/327 1590/852/327 1598/855/327
f 1589/856/327 1598/855/327 1599/857/327
f 1589/856/327 1599/857/327 1600/858/327
f 1589/856/327 1600/858/327 1601/859/327
f 1588/860/327 1589/856/327 1601/859/327
f 1588/860/327 1601/859/327 1602/861/327
f 1588/860/327 1602/861/327 1603/862/327
f 1588/860/327 1603/862/327 1604/863/327
f 1587/864/327 1588/860/327 1604/863/327
f 1587/864/327 1604/863/327 1517/865/327
f 1517/865/327 1604/863/327 1516/866/327
f 1516/866/327 1604/863/327 1515/867/327
f 1515/867/327 1604/863/327 1514/868/327
f 1514/868/327 1604/863/327 1513/869/327
f 1513/869/327 1604/863/327 1512/870/327
f 1512/870/327 1604/863/327 1511/871/327
f 1511/871/327 1604/863/327 1510/872/327
f 1510/872/327 1604/863/327 1509/873/327
f 1509/873/327 1604/863/327 1508/836/327
f 1508/836/327 1604/863/327 1605/839/327
f 1586/874/327 1587/864/327 1519/875/327
f 1519/875/327 1587/864/327 1518/876/327
f 1518/876/328 1587/864/328 1517/865/328
f 1586/874/327 1519/875/327 1520/877/327
f 1586/874/327 1520/877/327 1521/878/327
f 1586/874/327 1521/878/327 1522/879/327
f 1585/880/327 1586/874/327 1522/879/327
f 1585/880/327 1522/879/327 1523/881/327
f 1585/880/327 1523/881/327 1524/882/327
f 1584/883/327 1585/880/327 1524/882/327
f 1584/883/327 1524/882/327 1525/884/327
f 1584/883/327 1525/884/327 1526/885/327
f 1583/886/327 1584/883/327 1526/885/327
f 1583/886/327 1526/885/327 1527/887/327
f 1582/888/327 1583/886/327 1527/887/327
f 1582/888/327 1527/887/327 1528/889/327
f 1582/888/327 1528/889/327 1529/890/327
f 1581/891/327 1582/888/327 1529/890/327
f 1581/891/327 1529/890/327 1530/892/327
f 1580/893/327 1581/891/327 1530/892/327
f 1580/893/327 1530/892/327 1531/894/327
f 1580/893/327 1531/894/327 1532/895/327
f 1579/896/327 1580/893/327 1532/895/327
f 1579/896/327 1532/895/327 1533/897/327
f 1578/898/327 1579/896/327 1533/897/327
f 1578/898/327 1533/897/327 1534/899/327
f 1577/900/327 1578/898/327 1534/899/327
f 1577/900/327 1534/899/327 1535/901/327
f 1576/902/327 1577/900/327 1535/901/327
f 1576/902/327 1535/901/327 1536/903/327
f 1575/904/327 1576/902/327 1536/903/327
f 1575/904/327 1536/903/327 1537/905/327
f 1554/906/327 1555/908/327 1556/907/327
f 1575/904/327 1537/905/327 1538/909/327
f 1553/910/327 1554/906/327 1556/907/327
f 1574/911/327 1575/904/327 1538/909/327
f 1552/912/327 1553/910/327 1556/907/327
f 1574/911/327 1538/909/327 1539/913/327
f 1551/914/327 1552/912/327 1556/907/327
f 1550/915/327 1551/914/327 1556/907/327
f 1574/911/327 1539/913/327 1540/916/327
f 1549/917/327 1550/915/327 1556/907/327
f 1573/918/327 1574/911/327 1540/916/327
f 1548/919/327 1549/917/327 1556/907/327
f 1573/918/327 1540/916/327 1541/920/327
f 1547/921/327 1548/919/327 1556/907/327
f 1546/922/327 1547/921/327 1556/907/327
f 1573/918/327 1541/920/327 1542/923/327
f 1545/924/327 1546/922/327 1556/907/327
f 1544/925/327 1545/924/327 1556/907/327
f 1573/918/327 1542/923/327 1543/926/327
f 1543/926/327 1544/925/327 1556/907/327
f 1573/918/327 1543/926/327 1556/907/327
f 1572/927/327 1573/918/327 1556/907/327
f 1572/927/327 1556/907/327 1557/928/327
f 1571/929/327 1572/927/327 1557/928/327
f 1571/929/327 1557/928/327 1558/930/327
f 1571/929/327 1558/930/327 1559/931/327
f 1571/929/327 1559/931/327 1560/932/327
f 1570/933/327 1571/929/327 1560/932/327
f 1570/933/327 1560/932/327 1561/934/327
f 1570/933/327 1561/934/327 1562/935/327
f 1570/933/327 1562/935/327 1563/936/327
f 1569/937/327 1570/933/327 1563/936/327
f 1569/937/327 1563/936/327 1564/938/327
f 1569/937/327 1564/938/327 1565/939/327
f 1569/937/327 1565/939/327 1566/940/327
f 1568/941/327 1569/937/327 1566/940/327
f 1568/941/327 1566/940/327 1567/942/327
f 1610/943/327 1611/945/327 1612/944/327
f 1610/943/327 1612/944/327 1615/946/327
f 1615/946/327 1612/944/327 1613/947/327
f 1610/943/327 1615/946/327 1616/839/327
f 1614/948/327 1615/946/327 1613/947/327
f 1610/943/327 1616/839/327 1608/949/327
f 1608/949/327 1616/839/327 1614/948/327
f 1608/949/327 1614/948/327 1607/950/327
f 1607/950/327 1614/948/327 1613/947/327
f 1610/943/327 1608/949/327 1609/951/327
f 1606/836/327 1607/950/327 1613/947/327
f 1643/952/327 1644/954/327 1671/953/327
f 1671/953/327 1644/954/327 1645/955/327
f 1671/953/327 1645/955/327 1617/836/327
f 1671/953/327 1617/836/327 1618/956/327
f 1671/953/327 1618/956/327 1619/957/327
f 1671/953/327 1619/957/327 1620/958/327
f 1671/953/327 1620/958/327 1621/959/327
f 1671/953/327 1621/959/327 1622/840/327
f 1671/953/327 1622/840/327 1623/960/327
f 1671/953/327 1623/960/327 1670/961/327
f 1670/961/327 1623/960/327 1624/962/327
f 1643/952/327 1671/953/327 1672/839/327
f 1669/963/327 1670/961/327 1624/962/327
f 1668/964/327 1669/963/327 1624/962/327
f 1667/838/327 1668/964/327 1624/962/327
f 1667/838/327 1624/962/327 1625/965/327
f 1666/966/327 1667/838/327 1625/965/327
f 1665/967/327 1666/966/327 1625/965/327
f 1664/968/327 1665/967/327 1625/965/327
f 1664/968/327 1625/965/327 1626/969/327
f 1663/970/327 1664/968/327 1626/969/327
f 1662/837/327 1663/970/327 1626/969/327
f 1661/948/327 1662/837/327 1626/969/327
f 1661/948/327 1626/969/327 1627/842/327
f 1660/971/327 1661/948/327 1627/842/327
f 1659/972/327 1660/971/327 1627/842/327
f 1659/972/327 1627/842/327 1628/949/327
f 1658/973/327 1659/972/327 1628/949/327
f 1657/835/327 1658/973/327 1628/949/327
f 1657/835/327 1628/949/327 1629/974/327
f 1656/975/327 1657/835/327 1629/974/327
f 1656/975/327 1629/974/327 1630/976/327
f 1655/977/327 1656/975/327 1630/976/327
f 1654/978/327 1655/977/327 1630/976/327
f 1654/978/327 1630/976/327 1631/979/327
f 1653/980/327 1654/978/327 1631/979/327
f 1652/846/327 1653/980/327 1631/979/327
f 1652/846/327 1631/979/327 1632/843/327
f 1651/981/327 1652/846/327 1632/843/327
f 1650/944/327 1651/981/327 1632/843/327
f 1649/982/327 1650/944/327 1632/843/327
f 1648/983/327 1649/982/327 1632/843/327
f 1648/983/327 1632/843/327 1633/984/327
f 1647/845/327 1648/983/327 1633/984/327
f 1646/985/327 1647/845/327 1633/984/327
f 1643/952/327 1672/839/327 1641/986/327
f 1641/986/327 1672/839/327 1646/985/327
f 1641/986/327 1646/985/327 1633/984/327
f 1641/986/327 1633/984/327 1634/987/327
f 1641/986/327 1634/987/327 1635/988/327
f 1641/986/327 1635/988/327 1636/989/327
f 1641/986/327 1636/989/327 1637/841/327
f 1641/986/327 1637/841/327 1638/990/327
f 1641/986/327 1638/990/327 1639/943/327
f 1641/986/327 1639/943/327 1640/991/327
f 1643/952/327 1641/986/327 1642/844/327
f 1780/992/327 1781/994/327 1782/993/327
f 1780/992/327 1782/993/327 1783/838/327
f 1780/992/327 1783/838/327 1784/995/327
f 1779/996/327 1780/992/327 1784/995/327
f 1779/996/327 1784/995/327 1785/997/327
f 1779/996/327 1785/997/327 1786/998/327
f 1778/999/327 1779/996/327 1786/998/327
f 1778/999/327 1786/998/327 1787/1000/327
f 1778/999/327 1787/1000/327 1788/1001/327
f 1777/1002/327 1778/999/327 1788/1001/327
f 1777/1002/327 1788/1001/327 1789/1003/327
f 1777/1002/327 1789/1003/327 1790/1004/327
f 1776/1005/327 1777/1002/327 1790/1004/327
f 1776/1005/327 1790/1004/327 1791/1006/327
f 1776/1005/327 1791/1006/327 1792/1007/327
f 1775/1008/327 1776/1005/327 1792/1007/327
f 1775/1008/327 1792/1007/327 1793/1009/327
f 1775/1008/327 1793/1009/327 1680/1010/327
f 1680/1010/327 1793/1009/327 1679/1011/327
f 1679/1011/327 1793/1009/327 1678/1012/327
f 1678/1012/327 1793/1009/327 1677/1013/327
f 1677/1013/327 1793/1009/327 1676/1014/327
f 1676/1014/327 1793/1009/327 1675/1015/327
f 1675/1015/327 1793/1009/327 1674/1016/327
f 1674/1016/327 1793/1009/327 1673/836/327
f 1673/836/327 1793/1009/327 1794/839/327
f 1774/1017/327 1775/1008/327 1682/1018/327
f 1682/1018/327 1775/1008/327 1681/1019/327
f 1681/1019/327 1775/1008/327 1680/1010/327
f 1773/1020/327 1774/1017/327 1684/840/327
f 1684/840/327 1774/1017/327 1683/1021/327
f 1683/1021/327 1774/1017/327 1682/1018/327
f 1772/837/327 1773/1020/327 1685/1022/327
f 1685/1022/327 1773/1020/327 1684/840/327
f 1772/837/327 1685/1022/327 1686/1023/327
f 1772/837/327 1686/1023/327 1687/1024/327
f 1772/837/327 1687/1024/327 1688/1025/327
f 1772/837/327 1688/1025/327 1689/1026/327
f 1772/837/327 1689/1026/327 1690/1027/327
f 1771/1028/327 1772/837/327 1690/1027/327
f 1771/1028/327 1690/1027/327 1691/1029/327
f 1771/1028/327 1691/1029/327 1692/1030/327
f 1771/1028/327 1692/1030/327 1693/1031/327
f 1770/1032/327 1771/1028/327 1693/1031/327
f 1770/1032/327 1693/1031/327 1694/1033/327
f 1770/1032/327 1694/1033/327 1695/842/327
f 1769/1034/327 1770/1032/327 1695/842/327
f 1769/1034/327 1695/842/327 1696/1035/327
f 1769/1034/327 1696/1035/327 1697/1036/327
f 1768/1037/327 1769/1034/327 1697/1036/327
f 1768/1037/327 1697/1036/327 1698/1038/327
f 1768/1037/327 1698/1038/327 1699/1039/327
f 1767/1040/327 1768/1037/327 1699/1039/327
f 1767/1040/327 1699/1039/327 1700/1041/327
f 1766/1042/327 1767/1040/327 1700/1041/327
f 1766/1042/327 1700/1041/327 1701/1043/327
f 1766/1042/327 1701/1043/327 1702/1044/327
f 1765/1045/327 1766/1042/327 1702/1044/327
f 1765/1045/327 1702/1044/327 1703/1046/327
f 1764/1047/327 1765/1045/327 1703/1046/327
f 1764/1047/327 1703/1046/327 1704/1048/327
f 1763/1049/327 1764/1047/327 1704/1048/327
f 1763/1049/327 1704/1048/327 1705/1050/327
f 1762/1051/327 1763/1049/327 1705/1050/327
f 1762/1051/327 1705/1050/327 1706/843/327
f 1761/835/327 1762/1051/327 1706/843/327
f 1760/1052/327 1761/835/327 1706/843/327
f 1760/1052/327 1706/843/327 1707/1053/327
f 1759/1054/327 1760/1052/327 1707/1053/327
f 1758/1055/327 1759/1054/327 1707/1053/327
f 1758/1055/327 1707/1053/327 1708/1056/327
f 1757/1057/327 1758/1055/327 1708/1056/327
f 1732/1058/327 1733/1060/327 1734/1059/327
f 1757/1057/327 1708/1056/327 1709/1061/327
f 1756/1062/327 1757/1057/327 1709/1061/327
f 1732/1058/327 1734/1059/327 1735/1063/327
f 1755/1064/327 1756/1062/327 1709/1061/327
f 1755/1064/327 1709/1061/327 1710/1065/327
f 1732/1058/327 1735/1063/327 1736/1066/327
f 1754/1067/327 1755/1064/327 1710/1065/327
f 1732/1058/327 1736/1066/327 1737/1068/327
f 1753/1069/327 1754/1067/327 1710/1065/327
f 1752/1070/327 1753/1069/327 1710/1065/327
f 1752/1070/327 1710/1065/327 1711/1071/327
f 1732/1058/327 1737/1068/327 1738/1072/327
f 1751/1073/327 1752/1070/327 1711/1071/327
f 1732/1058/327 1738/1072/327 1739/845/327
f 1750/846/327 1751/1073/327 1711/1071/327
f 1732/1058/327 1739/845/327 1740/1074/327
f 1750/846/327 1711/1071/327 1712/1075/327
f 1749/1076/327 1750/846/327 1712/1075/327
f 1732/1058/327 1740/1074/327 1741/1077/327
f 1748/1078/327 1749/1076/327 1712/1075/327
f 1732/1058/327 1741/1077/327 1742/1079/327
f 1747/1080/327 1748/1078/327 1712/1075/327
f 1732/1058/327 1742/1079/327 1743/1081/327
f 1746/1082/327 1747/1080/327 1712/1075/327
f 1732/1058/327 1743/1081/327 1744/1083/327
f 1746/1082/327 1712/1075/327 1713/1084/327
f 1745/1085/327 1746/1082/327 1713/1084/327
f 1732/1058/327 1744/1083/327 1745/1085/327
f 1732/1058/327 1745/1085/327 1713/1084/327
f 1732/1058/327 1713/1084/327 1714/1086/327
f 1731/1087/327 1732/1058/327 1714/1086/327
f 1730/1088/327 1731/1087/327 1714/1086/327
f 1730/1088/327 1714/1086/327 1715/1089/327
f 1729/1090/327 1730/1088/327 1715/1089/327
f 1729/1090/327 1715/1089/327 1716/1091/327
f 1728/844/327 1729/1090/327 1716/1091/327
f 1727/1092/327 1728/844/327 1716/1091/327
f 1727/1092/327 1716/1091/327 1717/841/327
f 1726/1093/327 1727/1092/327 1717/841/327
f 1725/1094/327 1726/1093/327 1717/841/327
f 1725/1094/327 1717/841/327 1718/1095/327
f 1724/1096/327 1725/1094/327 1718/1095/327
f 1723/1097/327 1724/1096/327 1718/1095/327
f 1723/1097/327 1718/1095/327 1719/1098/327
f 1722/1099/327 1723/1097/327 1719/1098/327
f 1721/1100/327 1722/1099/327 1719/1098/327
f 1721/1100/327 1719/1098/327 1720/1101/327
s 1
f 1798/1102/329 1795/836/330 1796/1103/331
f 1800/1104/332 1797/1105/329 1798/1102/329
f 1802/1106/333 1799/1107/332 1800/1104/332
f 1804/1108/334 1801/1109/333 1802/1106/333
f 1806/1110/335 1803/1111/334 1804/1108/334
f 1808/1112/336 1805/1113/335 1806/1110/335
f 1810/1114/337 1807/1115/336 1808/1112/336
f 1812/1116/338 1809/1117/337 1810/1114/337
f 1814/1118/339 1811/1119/340 1812/1116/338
f 1816/1120/341 1813/1121/339 1814/1118/339
f 1818/1122/342 1815/1123/341 1816/1120/341
f 1820/1124/343 1817/1125/342 1818/1122/342
f 1822/1126/344 1819/1127/343 1820/1124/343
f 1824/1128/345 1821/1129/344 1822/1126/344
f 1826/1130/346 1823/1131/345 1824/1128/345
f 1828/1132/347 1825/1133/346 1826/1130/346
f 1830/1134/348 1827/1135/347 1828/1132/347
f 1832/1136/349 1829/1137/348 1830/1134/348
f 1834/1138/350 1831/1139/349 1832/1136/349
f 1836/1140/351 1833/1141/350 1834/1138/350
f 1838/1142/352 1835/1143/351 1836/1140/351
f 1840/1144/353 1837/1145/352 1838/1142/352
f 1842/1146/354 1839/1147/353 1840/1144/353
f 1844/1148/355 1841/1149/354 1842/1146/354
f 1846/1150/356 1843/1151/355 1844/1148/355
f 1848/1152/357 1845/1153/358 1846/1150/356
f 1850/1154/359 1847/1155/357 1848/1152/357
f 1852/1156/360 1849/1157/359 1850/1154/359
f 1854/1158/361 1851/1159/360 1852/1156/360
f 1856/1160/362 1853/1161/361 1854/1158/361
f 1858/1162/363 1855/1163/362 1856/1160/362
f 1860/1164/364 1857/1165/363 1858/1162/363
f 1862/1166/365 1859/1167/364 1860/1164/364
f 1864/1168/366 1861/1169/365 1862/1166/365
f 1866/1170/367 1863/1171/366 1864/1168/366
f 1868/1172/368 1865/1173/367 1866/1170/367
f 1870/1174/369 1867/1175/368 1868/1172/368
f 1872/1176/370 1869/1177/369 1870/1174/369
f 1874/1178/371 1871/1179/370 1872/1176/370
f 1876/1180/372 1873/1181/371 1874/1178/371
f 1878/1182/373 1875/1183/372 1876/1180/372
f 1880/1184/374 1877/1185/373 1878/1182/373
f 1882/1186/375 1879/1187/374 1880/1184/374
f 1884/1188/376 1881/1189/375 1882/1186/375
f 1886/1190/377 1883/1191/376 1884/1188/376
f 1888/1192/378 1885/1193/377 1886/1190/377
f 1890/1194/379 1887/1195/378 1888/1192/378
f 1892/1196/380 1889/1197/379 1890/1194/379
f 1894/1198/381 1891/1199/380 1892/1196/380
f 1896/1200/382 1893/1201/381 1894/1198/381
f 1898/1202/383 1895/1203/382 1896/1200/382
f 1900/1204/384 1897/1205/383 1898/1202/383
f 1902/1206/385 1899/1207/384 1900/1204/384
f 1904/1208/386 1901/1209/385 1902/1206/385
f 1906/1210/387 1903/1211/386 1904/1208/386
f 1908/1212/388 1905/1213/387 1906/1210/387
f 1910/1214/389 1907/1215/388 1908/1212/388
f 1912/1216/390 1909/1217/389 1910/1214/389
f 1914/1218/391 1911/1219/390 1912/1216/390
f 1916/1220/392 1913/1221/391 1914/1218/391
f 1918/1222/393 1915/1223/394 1916/1220/392
f 1920/1224/395 1917/945/393 1918/1222/393
f 1922/1225/396 1919/1226/395 1920/1224/395
f 1924/1227/397 1921/1228/398 1922/1225/396
f 1926/1229/399 1923/1230/397 1924/1227/397
f 1928/1231/400 1925/1232/401 1926/1229/399
f 1930/1233/402 1927/1234/400 1928/1231/400
f 1932/1235/403 1929/1236/402 1930/1233/402
f 1934/1237/404 1931/1238/403 1932/1235/403
f 1936/1239/405 1933/1240/404 1934/1237/404
f 1938/1241/406 1935/1242/405 1936/1239/405
f 1940/1243/407 1937/1244/406 1938/1241/406
f 1942/1245/408 1939/1246/407 1940/1243/407
f 1944/1247/409 1941/1248/408 1942/1245/408
f 1946/1249/410 1943/1250/409 1944/1247/409
f 1948/1251/411 1945/1252/412 1946/1249/410
f 1950/1253/413 1947/1254/411 1948/1251/411
f 1952/1255/414 1949/1256/413 1950/1253/413
f 1954/1257/415 1951/1258/414 1952/1255/414
f 1956/1259/416 1953/1260/415 1954/1257/415
f 1958/1261/417 1955/1262/416 1956/1259/416
f 1960/1263/418 1957/1264/417 1958/1261/417
f 1962/1265/419 1959/1266/418 1960/1263/418
f 1964/1267/420 1961/1268/419 1962/1265/419
f 1966/1269/421 1963/1270/420 1964/1267/420
f 1968/1271/422 1965/1272/421 1966/1269/421
f 1970/1273/423 1967/1274/422 1968/1271/422
f 1972/1275/424 1969/1276/423 1970/1273/423
f 1974/1277/425 1971/1278/424 1972/1275/424
f 1976/1279/426 1973/1280/425 1974/1277/425
f 1978/1281/427 1975/1282/426 1976/1279/426
f 1980/1283/428 1977/1284/427 1978/1281/427
f 1982/1285/429 1979/1286/428 1980/1283/428
f 1984/1287/430 1981/1288/431 1982/1285/429
f 1986/1289/432 1983/1290/430 1984/1287/430
f 1988/1291/433 1985/1292/432 1986/1289/432
f 1990/1293/434 1987/1294/433 1988/1291/433
f 1992/1295/435 1989/1296/434 1990/1293/434
f 1994/1297/436 1991/1298/435 1992/1295/435
f 1996/1299/437 1993/1300/436 1994/1297/436
f 1998/1301/438 1995/1302/437 1996/1299/437
f 2000/1303/439 1997/1304/438 1998/1301/438
f 2002/1305/440 1999/1306/439 2000/1303/439
f 2004/1307/441 2001/1308/440 2002/1305/440
f 2006/1309/442 2003/1310/441 2004/1307/441
f 2008/1311/443 2005/1312/442 2006/1309/442
f 2010/1313/444 2007/1314/443 2008/1311/443
f 2012/1315/445 2009/1316/444 2010/1313/444
f 2014/1317/446 2011/1318/445 2012/1315/445
f 2016/1319/447 2013/1320/446 2014/1317/446
f 2018/1321/448 2015/1322/447 2016/1319/447
f 2020/1323/449 2017/1324/448 2018/1321/448
f 2022/1325/450 2019/1326/449 2020/1323/449
f 2024/1327/451 2021/1328/450 2022/1325/450
f 2026/1329/452 2023/1330/451 2024/1327/451
f 2028/1331/453 2025/1332/452 2026/1329/452
f 2030/1333/454 2027/1334/453 2028/1331/453
f 2032/1335/455 2029/1336/454 2030/1333/454
f 2034/1337/456 2031/1338/455 2032/1335/455
f 2036/1339/457 2033/1340/456 2034/1337/456
f 2038/1341/458 2035/1342/459 2036/1339/457
f 1796/1343/331 2037/1344/458 2038/1341/458
f 2042/1345/460 2039/836/461 2040/1103/461
f 2044/1346/462 2041/1347/460 2042/1345/460
f 2046/1348/463 2043/1349/462 2044/1346/462
f 2048/1350/464 2045/1351/463 2046/1348/463
f 2050/1352/465 2047/1353/464 2048/1350/464
f 2052/1354/466 2049/1355/465 2050/1352/465
f 2054/1356/467 2051/1357/466 2052/1354/466
f 2056/1358/468 2053/1359/467 2054/1356/467
f 2058/1360/469 2055/1361/468 2056/1358/468
f 2060/1362/470 2057/1363/469 2058/1360/469
f 2062/1364/471 2059/1365/470 2060/1362/470
f 2064/1366/472 2061/1367/471 2062/1364/471
f 2066/1368/473 2063/1369/472 2064/1366/472
f 2068/1370/474 2065/1371/473 2066/1368/473
f 2070/1372/475 2067/1373/474 2068/1370/474
f 2072/1374/476 2069/1375/477 2070/1372/475
f 2074/1376/478 2071/1377/476 2072/1374/476
f 2076/1378/479 2073/1379/478 2074/1376/478
f 2078/1380/480 2075/1381/479 2076/1378/479
f 2080/1382/481 2077/1383/480 2078/1380/480
f 2082/1384/482 2079/1385/481 2080/1382/481
f 2084/1386/483 2081/1387/482 2082/1384/482
f 2086/1388/484 2083/1389/483 2084/1386/483
f 2088/1390/485 2085/1391/484 2086/1388/484
f 2090/1392/485 2087/1393/485 2088/1390/485
f 2092/1394/486 2089/1395/485 2090/1392/485
f 2094/1396/487 2091/1397/486 2092/1394/486
f 2096/1398/488 2093/1399/487 2094/1396/487
f 2040/1343/461 2095/1400/488 2096/1398/488
f 2100/1401/489 2097/836/490 2098/1103/490
f 2102/1402/491 2099/1403/489 2100/1401/489
f 2104/1404/492 2101/1405/491 2102/1402/491
f 2106/1406/493 2103/1407/492 2104/1404/492
f 2108/1408/494 2105/1409/493 2106/1406/493
f 2110/1410/495 2107/1411/494 2108/1408/494
f 2112/1412/496 2109/1413/495 2110/1410/495
f 2114/1414/497 2111/1415/496 2112/1412/496
f 2116/1416/498 2113/1417/499 2114/1414/497
f 2118/1418/500 2115/1419/498 2116/1416/498
f 2120/1420/501 2117/1421/500 2118/1418/500
f 2122/1422/502 2119/1423/501 2120/1420/501
f 2124/1424/503 2121/1425/504 2122/1422/502
f 2126/1426/505 2123/1427/503 2124/1424/503
f 2128/1428/506 2125/1429/505 2126/1426/505
f 2130/1430/507 2127/1431/506 2128/1428/506
f 2132/1432/508 2129/1433/507 2130/1430/507
f 2134/1434/509 2131/1435/508 2132/1432/508
f 2136/1436/510 2133/1437/509 2134/1434/509
f 2138/1438/511 2135/1439/510 2136/1436/510
f 2140/1440/512 2137/1441/511 2138/1438/511
f 2142/1442/513 2139/1443/512 2140/1440/512
f 2144/1444/514 2141/1445/513 2142/1442/513
f 2146/1446/515 2143/1447/514 2144/1444/514
f 2148/1448/485 2145/1449/515 2146/1446/515
f 2150/1450/516 2147/1451/485 2148/1448/485
f 2098/1343/490 2149/1452/516 2150/1450/516
f 2154/1453/517 2151/836/517 2152/1103/517
f 2156/1454/518 2153/1455/517 2154/1453/517
f 2158/1456/519 2155/1457/519 2156/1454/518
f 2160/1222/520 2157/1458/519 2158/1456/519
f 2162/1459/521 2159/945/520 2160/1222/520
f 2164/1460/522 2161/1461/521 2162/1459/521
f 2166/1462/523 2163/1463/522 2164/1460/522
f 2152/1343/517 2165/1464/523 2166/1462/523
f 2170/1416/524 2167/836/525 2168/1103/525
f 2172/1434/526 2169/1419/524 2170/1416/524
f 2168/1343/525 2171/1437/526 2172/1434/526
f 2176/1465/527 2173/836/528 2174/1103/528
f 2178/1466/529 2175/1467/527 2176/1465/527
f 2180/1468/530 2177/1469/529 2178/1466/529
f 2182/1470/531 2179/1471/530 2180/1468/530
f 2184/1472/532 2181/1473/531 2182/1470/531
f 2186/1474/533 2183/1475/532 2184/1472/532
f 2188/1476/534 2185/1477/533 2186/1474/533
f 2190/1478/535 2187/1479/534 2188/1476/534
f 2192/1480/536 2189/1481/535 2190/1478/535
f 2194/1482/537 2191/1483/536 2192/1480/536
f 2196/1484/538 2193/1485/537 2194/1482/537
f 2198/1486/539 2195/1487/538 2196/1484/538
f 2200/1488/540 2197/1489/539 2198/1486/539
f 2202/1490/541 2199/1491/540 2200/1488/540
f 2204/1492/542 2201/1493/541 2202/1490/541
f 2206/1494/543 2203/1495/542 2204/1492/542
f 2208/1496/544 2205/1497/543 2206/1494/543
f 2210/1498/545 2207/1499/544 2208/1496/544
f 2212/1500/546 2209/1501/545 2210/1498/545
f 2214/1502/547 2211/1503/546 2212/1500/546
f 2216/1504/548 2213/1505/547 2214/1502/547
f 2218/1506/549 2215/1507/548 2216/1504/548
f 2220/1508/550 2217/1509/551 2218/1506/549
f 2222/1510/552 2219/1511/550 2220/1508/550
f 2224/1512/553 2221/1513/552 2222/1510/552
f 2226/1514/554 2223/1515/555 2224/1512/553
f 2228/1516/556 2225/1517/554 2226/1514/554
f 2230/1518/557 2227/1519/556 2228/1516/556
f 2232/1520/558 2229/1521/557 2230/1518/557
f 2234/1522/559 2231/1523/558 2232/1520/558
f 2236/1524/560 2233/1525/561 2234/1522/559
f 2238/1526/562 2235/1527/560 2236/1524/560
f 2240/1528/563 2237/1529/562 2238/1526/562
f 2242/1530/564 2239/1531/563 2240/1528/563
f 2244/1532/565 2241/1533/564 2242/1530/564
f 2246/1534/566 2243/1535/565 2244/1532/565
f 2248/1536/567 2245/1537/566 2246/1534/566
f 2250/1538/568 2247/1539/567 2248/1536/567
f 2252/1540/569 2249/1541/568 2250/1538/568
f 2254/1542/570 2251/1543/569 2252/1540/569
f 2256/1544/571 2253/1545/570 2254/1542/570
f 2258/1546/572 2255/1547/571 2256/1544/571
f 2260/1548/573 2257/1549/572 2258/1546/572
f 2262/1550/574 2259/1551/575 2260/1548/573
f 2264/1552/576 2261/1553/574 2262/1550/574
f 2266/1554/577 2263/1555/576 2264/1552/576
f 2268/1556/578 2265/1557/577 2266/1554/577
f 2270/1558/579 2267/1559/578 2268/1556/578
f 2272/1222/580 2269/1560/579 2270/1558/579
f 2274/1561/581 2271/945/580 2272/1222/580
f 2276/1562/582 2273/1563/581 2274/1561/581
f 2278/1564/583 2275/1565/582 2276/1562/582
f 2280/1566/584 2277/1567/583 2278/1564/583
f 2282/1568/585 2279/1569/584 2280/1566/584
f 2284/1570/586 2281/1571/585 2282/1568/585
f 2286/1572/587 2283/1573/586 2284/1570/586
f 2288/1574/588 2285/1575/587 2286/1572/587
f 2290/1576/589 2287/1577/588 2288/1574/588
f 2292/1578/590 2289/1579/589 2290/1576/589
f 2294/1580/591 2291/1581/590 2292/1578/590
f 2296/1582/592 2293/1583/591 2294/1580/591
f 2298/1584/593 2295/1585/592 2296/1582/592
f 2300/1586/594 2297/1587/593 2298/1584/593
f 2302/1588/595 2299/1589/594 2300/1586/594
f 2304/1590/596 2301/1591/595 2302/1588/595
f 2306/1592/597 2303/1593/596 2304/1590/596
f 2308/1594/598 2305/1595/597 2306/1592/597
f 2310/1596/599 2307/1597/600 2308/1594/598
f 2312/1598/601 2309/1599/599 2310/1596/599
f 2314/1600/602 2311/1601/601 2312/1598/601
f 2316/1602/603 2313/1603/602 2314/1600/602
f 2318/1604/604 2315/1605/603 2316/1602/603
f 2320/1606/605 2317/1607/604 2318/1604/604
f 2322/1608/606 2319/1609/605 2320/1606/605
f 2324/1610/607 2321/1611/606 2322/1608/606
f 2326/1612/608 2323/1613/607 2324/1610/607
f 2328/1614/609 2325/1615/608 2326/1612/608
f 2330/1616/610 2327/1617/609 2328/1614/609
f 2332/1618/611 2329/1619/610 2330/1616/610
f 2334/1620/612 2331/1621/611 2332/1618/611
f 2336/1622/613 2333/1623/612 2334/1620/612
f 2338/1624/614 2335/1625/615 2336/1622/613
f 2340/1626/616 2337/1627/614 2338/1624/614
f 2342/1628/617 2339/1629/616 2340/1626/616
f 2344/1630/618 2341/1631/617 2342/1628/617
f 2346/1632/619 2343/1633/618 2344/1630/618
f 2348/1634/620 2345/1635/619 2346/1632/619
f 2350/1636/621 2347/1637/620 2348/1634/620
f 2352/1638/622 2349/1639/621 2350/1636/621
f 2354/1640/623 2351/1641/622 2352/1638/622
f 2356/1642/624 2353/1643/623 2354/1640/623
f 2358/1644/625 2355/1645/624 2356/1642/624
f 2360/1646/626 2357/1647/627 2358/1644/625
f 2362/1648/628 2359/1649/626 2360/1646/626
f 2364/1650/629 2361/1651/628 2362/1648/628
f 2366/1652/630 2363/1653/629 2364/1650/629
f 2368/1654/631 2365/1655/630 2366/1652/630
f 2174/1343/528 2367/1656/631 2368/1654/631
f 2372/1657/516 2369/836/485 2370/1103/485
f 2374/1658/516 2371/1659/516 2372/1657/516
f 2376/1454/485 2373/1660/516 2374/1658/516
f 2378/1416/485 2375/1457/485 2376/1454/485
f 2380/1661/516 2377/1419/485 2378/1416/485
f 2382/1222/516 2379/1662/516 2380/1661/516
f 2384/1663/485 2381/945/516 2382/1222/516
f 2386/1434/486 2383/1664/485 2384/1663/485
f 2388/1460/487 2385/1437/486 2386/1434/486
f 2390/1665/516 2387/1463/487 2388/1460/487
f 2392/1666/485 2389/1667/516 2390/1665/516
f 2370/1343/485 2391/1668/485 2392/1666/485
f 1798/1102/329 1797/1105/329 1795/836/330
f 1800/1104/332 1799/1107/332 1797/1105/329
f 1802/1106/333 1801/1109/333 1799/1107/332
f 1804/1108/334 1803/1111/334 1801/1109/333
f 1806/1110/335 1805/1113/335 1803/1111/334
f 1808/1112/336 1807/1115/336 1805/1113/335
f 1810/1114/337 1809/1117/337 1807/1115/336
f 1812/1116/338 1811/1119/340 1809/1117/337
f 1814/1118/339 1813/1121/339 1811/1119/340
f 1816/1120/341 1815/1123/341 1813/1121/339
f 1818/1122/342 1817/1125/342 1815/1123/341
f 1820/1124/343 1819/1127/343 1817/1125/342
f 1822/1126/344 1821/1129/344 1819/1127/343
f 1824/1128/345 1823/1131/345 1821/1129/344
f 1826/1130/346 1825/1133/346 1823/1131/345
f 1828/1132/347 1827/1135/347 1825/1133/346
f 1830/1134/348 1829/1137/348 1827/1135/347
f 1832/1136/349 1831/1139/349 1829/1137/348
f 1834/1138/350 1833/1141/350 1831/1139/349
f 1836/1140/351 1835/1143/351 1833/1141/350
f 1838/1142/352 1837/1145/352 1835/1143/351
f 1840/1144/353 1839/1147/353 1837/1145/352
f 1842/1146/354 1841/1149/354 1839/1147/353
f 1844/1148/355 1843/1151/355 1841/1149/354
f 1846/1150/356 1845/1153/358 1843/1151/355
f 1848/1152/357 1847/1155/357 1845/1153/358
f 1850/1154/359 1849/1157/359 1847/1155/357
f 1852/1156/360 1851/1159/360 1849/1157/359
f 1854/1158/361 1853/1161/361 1851/1159/360
f 1856/1160/362 1855/1163/362 1853/1161/361
f 1858/1162/363 1857/1165/363 1855/1163/362
f 1860/1164/364 1859/1167/364 1857/1165/363
f 1862/1166/365 1861/1169/365 1859/1167/364
f 1864/1168/366 1863/1171/366 1861/1169/365
f 1866/1170/367 1865/1173/367 1863/1171/366
f 1868/1172/368 1867/1175/368 1865/1173/367
f 1870/1174/369 1869/1177/369 1867/1175/368
f 1872/1176/370 1871/1179/370 1869/1177/369
f 1874/1178/371 1873/1181/371 1871/1179/370
f 1876/1180/372 1875/1183/372 1873/1181/371
f 1878/1182/373 1877/1185/373 1875/1183/372
f 1880/1184/374 1879/1187/374 1877/1185/373
f 1882/1186/375 1881/1189/375 1879/1187/374
f 1884/1188/376 1883/1191/376 1881/1189/375
f 1886/1190/377 1885/1193/377 1883/1191/376
f 1888/1192/378 1887/1195/378 1885/1193/377
f 1890/1194/379 1889/1197/379 1887/1195/378
f 1892/1196/380 1891/1199/380 1889/1197/379
f 1894/1198/381 1893/1201/381 1891/1199/380
f 1896/1200/382 1895/1203/382 1893/1201/381
f 1898/1202/383 1897/1205/383 1895/1203/382
f 1900/1204/384 1899/1207/384 1897/1205/383
f 1902/1206/385 1901/1209/385 1899/1207/384
f 1904/1208/386 1903/1211/386 1901/1209/385
f 1906/1210/387 1905/1213/387 1903/1211/386
f 1908/1212/388 1907/1215/388 1905/1213/387
f 1910/1214/389 1909/1217/389 1907/1215/388
f 1912/1216/390 1911/1219/390 1909/1217/389
f 1914/1218/391 1913/1221/391 1911/1219/390
f 1916/1220/392 1915/1223/394 1913/1221/391
f 1918/1222/393 1917/945/393 1915/1223/394
f 1920/1224/395 1919/1226/395 1917/945/393
f 1922/1225/396 1921/1228/398 1919/1226/395
f 1924/1227/397 1923/1230/397 1921/1228/398
f 1926/1229/399 1925/1232/401 1923/1230/397
f 1928/1231/400 1927/1234/400 1925/1232/401
f 1930/1233/402 1929/1236/402 1927/1234/400
f 1932/1235/403 1931/1238/403 1929/1236/402
f 1934/1237/404 1933/1240/404 1931/1238/403
f 1936/1239/405 1935/1242/405 1933/1240/404
f 1938/1241/406 1937/1244/406 1935/1242/405
f 1940/1243/407 1939/1246/407 1937/1244/406
f 1942/1245/408 1941/1248/408 1939/1246/407
f 1944/1247/409 1943/1250/409 1941/1248/408
f 1946/1249/410 1945/1252/412 1943/1250/409
f 1948/1251/411 1947/1254/411 1945/1252/412
f 1950/1253/413 1949/1256/413 1947/1254/411
f 1952/1255/414 1951/1258/414 1949/1256/413
f 1954/1257/415 1953/1260/415 1951/1258/414
f 1956/1259/416 1955/1262/416 1953/1260/415
f 1958/1261/417 1957/1264/417 1955/1262/416
f 1960/1263/418 1959/1266/418 1957/1264/417
f 1962/1265/419 1961/1268/419 1959/1266/418
f 1964/1267/420 1963/1270/420 1961/1268/419
f 1966/1269/421 1965/1272/421 1963/1270/420
f 1968/1271/422 1967/1274/422 1965/1272/421
f 1970/1273/423 1969/1276/423 1967/1274/422
f 1972/1275/424 1971/1278/424 1969/1276/423
f 1974/1277/425 1973/1280/425 1971/1278/424
f 1976/1279/426 1975/1282/426 1973/1280/425
f 1978/1281/427 1977/1284/427 1975/1282/426
f 1980/1283/428 1979/1286/428 1977/1284/427
f 1982/1285/429 1981/1288/431 1979/1286/428
f 1984/1287/430 1983/1290/430 1981/1288/431
f 1986/1289/432 1985/1292/432 1983/1290/430
f 1988/1291/433 1987/1294/433 1985/1292/432
f 1990/1293/434 1989/1296/434 1987/1294/433
f 1992/1295/435 1991/1298/435 1989/1296/434
f 1994/1297/436 1993/1300/436 1991/1298/435
f 1996/1299/437 1995/1302/437 1993/1300/436
f 1998/1301/438 1997/1304/438 1995/1302/437
f 2000/1303/439 1999/1306/439 1997/1304/438
f 2002/1305/440 2001/1308/440 1999/1306/439
f 2004/1307/441 2003/1310/441 2001/1308/440
f 2006/1309/442 2005/1312/442 2003/1310/441
f 2008/1311/443 2007/1314/443 2005/1312/442
f 2010/1313/444 2009/1316/444 2007/1314/443
f 2012/1315/445 2011/1318/445 2009/1316/444
f 2014/1317/446 2013/1320/446 2011/1318/445
f 2016/1319/447 2015/1322/447 2013/1320/446
f 2018/1321/448 2017/1324/448 2015/1322/447
f 2020/1323/449 2019/1326/449 2017/1324/448
f 2022/1325/450 2021/1328/450 2019/1326/449
f 2024/1327/451 2023/1330/451 2021/1328/450
f 2026/1329/452 2025/1332/452 2023/1330/451
f 2028/1331/453 2027/1334/453 2025/1332/452
f 2030/1333/454 2029/1336/454 2027/1334/453
f 2032/1335/455 2031/1338/455 2029/1336/454
f 2034/1337/456 2033/1340/456 2031/1338/455
f 2036/1339/457 2035/1342/459 2033/1340/456
f 2038/1341/458 2037/1344/458 2035/1342/459
f 1796/1343/331 1795/839/330 2037/1344/458
f 2042/1345/460 2041/1347/460 2039/836/461
f 2044/1346/462 2043/1349/462 2041/1347/460
f 2046/1348/463 2045/1351/463 2043/1349/462
f 2048/1350/464 2047/1353/464 2045/1351/463
f 2050/1352/465 2049/1355/465 2047/1353/464
f 2052/1354/466 2051/1357/466 2049/1355/465
f 2054/1356/467 2053/1359/467 2051/1357/466
f 2056/1358/468 2055/1361/468 2053/1359/467
f 2058/1360/469 2057/1363/469 2055/1361/468
f 2060/1362/470 2059/1365/470 2057/1363/469
f 2062/1364/471 2061/1367/471 2059/1365/470
f 2064/1366/472 2063/1369/472 2061/1367/471
f 2066/1368/473 2065/1371/473 2063/1369/472
f 2068/1370/474 2067/1373/474 2065/1371/473
f 2070/1372/475 2069/1375/477 2067/1373/474
f 2072/1374/476 2071/1377/476 2069/1375/477
f 2074/1376/478 2073/1379/478 2071/1377/476
f 2076/1378/479 2075/1381/479 2073/1379/478
f 2078/1380/480 2077/1383/480 2075/1381/479
f 2080/1382/481 2079/1385/481 2077/1383/480
f 2082/1384/482 2081/1387/482 2079/1385/481
f 2084/1386/483 2083/1389/483 2081/1387/482
f 2086/1388/484 2085/1391/484 2083/1389/483
f 2088/1390/485 2087/1393/485 2085/1391/484
f 2090/1392/485 2089/1395/485 2087/1393/485
f 2092/1394/486 2091/1397/486 2089/1395/485
f 2094/1396/487 2093/1399/487 2091/1397/486
f 2096/1398/488 2095/1400/488 2093/1399/487
f 2040/1343/461 2039/839/461 2095/1400/488
f 2100/1401/489 2099/1403/489 2097/836/490
f 2102/1402/491 2101/1405/491 2099/1403/489
f 2104/1404/492 2103/1407/492 2101/1405/491
f 2106/1406/493 2105/1409/493 2103/1407/492
f 2108/1408/494 2107/1411/494 2105/1409/493
f 2110/1410/495 2109/1413/495 2107/1411/494
f 2112/1412/496 2111/1415/496 2109/1413/495
f 2114/1414/497 2113/1417/499 2111/1415/496
f 2116/1416/498 2115/1419/498 2113/1417/499
f 2118/1418/500 2117/1421/500 2115/1419/498
f 2120/1420/501 2119/1423/501 2117/1421/500
f 2122/1422/502 2121/1425/504 2119/1423/501
f 2124/1424/503 2123/1427/503 2121/1425/504
f 2126/1426/505 2125/1429/505 2123/1427/503
f 2128/1428/506 2127/1431/506 2125/1429/505
f 2130/1430/507 2129/1433/507 2127/1431/506
f 2132/1432/508 2131/1435/508 2129/1433/507
f 2134/1434/509 2133/1437/509 2131/1435/508
f 2136/1436/510 2135/1439/510 2133/1437/509
f 2138/1438/511 2137/1441/511 2135/1439/510
f 2140/1440/512 2139/1443/512 2137/1441/511
f 2142/1442/513 2141/1445/513 2139/1443/512
f 2144/1444/514 2143/1447/514 2141/1445/513
f 2146/1446/515 2145/1449/515 2143/1447/514
f 2148/1448/485 2147/1451/485 2145/1449/515
f 2150/1450/516 2149/1452/516 2147/1451/485
f 2098/1343/490 2097/839/490 2149/1452/516
f 2154/1453/517 2153/1455/517 2151/836/517
f 2156/1454/518 2155/1457/519 2153/1455/517
f 2158/1456/519 2157/1458/519 2155/1457/519
f 2160/1222/520 2159/945/520 2157/1458/519
f 2162/1459/521 2161/1461/521 2159/945/520
f 2164/1460/522 2163/1463/522 2161/1461/521
f 2166/1462/523 2165/1464/523 2163/1463/522
f 2152/1343/517 2151/839/517 2165/1464/523
f 2170/1416/524 2169/1419/524 2167/836/525
f 2172/1434/526 2171/1437/526 2169/1419/524
f 2168/1343/525 2167/839/525 2171/1437/526
f 2176/1465/527 2175/1467/527 2173/836/528
f 2178/1466/529 2177/1469/529 2175/1467/527
f 2180/1468/530 2179/1471/530 2177/1469/529
f 2182/1470/531 2181/1473/531 2179/1471/530
f 2184/1472/532 2183/1475/532 2181/1473/531
f 2186/1474/533 2185/1477/533 2183/1475/532
f 2188/1476/534 2187/1479/534 2185/1477/533
f 2190/1478/535 2189/1481/535 2187/1479/534
f 2192/1480/536 2191/1483/536 2189/1481/535
f 2194/1482/537 2193/1485/537 2191/1483/536
f 2196/1484/538 2195/1487/538 2193/1485/537
f 2198/1486/539 2197/1489/539 2195/1487/538
f 2200/1488/540 2199/1491/540 2197/1489/539
f 2202/1490/541 2201/1493/541 2199/1491/540
f 2204/1492/542 2203/1495/542 2201/1493/541
f 2206/1494/543 2205/1497/543 2203/1495/542
f 2208/1496/544 2207/1499/544 2205/1497/543
f 2210/1498/545 2209/1501/545 2207/1499/544
f 2212/1500/546 2211/1503/546 2209/1501/545
f 2214/1502/547 2213/1505/547 2211/1503/546
f 2216/1504/548 2215/1507/548 2213/1505/547
f 2218/1506/549 2217/1509/551 2215/1507/548
f 2220/1508/550 2219/1511/550 2217/1509/551
f 2222/1510/552 2221/1513/552 2219/1511/550
f 2224/1512/553 2223/1515/555 2221/1513/552
f 2226/1514/554 2225/1517/554 2223/1515/555
f 2228/1516/556 2227/1519/556 2225/1517/554
f 2230/1518/557 2229/1521/557 2227/1519/556
f 2232/1520/558 2231/1523/558 2229/1521/557
f 2234/1522/559 2233/1525/561 2231/1523/558
f 2236/1524/560 2235/1527/560 2233/1525/561
f 2238/1526/562 2237/1529/562 2235/1527/560
f 2240/1528/563 2239/1531/563 2237/1529/562
f 2242/1530/564 2241/1533/564 2239/1531/563
f 2244/1532/565 2243/1535/565 2241/1533/564
f 2246/1534/566 2245/1537/566 2243/1535/565
f 2248/1536/567 2247/1539/567 2245/1537/566
f 2250/1538/568 2249/1541/568 2247/1539/567
f 2252/1540/569 2251/1543/569 2249/1541/568
f 2254/1542/570 2253/1545/570 2251/1543/569
f 2256/1544/571 2255/1547/571 2253/1545/570
f 2258/1546/572 2257/1549/572 2255/1547/571
f 2260/1548/573 2259/1551/575 2257/1549/572
f 2262/1550/574 2261/1553/574 2259/1551/575
f 2264/1552/576 2263/1555/576 2261/1553/574
f 2266/1554/577 2265/1557/577 2263/1555/576
f 2268/1556/578 2267/1559/578 2265/1557/577
f 2270/1558/579 2269/1560/579 2267/1559/578
f 2272/1222/580 2271/945/580 2269/1560/579
f 2274/1561/581 2273/1563/581 2271/945/580
f 2276/1562/582 2275/1565/582 2273/1563/581
f 2278/1564/583 2277/1567/583 2275/1565/582
f 2280/1566/584 2279/1569/584 2277/1567/583
f 2282/1568/585 2281/1571/585 2279/1569/584
f 2284/1570/586 2283/1573/586 2281/1571/585
f 2286/1572/587 2285/1575/587 2283/1573/586
f 2288/1574/588 2287/1577/588 2285/1575/587
f 2290/1576/589 2289/1579/589 2287/1577/588
f 2292/1578/590 2291/1581/590 2289/1579/589
f 2294/1580/591 2293/1583/591 2291/1581/590
f 2296/1582/592 2295/1585/592 2293/1583/591
f 2298/1584/593 2297/1587/593 2295/1585/592
f 2300/1586/594 2299/1589/594 2297/1587/593
f 2302/1588/595 2301/1591/595 2299/1589/594
f 2304/1590/596 2303/1593/596 2301/1591/595
f 2306/1592/597 2305/1595/597 2303/1593/596
f 2308/1594/598 2307/1597/600 2305/1595/597
f 2310/1596/599 2309/1599/599 2307/1597/600
f 2312/1598/601 2311/1601/601 2309/1599/599
f 2314/1600/602 2313/1603/602 2311/1601/601
f 2316/1602/603 2315/1605/603 2313/1603/602
f 2318/1604/604 2317/1607/604 2315/1605/603
f 2320/1606/605 2319/1609/605 2317/1607/604
f 2322/1608/606 2321/1611/606 2319/1609/605
f 2324/1610/607 2323/1613/607 2321/1611/606
f 2326/1612/608 2325/1615/608 2323/1613/607
f 2328/1614/609 2327/1617/609 2325/1615/608
f 2330/1616/610 2329/1619/610 2327/1617/609
f 2332/1618/611 2331/1621/611 2329/1619/610
f 2334/1620/612 2333/1623/612 2331/1621/611
f 2336/1622/613 2335/1625/615 2333/1623/612
f 2338/1624/614 2337/1627/614 2335/1625/615
f 2340/1626/616 2339/1629/616 2337/1627/614
f 2342/1628/617 2341/1631/617 2339/1629/616
f 2344/1630/618 2343/1633/618 2341/1631/617
f 2346/1632/619 2345/1635/619 2343/1633/618
f 2348/1634/620 2347/1637/620 2345/1635/619
f 2350/1636/621 2349/1639/621 2347/1637/620
f 2352/1638/622 2351/1641/622 2349/1639/621
f 2354/1640/623 2353/1643/623 2351/1641/622
f 2356/1642/624 2355/1645/624 2353/1643/623
f 2358/1644/625 2357/1647/627 2355/1645/624
f 2360/1646/626 2359/1649/626 2357/1647/627
f 2362/1648/628 2361/1651/628 2359/1649/626
f 2364/1650/629 2363/1653/629 2361/1651/628
f 2366/1652/630 2365/1655/630 2363/1653/629
f 2368/1654/631 2367/1656/631 2365/1655/630
f 2174/1343/528 2173/839/528 2367/1656/631
f 2372/1657/516 2371/1659/516 2369/836/485
f 2374/1658/516 2373/1660/516 2371/1659/516
f 2376/1454/485 2375/1457/485 2373/1660/516
f 2378/1416/485 2377/1419/485 2375/1457/485
f 2380/1661/516 2379/1662/516 2377/1419/485
f 2382/1222/516 2381/945/516 2379/1662/516
f 2384/1663/485 2383/1664/485 2381/945/516
f 2386/1434/486 2385/1437/486 2383/1664/485
f 2388/1460/487 2387/1463/487 2385/1437/486
f 2390/1665/516 2389/1667/516 2387/1463/487
f 2392/1666/485 2391/1668/485 2389/1667/516
f 2370/1343/485 2369/839/485 2391/1668/485
o テキスト
v 12.748966 3.090000 -0.400000
v 14.338966 1.500000 -0.400000
v 14.613967 1.770000 -0.400000
v 13.488967 2.895000 -0.400000
v 16.403967 2.895000 -0.400000
v 16.403967 3.285000 -0.400000
v 13.488967 3.285000 -0.400000
v 14.613967 4.410000 -0.400000
v 14.338966 4.680000 -0.400000
v 19.438967 1.775000 -0.400000
v 19.713966 1.500000 -0.400000
v 21.303967 3.090000 -0.400000
v 19.713966 4.680000 -0.400000
v 19.438967 4.410000 -0.400000
v 20.568968 3.285000 -0.400000
v 17.648968 3.285000 -0.400000
v 17.648968 2.895000 -0.400000
v 20.568968 2.895000 -0.400000
v 12.748966 3.090000 0.400000
v 14.338966 1.500000 0.400000
v 14.613967 1.770000 0.400000
v 13.488967 2.895000 0.400000
v 16.403967 2.895000 0.400000
v 16.403967 3.285000 0.400000
v 13.488967 3.285000 0.400000
v 14.613967 4.410000 0.400000
v 14.338966 4.680000 0.400000
v 19.438967 1.775000 0.400000
v 19.713966 1.500000 0.400000
v 21.303967 3.090000 0.400000
v 19.713966 4.680000 0.400000
v 19.438967 4.410000 0.400000
v 20.568968 3.285000 0.400000
v 17.648968 3.285000 0.400000
v 17.648968 2.895000 0.400000
v 20.568968 2.895000 0.400000
v 19.438967 1.775000 0.400000
v 19.438967 1.775000 -0.400000
v 19.713966 1.500000 0.400000
v 19.713966 1.500000 -0.400000
v 21.303967 3.090000 0.400000
v 21.303967 3.090000 -0.400000
v 19.713966 4.680000 0.400000
v 19.713966 4.680000 -0.400000
v 19.438967 4.410000 0.400000
v 19.438967 4.410000 -0.400000
v 20.568968 3.285000 0.400000
v 20.568968 3.285000 -0.400000
v 17.648968 3.285000 0.400000
v 17.648968 3.285000 -0.400000
v 17.648968 2.895000 0.400000
v 17.648968 2.895000 -0.400000
v 20.568968 2.895000 0.400000
v 20.568968 2.895000 -0.400000
v 12.748966 3.090000 0.400000
v 12.748966 3.090000 -0.400000
v 14.338966 1.500000 0.400000
v 14.338966 1.500000 -0.400000
v 14.613967 1.770000 0.400000
v 14.613967 1.770000 -0.400000
v 13.488967 2.895000 0.400000
v 13.488967 2.895000 -0.400000
v 16.403967 2.895000 0.400000
v 16.403967 2.895000 -0.400000
v 16.403967 3.285000 0.400000
v 16.403967 3.285000 -0.400000
v 13.488967 3.285000 0.400000
v 13.488967 3.285000 -0.400000
v 14.613967 4.410000 0.400000
v 14.613967 4.410000 -0.400000
v 14.338966 4.680000 0.400000
v 14.338966 4.680000 -0.400000
vn -0.0000 -0.0000 -1.0000
vn -0.0000 -0.0000 1.0000
vn -0.0000 -1.0000 -0.0000
vn -1.0000 0.0022 -0.0000
vn 1.0000 -0.0000 -0.0000
vn 0.0046 1.0000 -0.0000
vn -1.0000 0.0035 -0.0000
vn -0.9243 0.3817 -0.0000
vn -0.7071 0.7071 -0.0000
vn -0.9243 0.3816 -0.0000
vn -0.7071 -0.7071 -0.0000
vn -0.9247 -0.3806 -0.0000
vn -0.9247 -0.3807 -0.0000
vn -0.0046 -1.0000 -0.0000
vn -1.0000 -0.0000 -0.0000
vn 1.0000 -0.0046 -0.0000
vn 0.9239 -0.3827 -0.0000
vn 0.7071 -0.7071 -0.0000
vn 0.9239 -0.3826 -0.0000
vn 0.7071 0.7071 -0.0000
vn 0.9239 0.3826 -0.0000
vn 1.0000 0.0046 -0.0000
vn 0.9239 0.3827 -0.0000
vn -0.0046 1.0000 -0.0000
vt 0.875000 0.000000
vt 0.000000 0.000000
vt 1.000000 0.000000
vt 0.750000 0.000000
vt 0.500000 0.000000
vt 0.625000 0.000000
vt 0.375000 0.000000
vt 0.125000 0.000000
vt 0.250000 0.000000
vt 0.111111 1.000000
vt 0.000000 1.000000
vt 0.222222 1.000000
vt 0.111111 0.000000
vt 0.333333 1.000000
vt 0.222222 0.000000
vt 0.444444 1.000000
vt 0.333333 0.000000
vt 0.555556 1.000000
vt 0.444444 0.000000
vt 0.666667 1.000000
vt 0.555556 0.000000
vt 0.777778 1.000000
vt 0.666667 0.000000
vt 0.888889 1.000000
vt 0.777778 0.000000
vt 1.000000 1.000000
vt 0.888889 0.000000
s 0
usemtl マテリアル
f 2400/1669/632 2393/1670/632 2401/1671/632
f 2399/1672/632 2393/1670/632 2400/1669/632
f 2397/1673/632 2399/1672/632 2398/1674/632
f 2397/1673/632 2393/1670/632 2399/1672/632
f 2397/1673/632 2396/1675/632 2393/1670/632
f 2396/1675/632 2394/1676/632 2393/1670/632
f 2395/1677/632 2394/1676/632 2396/1675/632
f 2404/1677/632 2406/1673/632 2405/1675/632
f 2404/1677/632 2407/1674/632 2406/1673/632
f 2404/1677/632 2408/1672/632 2407/1674/632
f 2404/1677/632 2409/1669/632 2408/1672/632
f 2403/1676/632 2410/1671/632 2404/1677/632
f 2410/1671/632 2409/1669/632 2404/1677/632
f 2403/1676/632 2402/1670/632 2410/1671/632
f 2418/1669/633 2419/1671/633 2411/1670/633
f 2417/1672/633 2418/1669/633 2411/1670/633
f 2415/1673/633 2416/1674/633 2417/1672/633
f 2415/1673/633 2417/1672/633 2411/1670/633
f 2415/1673/633 2411/1670/633 2414/1675/633
f 2414/1675/633 2411/1670/633 2412/1676/633
f 2413/1677/633 2414/1675/633 2412/1676/633
f 2422/1677/633 2423/1675/633 2424/1673/633
f 2422/1677/633 2424/1673/633 2425/1674/633
f 2422/1677/633 2425/1674/633 2426/1672/633
f 2422/1677/633 2426/1672/633 2427/1669/633
f 2421/1676/633 2422/1677/633 2428/1671/633
f 2428/1671/633 2422/1677/633 2427/1669/633
f 2421/1676/633 2428/1671/633 2420/1670/633
s 1
f 2432/1678/634 2429/1670/635 2430/1679/635
f 2434/1680/636 2431/1681/634 2432/1678/634
f 2436/1682/637 2433/1683/636 2434/1680/636
f 2438/1684/638 2435/1685/637 2436/1682/637
f 2440/1686/639 2437/1687/638 2438/1684/638
f 2442/1688/640 2439/1689/641 2440/1686/639
f 2444/1690/642 2441/1691/640 2442/1688/640
f 2446/1692/643 2443/1693/642 2444/1690/642
f 2430/1694/635 2445/1695/644 2446/1692/643
f 2450/1678/645 2447/1670/646 2448/1679/646
f 2452/1680/647 2449/1681/645 2450/1678/645
f 2454/1682/648 2451/1683/647 2452/1680/647
f 2456/1684/649 2453/1685/650 2454/1682/648
f 2458/1686/651 2455/1687/649 2456/1684/649
f 2460/1688/652 2457/1689/651 2458/1686/651
f 2462/1690/653 2459/1691/654 2460/1688/652
f 2464/1692/655 2461/1693/653 2462/1690/653
f 2448/1694/646 2463/1695/655 2464/1692/655
f 2432/1678/634 2431/1681/634 2429/1670/635
f 2434/1680/636 2433/1683/636 2431/1681/634
f 2436/1682/637 2435/1685/637 2433/1683/636
f 2438/1684/638 2437/1687/638 2435/1685/637
f 2440/1686/639 2439/1689/641 2437/1687/638
f 2442/1688/640 2441/1691/640 2439/1689/641
f 2444/1690/642 2443/1693/642 2441/1691/640
f 2446/1692/643 2445/1695/644 2443/1693/642
f 2430/1694/635 2429/1671/635 2445/1695/644
f 2450/1678/645 2449/1681/645 2447/1670/646
f 2452/1680/647 2451/1683/647 2449/1681/645
f 2454/1682/648 2453/1685/650 2451/1683/647
f 2456/1684/649 2455/1687/649 2453/1685/650
f 2458/1686/651 2457/1689/651 2455/1687/649
f 2460/1688/652 2459/1691/654 2457/1689/651
f 2462/1690/653 2461/1693/653 2459/1691/654
f 2464/1692/655 2463/1695/655 2461/1693/653
f 2448/1694/646 2447/1671/646 2463/1695/655
o テキスト.001
v 13.207003 -7.994497 -0.400000
v 13.207003 -3.241497 -0.400000
v 12.129003 -3.241497 -0.400000
v 11.852997 -3.253115 -0.400000
v 11.599207 -3.287775 -0.400000
v 11.367971 -3.345185 -0.399999
v 11.159633 -3.425053 -0.399999
v 10.974529 -3.527087 -0.399999
v 10.813004 -3.650997 -0.399999
v 10.675393 -3.796490 -0.399999
v 10.562040 -3.963275 -0.399999
v 10.473284 -4.151060 -0.399999
v 10.409466 -4.359553 -0.399999
v 10.370926 -4.588462 -0.399999
v 10.358004 -4.837497 -0.399999
v 10.371626 -5.067691 -0.399999
v 10.411572 -5.284882 -0.399999
v 10.476456 -5.487731 -0.399999
v 10.564892 -5.674905 -0.399999
v 10.675494 -5.845064 -0.399999
v 10.806878 -5.996872 -0.399999
v 10.957657 -6.128993 -0.399999
v 11.126448 -6.240090 -0.399999
v 11.311862 -6.328825 -0.399999
v 11.512516 -6.393863 -0.400000
v 11.727026 -6.433866 -0.400000
v 11.954002 -6.447497 -0.400000
v 12.004498 -6.446614 -0.400000
v 12.054627 -6.443933 -0.400000
v 12.104612 -6.439404 -0.400000
v 12.154669 -6.432979 -0.400000
v 12.205019 -6.424609 -0.400000
v 12.255877 -6.414248 -0.400000
v 12.307467 -6.401843 -0.400000
v 12.360003 -6.387349 -0.400000
v 12.413706 -6.370716 -0.400000
v 12.468794 -6.351895 -0.400000
v 12.525487 -6.330839 -0.400000
v 12.584002 -6.307497 -0.400000
v 12.584002 -7.994497 -0.400000
v 12.536474 -5.769368 -0.400000
v 12.488434 -5.789465 -0.400000
v 12.439957 -5.807763 -0.400000
v 12.391114 -5.824238 -0.400000
v 12.341981 -5.838866 -0.400000
v 12.292628 -5.851622 -0.400000
v 12.243130 -5.862483 -0.400000
v 12.193559 -5.871423 -0.400000
v 12.143988 -5.878419 -0.400000
v 12.094489 -5.883446 -0.400000
v 12.045136 -5.886480 -0.400000
v 11.996002 -5.887497 -0.400000
v 11.854256 -5.878330 -0.400000
v 11.720118 -5.851492 -0.400000
v 11.594486 -5.807981 -0.400000
v 11.478262 -5.748794 -0.400000
v 11.372342 -5.674925 -0.399999
v 11.277628 -5.587372 -0.399999
v 11.195017 -5.487132 -0.399999
v 11.125410 -5.375201 -0.399999
v 11.069706 -5.252575 -0.399999
v 11.028804 -5.120252 -0.399999
v 11.003603 -4.979227 -0.399999
v 10.995003 -4.830497 -0.399999
v 11.002144 -4.673495 -0.399999
v 11.023554 -4.528234 -0.399999
v 11.059206 -4.395075 -0.399999
v 11.109076 -4.274386 -0.399999
v 11.173141 -4.166530 -0.399999
v 11.251377 -4.071872 -0.399999
v 11.343760 -3.990777 -0.399999
v 11.450262 -3.923608 -0.400000
v 11.570862 -3.870732 -0.400000
v 11.705535 -3.832511 -0.400000
v 11.854257 -3.809311 -0.400000
v 12.017003 -3.801497 -0.400000
v 12.584002 -3.801497 -0.400000
v 12.584002 -5.747498 -0.400000
v 17.967003 -3.654497 -0.400000
v 17.886932 -3.577489 -0.400000
v 17.807688 -3.507432 -0.400000
v 17.729221 -3.444278 -0.400000
v 17.651485 -3.387979 -0.400000
v 17.574429 -3.338484 -0.400000
v 17.498003 -3.295747 -0.400000
v 17.422161 -3.259718 -0.400000
v 17.346855 -3.230349 -0.400000
v 17.272034 -3.207591 -0.400000
v 17.197651 -3.191395 -0.400000
v 17.123657 -3.181714 -0.400000
v 17.050003 -3.178497 -0.400000
v 16.951740 -3.182568 -0.400000
v 16.856564 -3.194733 -0.400000
v 16.764643 -3.214919 -0.400000
v 16.676151 -3.243053 -0.400000
v 16.591255 -3.279061 -0.400000
v 16.510128 -3.322872 -0.400000
v 16.432938 -3.374412 -0.400000
v 16.359856 -3.433608 -0.400000
v 16.291050 -3.500388 -0.400000
v 16.226692 -3.574678 -0.400000
v 16.166954 -3.656405 -0.400000
v 16.112003 -3.745497 -0.400000
v 16.042549 -3.669640 -0.400000
v 15.970545 -3.596553 -0.400000
v 15.895769 -3.526966 -0.400000
v 15.818003 -3.461608 -0.400000
v 15.737029 -3.401209 -0.400000
v 15.652628 -3.346497 -0.400000
v 15.564581 -3.298202 -0.400000
v 15.472670 -3.257053 -0.400000
v 15.376675 -3.223778 -0.400000
v 15.276378 -3.199108 -0.400000
v 15.171560 -3.183772 -0.400000
v 15.062003 -3.178497 -0.400000
v 14.907667 -3.188568 -0.400000
v 14.763563 -3.218228 -0.400000
v 14.630301 -3.266653 -0.400000
v 14.508485 -3.333016 -0.400000
v 14.398725 -3.416489 -0.400000
v 14.301628 -3.516247 -0.400000
v 14.217802 -3.631464 -0.400000
v 14.147855 -3.761312 -0.400000
v 14.092394 -3.904966 -0.400000
v 14.052027 -4.061599 -0.400000
v 14.027360 -4.230385 -0.400000
v 14.019003 -4.410497 -0.400000
v 14.019003 -6.384498 -0.400000
v 14.642003 -6.384498 -0.400000
v 14.642003 -4.438497 -0.400000
v 14.647994 -4.324042 -0.400000
v 14.665434 -4.218775 -0.400000
v 14.693519 -4.122841 -0.400000
v 14.731447 -4.036386 -0.400000
v 14.778418 -3.959556 -0.400000
v 14.833628 -3.892497 -0.400000
v 14.896276 -3.835355 -0.400000
v 14.965559 -3.788275 -0.400000
v 15.040674 -3.751403 -0.400000
v 15.120822 -3.724886 -0.400000
v 15.205199 -3.708869 -0.400000
v 15.293003 -3.703497 -0.400000
v 15.345142 -3.705466 -0.400000
v 15.399785 -3.714581 -0.400000
v 15.456518 -3.730403 -0.400000
v 15.514929 -3.752497 -0.400000
v 15.574603 -3.780424 -0.400000
v 15.635128 -3.813747 -0.400000
v 15.696091 -3.852028 -0.400000
v 15.757077 -3.894831 -0.400000
v 15.817675 -3.941716 -0.400000
v 15.877470 -3.992247 -0.400000
v 15.936051 -4.045987 -0.400000
v 15.993003 -4.102497 -0.400000
v 15.993003 -6.384498 -0.400000
v 16.616003 -6.384498 -0.400000
v 16.616003 -4.431497 -0.400000
v 16.621277 -4.309828 -0.400000
v 16.636614 -4.200141 -0.400000
v 16.661283 -4.102169 -0.400000
v 16.694559 -4.015646 -0.400000
v 16.735708 -3.940302 -0.400000
v 16.784002 -3.875872 -0.400000
v 16.838715 -3.822088 -0.400000
v 16.899115 -3.778682 -0.400000
v 16.964472 -3.745388 -0.400000
v 17.034058 -3.721937 -0.400000
v 17.107145 -3.708063 -0.400000
v 17.183002 -3.703497 -0.400000
v 17.259655 -3.705600 -0.400000
v 17.332466 -3.712150 -0.400000
v 17.401972 -3.723513 -0.400000
v 17.468706 -3.740053 -0.400000
v 17.533205 -3.762134 -0.400000
v 17.596003 -3.790122 -0.400000
v 17.657635 -3.824381 -0.400000
v 17.718632 -3.865275 -0.400000
v 17.779533 -3.913169 -0.400000
v 17.840874 -3.968428 -0.400000
v 17.903185 -4.031416 -0.400000
v 17.967003 -4.102497 -0.400000
v 17.967003 -6.384498 -0.400000
v 18.590004 -6.384498 -0.400000
v 18.590004 -3.241497 -0.400000
v 17.967003 -3.241497 -0.400000
v 20.067003 -5.985497 -0.400000
v 20.133848 -6.053407 -0.400000
v 20.204508 -6.116941 -0.400000
v 20.278425 -6.175810 -0.400000
v 20.355042 -6.229720 -0.400000
v 20.433794 -6.278379 -0.400000
v 20.514128 -6.321497 -0.400000
v 20.595484 -6.358782 -0.400000
v 20.677299 -6.389942 -0.400000
v 20.759018 -6.414685 -0.400000
v 20.840082 -6.432720 -0.400000
v 20.919930 -6.443754 -0.400000
v 20.998003 -6.447497 -0.400000
v 21.153166 -6.438083 -0.400000
v 21.299553 -6.410099 -0.400000
v 21.436268 -6.363935 -0.400000
v 21.562410 -6.299978 -0.400000
v 21.677080 -6.218620 -0.400000
v 21.779377 -6.120247 -0.400000
v 21.868404 -6.005250 -0.400000
v 21.943262 -5.874016 -0.400000
v 22.003050 -5.726934 -0.400000
v 22.046869 -5.564395 -0.400000
v 22.073820 -5.386786 -0.400000
v 22.083004 -5.194497 -0.400000
v 22.083004 -3.241497 -0.400000
v 21.460003 -3.241497 -0.400000
v 21.460003 -5.236497 -0.400000
v 21.455486 -5.342773 -0.400000
v 21.441952 -5.440956 -0.400000
v 21.419426 -5.530826 -0.400000
v 21.387928 -5.612164 -0.400000
v 21.347488 -5.684752 -0.400000
v 21.298128 -5.748372 -0.400000
v 21.239872 -5.802805 -0.400000
v 21.172745 -5.847831 -0.400000
v 21.096767 -5.883232 -0.400000
v 21.011971 -5.908789 -0.400000
v 20.918373 -5.924284 -0.400000
v 20.816004 -5.929497 -0.400000
v 20.746323 -5.926301 -0.400000
v 20.677397 -5.916761 -0.400000
v 20.609394 -5.900950 -0.400000
v 20.542484 -5.878942 -0.400000
v 20.476839 -5.850808 -0.400000
v 20.412628 -5.816622 -0.400000
v 20.350021 -5.776457 -0.400000
v 20.289188 -5.730386 -0.400000
v 20.230301 -5.678482 -0.400000
v 20.173527 -5.620817 -0.400000
v 20.119038 -5.557464 -0.400000
v 20.067003 -5.488497 -0.400000
v 20.067003 -3.241497 -0.400000
v 19.444004 -3.241497 -0.400000
v 19.444004 -6.384498 -0.400000
v 20.067003 -6.384498 -0.400000
v 23.343946 -2.657074 -0.400001
v 23.391972 -2.647113 -0.400001
v 23.437613 -2.631075 -0.400001
v 23.480412 -2.609423 -0.400001
v 23.519903 -2.582618 -0.400001
v 23.555628 -2.551122 -0.400001
v 23.587124 -2.515397 -0.400001
v 23.613930 -2.475904 -0.400001
v 23.635582 -2.433106 -0.400001
v 23.651619 -2.387465 -0.400001
v 23.661579 -2.339441 -0.400001
v 23.665003 -2.289497 -0.400001
v 23.661581 -2.239553 -0.400001
v 23.651619 -2.191530 -0.400001
v 23.635582 -2.145888 -0.400001
v 23.613930 -2.103090 -0.400001
v 23.587124 -2.063597 -0.400001
v 23.555628 -2.027872 -0.400001
v 23.519903 -1.996376 -0.400001
v 23.480412 -1.969571 -0.400001
v 23.437613 -1.947919 -0.400001
v 23.391972 -1.931881 -0.400001
v 23.343946 -1.921920 -0.400001
v 23.294003 -1.918497 -0.400001
v 23.244061 -1.921921 -0.400001
v 23.196035 -1.931882 -0.400001
v 23.150394 -1.947919 -0.400001
v 23.107595 -1.969572 -0.400001
v 23.068104 -1.996377 -0.400001
v 23.032379 -2.027872 -0.400001
v 23.000881 -2.063597 -0.400001
v 22.974077 -2.103090 -0.400001
v 22.952425 -2.145888 -0.400001
v 22.936386 -2.191530 -0.400001
v 22.926426 -2.239553 -0.400001
v 22.923002 -2.289497 -0.400001
v 22.926426 -2.339441 -0.400001
v 22.936386 -2.387465 -0.400001
v 22.952423 -2.433106 -0.400001
v 22.974077 -2.475904 -0.400001
v 23.000881 -2.515397 -0.400001
v 23.032377 -2.551122 -0.400001
v 23.068104 -2.582618 -0.400001
v 23.107595 -2.609423 -0.400001
v 23.150393 -2.631075 -0.400001
v 23.196035 -2.647113 -0.400001
v 23.244059 -2.657074 -0.400001
v 23.294003 -2.660497 -0.400001
v 22.990374 -6.957938 -0.400001
v 23.003471 -7.103942 -0.400001
v 23.025269 -7.236528 -0.400001
v 23.055744 -7.356719 -0.400001
v 23.094872 -7.465536 -0.400001
v 23.142628 -7.563997 -0.400001
v 23.198990 -7.653126 -0.400001
v 23.263929 -7.733942 -0.400001
v 23.337425 -7.807467 -0.400001
v 23.419453 -7.874720 -0.400001
v 23.509987 -7.936723 -0.400001
v 23.609003 -7.994497 -0.400001
v 24.078003 -7.532497 -0.400001
v 24.011427 -7.502156 -0.400001
v 23.948471 -7.467099 -0.400001
v 23.889549 -7.427279 -0.400001
v 23.835077 -7.382646 -0.400001
v 23.785465 -7.333151 -0.400001
v 23.741129 -7.278748 -0.400001
v 23.702478 -7.219385 -0.400001
v 23.669930 -7.155016 -0.400001
v 23.643894 -7.085591 -0.400001
v 23.624786 -7.011062 -0.400001
v 23.613018 -6.931380 -0.400001
v 23.609003 -6.846498 -0.400001
v 23.609003 -3.241497 -0.400001
v 22.986004 -3.241497 -0.400001
v 22.986004 -6.797498 -0.400001
v 13.207003 -7.994497 0.400000
v 13.207003 -3.241497 0.400000
v 12.129003 -3.241497 0.400000
v 11.852997 -3.253115 0.400000
v 11.599207 -3.287775 0.400000
v 11.367971 -3.345185 0.400001
v 11.159633 -3.425053 0.400001
v 10.974529 -3.527087 0.400001
v 10.813004 -3.650997 0.400001
v 10.675393 -3.796490 0.400001
v 10.562040 -3.963275 0.400001
v 10.473284 -4.151060 0.400001
v 10.409466 -4.359553 0.400001
v 10.370926 -4.588462 0.400001
v 10.358004 -4.837497 0.400001
v 10.371626 -5.067691 0.400001
v 10.411572 -5.284882 0.400001
v 10.476456 -5.487731 0.400001
v 10.564892 -5.674905 0.400001
v 10.675494 -5.845064 0.400001
v 10.806878 -5.996872 0.400001
v 10.957657 -6.128993 0.400001
v 11.126448 -6.240090 0.400001
v 11.311862 -6.328825 0.400001
v 11.512516 -6.393863 0.400000
v 11.727026 -6.433866 0.400000
v 11.954002 -6.447497 0.400000
v 12.004498 -6.446614 0.400000
v 12.054627 -6.443933 0.400000
v 12.104612 -6.439404 0.400000
v 12.154669 -6.432979 0.400000
v 12.205019 -6.424609 0.400000
v 12.255877 -6.414248 0.400000
v 12.307467 -6.401843 0.400000
v 12.360003 -6.387349 0.400000
v 12.413706 -6.370716 0.400000
v 12.468794 -6.351895 0.400000
v 12.525487 -6.330839 0.400000
v 12.584002 -6.307497 0.400000
v 12.584002 -7.994497 0.400000
v 12.536474 -5.769368 0.400000
v 12.488434 -5.789465 0.400000
v 12.439957 -5.807763 0.400000
v 12.391114 -5.824238 0.400000
v 12.341981 -5.838866 0.400000
v 12.292628 -5.851622 0.400000
v 12.243130 -5.862483 0.400000
v 12.193559 -5.871423 0.400000
v 12.143988 -5.878419 0.400000
v 12.094489 -5.883446 0.400000
v 12.045136 -5.886480 0.400000
v 11.996002 -5.887497 0.400000
v 11.854256 -5.878330 0.400000
v 11.720118 -5.851492 0.400000
v 11.594486 -5.807981 0.400000
v 11.478262 -5.748794 0.400000
v 11.372342 -5.674925 0.400001
v 11.277628 -5.587372 0.400001
v 11.195017 -5.487132 0.400001
v 11.125410 -5.375201 0.400001
v 11.069706 -5.252575 0.400001
v 11.028804 -5.120252 0.400001
v 11.003603 -4.979227 0.400001
v 10.995003 -4.830497 0.400001
v 11.002144 -4.673495 0.400001
v 11.023554 -4.528234 0.400001
v 11.059206 -4.395075 0.400001
v 11.109076 -4.274386 0.400001
v 11.173141 -4.166530 0.400001
v 11.251377 -4.071872 0.400001
v 11.343760 -3.990777 0.400001
v 11.450262 -3.923608 0.400000
v 11.570862 -3.870732 0.400000
v 11.705535 -3.832511 0.400000
v 11.854257 -3.809311 0.400000
v 12.017003 -3.801497 0.400000
v 12.584002 -3.801497 0.400000
v 12.584002 -5.747498 0.400000
v 17.967003 -3.654497 0.400000
v 17.886932 -3.577489 0.400000
v 17.807688 -3.507432 0.400000
v 17.729221 -3.444278 0.400000
v 17.651485 -3.387979 0.400000
v 17.574429 -3.338484 0.400000
v 17.498003 -3.295747 0.400000
v 17.422161 -3.259718 0.400000
v 17.346855 -3.230349 0.400000
v 17.272034 -3.207591 0.400000
v 17.197651 -3.191395 0.400000
v 17.123657 -3.181714 0.400000
v 17.050003 -3.178497 0.400000
v 16.951740 -3.182568 0.400000
v 16.856564 -3.194733 0.400000
v 16.764643 -3.214919 0.400000
v 16.676151 -3.243053 0.400000
v 16.591255 -3.279061 0.400000
v 16.510128 -3.322872 0.400000
v 16.432938 -3.374412 0.400000
v 16.359856 -3.433608 0.400000
v 16.291050 -3.500388 0.400000
v 16.226692 -3.574678 0.400000
v 16.166954 -3.656405 0.400000
v 16.112003 -3.745497 0.400000
v 16.042549 -3.669640 0.400000
v 15.970545 -3.596553 0.400000
v 15.895769 -3.526966 0.400000
v 15.818003 -3.461608 0.400000
v 15.737029 -3.401209 0.400000
v 15.652628 -3.346497 0.400000
v 15.564581 -3.298202 0.400000
v 15.472670 -3.257053 0.400000
v 15.376675 -3.223778 0.400000
v 15.276378 -3.199108 0.400000
v 15.171560 -3.183772 0.400000
v 15.062003 -3.178497 0.400000
v 14.907667 -3.188568 0.400000
v 14.763563 -3.218228 0.400000
v 14.630301 -3.266653 0.400000
v 14.508485 -3.333016 0.400000
v 14.398725 -3.416489 0.400000
v 14.301628 -3.516247 0.400000
v 14.217802 -3.631464 0.400000
v 14.147855 -3.761312 0.400000
v 14.092394 -3.904966 0.400000
v 14.052027 -4.061599 0.400000
v 14.027360 -4.230385 0.400000
v 14.019003 -4.410497 0.400000
v 14.019003 -6.384498 0.400000
v 14.642003 -6.384498 0.400000
v 14.642003 -4.438497 0.400000
v 14.647994 -4.324042 0.400000
v 14.665434 -4.218775 0.400000
v 14.693519 -4.122841 0.400000
v 14.731447 -4.036386 0.400000
v 14.778418 -3.959556 0.400000
v 14.833628 -3.892497 0.400000
v 14.896276 -3.835355 0.400000
v 14.965559 -3.788275 0.400000
v 15.040674 -3.751403 0.400000
v 15.120822 -3.724886 0.400000
v 15.205199 -3.708869 0.400000
v 15.293003 -3.703497 0.400000
v 15.345142 -3.705466 0.400000
v 15.399785 -3.714581 0.400000
v 15.456518 -3.730403 0.400000
v 15.514929 -3.752497 0.400000
v 15.574603 -3.780424 0.400000
v 15.635128 -3.813747 0.400000
v 15.696091 -3.852028 0.400000
v 15.757077 -3.894831 0.400000
v 15.817675 -3.941716 0.400000
v 15.877470 -3.992247 0.400000
v 15.936051 -4.045987 0.400000
v 15.993003 -4.102497 0.400000
v 15.993003 -6.384498 0.400000
v 16.616003 -6.384498 0.400000
v 16.616003 -4.431497 0.400000
v 16.621277 -4.309828 0.400000
v 16.636614 -4.200141 0.400000
v 16.661283 -4.102169 0.400000
v 16.694559 -4.015646 0.400000
v 16.735708 -3.940302 0.400000
v 16.784002 -3.875872 0.400000
v 16.838715 -3.822088 0.400000
v 16.899115 -3.778682 0.400000
v 16.964472 -3.745388 0.400000
v 17.034058 -3.721937 0.400000
v 17.107145 -3.708063 0.400000
v 17.183002 -3.703497 0.400000
v 17.259655 -3.705600 0.400000
v 17.332466 -3.712150 0.400000
v 17.401972 -3.723513 0.400000
v 17.468706 -3.740053 0.400000
v 17.533205 -3.762134 0.400000
v 17.596003 -3.790122 0.400000
v 17.657635 -3.824381 0.400000
v 17.718634 -3.865275 0.400000
v 17.779535 -3.913169 0.400000
v 17.840874 -3.968428 0.400000
v 17.903185 -4.031416 0.400000
v 17.967003 -4.102497 0.400000
v 17.967003 -6.384498 0.400000
v 18.590004 -6.384498 0.400000
v 18.590004 -3.241497 0.400000
v 17.967003 -3.241497 0.400000
v 20.067003 -5.985497 0.400000
v 20.133848 -6.053407 0.400000
v 20.204508 -6.116941 0.400000
v 20.278425 -6.175810 0.400000
v 20.355042 -6.229720 0.400000
v 20.433794 -6.278379 0.400000
v 20.514128 -6.321497 0.400000
v 20.595484 -6.358782 0.400000
v 20.677299 -6.389942 0.400000
v 20.759018 -6.414685 0.400000
v 20.840082 -6.432720 0.400000
v 20.919930 -6.443754 0.400000
v 20.998003 -6.447497 0.400000
v 21.153166 -6.438083 0.400000
v 21.299553 -6.410099 0.400000
v 21.436268 -6.363935 0.400000
v 21.562410 -6.299978 0.400000
v 21.677080 -6.218620 0.400000
v 21.779377 -6.120247 0.400000
v 21.868404 -6.005250 0.400000
v 21.943262 -5.874016 0.400000
v 22.003050 -5.726934 0.400000
v 22.046869 -5.564395 0.400000
v 22.073820 -5.386786 0.400000
v 22.083004 -5.194497 0.400000
v 22.083004 -3.241497 0.400000
v 21.460003 -3.241497 0.400000
v 21.460003 -5.236497 0.400000
v 21.455486 -5.342773 0.400000
v 21.441952 -5.440956 0.400000
v 21.419426 -5.530826 0.400000
v 21.387928 -5.612164 0.400000
v 21.347488 -5.684752 0.400000
v 21.298128 -5.748372 0.400000
v 21.239872 -5.802805 0.400000
v 21.172745 -5.847831 0.400000
v 21.096767 -5.883232 0.400000
v 21.011971 -5.908789 0.400000
v 20.918373 -5.924284 0.400000
v 20.816004 -5.929497 0.400000
v 20.746323 -5.926301 0.400000
v 20.677397 -5.916761 0.400000
v 20.609394 -5.900950 0.400000
v 20.542484 -5.878942 0.400000
v 20.476839 -5.850808 0.400000
v 20.412628 -5.816622 0.400000
v 20.350021 -5.776457 0.400000
v 20.289188 -5.730386 0.400000
v 20.230301 -5.678482 0.400000
v 20.173527 -5.620817 0.400000
v 20.119038 -5.557464 0.400000
v 20.067003 -5.488497 0.400000
v 20.067003 -3.241497 0.400000
v 19.444004 -3.241497 0.400000
v 19.444004 -6.384498 0.400000
v 20.067003 -6.384498 0.400000
v 23.343946 -2.657074 0.399999
v 23.391972 -2.647113 0.399999
v 23.437613 -2.631075 0.399999
v 23.480412 -2.609423 0.399999
v 23.519903 -2.582618 0.399999
v 23.555628 -2.551122 0.399999
v 23.587124 -2.515397 0.399999
v 23.613930 -2.475904 0.399999
v 23.635582 -2.433106 0.399999
v 23.651619 -2.387465 0.399999
v 23.661579 -2.339441 0.399999
v 23.665003 -2.289497 0.399999
v 23.661581 -2.239553 0.399999
v 23.651619 -2.191530 0.399999
v 23.635582 -2.145888 0.399999
v 23.613930 -2.103090 0.399999
v 23.587124 -2.063597 0.399999
v 23.555628 -2.027872 0.399999
v 23.519903 -1.996376 0.399999
v 23.480412 -1.969571 0.399999
v 23.437613 -1.947919 0.399999
v 23.391972 -1.931881 0.399999
v 23.343946 -1.921920 0.399999
v 23.294003 -1.918497 0.399999
v 23.244061 -1.921921 0.399999
v 23.196035 -1.931882 0.399999
v 23.150394 -1.947919 0.399999
v 23.107595 -1.969572 0.399999
v 23.068104 -1.996377 0.399999
v 23.032379 -2.027872 0.399999
v 23.000881 -2.063597 0.399999
v 22.974077 -2.103090 0.399999
v 22.952425 -2.145888 0.399999
v 22.936386 -2.191530 0.399999
v 22.926426 -2.239553 0.399999
v 22.923002 -2.289497 0.399999
v 22.926426 -2.339441 0.399999
v 22.936386 -2.387465 0.399999
v 22.952423 -2.433106 0.399999
v 22.974077 -2.475904 0.399999
v 23.000881 -2.515397 0.399999
v 23.032377 -2.551122 0.399999
v 23.068104 -2.582618 0.399999
v 23.107595 -2.609423 0.399999
v 23.150393 -2.631075 0.399999
v 23.196035 -2.647113 0.399999
v 23.244059 -2.657074 0.399999
v 23.294003 -2.660497 0.399999
v 22.990374 -6.957938 0.399999
v 23.003471 -7.103942 0.399999
v 23.025269 -7.236528 0.399999
v 23.055744 -7.356719 0.399999
v 23.094872 -7.465536 0.399999
v 23.142628 -7.563997 0.399999
v 23.198990 -7.653126 0.399999
v 23.263929 -7.733942 0.399999
v 23.337425 -7.807467 0.399999
v 23.419453 -7.874720 0.399999
v 23.509987 -7.936723 0.399999
v 23.609003 -7.994497 0.399999
v 24.078003 -7.532497 0.399999
v 24.011427 -7.502156 0.399999
v 23.948471 -7.467099 0.399999
v 23.889549 -7.427279 0.399999
v 23.835077 -7.382646 0.399999
v 23.785465 -7.333151 0.399999
v 23.741129 -7.278748 0.399999
v 23.702478 -7.219385 0.399999
v 23.669930 -7.155016 0.399999
v 23.643894 -7.085591 0.399999
v 23.624786 -7.011062 0.399999
v 23.613018 -6.931380 0.399999
v 23.609003 -6.846498 0.399999
v 23.609003 -3.241497 0.399999
v 22.986004 -3.241497 0.399999
v 22.986004 -6.797498 0.399999
v 22.990374 -6.957938 0.399999
v 22.990374 -6.957938 -0.400001
v 23.003471 -7.103942 0.399999
v 23.003471 -7.103942 -0.400001
v 23.025269 -7.236528 0.399999
v 23.025269 -7.236528 -0.400001
v 23.055744 -7.356719 0.399999
v 23.055744 -7.356719 -0.400001
v 23.094872 -7.465536 0.399999
v 23.094872 -7.465536 -0.400001
v 23.142628 -7.563997 0.399999
v 23.142628 -7.563997 -0.400001
v 23.198990 -7.653126 0.399999
v 23.198990 -7.653126 -0.400001
v 23.263929 -7.733942 0.399999
v 23.263929 -7.733942 -0.400001
v 23.337425 -7.807467 0.399999
v 23.337425 -7.807467 -0.400001
v 23.419453 -7.874720 0.399999
v 23.419453 -7.874720 -0.400001
v 23.509987 -7.936723 0.399999
v 23.509987 -7.936723 -0.400001
v 23.609003 -7.994497 0.399999
v 23.609003 -7.994497 -0.400001
v 24.078003 -7.532497 0.399999
v 24.078003 -7.532497 -0.400001
v 24.011427 -7.502156 0.399999
v 24.011427 -7.502156 -0.400001
v 23.948471 -7.467099 0.399999
v 23.948471 -7.467099 -0.400001
v 23.889549 -7.427279 0.399999
v 23.889549 -7.427279 -0.400001
v 23.835077 -7.382646 0.399999
v 23.835077 -7.382646 -0.400001
v 23.785465 -7.333151 0.399999
v 23.785465 -7.333151 -0.400001
v 23.741129 -7.278748 0.399999
v 23.741129 -7.278748 -0.400001
v 23.702478 -7.219385 0.399999
v 23.702478 -7.219385 -0.400001
v 23.669930 -7.155016 0.399999
v 23.669930 -7.155016 -0.400001
v 23.643894 -7.085591 0.399999
v 23.643894 -7.085591 -0.400001
v 23.624786 -7.011062 0.399999
v 23.624786 -7.011062 -0.400001
v 23.613018 -6.931380 0.399999
v 23.613018 -6.931380 -0.400001
v 23.609003 -6.846498 0.399999
v 23.609003 -6.846498 -0.400001
v 23.609003 -3.241497 0.399999
v 23.609003 -3.241497 -0.400001
v 22.986004 -3.241497 0.399999
v 22.986004 -3.241497 -0.400001
v 22.986004 -6.797498 0.399999
v 22.986004 -6.797498 -0.400001
v 23.343946 -2.657074 0.399999
v 23.343946 -2.657074 -0.400001
v 23.391972 -2.647113 0.399999
v 23.391972 -2.647113 -0.400001
v 23.437613 -2.631075 0.399999
v 23.437613 -2.631075 -0.400001
v 23.480412 -2.609423 0.399999
v 23.480412 -2.609423 -0.400001
v 23.519903 -2.582618 0.399999
v 23.519903 -2.582618 -0.400001
v 23.555628 -2.551122 0.399999
v 23.555628 -2.551122 -0.400001
v 23.587124 -2.515397 0.399999
v 23.587124 -2.515397 -0.400001
v 23.613930 -2.475904 0.399999
v 23.613930 -2.475904 -0.400001
v 23.635582 -2.433106 0.399999
v 23.635582 -2.433106 -0.400001
v 23.651619 -2.387465 0.399999
v 23.651619 -2.387465 -0.400001
v 23.661579 -2.339441 0.399999
v 23.661579 -2.339441 -0.400001
v 23.665003 -2.289497 0.399999
v 23.665003 -2.289497 -0.400001
v 23.661581 -2.239553 0.399999
v 23.661581 -2.239553 -0.400001
v 23.651619 -2.191530 0.399999
v 23.651619 -2.191530 -0.400001
v 23.635582 -2.145888 0.399999
v 23.635582 -2.145888 -0.400001
v 23.613930 -2.103090 0.399999
v 23.613930 -2.103090 -0.400001
v 23.587124 -2.063597 0.399999
v 23.587124 -2.063597 -0.400001
v 23.555628 -2.027872 0.399999
v 23.555628 -2.027872 -0.400001
v 23.519903 -1.996376 0.399999
v 23.519903 -1.996376 -0.400001
v 23.480412 -1.969571 0.399999
v 23.480412 -1.969571 -0.400001
v 23.437613 -1.947919 0.399999
v 23.437613 -1.947919 -0.400001
v 23.391972 -1.931881 0.399999
v 23.391972 -1.931881 -0.400001
v 23.343946 -1.921920 0.399999
v 23.343946 -1.921920 -0.400001
v 23.294003 -1.918497 0.399999
v 23.294003 -1.918497 -0.400001
v 23.244061 -1.921921 0.399999
v 23.244061 -1.921921 -0.400001
v 23.196035 -1.931882 0.399999
v 23.196035 -1.931882 -0.400001
v 23.150394 -1.947919 0.399999
v 23.150394 -1.947919 -0.400001
v 23.107595 -1.969572 0.399999
v 23.107595 -1.969572 -0.400001
v 23.068104 -1.996377 0.399999
v 23.068104 -1.996377 -0.400001
v 23.032379 -2.027872 0.399999
v 23.032379 -2.027872 -0.400001
v 23.000881 -2.063597 0.399999
v 23.000881 -2.063597 -0.400001
v 22.974077 -2.103090 0.399999
v 22.974077 -2.103090 -0.400001
v 22.952425 -2.145888 0.399999
v 22.952425 -2.145888 -0.400001
v 22.936386 -2.191530 0.399999
v 22.936386 -2.191530 -0.400001
v 22.926426 -2.239553 0.399999
v 22.926426 -2.239553 -0.400001
v 22.923002 -2.289497 0.399999
v 22.923002 -2.289497 -0.400001
v 22.926426 -2.339441 0.399999
v 22.926426 -2.339441 -0.400001
v 22.936386 -2.387465 0.399999
v 22.936386 -2.387465 -0.400001
v 22.952423 -2.433106 0.399999
v 22.952423 -2.433106 -0.400001
v 22.974077 -2.475904 0.399999
v 22.974077 -2.475904 -0.400001
v 23.000881 -2.515397 0.399999
v 23.000881 -2.515397 -0.400001
v 23.032377 -2.551122 0.399999
v 23.032377 -2.551122 -0.400001
v 23.068104 -2.582618 0.399999
v 23.068104 -2.582618 -0.400001
v 23.107595 -2.609423 0.399999
v 23.107595 -2.609423 -0.400001
v 23.150393 -2.631075 0.399999
v 23.150393 -2.631075 -0.400001
v 23.196035 -2.647113 0.399999
v 23.196035 -2.647113 -0.400001
v 23.244059 -2.657074 0.399999
v 23.244059 -2.657074 -0.400001
v 23.294003 -2.660497 0.399999
v 23.294003 -2.660497 -0.400001
v 20.067003 -5.985497 0.400000
v 20.067003 -5.985497 -0.400000
v 20.133848 -6.053407 0.400000
v 20.133848 -6.053407 -0.400000
v 20.204508 -6.116941 0.400000
v 20.204508 -6.116941 -0.400000
v 20.278425 -6.175810 0.400000
v 20.278425 -6.175810 -0.400000
v 20.355042 -6.229720 0.400000
v 20.355042 -6.229720 -0.400000
v 20.433794 -6.278379 0.400000
v 20.433794 -6.278379 -0.400000
v 20.514128 -6.321497 0.400000
v 20.514128 -6.321497 -0.400000
v 20.595484 -6.358782 0.400000
v 20.595484 -6.358782 -0.400000
v 20.677299 -6.389942 0.400000
v 20.677299 -6.389942 -0.400000
v 20.759018 -6.414685 0.400000
v 20.759018 -6.414685 -0.400000
v 20.840082 -6.432720 0.400000
v 20.840082 -6.432720 -0.400000
v 20.919930 -6.443754 0.400000
v 20.919930 -6.443754 -0.400000
v 20.998003 -6.447497 0.400000
v 20.998003 -6.447497 -0.400000
v 21.153166 -6.438083 0.400000
v 21.153166 -6.438083 -0.400000
v 21.299553 -6.410099 0.400000
v 21.299553 -6.410099 -0.400000
v 21.436268 -6.363935 0.400000
v 21.436268 -6.363935 -0.400000
v 21.562410 -6.299978 0.400000
v 21.562410 -6.299978 -0.400000
v 21.677080 -6.218620 0.400000
v 21.677080 -6.218620 -0.400000
v 21.779377 -6.120247 0.400000
v 21.779377 -6.120247 -0.400000
v 21.868404 -6.005250 0.400000
v 21.868404 -6.005250 -0.400000
v 21.943262 -5.874016 0.400000
v 21.943262 -5.874016 -0.400000
v 22.003050 -5.726934 0.400000
v 22.003050 -5.726934 -0.400000
v 22.046869 -5.564395 0.400000
v 22.046869 -5.564395 -0.400000
v 22.073820 -5.386786 0.400000
v 22.073820 -5.386786 -0.400000
v 22.083004 -5.194497 0.400000
v 22.083004 -5.194497 -0.400000
v 22.083004 -3.241497 0.400000
v 22.083004 -3.241497 -0.400000
v 21.460003 -3.241497 0.400000
v 21.460003 -3.241497 -0.400000
v 21.460003 -5.236497 0.400000
v 21.460003 -5.236497 -0.400000
v 21.455486 -5.342773 0.400000
v 21.455486 -5.342773 -0.400000
v 21.441952 -5.440956 0.400000
v 21.441952 -5.440956 -0.400000
v 21.419426 -5.530826 0.400000
v 21.419426 -5.530826 -0.400000
v 21.387928 -5.612164 0.400000
v 21.387928 -5.612164 -0.400000
v 21.347488 -5.684752 0.400000
v 21.347488 -5.684752 -0.400000
v 21.298128 -5.748372 0.400000
v 21.298128 -5.748372 -0.400000
v 21.239872 -5.802805 0.400000
v 21.239872 -5.802805 -0.400000
v 21.172745 -5.847831 0.400000
v 21.172745 -5.847831 -0.400000
v 21.096767 -5.883232 0.400000
v 21.096767 -5.883232 -0.400000
v 21.011971 -5.908789 0.400000
v 21.011971 -5.908789 -0.400000
v 20.918373 -5.924284 0.400000
v 20.918373 -5.924284 -0.400000
v 20.816004 -5.929497 0.400000
v 20.816004 -5.929497 -0.400000
v 20.746323 -5.926301 0.400000
v 20.746323 -5.926301 -0.400000
v 20.677397 -5.916761 0.400000
v 20.677397 -5.916761 -0.400000
v 20.609394 -5.900950 0.400000
v 20.609394 -5.900950 -0.400000
v 20.542484 -5.878942 0.400000
v 20.542484 -5.878942 -0.400000
v 20.476839 -5.850808 0.400000
v 20.476839 -5.850808 -0.400000
v 20.412628 -5.816622 0.400000
v 20.412628 -5.816622 -0.400000
v 20.350021 -5.776457 0.400000
v 20.350021 -5.776457 -0.400000
v 20.289188 -5.730386 0.400000
v 20.289188 -5.730386 -0.400000
v 20.230301 -5.678482 0.400000
v 20.230301 -5.678482 -0.400000
v 20.173527 -5.620817 0.400000
v 20.173527 -5.620817 -0.400000
v 20.119038 -5.557464 0.400000
v 20.119038 -5.557464 -0.400000
v 20.067003 -5.488497 0.400000
v 20.067003 -5.488497 -0.400000
v 20.067003 -3.241497 0.400000
v 20.067003 -3.241497 -0.400000
v 19.444004 -3.241497 0.400000
v 19.444004 -3.241497 -0.400000
v 19.444004 -6.384498 0.400000
v 19.444004 -6.384498 -0.400000
v 20.067003 -6.384498 0.400000
v 20.067003 -6.384498 -0.400000
v 17.967003 -3.654497 0.400000
v 17.967003 -3.654497 -0.400000
v 17.886932 -3.577489 0.400000
v 17.886932 -3.577489 -0.400000
v 17.807688 -3.507432 0.400000
v 17.807688 -3.507432 -0.400000
v 17.729221 -3.444278 0.400000
v 17.729221 -3.444278 -0.400000
v 17.651485 -3.387979 0.400000
v 17.651485 -3.387979 -0.400000
v 17.574429 -3.338484 0.400000
v 17.574429 -3.338484 -0.400000
v 17.498003 -3.295747 0.400000
v 17.498003 -3.295747 -0.400000
v 17.422161 -3.259718 0.400000
v 17.422161 -3.259718 -0.400000
v 17.346855 -3.230349 0.400000
v 17.346855 -3.230349 -0.400000
v 17.272034 -3.207591 0.400000
v 17.272034 -3.207591 -0.400000
v 17.197651 -3.191395 0.400000
v 17.197651 -3.191395 -0.400000
v 17.123657 -3.181714 0.400000
v 17.123657 -3.181714 -0.400000
v 17.050003 -3.178497 0.400000
v 17.050003 -3.178497 -0.400000
v 16.951740 -3.182568 0.400000
v 16.951740 -3.182568 -0.400000
v 16.856564 -3.194733 0.400000
v 16.856564 -3.194733 -0.400000
v 16.764643 -3.214919 0.400000
v 16.764643 -3.214919 -0.400000
v 16.676151 -3.243053 0.400000
v 16.676151 -3.243053 -0.400000
v 16.591255 -3.279061 0.400000
v 16.591255 -3.279061 -0.400000
v 16.510128 -3.322872 0.400000
v 16.510128 -3.322872 -0.400000
v 16.432938 -3.374412 0.400000
v 16.432938 -3.374412 -0.400000
v 16.359856 -3.433608 0.400000
v 16.359856 -3.433608 -0.400000
v 16.291050 -3.500388 0.400000
v 16.291050 -3.500388 -0.400000
v 16.226692 -3.574678 0.400000
v 16.226692 -3.574678 -0.400000
v 16.166954 -3.656405 0.400000
v 16.166954 -3.656405 -0.400000
v 16.112003 -3.745497 0.400000
v 16.112003 -3.745497 -0.400000
v 16.042549 -3.669640 0.400000
v 16.042549 -3.669640 -0.400000
v 15.970545 -3.596553 0.400000
v 15.970545 -3.596553 -0.400000
v 15.895769 -3.526966 0.400000
v 15.895769 -3.526966 -0.400000
v 15.818003 -3.461608 0.400000
v 15.818003 -3.461608 -0.400000
v 15.737029 -3.401209 0.400000
v 15.737029 -3.401209 -0.400000
v 15.652628 -3.346497 0.400000
v 15.652628 -3.346497 -0.400000
v 15.564581 -3.298202 0.400000
v 15.564581 -3.298202 -0.400000
v 15.472670 -3.257053 0.400000
v 15.472670 -3.257053 -0.400000
v 15.376675 -3.223778 0.400000
v 15.376675 -3.223778 -0.400000
v 15.276378 -3.199108 0.400000
v 15.276378 -3.199108 -0.400000
v 15.171560 -3.183772 0.400000
v 15.171560 -3.183772 -0.400000
v 15.062003 -3.178497 0.400000
v 15.062003 -3.178497 -0.400000
v 14.907667 -3.188568 0.400000
v 14.907667 -3.188568 -0.400000
v 14.763563 -3.218228 0.400000
v 14.763563 -3.218228 -0.400000
v 14.630301 -3.266653 0.400000
v 14.630301 -3.266653 -0.400000
v 14.508485 -3.333016 0.400000
v 14.508485 -3.333016 -0.400000
v 14.398725 -3.416489 0.400000
v 14.398725 -3.416489 -0.400000
v 14.301628 -3.516247 0.400000
v 14.301628 -3.516247 -0.400000
v 14.217802 -3.631464 0.400000
v 14.217802 -3.631464 -0.400000
v 14.147855 -3.761312 0.400000
v 14.147855 -3.761312 -0.400000
v 14.092394 -3.904966 0.400000
v 14.092394 -3.904966 -0.400000
v 14.052027 -4.061599 0.400000
v 14.052027 -4.061599 -0.400000
v 14.027360 -4.230385 0.400000
v 14.027360 -4.230385 -0.400000
v 14.019003 -4.410497 0.400000
v 14.019003 -4.410497 -0.400000
v 14.019003 -6.384498 0.400000
v 14.019003 -6.384498 -0.400000
v 14.642003 -6.384498 0.400000
v 14.642003 -6.384498 -0.400000
v 14.642003 -4.438497 0.400000
v 14.642003 -4.438497 -0.400000
v 14.647994 -4.324042 0.400000
v 14.647994 -4.324042 -0.400000
v 14.665434 -4.218775 0.400000
v 14.665434 -4.218775 -0.400000
v 14.693519 -4.122841 0.400000
v 14.693519 -4.122841 -0.400000
v 14.731447 -4.036386 0.400000
v 14.731447 -4.036386 -0.400000
v 14.778418 -3.959556 0.400000
v 14.778418 -3.959556 -0.400000
v 14.833628 -3.892497 0.400000
v 14.833628 -3.892497 -0.400000
v 14.896276 -3.835355 0.400000
v 14.896276 -3.835355 -0.400000
v 14.965559 -3.788275 0.400000
v 14.965559 -3.788275 -0.400000
v 15.040674 -3.751403 0.400000
v 15.040674 -3.751403 -0.400000
v 15.120822 -3.724886 0.400000
v 15.120822 -3.724886 -0.400000
v 15.205199 -3.708869 0.400000
v 15.205199 -3.708869 -0.400000
v 15.293003 -3.703497 0.400000
v 15.293003 -3.703497 -0.400000
v 15.345142 -3.705466 0.400000
v 15.345142 -3.705466 -0.400000
v 15.399785 -3.714581 0.400000
v 15.399785 -3.714581 -0.400000
v 15.456518 -3.730403 0.400000
v 15.456518 -3.730403 -0.400000
v 15.514929 -3.752497 0.400000
v 15.514929 -3.752497 -0.400000
v 15.574603 -3.780424 0.400000
v 15.574603 -3.780424 -0.400000
v 15.635128 -3.813747 0.400000
v 15.635128 -3.813747 -0.400000
v 15.696091 -3.852028 0.400000
v 15.696091 -3.852028 -0.400000
v 15.757077 -3.894831 0.400000
v 15.757077 -3.894831 -0.400000
v 15.817675 -3.941716 0.400000
v 15.817675 -3.941716 -0.400000
v 15.877470 -3.992247 0.400000
v 15.877470 -3.992247 -0.400000
v 15.936051 -4.045987 0.400000
v 15.936051 -4.045987 -0.400000
v 15.993003 -4.102497 0.400000
v 15.993003 -4.102497 -0.400000
v 15.993003 -6.384498 0.400000
v 15.993003 -6.384498 -0.400000
v 16.616003 -6.384498 0.400000
v 16.616003 -6.384498 -0.400000
v 16.616003 -4.431497 0.400000
v 16.616003 -4.431497 -0.400000
v 16.621277 -4.309828 0.400000
v 16.621277 -4.309828 -0.400000
v 16.636614 -4.200141 0.400000
v 16.636614 -4.200141 -0.400000
v 16.661283 -4.102169 0.400000
v 16.661283 -4.102169 -0.400000
v 16.694559 -4.015646 0.400000
v 16.694559 -4.015646 -0.400000
v 16.735708 -3.940302 0.400000
v 16.735708 -3.940302 -0.400000
v 16.784002 -3.875872 0.400000
v 16.784002 -3.875872 -0.400000
v 16.838715 -3.822088 0.400000
v 16.838715 -3.822088 -0.400000
v 16.899115 -3.778682 0.400000
v 16.899115 -3.778682 -0.400000
v 16.964472 -3.745388 0.400000
v 16.964472 -3.745388 -0.400000
v 17.034058 -3.721937 0.400000
v 17.034058 -3.721937 -0.400000
v 17.107145 -3.708063 0.400000
v 17.107145 -3.708063 -0.400000
v 17.183002 -3.703497 0.400000
v 17.183002 -3.703497 -0.400000
v 17.259655 -3.705600 0.400000
v 17.259655 -3.705600 -0.400000
v 17.332466 -3.712150 0.400000
v 17.332466 -3.712150 -0.400000
v 17.401972 -3.723513 0.400000
v 17.401972 -3.723513 -0.400000
v 17.468706 -3.740053 0.400000
v 17.468706 -3.740053 -0.400000
v 17.533205 -3.762134 0.400000
v 17.533205 -3.762134 -0.400000
v 17.596003 -3.790122 0.400000
v 17.596003 -3.790122 -0.400000
v 17.657635 -3.824381 0.400000
v 17.657635 -3.824381 -0.400000
v 17.718634 -3.865275 0.400000
v 17.718632 -3.865275 -0.400000
v 17.779535 -3.913169 0.400000
v 17.779533 -3.913169 -0.400000
v 17.840874 -3.968428 0.400000
v 17.840874 -3.968428 -0.400000
v 17.903185 -4.031416 0.400000
v 17.903185 -4.031416 -0.400000
v 17.967003 -4.102497 0.400000
v 17.967003 -4.102497 -0.400000
v 17.967003 -6.384498 0.400000
v 17.967003 -6.384498 -0.400000
v 18.590004 -6.384498 0.400000
v 18.590004 -6.384498 -0.400000
v 18.590004 -3.241497 0.400000
v 18.590004 -3.241497 -0.400000
v 17.967003 -3.241497 0.400000
v 17.967003 -3.241497 -0.400000
v 13.207003 -7.994497 0.400000
v 13.207003 -7.994497 -0.400000
v 13.207003 -3.241497 0.400000
v 13.207003 -3.241497 -0.400000
v 12.129003 -3.241497 0.400000
v 12.129003 -3.241497 -0.400000
v 11.852997 -3.253115 0.400000
v 11.852997 -3.253115 -0.400000
v 11.599207 -3.287775 0.400000
v 11.599207 -3.287775 -0.400000
v 11.367971 -3.345185 0.400001
v 11.367971 -3.345185 -0.399999
v 11.159633 -3.425053 0.400001
v 11.159633 -3.425053 -0.399999
v 10.974529 -3.527087 0.400001
v 10.974529 -3.527087 -0.399999
v 10.813004 -3.650997 0.400001
v 10.813004 -3.650997 -0.399999
v 10.675393 -3.796490 0.400001
v 10.675393 -3.796490 -0.399999
v 10.562040 -3.963275 0.400001
v 10.562040 -3.963275 -0.399999
v 10.473284 -4.151060 0.400001
v 10.473284 -4.151060 -0.399999
v 10.409466 -4.359553 0.400001
v 10.409466 -4.359553 -0.399999
v 10.370926 -4.588462 0.400001
v 10.370926 -4.588462 -0.399999
v 10.358004 -4.837497 0.400001
v 10.358004 -4.837497 -0.399999
v 10.371626 -5.067691 0.400001
v 10.371626 -5.067691 -0.399999
v 10.411572 -5.284882 0.400001
v 10.411572 -5.284882 -0.399999
v 10.476456 -5.487731 0.400001
v 10.476456 -5.487731 -0.399999
v 10.564892 -5.674905 0.400001
v 10.564892 -5.674905 -0.399999
v 10.675494 -5.845064 0.400001
v 10.675494 -5.845064 -0.399999
v 10.806878 -5.996872 0.400001
v 10.806878 -5.996872 -0.399999
v 10.957657 -6.128993 0.400001
v 10.957657 -6.128993 -0.399999
v 11.126448 -6.240090 0.400001
v 11.126448 -6.240090 -0.399999
v 11.311862 -6.328825 0.400001
v 11.311862 -6.328825 -0.399999
v 11.512516 -6.393863 0.400000
v 11.512516 -6.393863 -0.400000
v 11.727026 -6.433866 0.400000
v 11.727026 -6.433866 -0.400000
v 11.954002 -6.447497 0.400000
v 11.954002 -6.447497 -0.400000
v 12.004498 -6.446614 0.400000
v 12.004498 -6.446614 -0.400000
v 12.054627 -6.443933 0.400000
v 12.054627 -6.443933 -0.400000
v 12.104612 -6.439404 0.400000
v 12.104612 -6.439404 -0.400000
v 12.154669 -6.432979 0.400000
v 12.154669 -6.432979 -0.400000
v 12.205019 -6.424609 0.400000
v 12.205019 -6.424609 -0.400000
v 12.255877 -6.414248 0.400000
v 12.255877 -6.414248 -0.400000
v 12.307467 -6.401843 0.400000
v 12.307467 -6.401843 -0.400000
v 12.360003 -6.387349 0.400000
v 12.360003 -6.387349 -0.400000
v 12.413706 -6.370716 0.400000
v 12.413706 -6.370716 -0.400000
v 12.468794 -6.351895 0.400000
v 12.468794 -6.351895 -0.400000
v 12.525487 -6.330839 0.400000
v 12.525487 -6.330839 -0.400000
v 12.584002 -6.307497 0.400000
v 12.584002 -6.307497 -0.400000
v 12.584002 -7.994497 0.400000
v 12.584002 -7.994497 -0.400000
v 12.536474 -5.769368 0.400000
v 12.536474 -5.769368 -0.400000
v 12.488434 -5.789465 0.400000
v 12.488434 -5.789465 -0.400000
v 12.439957 -5.807763 0.400000
v 12.439957 -5.807763 -0.400000
v 12.391114 -5.824238 0.400000
v 12.391114 -5.824238 -0.400000
v 12.341981 -5.838866 0.400000
v 12.341981 -5.838866 -0.400000
v 12.292628 -5.851622 0.400000
v 12.292628 -5.851622 -0.400000
v 12.243130 -5.862483 0.400000
v 12.243130 -5.862483 -0.400000
v 12.193559 -5.871423 0.400000
v 12.193559 -5.871423 -0.400000
v 12.143988 -5.878419 0.400000
v 12.143988 -5.878419 -0.400000
v 12.094489 -5.883446 0.400000
v 12.094489 -5.883446 -0.400000
v 12.045136 -5.886480 0.400000
v 12.045136 -5.886480 -0.400000
v 11.996002 -5.887497 0.400000
v 11.996002 -5.887497 -0.400000
v 11.854256 -5.878330 0.400000
v 11.854256 -5.878330 -0.400000
v 11.720118 -5.851492 0.400000
v 11.720118 -5.851492 -0.400000
v 11.594486 -5.807981 0.400000
v 11.594486 -5.807981 -0.400000
v 11.478262 -5.748794 0.400000
v 11.478262 -5.748794 -0.400000
v 11.372342 -5.674925 0.400001
v 11.372342 -5.674925 -0.399999
v 11.277628 -5.587372 0.400001
v 11.277628 -5.587372 -0.399999
v 11.195017 -5.487132 0.400001
v 11.195017 -5.487132 -0.399999
v 11.125410 -5.375201 0.400001
v 11.125410 -5.375201 -0.399999
v 11.069706 -5.252575 0.400001
v 11.069706 -5.252575 -0.399999
v 11.028804 -5.120252 0.400001
v 11.028804 -5.120252 -0.399999
v 11.003603 -4.979227 0.400001
v 11.003603 -4.979227 -0.399999
v 10.995003 -4.830497 0.400001
v 10.995003 -4.830497 -0.399999
v 11.002144 -4.673495 0.400001
v 11.002144 -4.673495 -0.399999
v 11.023554 -4.528234 0.400001
v 11.023554 -4.528234 -0.399999
v 11.059206 -4.395075 0.400001
v 11.059206 -4.395075 -0.399999
v 11.109076 -4.274386 0.400001
v 11.109076 -4.274386 -0.399999
v 11.173141 -4.166530 0.400001
v 11.173141 -4.166530 -0.399999
v 11.251377 -4.071872 0.400001
v 11.251377 -4.071872 -0.399999
v 11.343760 -3.990777 0.400001
v 11.343760 -3.990777 -0.399999
v 11.450262 -3.923608 0.400000
v 11.450262 -3.923608 -0.400000
v 11.570862 -3.870732 0.400000
v 11.570862 -3.870732 -0.400000
v 11.705535 -3.832511 0.400000
v 11.705535 -3.832511 -0.400000
v 11.854257 -3.809311 0.400000
v 11.854257 -3.809311 -0.400000
v 12.017003 -3.801497 0.400000
v 12.017003 -3.801497 -0.400000
v 12.584002 -3.801497 0.400000
v 12.584002 -3.801497 -0.400000
v 12.584002 -5.747498 0.400000
v 12.584002 -5.747498 -0.400000
vn -0.0000 -0.0000 -1.0000
vn -0.0000 0.0002 -1.0000
vn -0.0000 -0.0000 1.0000
vn -0.0000 -0.0002 1.0000
vn -0.9920 -0.1259 -0.0000
vn -0.9983 -0.0583 -0.0000
vn -0.9789 -0.2042 -0.0000
vn -0.9563 -0.2924 -0.0000
vn -0.9217 -0.3879 -0.0000
vn -0.8738 -0.4862 -0.0000
vn -0.8137 -0.5814 -0.0000
vn -0.7445 -0.6677 -0.0000
vn -0.6715 -0.7410 -0.0000
vn -0.6001 -0.7999 -0.0000
vn -0.5349 -0.8449 -0.0000
vn 0.1245 -0.9922 -0.0000
vn -0.5348 -0.8450 -0.0000
vn 0.9847 0.1742 -0.0000
vn 0.1246 -0.9922 -0.0000
vn 0.4510 0.8925 -0.0000
vn 0.5237 0.8519 -0.0000
vn 0.5975 0.8019 -0.0000
vn 0.6708 0.7416 -0.0000
vn 0.7417 0.6707 -0.0000
vn 0.8077 0.5895 -0.0000
vn 0.8665 0.4992 -0.0000
vn 0.9157 0.4018 -0.0000
vn 0.9539 0.3002 -0.0000
vn 0.9803 0.1975 -0.0000
vn 0.9953 0.0968 -0.0000
vn 0.9997 0.0236 -0.0000
vn 0.7071 0.7071 -0.0000
vn -0.7071 0.7071 -0.0000
vn -0.9999 -0.0136 -0.0000
vn 0.2679 -0.9634 -0.0000
vn 0.1360 -0.9907 -0.0000
vn 0.1361 -0.9907 -0.0000
vn 0.3923 -0.9198 -0.0000
vn 0.5076 -0.8616 -0.0000
vn 0.6127 -0.7903 -0.0000
vn 0.5075 -0.8616 -0.0000
vn 0.7071 -0.7071 -0.0000
vn 0.7903 -0.6127 -0.0000
vn 0.8616 -0.5076 -0.0000
vn 0.7904 -0.6127 -0.0000
vn 0.9198 -0.3923 -0.0000
vn 0.8616 -0.5075 -0.0000
vn 0.9635 -0.2679 -0.0000
vn 0.9907 -0.1361 -0.0000
vn 1.0000 -0.0000 -0.0000
vn 0.9907 0.1361 -0.0000
vn 0.9635 0.2679 -0.0000
vn 0.9198 0.3923 -0.0000
vn 0.9634 0.2679 -0.0000
vn 0.8616 0.5075 -0.0000
vn 0.7904 0.6127 -0.0000
vn 0.8616 0.5076 -0.0000
vn 0.7903 0.6127 -0.0000
vn 0.6127 0.7903 -0.0000
vn 0.5075 0.8616 -0.0000
vn 0.3923 0.9198 -0.0000
vn 0.5076 0.8616 -0.0000
vn 0.2679 0.9634 -0.0000
vn 0.1360 0.9907 -0.0000
vn -0.0000 1.0000 -0.0000
vn 0.1361 0.9907 -0.0000
vn -0.1361 0.9907 -0.0000
vn -0.2679 0.9635 -0.0000
vn -0.3923 0.9198 -0.0000
vn -0.2679 0.9634 -0.0000
vn -0.5075 0.8616 -0.0000
vn -0.6127 0.7903 -0.0000
vn -0.5076 0.8616 -0.0000
vn -0.7904 0.6127 -0.0000
vn -0.8616 0.5075 -0.0000
vn -0.7903 0.6127 -0.0000
vn -0.9198 0.3923 -0.0000
vn -0.9634 0.2679 -0.0000
vn -0.9907 0.1361 -0.0000
vn -0.9635 0.2679 -0.0000
vn -1.0000 -0.0000 -0.0000
vn -0.9907 -0.1361 -0.0000
vn -0.9635 -0.2679 -0.0000
vn -0.9198 -0.3923 -0.0000
vn -0.8616 -0.5075 -0.0000
vn -0.7904 -0.6127 -0.0000
vn -0.8616 -0.5076 -0.0000
vn -0.7071 -0.7071 -0.0000
vn -0.7903 -0.6127 -0.0000
vn -0.6127 -0.7903 -0.0000
vn -0.5075 -0.8616 -0.0000
vn -0.3923 -0.9198 -0.0000
vn -0.5076 -0.8616 -0.0000
vn -0.2679 -0.9634 -0.0000
vn -0.1360 -0.9907 -0.0000
vn -0.0000 -1.0000 -0.0000
vn -0.1361 -0.9907 -0.0000
vn -0.6910 -0.7229 -0.0000
vn 0.3790 -0.9254 -0.0000
vn -0.6461 -0.7633 -0.0000
vn -0.5995 -0.8004 -0.0000
vn -0.5508 -0.8346 -0.0000
vn -0.4995 -0.8663 -0.0000
vn -0.4450 -0.8955 -0.0000
vn -0.3865 -0.9223 -0.0000
vn -0.3230 -0.9464 -0.0000
vn -0.2537 -0.9673 -0.0000
vn -0.3231 -0.9464 -0.0000
vn -0.1772 -0.9842 -0.0000
vn -0.0925 -0.9957 -0.0000
vn 0.0063 -1.0000 -0.0000
vn 0.1244 -0.9922 -0.0000
vn 0.2544 -0.9671 -0.0000
vn 0.3871 -0.9221 -0.0000
vn 0.5168 -0.8561 -0.0000
vn 0.6377 -0.7703 -0.0000
vn 0.7439 -0.6683 -0.0000
vn 0.8317 -0.5552 -0.0000
vn 0.8995 -0.4370 -0.0000
vn 0.9477 -0.3190 -0.0000
vn 0.9787 -0.2055 -0.0000
vn 0.9951 -0.0990 -0.0000
vn 0.9997 -0.0239 -0.0000
vn -0.9998 0.0212 -0.0000
vn -0.9960 0.0896 -0.0000
vn -0.9998 0.0213 -0.0000
vn -0.9818 0.1901 -0.0000
vn -0.9531 0.3027 -0.0000
vn -0.9052 0.4249 -0.0000
vn -0.8342 0.5514 -0.0000
vn -0.7387 0.6740 -0.0000
vn -0.6219 0.7831 -0.0000
vn -0.7388 0.6740 -0.0000
vn -0.4912 0.8711 -0.0000
vn -0.3564 0.9343 -0.0000
vn -0.2264 0.9740 -0.0000
vn -0.1073 0.9942 -0.0000
vn -0.0025 1.0000 -0.0000
vn 0.0916 0.9958 -0.0000
vn 0.1820 0.9833 -0.0000
vn 0.2697 0.9629 -0.0000
vn 0.3535 0.9354 -0.0000
vn 0.4323 0.9017 -0.0000
vn 0.5054 0.8629 -0.0000
vn 0.5723 0.8201 -0.0000
vn 0.6329 0.7742 -0.0000
vn 0.5723 0.8200 -0.0000
vn 0.6873 0.7263 -0.0000
vn 0.7358 0.6772 -0.0000
vn 0.7786 0.6275 -0.0000
vn 0.9482 0.3176 -0.0000
vn 0.6779 0.7351 -0.0000
vn -0.3917 0.9201 -0.0000
vn -0.3916 0.9201 -0.0000
vn 0.6448 0.7643 -0.0000
vn 0.6070 0.7947 -0.0000
vn 0.5637 0.8260 -0.0000
vn 0.5145 0.8575 -0.0000
vn 0.4588 0.8885 -0.0000
vn 0.3965 0.9180 -0.0000
vn 0.3274 0.9449 -0.0000
vn 0.2521 0.9677 -0.0000
vn 0.1714 0.9852 -0.0000
vn 0.0868 0.9962 -0.0000
vn 0.0011 1.0000 -0.0000
vn -0.0842 0.9965 -0.0000
vn -0.1708 0.9853 -0.0000
vn -0.2590 0.9659 -0.0000
vn -0.3471 0.9378 -0.0000
vn -0.4333 0.9012 -0.0000
vn -0.5158 0.8567 -0.0000
vn -0.4333 0.9013 -0.0000
vn -0.5930 0.8052 -0.0000
vn -0.6636 0.7481 -0.0000
vn -0.7268 0.6868 -0.0000
vn -0.7822 0.6230 -0.0000
vn -0.8299 0.5580 -0.0000
vn -0.0942 0.9956 -0.0000
vn 0.7251 0.6887 -0.0000
vn 0.6970 0.7171 -0.0000
vn 0.6625 0.7490 -0.0000
vn 0.6209 0.7839 -0.0000
vn 0.5712 0.8208 -0.0000
vn 0.5128 0.8585 -0.0000
vn 0.4451 0.8955 -0.0000
vn 0.3684 0.9297 -0.0000
vn 0.2835 0.9590 -0.0000
vn 0.1920 0.9814 -0.0000
vn 0.0965 0.9953 -0.0000
vn -0.0085 1.0000 -0.0000
vn -0.1337 0.9910 -0.0000
vn -0.2723 0.9622 -0.0000
vn -0.4111 0.9116 -0.0000
vn -0.5434 0.8395 -0.0000
vn -0.6628 0.7488 -0.0000
vn -0.7646 0.6445 -0.0000
vn -0.8464 0.5325 -0.0000
vn -0.9084 0.4180 -0.0000
vn -0.9522 0.3054 -0.0000
vn -0.9803 0.1974 -0.0000
vn -0.9954 0.0956 -0.0000
vn -0.9997 0.0232 -0.0000
vn 0.9997 -0.0261 -0.0000
vn 0.9941 -0.1080 -0.0000
vn 0.9749 -0.2226 -0.0000
vn 0.9397 -0.3421 -0.0000
vn 0.8865 -0.4627 -0.0000
vn 0.8146 -0.5800 -0.0000
vn 0.7248 -0.6890 -0.0000
vn 0.6195 -0.7850 -0.0000
vn 0.5026 -0.8645 -0.0000
vn 0.3783 -0.9257 -0.0000
vn 0.2508 -0.9680 -0.0000
vn 0.1240 -0.9923 -0.0000
vn 0.0117 -0.9999 -0.0000
vn -0.1013 -0.9949 -0.0000
vn -0.2169 -0.9762 -0.0000
vn -0.3115 -0.9502 -0.0000
vn -0.3891 -0.9212 -0.0000
vn -0.4533 -0.8913 -0.0000
vn -0.5072 -0.8618 -0.0000
vn -0.5533 -0.8330 -0.0000
vn -0.5073 -0.8618 -0.0000
vn -0.5934 -0.8049 -0.0000
vn -0.6288 -0.7775 -0.0000
vn -0.6609 -0.7505 -0.0000
vn -0.6903 -0.7235 -0.0000
vn -0.9231 -0.3845 -0.0000
vn 0.9998 -0.0217 -0.0000
vn 0.9959 -0.0910 -0.0000
vn 0.9998 -0.0216 -0.0000
vn 0.9815 -0.1916 -0.0000
vn 0.9533 -0.3021 -0.0000
vn 0.9075 -0.4201 -0.0000
vn 0.8411 -0.5409 -0.0000
vn 0.7527 -0.6583 -0.0000
vn 0.6442 -0.7649 -0.0000
vn 0.5202 -0.8540 -0.0000
vn 0.6442 -0.7648 -0.0000
vn 0.3877 -0.9218 -0.0000
vn 0.2535 -0.9673 -0.0000
vn 0.1235 -0.9923 -0.0000
vn 0.0163 -0.9999 -0.0000
vn -0.0585 -0.9983 -0.0000
vn -0.1256 -0.9921 -0.0000
vn -0.2011 -0.9796 -0.0000
vn -0.1255 -0.9921 -0.0000
vn -0.2825 -0.9593 -0.0000
vn -0.3659 -0.9307 -0.0000
vn -0.4469 -0.8946 -0.0000
vn -0.5218 -0.8531 -0.0000
vn -0.5879 -0.8089 -0.0000
vn -0.6441 -0.7649 -0.0000
vn -0.6904 -0.7234 -0.0000
vn -0.7277 -0.6859 -0.0000
vn -0.9338 -0.3577 -0.0000
vn -0.0210 0.9998 -0.0000
vn -0.0888 0.9961 -0.0000
vn -0.1884 0.9821 -0.0000
vn -0.3000 0.9539 -0.0000
vn -0.4213 0.9069 -0.0000
vn -0.5473 0.8370 -0.0000
vn -0.6697 0.7426 -0.0000
vn -0.7793 0.6266 -0.0000
vn -0.8682 0.4962 -0.0000
vn -0.9326 0.3609 -0.0000
vn -0.9732 0.2298 -0.0000
vn -0.9940 0.1091 -0.0000
vn -1.0000 -0.0036 -0.0000
vn -0.9927 -0.1202 -0.0000
vn -0.9700 -0.2433 -0.0000
vn -0.9303 -0.3667 -0.0000
vn -0.8733 -0.4872 -0.0000
vn -0.7992 -0.6011 -0.0000
vn -0.7093 -0.7049 -0.0000
vn -0.6058 -0.7956 -0.0000
vn -0.4919 -0.8707 -0.0000
vn -0.3708 -0.9287 -0.0000
vn -0.2463 -0.9692 -0.0000
vn -0.1219 -0.9925 -0.0000
vn -0.0212 -0.9998 -0.0000
vn 0.0355 -0.9994 -0.0000
vn 0.0718 -0.9974 -0.0000
vn 0.0354 -0.9994 -0.0000
vn 0.1088 -0.9941 -0.0000
vn 0.1457 -0.9893 -0.0000
vn 0.1818 -0.9833 -0.0000
vn 0.2167 -0.9762 -0.0000
vn 0.2499 -0.9683 -0.0000
vn 0.2809 -0.9597 -0.0000
vn 0.3096 -0.9509 -0.0000
vn 0.3358 -0.9419 -0.0000
vn 0.3594 -0.9332 -0.0000
vn -0.5610 -0.8278 -0.0000
vn -0.3696 0.9292 -0.0000
vn -0.4020 0.9156 -0.0000
vn -0.3364 0.9417 -0.0000
vn -0.3025 0.9531 -0.0000
vn -0.2678 0.9635 -0.0000
vn -0.2323 0.9726 -0.0000
vn -0.1959 0.9806 -0.0000
vn -0.1586 0.9873 -0.0000
vn -0.1204 0.9927 -0.0000
vn -0.0812 0.9967 -0.0000
vn -0.0410 0.9992 -0.0000
vn 0.0219 0.9998 -0.0000
vn 0.1307 0.9914 -0.0000
vn 0.2623 0.9650 -0.0000
vn 0.3915 0.9202 -0.0000
vn 0.5141 0.8577 -0.0000
vn 0.6269 0.7791 -0.0000
vn 0.7269 0.6867 -0.0000
vn 0.8122 0.5833 -0.0000
vn 0.8817 0.4718 -0.0000
vn 0.9348 0.3552 -0.0000
vn 0.9717 0.2361 -0.0000
vn 0.9931 0.1170 -0.0000
vn 1.0000 0.0062 -0.0000
vn 0.9954 -0.0957 -0.0000
vn 1.0000 0.0061 -0.0000
vn 0.9793 -0.2026 -0.0000
vn 0.9954 -0.0958 -0.0000
vn 0.9471 -0.3209 -0.0000
vn 0.8943 -0.4475 -0.0000
vn 0.8177 -0.5756 -0.0000
vn 0.8943 -0.4474 -0.0000
vn 0.7175 -0.6965 -0.0000
vn 0.5984 -0.8012 -0.0000
vn 0.4688 -0.8833 -0.0000
vn 0.3381 -0.9411 -0.0000
vn 0.2140 -0.9768 -0.0000
vn 0.1012 -0.9949 -0.0000
vn 0.0240 -0.9997 -0.0000
vn -0.8420 0.5395 -0.0000
vn -0.8420 0.5394 -0.0000
vt 0.000000 0.000000
vt 0.987013 0.000000
vt 0.012987 0.000000
vt 0.025974 0.000000
vt 0.038961 0.000000
vt 0.051948 0.000000
vt 0.064935 0.000000
vt 0.077922 0.000000
vt 0.090909 0.000000
vt 0.103896 0.000000
vt 0.116883 0.000000
vt 0.974026 0.000000
vt 0.961039 0.000000
vt 0.129870 0.000000
vt 1.000000 0.000000
vt 0.948052 0.000000
vt 0.935065 0.000000
vt 0.922078 0.000000
vt 0.909091 0.000000
vt 0.142857 0.000000
vt 0.896104 0.000000
vt 0.883117 0.000000
vt 0.155844 0.000000
vt 0.870130 0.000000
vt 0.857143 0.000000
vt 0.168831 0.000000
vt 0.844156 0.000000
vt 0.831169 0.000000
vt 0.181818 0.000000
vt 0.818182 0.000000
vt 0.805195 0.000000
vt 0.194805 0.000000
vt 0.792208 0.000000
vt 0.207792 0.000000
vt 0.779221 0.000000
vt 0.766234 0.000000
vt 0.220779 0.000000
vt 0.753247 0.000000
vt 0.740260 0.000000
vt 0.233766 0.000000
vt 0.727273 0.000000
vt 0.246753 0.000000
vt 0.714286 0.000000
vt 0.519481 0.000000
vt 0.701299 0.000000
vt 0.532468 0.000000
vt 0.545455 0.000000
vt 0.493506 0.000000
vt 0.558442 0.000000
vt 0.688312 0.000000
vt 0.571429 0.000000
vt 0.584416 0.000000
vt 0.259740 0.000000
vt 0.675325 0.000000
vt 0.597403 0.000000
vt 0.610390 0.000000
vt 0.623377 0.000000
vt 0.662338 0.000000
vt 0.636364 0.000000
vt 0.649351 0.000000
vt 0.272727 0.000000
vt 0.285714 0.000000
vt 0.298701 0.000000
vt 0.506494 0.000000
vt 0.480519 0.000000
vt 0.311688 0.000000
vt 0.467532 0.000000
vt 0.454545 0.000000
vt 0.441558 0.000000
vt 0.428571 0.000000
vt 0.324675 0.000000
vt 0.415584 0.000000
vt 0.402597 0.000000
vt 0.389610 0.000000
vt 0.376623 0.000000
vt 0.337662 0.000000
vt 0.363636 0.000000
vt 0.350649 0.000000
vt 0.103774 0.000000
vt 0.122642 0.000000
vt 0.113208 0.000000
vt 0.330189 0.000000
vt 0.349057 0.000000
vt 0.339623 0.000000
vt 0.094340 0.000000
vt 0.132075 0.000000
vt 0.320755 0.000000
vt 0.358491 0.000000
vt 0.084906 0.000000
vt 0.141509 0.000000
vt 0.311321 0.000000
vt 0.075472 0.000000
vt 0.150943 0.000000
vt 0.367925 0.000000
vt 0.301887 0.000000
vt 0.066038 0.000000
vt 0.981132 0.000000
vt 0.990566 0.000000
vt 0.160377 0.000000
vt 0.292453 0.000000
vt 0.056604 0.000000
vt 0.377358 0.000000
vt 0.169811 0.000000
vt 0.047170 0.000000
vt 0.283019 0.000000
vt 0.179245 0.000000
vt 0.386792 0.000000
vt 0.037736 0.000000
vt 0.273585 0.000000
vt 0.188679 0.000000
vt 0.028302 0.000000
vt 0.264151 0.000000
vt 0.396226 0.000000
vt 0.198113 0.000000
vt 0.018868 0.000000
vt 0.254717 0.000000
vt 0.207547 0.000000
vt 0.009434 0.000000
vt 0.405660 0.000000
vt 0.245283 0.000000
vt 0.216981 0.000000
vt 0.235849 0.000000
vt 0.594340 0.000000
vt 0.415094 0.000000
vt 0.962264 0.000000
vt 0.952830 0.000000
vt 0.943396 0.000000
vt 0.933962 0.000000
vt 0.924528 0.000000
vt 0.915094 0.000000
vt 0.905660 0.000000
vt 0.896226 0.000000
vt 0.886792 0.000000
vt 0.877358 0.000000
vt 0.867925 0.000000
vt 0.858491 0.000000
vt 0.849057 0.000000
vt 0.226415 0.000000
vt 0.603774 0.000000
vt 0.839623 0.000000
vt 0.584906 0.000000
vt 0.613208 0.000000
vt 0.830189 0.000000
vt 0.575472 0.000000
vt 0.622642 0.000000
vt 0.820755 0.000000
vt 0.566038 0.000000
vt 0.632075 0.000000
vt 0.811321 0.000000
vt 0.556604 0.000000
vt 0.641509 0.000000
vt 0.424528 0.000000
vt 0.801887 0.000000
vt 0.650943 0.000000
vt 0.547170 0.000000
vt 0.660377 0.000000
vt 0.792453 0.000000
vt 0.537736 0.000000
vt 0.669811 0.000000
vt 0.783019 0.000000
vt 0.528302 0.000000
vt 0.679245 0.000000
vt 0.433962 0.000000
vt 0.773585 0.000000
vt 0.688679 0.000000
vt 0.518868 0.000000
vt 0.698113 0.000000
vt 0.764151 0.000000
vt 0.509434 0.000000
vt 0.707547 0.000000
vt 0.443396 0.000000
vt 0.754717 0.000000
vt 0.971698 0.000000
vt 0.716981 0.000000
vt 0.500000 0.000000
vt 0.745283 0.000000
vt 0.490566 0.000000
vt 0.452830 0.000000
vt 0.735849 0.000000
vt 0.481132 0.000000
vt 0.462264 0.000000
vt 0.726415 0.000000
vt 0.471698 0.000000
vt 0.436364 0.000000
vt 0.472727 0.000000
vt 0.490909 0.000000
vt 0.927273 0.000000
vt 0.963636 0.000000
vt 0.945455 0.000000
vt 0.981818 0.000000
vt 0.418182 0.000000
vt 0.509091 0.000000
vt 0.527273 0.000000
vt 0.400000 0.000000
vt 0.563636 0.000000
vt 0.890909 0.000000
vt 0.381818 0.000000
vt 0.581818 0.000000
vt 0.872727 0.000000
vt 0.854545 0.000000
vt 0.600000 0.000000
vt 0.836364 0.000000
vt 0.618182 0.000000
vt 0.800000 0.000000
vt 0.654545 0.000000
vt 0.781818 0.000000
vt 0.345455 0.000000
vt 0.763636 0.000000
vt 0.672727 0.000000
vt 0.745455 0.000000
vt 0.690909 0.000000
vt 0.709091 0.000000
vt 0.018182 0.000000
vt 0.327273 0.000000
vt 0.036364 0.000000
vt 0.054545 0.000000
vt 0.309091 0.000000
vt 0.072727 0.000000
vt 0.290909 0.000000
vt 0.109091 0.000000
vt 0.127273 0.000000
vt 0.145455 0.000000
vt 0.254545 0.000000
vt 0.163636 0.000000
vt 0.236364 0.000000
vt 0.200000 0.000000
vt 0.218182 0.000000
vt 0.960000 0.000000
vt 0.986667 0.000000
vt 0.973333 0.000000
vt 0.640000 0.000000
vt 0.946667 0.000000
vt 0.933333 0.000000
vt 0.653333 0.000000
vt 0.920000 0.000000
vt 0.906667 0.000000
vt 0.666667 0.000000
vt 0.893333 0.000000
vt 0.880000 0.000000
vt 0.680000 0.000000
vt 0.866667 0.000000
vt 0.853333 0.000000
vt 0.693333 0.000000
vt 0.840000 0.000000
vt 0.826667 0.000000
vt 0.706667 0.000000
vt 0.813333 0.000000
vt 0.786667 0.000000
vt 0.720000 0.000000
vt 0.733333 0.000000
vt 0.746667 0.000000
vt 0.760000 0.000000
vt 0.773333 0.000000
vt 0.293333 0.000000
vt 0.320000 0.000000
vt 0.306667 0.000000
vt 0.280000 0.000000
vt 0.333333 0.000000
vt 0.266667 0.000000
vt 0.346667 0.000000
vt 0.253333 0.000000
vt 0.360000 0.000000
vt 0.240000 0.000000
vt 0.373333 0.000000
vt 0.226667 0.000000
vt 0.386667 0.000000
vt 0.213333 0.000000
vt 0.413333 0.000000
vt 0.186667 0.000000
vt 0.426667 0.000000
vt 0.173333 0.000000
vt 0.440000 0.000000
vt 0.160000 0.000000
vt 0.453333 0.000000
vt 0.146667 0.000000
vt 0.466667 0.000000
vt 0.133333 0.000000
vt 0.480000 0.000000
vt 0.120000 0.000000
vt 0.493333 0.000000
vt 0.106667 0.000000
vt 0.506667 0.000000
vt 0.093333 0.000000
vt 0.520000 0.000000
vt 0.080000 0.000000
vt 0.533333 0.000000
vt 0.066667 0.000000
vt 0.546667 0.000000
vt 0.053333 0.000000
vt 0.560000 0.000000
vt 0.040000 0.000000
vt 0.573333 0.000000
vt 0.026667 0.000000
vt 0.586667 0.000000
vt 0.013333 0.000000
vt 0.613333 0.000000
vt 0.626667 0.000000
vt 0.035714 1.000000
vt 0.000000 1.000000
vt 0.071429 1.000000
vt 0.035714 0.000000
vt 0.107143 1.000000
vt 0.071429 0.000000
vt 0.142857 1.000000
vt 0.107143 0.000000
vt 0.178571 1.000000
vt 0.214286 1.000000
vt 0.178571 0.000000
vt 0.250000 1.000000
vt 0.214286 0.000000
vt 0.285714 1.000000
vt 0.250000 0.000000
vt 0.321429 1.000000
vt 0.357143 1.000000
vt 0.321429 0.000000
vt 0.392857 1.000000
vt 0.357143 0.000000
vt 0.428571 1.000000
vt 0.392857 0.000000
vt 0.464286 1.000000
vt 0.500000 1.000000
vt 0.464286 0.000000
vt 0.535714 1.000000
vt 0.571429 1.000000
vt 0.535714 0.000000
vt 0.607143 1.000000
vt 0.642857 1.000000
vt 0.607143 0.000000
vt 0.678571 1.000000
vt 0.642857 0.000000
vt 0.714286 1.000000
vt 0.678571 0.000000
vt 0.750000 1.000000
vt 0.785714 1.000000
vt 0.750000 0.000000
vt 0.821429 1.000000
vt 0.785714 0.000000
vt 0.857143 1.000000
vt 0.821429 0.000000
vt 0.892857 1.000000
vt 0.928571 1.000000
vt 0.892857 0.000000
vt 0.964286 1.000000
vt 0.928571 0.000000
vt 1.000000 1.000000
vt 0.964286 0.000000
vt 0.020833 1.000000
vt 0.041667 1.000000
vt 0.020833 0.000000
vt 0.062500 1.000000
vt 0.041667 0.000000
vt 0.083333 1.000000
vt 0.062500 0.000000
vt 0.104167 1.000000
vt 0.083333 0.000000
vt 0.125000 1.000000
vt 0.104167 0.000000
vt 0.145833 1.000000
vt 0.125000 0.000000
vt 0.166667 1.000000
vt 0.145833 0.000000
vt 0.187500 1.000000
vt 0.166667 0.000000
vt 0.208333 1.000000
vt 0.187500 0.000000
vt 0.229167 1.000000
vt 0.208333 0.000000
vt 0.229167 0.000000
vt 0.270833 1.000000
vt 0.291667 1.000000
vt 0.270833 0.000000
vt 0.312500 1.000000
vt 0.291667 0.000000
vt 0.333333 1.000000
vt 0.312500 0.000000
vt 0.354167 1.000000
vt 0.375000 1.000000
vt 0.354167 0.000000
vt 0.395833 1.000000
vt 0.375000 0.000000
vt 0.416667 1.000000
vt 0.395833 0.000000
vt 0.437500 1.000000
vt 0.416667 0.000000
vt 0.458333 1.000000
vt 0.437500 0.000000
vt 0.479167 1.000000
vt 0.458333 0.000000
vt 0.479167 0.000000
vt 0.520833 1.000000
vt 0.541667 1.000000
vt 0.520833 0.000000
vt 0.562500 1.000000
vt 0.541667 0.000000
vt 0.583333 1.000000
vt 0.562500 0.000000
vt 0.604167 1.000000
vt 0.583333 0.000000
vt 0.625000 1.000000
vt 0.604167 0.000000
vt 0.645833 1.000000
vt 0.625000 0.000000
vt 0.666667 1.000000
vt 0.645833 0.000000
vt 0.687500 1.000000
vt 0.708333 1.000000
vt 0.687500 0.000000
vt 0.729167 1.000000
vt 0.708333 0.000000
vt 0.729167 0.000000
vt 0.770833 1.000000
vt 0.791667 1.000000
vt 0.770833 0.000000
vt 0.812500 1.000000
vt 0.791667 0.000000
vt 0.833333 1.000000
vt 0.812500 0.000000
vt 0.854167 1.000000
vt 0.833333 0.000000
vt 0.875000 1.000000
vt 0.854167 0.000000
vt 0.895833 1.000000
vt 0.875000 0.000000
vt 0.916667 1.000000
vt 0.895833 0.000000
vt 0.937500 1.000000
vt 0.916667 0.000000
vt 0.958333 1.000000
vt 0.937500 0.000000
vt 0.979167 1.000000
vt 0.958333 0.000000
vt 0.979167 0.000000
vt 0.017857 1.000000
vt 0.017857 0.000000
vt 0.053571 1.000000
vt 0.053571 0.000000
vt 0.089286 1.000000
vt 0.089286 0.000000
vt 0.160714 1.000000
vt 0.160714 0.000000
vt 0.196429 1.000000
vt 0.196429 0.000000
vt 0.232143 1.000000
vt 0.232143 0.000000
vt 0.267857 1.000000
vt 0.267857 0.000000
vt 0.303571 1.000000
vt 0.303571 0.000000
vt 0.339286 1.000000
vt 0.339286 0.000000
vt 0.410714 1.000000
vt 0.410714 0.000000
vt 0.446429 1.000000
vt 0.446429 0.000000
vt 0.482143 1.000000
vt 0.482143 0.000000
vt 0.517857 1.000000
vt 0.517857 0.000000
vt 0.553571 1.000000
vt 0.553571 0.000000
vt 0.589286 1.000000
vt 0.589286 0.000000
vt 0.660714 1.000000
vt 0.660714 0.000000
vt 0.696429 1.000000
vt 0.696429 0.000000
vt 0.732143 1.000000
vt 0.732143 0.000000
vt 0.767857 1.000000
vt 0.767857 0.000000
vt 0.803571 1.000000
vt 0.803571 0.000000
vt 0.839286 1.000000
vt 0.839286 0.000000
vt 0.910714 1.000000
vt 0.910714 0.000000
vt 0.946429 1.000000
vt 0.946429 0.000000
vt 0.982143 1.000000
vt 0.982143 0.000000
vt 0.009346 1.000000
vt 0.018692 1.000000
vt 0.009346 0.000000
vt 0.028037 1.000000
vt 0.018692 0.000000
vt 0.037383 1.000000
vt 0.028037 0.000000
vt 0.046729 1.000000
vt 0.037383 0.000000
vt 0.056075 1.000000
vt 0.046729 0.000000
vt 0.065421 1.000000
vt 0.056075 0.000000
vt 0.074766 1.000000
vt 0.065421 0.000000
vt 0.084112 1.000000
vt 0.074766 0.000000
vt 0.093458 1.000000
vt 0.084112 0.000000
vt 0.102804 1.000000
vt 0.093458 0.000000
vt 0.112150 1.000000
vt 0.102804 0.000000
vt 0.121495 1.000000
vt 0.112150 0.000000
vt 0.130841 1.000000
vt 0.121495 0.000000
vt 0.140187 1.000000
vt 0.130841 0.000000
vt 0.149533 1.000000
vt 0.140187 0.000000
vt 0.158879 1.000000
vt 0.149533 0.000000
vt 0.168224 1.000000
vt 0.158879 0.000000
vt 0.177570 1.000000
vt 0.168224 0.000000
vt 0.186916 1.000000
vt 0.177570 0.000000
vt 0.196262 1.000000
vt 0.186916 0.000000
vt 0.205607 1.000000
vt 0.196262 0.000000
vt 0.214953 1.000000
vt 0.205607 0.000000
vt 0.224299 1.000000
vt 0.214953 0.000000
vt 0.233645 1.000000
vt 0.224299 0.000000
vt 0.242991 1.000000
vt 0.233645 0.000000
vt 0.252336 1.000000
vt 0.242991 0.000000
vt 0.261682 1.000000
vt 0.252336 0.000000
vt 0.271028 1.000000
vt 0.261682 0.000000
vt 0.280374 1.000000
vt 0.271028 0.000000
vt 0.289720 1.000000
vt 0.280374 0.000000
vt 0.299065 1.000000
vt 0.289720 0.000000
vt 0.308411 1.000000
vt 0.299065 0.000000
vt 0.317757 1.000000
vt 0.308411 0.000000
vt 0.327103 1.000000
vt 0.317757 0.000000
vt 0.336449 1.000000
vt 0.327103 0.000000
vt 0.345794 1.000000
vt 0.336449 0.000000
vt 0.355140 1.000000
vt 0.345794 0.000000
vt 0.364486 1.000000
vt 0.355140 0.000000
vt 0.373832 1.000000
vt 0.364486 0.000000
vt 0.383178 1.000000
vt 0.373832 0.000000
vt 0.392523 1.000000
vt 0.383178 0.000000
vt 0.401869 1.000000
vt 0.392523 0.000000
vt 0.411215 1.000000
vt 0.401869 0.000000
vt 0.420561 1.000000
vt 0.411215 0.000000
vt 0.429907 1.000000
vt 0.420561 0.000000
vt 0.439252 1.000000
vt 0.429907 0.000000
vt 0.448598 1.000000
vt 0.439252 0.000000
vt 0.457944 1.000000
vt 0.448598 0.000000
vt 0.467290 1.000000
vt 0.457944 0.000000
vt 0.476636 1.000000
vt 0.467290 0.000000
vt 0.485981 1.000000
vt 0.476636 0.000000
vt 0.495327 1.000000
vt 0.485981 0.000000
vt 0.504673 1.000000
vt 0.495327 0.000000
vt 0.514019 1.000000
vt 0.504673 0.000000
vt 0.523364 1.000000
vt 0.514019 0.000000
vt 0.532710 1.000000
vt 0.523364 0.000000
vt 0.542056 1.000000
vt 0.532710 0.000000
vt 0.551402 1.000000
vt 0.542056 0.000000
vt 0.560748 1.000000
vt 0.551402 0.000000
vt 0.570093 1.000000
vt 0.560748 0.000000
vt 0.579439 1.000000
vt 0.570093 0.000000
vt 0.588785 1.000000
vt 0.579439 0.000000
vt 0.598131 1.000000
vt 0.588785 0.000000
vt 0.607477 1.000000
vt 0.598131 0.000000
vt 0.616822 1.000000
vt 0.607477 0.000000
vt 0.626168 1.000000
vt 0.616822 0.000000
vt 0.635514 1.000000
vt 0.626168 0.000000
vt 0.644860 1.000000
vt 0.635514 0.000000
vt 0.654206 1.000000
vt 0.644860 0.000000
vt 0.663551 1.000000
vt 0.654206 0.000000
vt 0.672897 1.000000
vt 0.663551 0.000000
vt 0.682243 1.000000
vt 0.672897 0.000000
vt 0.691589 1.000000
vt 0.682243 0.000000
vt 0.700935 1.000000
vt 0.691589 0.000000
vt 0.710280 1.000000
vt 0.700935 0.000000
vt 0.719626 1.000000
vt 0.710280 0.000000
vt 0.728972 1.000000
vt 0.719626 0.000000
vt 0.738318 1.000000
vt 0.728972 0.000000
vt 0.747664 1.000000
vt 0.738318 0.000000
vt 0.757009 1.000000
vt 0.747664 0.000000
vt 0.766355 1.000000
vt 0.757009 0.000000
vt 0.775701 1.000000
vt 0.766355 0.000000
vt 0.785047 1.000000
vt 0.775701 0.000000
vt 0.794393 1.000000
vt 0.785047 0.000000
vt 0.803738 1.000000
vt 0.794393 0.000000
vt 0.813084 1.000000
vt 0.803738 0.000000
vt 0.822430 1.000000
vt 0.813084 0.000000
vt 0.831776 1.000000
vt 0.822430 0.000000
vt 0.841121 1.000000
vt 0.831776 0.000000
vt 0.850467 1.000000
vt 0.841121 0.000000
vt 0.859813 1.000000
vt 0.850467 0.000000
vt 0.869159 1.000000
vt 0.859813 0.000000
vt 0.878505 1.000000
vt 0.869159 0.000000
vt 0.887850 1.000000
vt 0.878505 0.000000
vt 0.897196 1.000000
vt 0.887850 0.000000
vt 0.906542 1.000000
vt 0.897196 0.000000
vt 0.915888 1.000000
vt 0.906542 0.000000
vt 0.925234 1.000000
vt 0.915888 0.000000
vt 0.934579 1.000000
vt 0.925234 0.000000
vt 0.943925 1.000000
vt 0.934579 0.000000
vt 0.953271 1.000000
vt 0.943925 0.000000
vt 0.962617 1.000000
vt 0.953271 0.000000
vt 0.971963 1.000000
vt 0.962617 0.000000
vt 0.981308 1.000000
vt 0.971963 0.000000
vt 0.990654 1.000000
vt 0.981308 0.000000
vt 0.990654 0.000000
vt 0.025000 1.000000
vt 0.050000 1.000000
vt 0.025000 0.000000
vt 0.075000 1.000000
vt 0.050000 0.000000
vt 0.100000 1.000000
vt 0.075000 0.000000
vt 0.100000 0.000000
vt 0.150000 1.000000
vt 0.175000 1.000000
vt 0.150000 0.000000
vt 0.200000 1.000000
vt 0.175000 0.000000
vt 0.225000 1.000000
vt 0.225000 0.000000
vt 0.275000 1.000000
vt 0.300000 1.000000
vt 0.275000 0.000000
vt 0.325000 1.000000
vt 0.300000 0.000000
vt 0.350000 1.000000
vt 0.325000 0.000000
vt 0.350000 0.000000
vt 0.400000 1.000000
vt 0.425000 1.000000
vt 0.450000 1.000000
vt 0.425000 0.000000
vt 0.475000 1.000000
vt 0.450000 0.000000
vt 0.475000 0.000000
vt 0.525000 1.000000
vt 0.550000 1.000000
vt 0.525000 0.000000
vt 0.575000 1.000000
vt 0.550000 0.000000
vt 0.600000 1.000000
vt 0.575000 0.000000
vt 0.650000 1.000000
vt 0.675000 1.000000
vt 0.650000 0.000000
vt 0.700000 1.000000
vt 0.675000 0.000000
vt 0.725000 1.000000
vt 0.700000 0.000000
vt 0.725000 0.000000
vt 0.775000 1.000000
vt 0.800000 1.000000
vt 0.775000 0.000000
vt 0.825000 1.000000
vt 0.850000 1.000000
vt 0.825000 0.000000
vt 0.850000 0.000000
vt 0.900000 1.000000
vt 0.925000 1.000000
vt 0.900000 0.000000
vt 0.950000 1.000000
vt 0.925000 0.000000
vt 0.975000 1.000000
vt 0.950000 0.000000
vt 0.975000 0.000000
vt 0.026316 1.000000
vt 0.052632 1.000000
vt 0.026316 0.000000
vt 0.078947 1.000000
vt 0.052632 0.000000
vt 0.105263 1.000000
vt 0.078947 0.000000
vt 0.131579 1.000000
vt 0.105263 0.000000
vt 0.157895 1.000000
vt 0.131579 0.000000
vt 0.184211 1.000000
vt 0.157895 0.000000
vt 0.210526 1.000000
vt 0.184211 0.000000
vt 0.236842 1.000000
vt 0.210526 0.000000
vt 0.263158 1.000000
vt 0.236842 0.000000
vt 0.289474 1.000000
vt 0.263158 0.000000
vt 0.315789 1.000000
vt 0.289474 0.000000
vt 0.342105 1.000000
vt 0.315789 0.000000
vt 0.368421 1.000000
vt 0.342105 0.000000
vt 0.394737 1.000000
vt 0.368421 0.000000
vt 0.421053 1.000000
vt 0.394737 0.000000
vt 0.447368 1.000000
vt 0.421053 0.000000
vt 0.473684 1.000000
vt 0.447368 0.000000
vt 0.473684 0.000000
vt 0.526316 1.000000
vt 0.552632 1.000000
vt 0.526316 0.000000
vt 0.578947 1.000000
vt 0.552632 0.000000
vt 0.605263 1.000000
vt 0.578947 0.000000
vt 0.631579 1.000000
vt 0.605263 0.000000
vt 0.657895 1.000000
vt 0.631579 0.000000
vt 0.684211 1.000000
vt 0.657895 0.000000
vt 0.710526 1.000000
vt 0.684211 0.000000
vt 0.736842 1.000000
vt 0.710526 0.000000
vt 0.763158 1.000000
vt 0.736842 0.000000
vt 0.789474 1.000000
vt 0.763158 0.000000
vt 0.815789 1.000000
vt 0.789474 0.000000
vt 0.842105 1.000000
vt 0.815789 0.000000
vt 0.868421 1.000000
vt 0.842105 0.000000
vt 0.894737 1.000000
vt 0.868421 0.000000
vt 0.921053 1.000000
vt 0.894737 0.000000
vt 0.947368 1.000000
vt 0.921053 0.000000
vt 0.973684 1.000000
vt 0.947368 0.000000
vt 0.973684 0.000000
s 0
usemtl マテリアル.001
f 2465/1696/656 2541/1697/656 2466/1698/656
f 2541/1697/656 2467/1699/656 2466/1698/656
f 2541/1697/656 2468/1700/656 2467/1699/656
f 2541/1697/656 2469/1701/656 2468/1700/656
f 2541/1697/656 2470/1702/656 2469/1701/656
f 2541/1697/656 2471/1703/656 2470/1702/656
f 2541/1697/656 2472/1704/656 2471/1703/656
f 2541/1697/656 2473/1705/656 2472/1704/656
f 2541/1697/656 2474/1706/656 2473/1705/656
f 2541/1697/657 2540/1707/657 2474/1706/657
f 2540/1707/656 2539/1708/656 2474/1706/656
f 2539/1708/656 2475/1709/656 2474/1706/656
f 2465/1696/656 2542/1710/656 2541/1697/656
f 2538/1711/656 2475/1709/656 2539/1708/656
f 2537/1712/656 2475/1709/656 2538/1711/656
f 2536/1713/656 2475/1709/656 2537/1712/656
f 2535/1714/656 2475/1709/656 2536/1713/656
f 2535/1714/656 2476/1715/656 2475/1709/656
f 2534/1716/656 2476/1715/656 2535/1714/656
f 2533/1717/656 2476/1715/656 2534/1716/656
f 2533/1717/656 2477/1718/656 2476/1715/656
f 2532/1719/656 2477/1718/656 2533/1717/656
f 2531/1720/656 2477/1718/656 2532/1719/656
f 2531/1720/656 2478/1721/656 2477/1718/656
f 2530/1722/656 2478/1721/656 2531/1720/656
f 2529/1723/656 2478/1721/656 2530/1722/656
f 2529/1723/656 2479/1724/656 2478/1721/656
f 2528/1725/656 2479/1724/656 2529/1723/656
f 2527/1726/656 2479/1724/656 2528/1725/656
f 2527/1726/656 2480/1727/656 2479/1724/656
f 2526/1728/656 2480/1727/656 2527/1726/656
f 2526/1728/656 2481/1729/656 2480/1727/656
f 2525/1730/656 2481/1729/656 2526/1728/656
f 2524/1731/656 2481/1729/656 2525/1730/656
f 2524/1731/656 2482/1732/656 2481/1729/656
f 2523/1733/656 2482/1732/656 2524/1731/656
f 2522/1734/656 2482/1732/656 2523/1733/656
f 2522/1734/656 2483/1735/656 2482/1732/656
f 2521/1736/656 2483/1735/656 2522/1734/656
f 2521/1736/656 2484/1737/656 2483/1735/656
f 2520/1738/656 2484/1737/656 2521/1736/656
f 2465/1696/656 2505/1739/656 2542/1710/656
f 2519/1740/656 2484/1737/656 2520/1738/656
f 2465/1696/656 2506/1741/656 2505/1739/656
f 2465/1696/656 2507/1742/656 2506/1741/656
f 2465/1696/656 2503/1743/656 2507/1742/656
f 2503/1743/656 2508/1744/656 2507/1742/656
f 2518/1745/656 2484/1737/656 2519/1740/656
f 2503/1743/656 2509/1746/656 2508/1744/656
f 2503/1743/656 2510/1747/656 2509/1746/656
f 2518/1745/656 2485/1748/656 2484/1737/656
f 2517/1749/656 2485/1748/656 2518/1745/656
f 2503/1743/656 2511/1750/656 2510/1747/656
f 2503/1743/656 2512/1751/656 2511/1750/656
f 2503/1743/656 2513/1752/656 2512/1751/656
f 2516/1753/656 2485/1748/656 2517/1749/656
f 2503/1743/656 2514/1754/656 2513/1752/656
f 2503/1743/656 2515/1755/656 2514/1754/656
f 2503/1743/656 2516/1753/656 2515/1755/656
f 2503/1743/656 2485/1748/656 2516/1753/656
f 2503/1743/656 2486/1756/656 2485/1748/656
f 2503/1743/656 2487/1757/656 2486/1756/656
f 2503/1743/656 2488/1758/656 2487/1757/656
f 2465/1696/656 2504/1759/656 2503/1743/656
f 2502/1760/656 2488/1758/656 2503/1743/656
f 2502/1760/656 2489/1761/656 2488/1758/656
f 2501/1762/656 2489/1761/656 2502/1760/656
f 2500/1763/656 2489/1761/656 2501/1762/656
f 2499/1764/656 2489/1761/656 2500/1763/656
f 2498/1765/656 2489/1761/656 2499/1764/656
f 2498/1765/656 2490/1766/656 2489/1761/656
f 2497/1767/656 2490/1766/656 2498/1765/656
f 2496/1768/656 2490/1766/656 2497/1767/656
f 2495/1769/656 2490/1766/656 2496/1768/656
f 2494/1770/656 2490/1766/656 2495/1769/656
f 2494/1770/656 2491/1771/656 2490/1766/656
f 2493/1772/656 2491/1771/656 2494/1770/656
f 2492/1773/656 2491/1771/656 2493/1772/656
f 2554/1774/656 2556/1775/656 2555/1776/656
f 2578/1777/656 2580/1778/656 2579/1779/656
f 2553/1780/656 2556/1775/656 2554/1774/656
f 2553/1780/656 2557/1781/656 2556/1775/656
f 2577/1782/656 2580/1778/656 2578/1777/656
f 2577/1782/656 2581/1783/656 2580/1778/656
f 2552/1784/656 2557/1781/656 2553/1780/656
f 2552/1784/656 2558/1785/656 2557/1781/656
f 2576/1786/656 2581/1783/656 2577/1782/656
f 2551/1787/656 2558/1785/656 2552/1784/656
f 2551/1787/656 2559/1788/656 2558/1785/656
f 2576/1786/656 2582/1789/656 2581/1783/656
f 2575/1790/656 2582/1789/656 2576/1786/656
f 2550/1791/656 2559/1788/656 2551/1787/656
f 2647/1792/656 2649/1710/656 2648/1793/656
f 2647/1792/656 2543/1696/656 2649/1710/656
f 2550/1791/656 2560/1794/656 2559/1788/656
f 2574/1795/656 2582/1789/656 2575/1790/656
f 2549/1796/656 2560/1794/656 2550/1791/656
f 2574/1795/656 2583/1797/656 2582/1789/656
f 2549/1796/656 2561/1798/656 2560/1794/656
f 2548/1799/656 2561/1798/656 2549/1796/656
f 2573/1800/656 2583/1797/656 2574/1795/656
f 2548/1799/656 2562/1801/656 2561/1798/656
f 2573/1800/656 2584/1802/656 2583/1797/656
f 2547/1803/656 2562/1801/656 2548/1799/656
f 2572/1804/656 2584/1802/656 2573/1800/656
f 2547/1803/656 2563/1805/656 2562/1801/656
f 2546/1806/656 2563/1805/656 2547/1803/656
f 2571/1807/656 2584/1802/656 2572/1804/656
f 2571/1807/656 2585/1808/656 2584/1802/656
f 2546/1806/656 2564/1809/656 2563/1805/656
f 2545/1810/656 2564/1809/656 2546/1806/656
f 2570/1811/656 2585/1808/656 2571/1807/656
f 2545/1810/656 2565/1812/656 2564/1809/656
f 2544/1813/656 2565/1812/656 2545/1810/656
f 2570/1811/656 2586/1814/656 2585/1808/656
f 2569/1815/656 2586/1814/656 2570/1811/656
f 2544/1813/656 2566/1816/656 2565/1812/656
f 2543/1696/656 2566/1816/656 2544/1813/656
f 2568/1817/656 2586/1814/656 2569/1815/656
f 2568/1817/656 2606/1818/656 2586/1814/656
f 2606/1818/656 2587/1819/656 2586/1814/656
f 2647/1792/656 2645/1820/656 2543/1696/656
f 2645/1820/656 2644/1821/656 2543/1696/656
f 2644/1821/656 2643/1822/656 2543/1696/656
f 2643/1822/656 2642/1823/656 2543/1696/656
f 2642/1823/656 2641/1824/656 2543/1696/656
f 2641/1824/656 2640/1825/656 2543/1696/656
f 2640/1825/656 2639/1826/656 2543/1696/656
f 2639/1826/656 2638/1827/656 2543/1696/656
f 2638/1827/656 2637/1828/656 2543/1696/656
f 2637/1828/656 2636/1829/656 2543/1696/656
f 2636/1829/656 2635/1830/656 2543/1696/656
f 2635/1830/656 2634/1831/656 2543/1696/656
f 2634/1831/656 2566/1816/656 2543/1696/656
f 2634/1831/656 2633/1832/656 2566/1816/656
f 2633/1832/656 2567/1833/656 2566/1816/656
f 2567/1833/656 2607/1834/656 2568/1817/656
f 2607/1834/656 2606/1818/656 2568/1817/656
f 2632/1835/656 2567/1833/656 2633/1832/656
f 2605/1836/656 2587/1819/656 2606/1818/656
f 2567/1833/656 2608/1837/656 2607/1834/656
f 2631/1838/656 2567/1833/656 2632/1835/656
f 2604/1839/656 2587/1819/656 2605/1836/656
f 2567/1833/656 2609/1840/656 2608/1837/656
f 2630/1841/656 2567/1833/656 2631/1838/656
f 2603/1842/656 2587/1819/656 2604/1839/656
f 2567/1833/656 2610/1843/656 2609/1840/656
f 2629/1844/656 2567/1833/656 2630/1841/656
f 2629/1844/656 2610/1843/656 2567/1833/656
f 2602/1845/656 2587/1819/656 2603/1842/656
f 2629/1844/656 2611/1846/656 2610/1843/656
f 2602/1845/656 2588/1847/656 2587/1819/656
f 2628/1848/656 2611/1846/656 2629/1844/656
f 2628/1848/656 2612/1849/656 2611/1846/656
f 2601/1850/656 2588/1847/656 2602/1845/656
f 2628/1848/656 2613/1851/656 2612/1849/656
f 2627/1852/656 2613/1851/656 2628/1848/656
f 2600/1853/656 2588/1847/656 2601/1850/656
f 2627/1852/656 2614/1854/656 2613/1851/656
f 2626/1855/656 2614/1854/656 2627/1852/656
f 2599/1856/656 2588/1847/656 2600/1853/656
f 2626/1855/656 2615/1857/656 2614/1854/656
f 2599/1856/656 2589/1858/656 2588/1847/656
f 2625/1859/656 2615/1857/656 2626/1855/656
f 2625/1859/656 2616/1860/656 2615/1857/656
f 2598/1861/656 2589/1858/656 2599/1856/656
f 2625/1859/656 2617/1862/656 2616/1860/656
f 2624/1863/656 2617/1862/656 2625/1859/656
f 2597/1864/656 2589/1858/656 2598/1861/656
f 2624/1863/656 2618/1865/656 2617/1862/656
f 2597/1864/656 2590/1866/656 2589/1858/656
f 2623/1867/656 2618/1865/656 2624/1863/656
f 2647/1792/656 2646/1868/656 2645/1820/656
f 2623/1867/656 2619/1869/656 2618/1865/656
f 2596/1870/656 2590/1866/656 2597/1864/656
f 2622/1871/656 2619/1869/656 2623/1867/656
f 2595/1872/656 2590/1866/656 2596/1870/656
f 2595/1872/656 2591/1873/656 2590/1866/656
f 2621/1874/656 2619/1869/656 2622/1871/656
f 2594/1875/656 2591/1873/656 2595/1872/656
f 2594/1875/656 2592/1876/656 2591/1873/656
f 2620/1877/656 2619/1869/656 2621/1874/656
f 2593/1878/656 2592/1876/656 2594/1875/656
f 2674/1879/656 2676/1880/656 2675/1763/656
f 2674/1879/656 2677/1881/656 2676/1880/656
f 2701/1882/656 2703/1883/656 2702/1884/656
f 2701/1882/656 2704/1885/656 2703/1883/656
f 2673/1886/656 2677/1881/656 2674/1879/656
f 2673/1886/656 2678/1887/656 2677/1881/656
f 2673/1886/656 2679/1888/656 2678/1887/656
f 2672/1889/656 2679/1888/656 2673/1886/656
f 2672/1889/656 2680/1742/656 2679/1888/656
f 2700/1714/656 2704/1885/656 2701/1882/656
f 2672/1889/656 2681/1890/656 2680/1742/656
f 2699/1891/656 2704/1885/656 2700/1714/656
f 2671/1892/656 2681/1890/656 2672/1889/656
f 2671/1892/656 2682/1893/656 2681/1890/656
f 2698/1894/656 2704/1885/656 2699/1891/656
f 2697/1895/656 2704/1885/656 2698/1894/656
f 2671/1892/656 2683/1896/656 2682/1893/656
f 2670/1772/656 2683/1896/656 2671/1892/656
f 2696/1897/656 2704/1885/656 2697/1895/656
f 2670/1772/656 2684/1898/656 2683/1896/656
f 2695/1725/656 2650/1696/656 2696/1897/656
f 2650/1696/656 2704/1885/656 2696/1897/656
f 2670/1772/656 2685/1754/656 2684/1898/656
f 2694/1899/656 2650/1696/656 2695/1725/656
f 2670/1772/656 2686/1900/656 2685/1754/656
f 2693/1901/656 2650/1696/656 2694/1899/656
f 2669/1902/656 2686/1900/656 2670/1772/656
f 2692/1903/656 2650/1696/656 2693/1901/656
f 2669/1902/656 2687/1904/656 2686/1900/656
f 2691/1905/656 2650/1696/656 2692/1903/656
f 2669/1902/656 2688/1906/656 2687/1904/656
f 2690/1736/656 2650/1696/656 2691/1905/656
f 2669/1902/656 2689/1907/656 2688/1906/656
f 2689/1907/656 2650/1696/656 2690/1736/656
f 2669/1902/656 2650/1696/656 2689/1907/656
f 2669/1902/656 2651/1908/656 2650/1696/656
f 2705/1710/656 2704/1885/656 2650/1696/656
f 2668/1909/656 2651/1908/656 2669/1902/656
f 2668/1909/656 2652/1910/656 2651/1908/656
f 2668/1909/656 2653/1911/656 2652/1910/656
f 2667/1912/656 2653/1911/656 2668/1909/656
f 2667/1912/656 2654/1913/656 2653/1911/656
f 2666/1914/656 2654/1913/656 2667/1912/656
f 2666/1914/656 2655/1704/656 2654/1913/656
f 2666/1914/656 2656/1915/656 2655/1704/656
f 2665/1756/656 2656/1915/656 2666/1914/656
f 2665/1756/656 2657/1916/656 2656/1915/656
f 2665/1756/656 2658/1917/656 2657/1916/656
f 2664/1918/656 2658/1917/656 2665/1756/656
f 2664/1918/656 2659/1919/656 2658/1917/656
f 2663/1920/656 2659/1919/656 2664/1918/656
f 2663/1920/656 2660/1724/656 2659/1919/656
f 2663/1920/656 2661/1921/656 2660/1724/656
f 2662/1922/656 2661/1921/656 2663/1920/656
f 2778/1923/656 2780/1924/656 2779/1925/656
f 2778/1923/656 2781/1710/656 2780/1924/656
f 2778/1923/656 2754/1926/656 2781/1710/656
f 2777/1927/656 2754/1926/656 2778/1923/656
f 2776/1928/656 2754/1926/656 2777/1927/656
f 2776/1928/656 2755/1929/656 2754/1926/656
f 2775/1930/656 2755/1929/656 2776/1928/656
f 2774/1931/656 2755/1929/656 2775/1930/656
f 2774/1931/656 2756/1932/656 2755/1929/656
f 2773/1933/656 2756/1932/656 2774/1931/656
f 2772/1934/656 2756/1932/656 2773/1933/656
f 2772/1934/656 2757/1935/656 2756/1932/656
f 2771/1936/656 2757/1935/656 2772/1934/656
f 2770/1937/656 2757/1935/656 2771/1936/656
f 2770/1937/656 2758/1938/656 2757/1935/656
f 2769/1939/656 2758/1938/656 2770/1937/656
f 2768/1940/656 2758/1938/656 2769/1939/656
f 2768/1940/656 2759/1941/656 2758/1938/656
f 2767/1942/656 2759/1941/656 2768/1940/656
f 2766/1899/656 2759/1941/656 2767/1942/656
f 2765/1943/656 2759/1941/656 2766/1899/656
f 2765/1943/656 2760/1944/656 2759/1941/656
f 2765/1943/656 2761/1945/656 2760/1944/656
f 2765/1943/656 2762/1946/656 2761/1945/656
f 2765/1943/656 2763/1947/656 2762/1946/656
f 2765/1943/656 2764/1948/656 2763/1947/656
f 2728/1949/656 2730/1950/656 2729/1951/656
f 2727/1952/656 2730/1950/656 2728/1949/656
f 2727/1952/656 2731/1953/656 2730/1950/656
f 2726/1954/656 2731/1953/656 2727/1952/656
f 2726/1954/656 2732/1955/656 2731/1953/656
f 2725/1956/656 2732/1955/656 2726/1954/656
f 2725/1956/656 2733/1957/656 2732/1955/656
f 2724/1958/656 2733/1957/656 2725/1956/656
f 2724/1958/656 2734/1959/656 2733/1957/656
f 2723/1960/656 2734/1959/656 2724/1958/656
f 2723/1960/656 2735/1961/656 2734/1959/656
f 2722/1962/656 2735/1961/656 2723/1960/656
f 2722/1962/656 2736/1889/656 2735/1961/656
f 2721/1921/656 2736/1889/656 2722/1962/656
f 2721/1921/656 2737/1963/656 2736/1889/656
f 2720/1964/656 2737/1963/656 2721/1921/656
f 2720/1964/656 2738/1965/656 2737/1963/656
f 2719/1966/656 2738/1965/656 2720/1964/656
f 2719/1966/656 2739/1967/656 2738/1965/656
f 2718/1968/656 2739/1967/656 2719/1966/656
f 2718/1968/656 2740/1969/656 2739/1967/656
f 2717/1970/656 2740/1969/656 2718/1968/656
f 2717/1970/656 2741/1971/656 2740/1969/656
f 2716/1972/656 2741/1971/656 2717/1970/656
f 2716/1972/656 2742/1973/656 2741/1971/656
f 2715/1974/656 2742/1973/656 2716/1972/656
f 2715/1974/656 2743/1975/656 2742/1973/656
f 2714/1976/656 2743/1975/656 2715/1974/656
f 2714/1976/656 2744/1977/656 2743/1975/656
f 2713/1978/656 2744/1977/656 2714/1976/656
f 2713/1978/656 2745/1979/656 2744/1977/656
f 2712/1980/656 2745/1979/656 2713/1978/656
f 2712/1980/656 2746/1981/656 2745/1979/656
f 2711/1982/656 2746/1981/656 2712/1980/656
f 2711/1982/656 2747/1983/656 2746/1981/656
f 2710/1984/656 2747/1983/656 2711/1982/656
f 2710/1984/656 2748/1985/656 2747/1983/656
f 2709/1986/656 2748/1985/656 2710/1984/656
f 2709/1986/656 2749/1987/656 2748/1985/656
f 2708/1988/656 2749/1987/656 2709/1986/656
f 2708/1988/656 2750/1989/656 2749/1987/656
f 2707/1990/656 2750/1989/656 2708/1988/656
f 2707/1990/656 2751/1896/656 2750/1989/656
f 2706/1696/656 2751/1896/656 2707/1990/656
f 2706/1696/656 2752/1991/656 2751/1896/656
f 2753/1992/656 2752/1991/656 2706/1696/656
f 2782/1696/658 2783/1698/658 2858/1697/658
f 2858/1697/658 2783/1698/658 2784/1699/658
f 2858/1697/658 2784/1699/658 2785/1700/658
f 2858/1697/658 2785/1700/658 2786/1701/658
f 2858/1697/658 2786/1701/658 2787/1702/658
f 2858/1697/658 2787/1702/658 2788/1703/658
f 2858/1697/658 2788/1703/658 2789/1704/658
f 2858/1697/658 2789/1704/658 2790/1705/658
f 2858/1697/658 2790/1705/658 2791/1706/658
f 2858/1697/659 2791/1706/659 2857/1707/659
f 2857/1707/658 2791/1706/658 2856/1708/658
f 2856/1708/658 2791/1706/658 2792/1709/658
f 2782/1696/658 2858/1697/658 2859/1710/658
f 2855/1711/658 2856/1708/658 2792/1709/658
f 2854/1712/658 2855/1711/658 2792/1709/658
f 2853/1713/658 2854/1712/658 2792/1709/658
f 2852/1714/658 2853/1713/658 2792/1709/658
f 2852/1714/658 2792/1709/658 2793/1715/658
f 2851/1716/658 2852/1714/658 2793/1715/658
f 2850/1717/658 2851/1716/658 2793/1715/658
f 2850/1717/658 2793/1715/658 2794/1718/658
f 2849/1719/658 2850/1717/658 2794/1718/658
f 2848/1720/658 2849/1719/658 2794/1718/658
f 2848/1720/658 2794/1718/658 2795/1721/658
f 2847/1722/658 2848/1720/658 2795/1721/658
f 2846/1723/658 2847/1722/658 2795/1721/658
f 2846/1723/658 2795/1721/658 2796/1724/658
f 2845/1725/658 2846/1723/658 2796/1724/658
f 2844/1726/658 2845/1725/658 2796/1724/658
f 2844/1726/658 2796/1724/658 2797/1727/658
f 2843/1728/658 2844/1726/658 2797/1727/658
f 2843/1728/658 2797/1727/658 2798/1729/658
f 2842/1730/658 2843/1728/658 2798/1729/658
f 2841/1731/658 2842/1730/658 2798/1729/658
f 2841/1731/658 2798/1729/658 2799/1732/658
f 2840/1733/658 2841/1731/658 2799/1732/658
f 2839/1734/658 2840/1733/658 2799/1732/658
f 2839/1734/658 2799/1732/658 2800/1735/658
f 2838/1736/658 2839/1734/658 2800/1735/658
f 2838/1736/658 2800/1735/658 2801/1737/658
f 2837/1738/658 2838/1736/658 2801/1737/658
f 2782/1696/658 2859/1710/658 2822/1739/658
f 2836/1740/658 2837/1738/658 2801/1737/658
f 2782/1696/658 2822/1739/658 2823/1741/658
f 2782/1696/658 2823/1741/658 2824/1742/658
f 2782/1696/658 2824/1742/658 2820/1743/658
f 2820/1743/658 2824/1742/658 2825/1744/658
f 2835/1745/658 2836/1740/658 2801/1737/658
f 2820/1743/658 2825/1744/658 2826/1746/658
f 2820/1743/658 2826/1746/658 2827/1747/658
f 2835/1745/658 2801/1737/658 2802/1748/658
f 2834/1749/658 2835/1745/658 2802/1748/658
f 2820/1743/658 2827/1747/658 2828/1750/658
f 2820/1743/658 2828/1750/658 2829/1751/658
f 2820/1743/658 2829/1751/658 2830/1752/658
f 2833/1753/658 2834/1749/658 2802/1748/658
f 2820/1743/658 2830/1752/658 2831/1754/658
f 2820/1743/658 2831/1754/658 2832/1755/658
f 2820/1743/658 2832/1755/658 2833/1753/658
f 2820/1743/658 2833/1753/658 2802/1748/658
f 2820/1743/658 2802/1748/658 2803/1756/658
f 2820/1743/658 2803/1756/658 2804/1757/658
f 2820/1743/658 2804/1757/658 2805/1758/658
f 2782/1696/658 2820/1743/658 2821/1759/658
f 2819/1760/658 2820/1743/658 2805/1758/658
f 2819/1760/658 2805/1758/658 2806/1761/658
f 2818/1762/658 2819/1760/658 2806/1761/658
f 2817/1763/658 2818/1762/658 2806/1761/658
f 2816/1764/658 2817/1763/658 2806/1761/658
f 2815/1765/658 2816/1764/658 2806/1761/658
f 2815/1765/658 2806/1761/658 2807/1766/658
f 2814/1767/658 2815/1765/658 2807/1766/658
f 2813/1768/658 2814/1767/658 2807/1766/658
f 2812/1769/658 2813/1768/658 2807/1766/658
f 2811/1770/658 2812/1769/658 2807/1766/658
f 2811/1770/658 2807/1766/658 2808/1771/658
f 2810/1772/658 2811/1770/658 2808/1771/658
f 2809/1773/658 2810/1772/658 2808/1771/658
f 2871/1774/658 2872/1776/658 2873/1775/658
f 2895/1777/658 2896/1779/658 2897/1778/658
f 2870/1780/658 2871/1774/658 2873/1775/658
f 2870/1780/658 2873/1775/658 2874/1781/658
f 2894/1782/658 2895/1777/658 2897/1778/658
f 2894/1782/658 2897/1778/658 2898/1783/658
f 2869/1784/658 2870/1780/658 2874/1781/658
f 2869/1784/658 2874/1781/658 2875/1785/658
f 2893/1786/658 2894/1782/658 2898/1783/658
f 2868/1787/658 2869/1784/658 2875/1785/658
f 2868/1787/658 2875/1785/658 2876/1788/658
f 2893/1786/658 2898/1783/658 2899/1789/658
f 2892/1790/658 2893/1786/658 2899/1789/658
f 2867/1791/658 2868/1787/658 2876/1788/658
f 2964/1792/658 2965/1793/658 2966/1710/658
f 2964/1792/658 2966/1710/658 2860/1696/658
f 2867/1791/658 2876/1788/658 2877/1794/658
f 2891/1795/658 2892/1790/658 2899/1789/658
f 2866/1796/658 2867/1791/658 2877/1794/658
f 2891/1795/658 2899/1789/658 2900/1797/658
f 2866/1796/658 2877/1794/658 2878/1798/658
f 2865/1799/658 2866/1796/658 2878/1798/658
f 2890/1800/658 2891/1795/658 2900/1797/658
f 2865/1799/658 2878/1798/658 2879/1801/658
f 2890/1800/658 2900/1797/658 2901/1802/658
f 2864/1803/658 2865/1799/658 2879/1801/658
f 2889/1804/658 2890/1800/658 2901/1802/658
f 2864/1803/658 2879/1801/658 2880/1805/658
f 2863/1806/658 2864/1803/658 2880/1805/658
f 2888/1807/658 2889/1804/658 2901/1802/658
f 2888/1807/658 2901/1802/658 2902/1808/658
f 2863/1806/658 2880/1805/658 2881/1809/658
f 2862/1810/658 2863/1806/658 2881/1809/658
f 2887/1811/658 2888/1807/658 2902/1808/658
f 2862/1810/658 2881/1809/658 2882/1812/658
f 2861/1813/658 2862/1810/658 2882/1812/658
f 2887/1811/658 2902/1808/658 2903/1814/658
f 2886/1815/658 2887/1811/658 2903/1814/658
f 2861/1813/658 2882/1812/658 2883/1816/658
f 2860/1696/658 2861/1813/658 2883/1816/658
f 2885/1817/658 2886/1815/658 2903/1814/658
f 2885/1817/658 2903/1814/658 2923/1818/658
f 2923/1818/658 2903/1814/658 2904/1819/658
f 2964/1792/658 2860/1696/658 2962/1820/658
f 2962/1820/658 2860/1696/658 2961/1821/658
f 2961/1821/658 2860/1696/658 2960/1822/658
f 2960/1822/658 2860/1696/658 2959/1823/658
f 2959/1823/658 2860/1696/658 2958/1824/658
f 2958/1824/658 2860/1696/658 2957/1825/658
f 2957/1825/658 2860/1696/658 2956/1826/658
f 2956/1826/658 2860/1696/658 2955/1827/658
f 2955/1827/658 2860/1696/658 2954/1828/658
f 2954/1828/658 2860/1696/658 2953/1829/658
f 2953/1829/658 2860/1696/658 2952/1830/658
f 2952/1830/658 2860/1696/658 2951/1831/658
f 2951/1831/658 2860/1696/658 2883/1816/658
f 2951/1831/658 2883/1816/658 2950/1832/658
f 2950/1832/658 2883/1816/658 2884/1833/658
f 2884/1833/658 2885/1817/658 2924/1834/658
f 2924/1834/658 2885/1817/658 2923/1818/658
f 2949/1835/658 2950/1832/658 2884/1833/658
f 2922/1836/658 2923/1818/658 2904/1819/658
f 2884/1833/658 2924/1834/658 2925/1837/658
f 2948/1838/658 2949/1835/658 2884/1833/658
f 2921/1839/658 2922/1836/658 2904/1819/658
f 2884/1833/658 2925/1837/658 2926/1840/658
f 2947/1841/658 2948/1838/658 2884/1833/658
f 2920/1842/658 2921/1839/658 2904/1819/658
f 2884/1833/658 2926/1840/658 2927/1843/658
f 2946/1844/658 2947/1841/658 2884/1833/658
f 2946/1844/658 2884/1833/658 2927/1843/658
f 2919/1845/658 2920/1842/658 2904/1819/658
f 2946/1844/658 2927/1843/658 2928/1846/658
f 2919/1845/658 2904/1819/658 2905/1847/658
f 2945/1848/658 2946/1844/658 2928/1846/658
f 2945/1848/658 2928/1846/658 2929/1849/658
f 2918/1850/658 2919/1845/658 2905/1847/658
f 2945/1848/658 2929/1849/658 2930/1851/658
f 2944/1852/658 2945/1848/658 2930/1851/658
f 2917/1853/658 2918/1850/658 2905/1847/658
f 2944/1852/658 2930/1851/658 2931/1854/658
f 2943/1855/658 2944/1852/658 2931/1854/658
f 2916/1856/658 2917/1853/658 2905/1847/658
f 2943/1855/658 2931/1854/658 2932/1857/658
f 2916/1856/658 2905/1847/658 2906/1858/658
f 2942/1859/658 2943/1855/658 2932/1857/658
f 2942/1859/658 2932/1857/658 2933/1860/658
f 2915/1861/658 2916/1856/658 2906/1858/658
f 2942/1859/658 2933/1860/658 2934/1862/658
f 2941/1863/658 2942/1859/658 2934/1862/658
f 2914/1864/658 2915/1861/658 2906/1858/658
f 2941/1863/658 2934/1862/658 2935/1865/658
f 2914/1864/658 2906/1858/658 2907/1866/658
f 2940/1867/658 2941/1863/658 2935/1865/658
f 2964/1792/658 2962/1820/658 2963/1868/658
f 2940/1867/658 2935/1865/658 2936/1869/658
f 2913/1870/658 2914/1864/658 2907/1866/658
f 2939/1871/658 2940/1867/658 2936/1869/658
f 2912/1872/658 2913/1870/658 2907/1866/658
f 2912/1872/658 2907/1866/658 2908/1873/658
f 2938/1874/658 2939/1871/658 2936/1869/658
f 2911/1875/658 2912/1872/658 2908/1873/658
f 2911/1875/658 2908/1873/658 2909/1876/658
f 2937/1877/658 2938/1874/658 2936/1869/658
f 2910/1878/658 2911/1875/658 2909/1876/658
f 2991/1879/658 2992/1763/658 2993/1880/658
f 2991/1879/658 2993/1880/658 2994/1881/658
f 3018/1882/658 3019/1884/658 3020/1883/658
f 3018/1882/658 3020/1883/658 3021/1885/658
f 2990/1886/658 2991/1879/658 2994/1881/658
f 2990/1886/658 2994/1881/658 2995/1887/658
f 2990/1886/658 2995/1887/658 2996/1888/658
f 2989/1889/658 2990/1886/658 2996/1888/658
f 2989/1889/658 2996/1888/658 2997/1742/658
f 3017/1714/658 3018/1882/658 3021/1885/658
f 2989/1889/658 2997/1742/658 2998/1890/658
f 3016/1891/658 3017/1714/658 3021/1885/658
f 2988/1892/658 2989/1889/658 2998/1890/658
f 2988/1892/658 2998/1890/658 2999/1893/658
f 3015/1894/658 3016/1891/658 3021/1885/658
f 3014/1895/658 3015/1894/658 3021/1885/658
f 2988/1892/658 2999/1893/658 3000/1896/658
f 2987/1772/658 2988/1892/658 3000/1896/658
f 3013/1897/658 3014/1895/658 3021/1885/658
f 2987/1772/658 3000/1896/658 3001/1898/658
f 3012/1725/658 3013/1897/658 2967/1696/658
f 2967/1696/658 3013/1897/658 3021/1885/658
f 2987/1772/658 3001/1898/658 3002/1754/658
f 3011/1899/658 3012/1725/658 2967/1696/658
f 2987/1772/658 3002/1754/658 3003/1900/658
f 3010/1901/658 3011/1899/658 2967/1696/658
f 2986/1902/658 2987/1772/658 3003/1900/658
f 3009/1903/658 3010/1901/658 2967/1696/658
f 2986/1902/658 3003/1900/658 3004/1904/658
f 3008/1905/658 3009/1903/658 2967/1696/658
f 2986/1902/658 3004/1904/658 3005/1906/658
f 3007/1736/658 3008/1905/658 2967/1696/658
f 2986/1902/658 3005/1906/658 3006/1907/658
f 3006/1907/658 3007/1736/658 2967/1696/658
f 2986/1902/658 3006/1907/658 2967/1696/658
f 2986/1902/658 2967/1696/658 2968/1908/658
f 3022/1710/658 2967/1696/658 3021/1885/658
f 2985/1909/658 2986/1902/658 2968/1908/658
f 2985/1909/658 2968/1908/658 2969/1910/658
f 2985/1909/658 2969/1910/658 2970/1911/658
f 2984/1912/658 2985/1909/658 2970/1911/658
f 2984/1912/658 2970/1911/658 2971/1913/658
f 2983/1914/658 2984/1912/658 2971/1913/658
f 2983/1914/658 2971/1913/658 2972/1704/658
f 2983/1914/658 2972/1704/658 2973/1915/658
f 2982/1756/658 2983/1914/658 2973/1915/658
f 2982/1756/658 2973/1915/658 2974/1916/658
f 2982/1756/658 2974/1916/658 2975/1917/658
f 2981/1918/658 2982/1756/658 2975/1917/658
f 2981/1918/658 2975/1917/658 2976/1919/658
f 2980/1920/658 2981/1918/658 2976/1919/658
f 2980/1920/658 2976/1919/658 2977/1724/658
f 2980/1920/658 2977/1724/658 2978/1921/658
f 2979/1922/658 2980/1920/658 2978/1921/658
f 3095/1923/658 3096/1925/658 3097/1924/658
f 3095/1923/658 3097/1924/658 3098/1710/658
f 3095/1923/658 3098/1710/658 3071/1926/658
f 3094/1927/658 3095/1923/658 3071/1926/658
f 3093/1928/658 3094/1927/658 3071/1926/658
f 3093/1928/658 3071/1926/658 3072/1929/658
f 3092/1930/658 3093/1928/658 3072/1929/658
f 3091/1931/658 3092/1930/658 3072/1929/658
f 3091/1931/658 3072/1929/658 3073/1932/658
f 3090/1933/658 3091/1931/658 3073/1932/658
f 3089/1934/658 3090/1933/658 3073/1932/658
f 3089/1934/658 3073/1932/658 3074/1935/658
f 3088/1936/658 3089/1934/658 3074/1935/658
f 3087/1937/658 3088/1936/658 3074/1935/658
f 3087/1937/658 3074/1935/658 3075/1938/658
f 3086/1939/658 3087/1937/658 3075/1938/658
f 3085/1940/658 3086/1939/658 3075/1938/658
f 3085/1940/658 3075/1938/658 3076/1941/658
f 3084/1942/658 3085/1940/658 3076/1941/658
f 3083/1899/658 3084/1942/658 3076/1941/658
f 3082/1943/658 3083/1899/658 3076/1941/658
f 3082/1943/658 3076/1941/658 3077/1944/658
f 3082/1943/658 3077/1944/658 3078/1945/658
f 3082/1943/658 3078/1945/658 3079/1946/658
f 3082/1943/658 3079/1946/658 3080/1947/658
f 3082/1943/658 3080/1947/658 3081/1948/658
f 3045/1949/658 3046/1951/658 3047/1950/658
f 3044/1952/658 3045/1949/658 3047/1950/658
f 3044/1952/658 3047/1950/658 3048/1953/658
f 3043/1954/658 3044/1952/658 3048/1953/658
f 3043/1954/658 3048/1953/658 3049/1955/658
f 3042/1956/658 3043/1954/658 3049/1955/658
f 3042/1956/658 3049/1955/658 3050/1957/658
f 3041/1958/658 3042/1956/658 3050/1957/658
f 3041/1958/658 3050/1957/658 3051/1959/658
f 3040/1960/658 3041/1958/658 3051/1959/658
f 3040/1960/658 3051/1959/658 3052/1961/658
f 3039/1962/658 3040/1960/658 3052/1961/658
f 3039/1962/658 3052/1961/658 3053/1889/658
f 3038/1921/658 3039/1962/658 3053/1889/658
f 3038/1921/658 3053/1889/658 3054/1963/658
f 3037/1964/658 3038/1921/658 3054/1963/658
f 3037/1964/658 3054/1963/658 3055/1965/658
f 3036/1966/658 3037/1964/658 3055/1965/658
f 3036/1966/658 3055/1965/658 3056/1967/658
f 3035/1968/658 3036/1966/658 3056/1967/658
f 3035/1968/658 3056/1967/658 3057/1969/658
f 3034/1970/658 3035/1968/658 3057/1969/658
f 3034/1970/658 3057/1969/658 3058/1971/658
f 3033/1972/658 3034/1970/658 3058/1971/658
f 3033/1972/658 3058/1971/658 3059/1973/658
f 3032/1974/658 3033/1972/658 3059/1973/658
f 3032/1974/658 3059/1973/658 3060/1975/658
f 3031/1976/658 3032/1974/658 3060/1975/658
f 3031/1976/658 3060/1975/658 3061/1977/658
f 3030/1978/658 3031/1976/658 3061/1977/658
f 3030/1978/658 3061/1977/658 3062/1979/658
f 3029/1980/658 3030/1978/658 3062/1979/658
f 3029/1980/658 3062/1979/658 3063/1981/658
f 3028/1982/658 3029/1980/658 3063/1981/658
f 3028/1982/658 3063/1981/658 3064/1983/658
f 3027/1984/658 3028/1982/658 3064/1983/658
f 3027/1984/658 3064/1983/658 3065/1985/658
f 3026/1986/658 3027/1984/658 3065/1985/658
f 3026/1986/658 3065/1985/658 3066/1987/658
f 3025/1988/658 3026/1986/658 3066/1987/658
f 3025/1988/658 3066/1987/658 3067/1989/658
f 3024/1990/658 3025/1988/658 3067/1989/658
f 3024/1990/658 3067/1989/658 3068/1896/658
f 3023/1696/658 3024/1990/658 3068/1896/658
f 3023/1696/658 3068/1896/658 3069/1991/658
f 3070/1992/658 3023/1696/658 3069/1991/658
s 1
f 3102/1993/660 3099/1696/661 3100/1994/661
f 3104/1995/662 3101/1996/660 3102/1993/660
f 3106/1997/663 3103/1998/662 3104/1995/662
f 3108/1999/664 3105/2000/663 3106/1997/663
f 3110/2001/665 3107/1715/664 3108/1999/664
f 3112/2002/666 3109/2003/665 3110/2001/665
f 3114/2004/667 3111/2005/666 3112/2002/666
f 3116/2006/668 3113/2007/667 3114/2004/667
f 3118/2008/669 3115/1757/668 3116/2006/668
f 3120/2009/670 3117/2010/669 3118/2008/669
f 3122/2011/671 3119/2012/672 3120/2009/670
f 3124/2013/673 3121/2014/674 3122/2011/671
f 3126/2015/675 3123/1765/673 3124/2013/673
f 3128/2016/676 3125/2017/675 3126/2015/675
f 3130/2018/677 3127/1870/676 3128/2016/676
f 3132/2019/678 3129/2020/677 3130/2018/677
f 3134/2021/679 3131/1746/678 3132/2019/678
f 3136/2022/680 3133/2023/679 3134/2021/679
f 3138/2024/681 3135/2025/680 3136/2022/680
f 3140/2026/682 3137/2027/681 3138/2024/681
f 3142/2028/683 3139/1738/682 3140/2026/682
f 3144/2029/684 3141/2030/683 3142/2028/683
f 3146/2031/685 3143/2032/684 3144/2029/684
f 3148/2033/686 3145/2034/685 3146/2031/685
f 3150/2035/687 3147/1720/686 3148/2033/686
f 3152/2036/688 3149/2037/687 3150/2035/687
f 3154/2038/689 3151/2039/688 3152/2036/688
f 3100/2040/661 3153/2041/689 3154/2038/689
f 3158/2042/690 3155/1696/691 3156/1994/692
f 3160/2043/693 3157/2044/690 3158/2042/690
f 3162/2045/694 3159/2046/693 3160/2043/693
f 3164/2047/695 3161/2048/696 3162/2045/694
f 3166/2049/697 3163/2050/695 3164/2047/695
f 3168/2051/698 3165/2052/697 3166/2049/697
f 3170/2053/699 3167/2054/700 3168/2051/698
f 3172/2055/701 3169/2056/702 3170/2053/699
f 3174/2057/703 3171/2058/701 3172/2055/701
f 3176/2059/704 3173/2060/703 3174/2057/703
f 3178/2061/705 3175/2062/704 3176/2059/704
f 3180/2004/706 3177/2063/705 3178/2061/705
f 3182/2064/707 3179/2007/706 3180/2004/706
f 3184/2065/708 3181/2066/709 3182/2064/707
f 3186/2067/710 3183/2068/708 3184/2065/708
f 3188/2069/711 3185/2070/712 3186/2067/710
f 3190/2071/687 3187/1953/713 3188/2069/711
f 3192/2072/714 3189/2073/687 3190/2071/687
f 3194/2074/715 3191/2075/714 3192/2072/714
f 3196/2076/716 3193/2077/717 3194/2074/715
f 3198/2078/718 3195/2079/716 3196/2076/716
f 3200/2080/719 3197/2081/718 3198/2078/718
f 3202/2082/720 3199/2083/721 3200/2080/719
f 3204/2016/722 3201/2084/720 3202/2082/720
f 3206/2085/723 3203/1870/722 3204/2016/722
f 3208/2086/724 3205/2087/725 3206/2085/723
f 3210/2088/726 3207/2089/724 3208/2086/724
f 3212/2090/727 3209/2091/728 3210/2088/726
f 3214/2092/688 3211/2093/727 3212/2090/727
f 3216/2094/729 3213/2095/688 3214/2092/688
f 3218/2096/730 3215/2097/731 3216/2094/729
f 3220/2098/732 3217/2099/730 3218/2096/730
f 3222/2100/733 3219/1932/732 3220/2098/732
f 3224/2101/734 3221/2102/735 3222/2100/733
f 3226/2103/736 3223/2104/734 3224/2101/734
f 3228/2028/737 3225/2105/736 3226/2103/736
f 3230/2106/738 3227/2030/737 3228/2028/737
f 3232/2107/739 3229/2108/738 3230/2106/738
f 3234/2109/740 3231/2110/739 3232/2107/739
f 3236/2111/741 3233/2112/742 3234/2109/740
f 3238/2113/743 3235/2114/744 3236/2111/741
f 3240/2115/745 3237/2116/743 3238/2113/743
f 3242/2117/746 3239/2118/745 3240/2115/745
f 3244/2119/747 3241/2120/748 3242/2117/746
f 3246/2121/749 3243/2122/747 3244/2119/747
f 3248/2123/750 3245/2124/749 3246/2121/749
f 3250/2125/751 3247/2126/752 3248/2123/750
f 3156/2040/692 3249/2127/751 3250/2125/751
f 3254/2128/753 3251/1696/754 3252/1994/754
f 3256/1993/755 3253/2129/753 3254/2128/753
f 3258/2130/756 3255/1996/755 3256/1993/755
f 3260/1995/757 3257/2131/756 3258/2130/756
f 3262/2132/758 3259/1998/757 3260/1995/757
f 3264/1997/759 3261/2133/758 3262/2132/758
f 3266/2051/760 3263/2000/759 3264/1997/759
f 3268/1999/761 3265/2054/760 3266/2051/760
f 3270/2134/762 3267/1715/763 3268/1999/761
f 3272/2001/764 3269/2135/762 3270/2134/762
f 3274/2136/765 3271/2003/764 3272/2001/764
f 3276/2002/766 3273/2137/765 3274/2136/765
f 3278/2138/767 3275/2005/766 3276/2002/766
f 3280/2004/768 3277/2139/767 3278/2138/767
f 3282/2140/769 3279/2007/768 3280/2004/768
f 3284/2006/770 3281/2141/769 3282/2140/769
f 3286/2142/771 3283/1757/770 3284/2006/770
f 3288/2008/772 3285/2143/771 3286/2142/771
f 3290/2144/773 3287/2010/772 3288/2008/772
f 3292/2009/774 3289/2145/773 3290/2144/773
f 3294/2072/775 3291/2012/774 3292/2009/774
f 3296/2011/776 3293/2075/775 3294/2072/775
f 3298/2146/777 3295/2014/776 3296/2011/776
f 3300/2013/778 3297/2147/777 3298/2146/777
f 3302/2148/687 3299/1765/778 3300/2013/778
f 3304/2015/688 3301/2149/687 3302/2148/687
f 3306/2150/779 3303/2017/688 3304/2015/688
f 3308/2016/780 3305/2151/781 3306/2150/779
f 3310/2152/782 3307/1870/780 3308/2016/780
f 3312/2018/783 3309/2153/782 3310/2152/782
f 3314/2154/784 3311/2020/783 3312/2018/783
f 3316/2019/785 3313/2155/784 3314/2154/784
f 3318/2156/786 3315/1746/785 3316/2019/785
f 3320/2021/787 3317/2157/788 3318/2156/786
f 3322/2094/789 3319/2023/787 3320/2021/787
f 3324/2022/790 3321/2097/789 3322/2094/789
f 3326/2158/791 3323/2025/790 3324/2022/790
f 3328/2024/792 3325/2159/791 3326/2158/791
f 3330/2160/793 3327/2027/792 3328/2024/792
f 3332/2026/794 3329/2161/793 3330/2160/793
f 3334/2162/795 3331/1738/794 3332/2026/794
f 3336/2028/796 3333/2163/795 3334/2162/795
f 3338/2164/797 3335/2030/796 3336/2028/796
f 3340/2029/798 3337/2165/797 3338/2164/797
f 3342/2166/799 3339/2032/798 3340/2029/798
f 3344/2031/800 3341/2167/799 3342/2166/799
f 3346/2168/801 3343/2034/802 3344/2031/800
f 3348/2033/803 3345/2169/801 3346/2168/801
f 3350/2115/804 3347/1720/803 3348/2033/803
f 3352/2035/805 3349/2118/804 3350/2115/804
f 3354/2170/806 3351/2037/805 3352/2035/805
f 3356/2036/687 3353/2171/806 3354/2170/806
f 3358/2172/688 3355/2039/687 3356/2036/687
f 3360/2038/743 3357/2173/688 3358/2172/688
f 3362/2174/697 3359/2041/743 3360/2038/743
f 3252/2040/754 3361/2175/697 3362/2174/697
f 3366/2176/807 3363/1696/808 3364/1994/809
f 3368/2177/810 3365/2178/807 3366/2176/807
f 3370/2179/811 3367/2180/810 3368/2177/810
f 3372/2181/812 3369/2182/811 3370/2179/811
f 3374/2183/813 3371/2184/812 3372/2181/812
f 3376/2185/814 3373/2186/813 3374/2183/813
f 3378/2187/815 3375/2188/814 3376/2185/814
f 3380/2189/816 3377/2190/815 3378/2187/815
f 3382/2191/817 3379/2192/816 3380/2189/816
f 3384/2193/818 3381/2194/817 3382/2191/817
f 3386/2195/819 3383/2196/818 3384/2193/818
f 3388/2197/820 3385/2198/819 3386/2195/819
f 3390/2199/821 3387/2200/820 3388/2197/820
f 3392/2201/822 3389/2202/821 3390/2199/821
f 3394/2203/823 3391/2204/822 3392/2201/822
f 3396/2205/824 3393/2206/823 3394/2203/823
f 3398/2207/825 3395/2208/824 3396/2205/824
f 3400/2209/826 3397/2210/827 3398/2207/825
f 3402/2211/828 3399/2212/826 3400/2209/826
f 3404/2213/829 3401/2214/828 3402/2211/828
f 3406/2215/830 3403/2216/829 3404/2213/829
f 3408/2217/831 3405/2218/830 3406/2215/830
f 3410/2219/832 3407/2220/831 3408/2217/831
f 3412/2221/833 3409/2222/832 3410/2219/832
f 3414/2223/834 3411/2224/833 3412/2221/833
f 3416/2225/835 3413/2226/834 3414/2223/834
f 3418/2227/836 3415/2228/835 3416/2225/835
f 3420/2229/837 3417/2230/836 3418/2227/836
f 3422/2231/838 3419/2232/837 3420/2229/837
f 3424/2233/839 3421/2234/838 3422/2231/838
f 3426/2235/840 3423/2236/839 3424/2233/839
f 3428/2237/841 3425/2238/840 3426/2235/840
f 3430/2239/842 3427/2240/841 3428/2237/841
f 3432/2241/843 3429/2242/842 3430/2239/842
f 3434/2243/844 3431/2244/843 3432/2241/843
f 3436/2245/845 3433/2246/844 3434/2243/844
f 3438/2247/846 3435/2248/845 3436/2245/845
f 3440/2249/847 3437/2250/846 3438/2247/846
f 3442/2251/848 3439/2252/847 3440/2249/847
f 3444/2253/849 3441/2254/848 3442/2251/848
f 3446/2255/850 3443/2256/849 3444/2253/849
f 3448/2257/851 3445/2258/850 3446/2255/850
f 3450/2259/852 3447/2260/851 3448/2257/851
f 3452/2261/853 3449/2262/852 3450/2259/852
f 3454/2263/854 3451/2264/853 3452/2261/853
f 3456/2265/855 3453/2266/854 3454/2263/854
f 3458/2267/856 3455/2268/855 3456/2265/855
f 3460/2269/857 3457/2270/856 3458/2267/856
f 3462/2271/743 3459/2272/857 3460/2269/857
f 3464/2273/697 3461/2274/743 3462/2271/743
f 3466/2275/858 3463/2276/697 3464/2273/697
f 3468/2277/859 3465/2278/858 3466/2275/858
f 3470/2279/860 3467/2280/859 3468/2277/859
f 3472/2281/861 3469/2282/860 3470/2279/860
f 3474/2283/862 3471/2284/861 3472/2281/861
f 3476/2285/863 3473/2286/862 3474/2283/862
f 3478/2287/864 3475/2288/863 3476/2285/863
f 3480/2289/865 3477/2290/864 3478/2287/864
f 3482/2291/866 3479/2292/865 3480/2289/865
f 3484/2293/867 3481/2294/866 3482/2291/866
f 3486/2295/868 3483/2296/867 3484/2293/867
f 3488/2297/869 3485/2298/868 3486/2295/868
f 3490/2299/870 3487/2300/869 3488/2297/869
f 3492/2301/871 3489/2302/870 3490/2299/870
f 3494/2303/872 3491/2304/871 3492/2301/871
f 3496/2305/873 3493/2306/872 3494/2303/872
f 3498/2307/874 3495/2308/873 3496/2305/873
f 3500/2309/875 3497/2310/874 3498/2307/874
f 3502/2311/876 3499/2312/875 3500/2309/875
f 3504/2313/877 3501/2314/878 3502/2311/876
f 3506/2315/879 3503/2316/877 3504/2313/877
f 3508/2317/880 3505/2318/879 3506/2315/879
f 3510/2319/881 3507/2320/880 3508/2317/880
f 3512/2321/882 3509/2322/881 3510/2319/881
f 3514/2323/883 3511/2324/882 3512/2321/882
f 3516/2325/743 3513/2326/883 3514/2323/883
f 3518/2327/697 3515/2328/743 3516/2325/743
f 3520/2329/884 3517/2330/697 3518/2327/697
f 3522/2331/885 3519/2332/886 3520/2329/884
f 3524/2333/887 3521/2334/885 3522/2331/885
f 3526/2335/888 3523/2336/887 3524/2333/887
f 3528/2337/889 3525/2338/888 3526/2335/888
f 3530/2339/890 3527/2340/889 3528/2337/889
f 3532/2341/891 3529/2342/890 3530/2339/890
f 3534/2343/892 3531/2344/891 3532/2341/891
f 3536/2345/893 3533/2346/894 3534/2343/892
f 3538/2347/895 3535/2348/893 3536/2345/893
f 3540/2349/896 3537/2350/895 3538/2347/895
f 3542/2351/897 3539/2352/896 3540/2349/896
f 3544/2353/898 3541/2354/897 3542/2351/897
f 3546/2355/899 3543/2356/898 3544/2353/898
f 3548/2357/900 3545/2358/899 3546/2355/899
f 3550/2359/901 3547/2360/902 3548/2357/900
f 3552/2361/903 3549/2362/901 3550/2359/901
f 3554/2363/904 3551/2364/903 3552/2361/903
f 3556/2365/905 3553/2366/904 3554/2363/904
f 3558/2367/906 3555/2368/905 3556/2365/905
f 3560/2369/907 3557/2370/906 3558/2367/906
f 3562/2371/908 3559/2372/907 3560/2369/907
f 3564/2373/909 3561/2374/908 3562/2371/908
f 3566/2375/910 3563/2376/909 3564/2373/909
f 3568/2377/911 3565/2378/910 3566/2375/910
f 3570/2379/743 3567/2380/911 3568/2377/911
f 3572/2381/697 3569/2382/743 3570/2379/743
f 3574/2383/687 3571/2384/697 3572/2381/697
f 3576/2385/688 3573/2386/687 3574/2383/687
f 3364/2040/809 3575/2387/688 3576/2385/688
f 3580/2388/687 3577/1696/697 3578/1994/697
f 3582/2389/912 3579/2390/687 3580/2388/687
f 3584/2391/913 3581/2392/912 3582/2389/912
f 3586/2393/914 3583/2394/913 3584/2391/913
f 3588/2051/915 3585/2395/914 3586/2393/914
f 3590/2396/916 3587/2054/915 3588/2051/915
f 3592/2397/917 3589/2398/916 3590/2396/916
f 3594/2399/918 3591/2400/917 3592/2397/917
f 3596/2401/919 3593/1921/918 3594/2399/918
f 3598/2004/920 3595/2402/919 3596/2401/919
f 3600/2403/921 3597/2007/920 3598/2004/920
f 3602/2404/922 3599/2405/921 3600/2403/921
f 3604/2406/923 3601/2407/922 3602/2404/922
f 3606/2408/924 3603/2409/923 3604/2406/923
f 3608/2072/925 3605/2410/924 3606/2408/924
f 3610/2411/926 3607/2075/925 3608/2072/925
f 3612/2412/927 3609/1889/926 3610/2411/926
f 3614/2413/928 3611/2414/927 3612/2412/927
f 3616/2415/929 3613/2416/928 3614/2413/928
f 3618/2016/930 3615/2417/929 3616/2415/929
f 3620/2418/931 3617/1870/930 3618/2016/930
f 3622/2419/932 3619/2420/931 3620/2418/931
f 3624/2421/933 3621/2422/932 3622/2419/932
f 3626/2423/934 3623/2424/933 3624/2421/933
f 3628/2094/935 3625/1896/934 3626/2423/934
f 3630/2425/936 3627/2097/935 3628/2094/935
f 3632/2426/937 3629/2427/936 3630/2425/936
f 3634/2428/938 3631/2429/939 3632/2426/937
f 3636/2430/940 3633/2431/938 3634/2428/938
f 3638/2028/941 3635/2432/940 3636/2430/940
f 3640/2433/942 3637/2030/941 3638/2028/941
f 3642/2434/943 3639/2435/942 3640/2433/942
f 3644/2436/944 3641/1899/943 3642/2434/943
f 3646/2437/945 3643/2438/944 3644/2436/944
f 3648/2115/946 3645/2439/945 3646/2437/945
f 3650/2440/947 3647/2118/946 3648/2115/946
f 3652/2441/948 3649/2442/947 3650/2440/947
f 3654/2443/949 3651/2444/948 3652/2441/948
f 3656/2445/743 3653/2446/949 3654/2443/949
f 3578/2040/697 3655/2447/743 3656/2445/743
f 3660/2448/950 3657/1696/951 3658/1994/951
f 3662/2449/952 3659/2450/950 3660/2448/950
f 3664/2451/953 3661/2452/952 3662/2449/952
f 3666/2453/954 3663/2454/953 3664/2451/953
f 3668/2455/955 3665/2456/954 3666/2453/954
f 3670/2457/956 3667/2458/955 3668/2455/955
f 3672/2459/957 3669/2460/956 3670/2457/956
f 3674/2461/958 3671/2462/957 3672/2459/957
f 3676/2463/959 3673/2464/958 3674/2461/958
f 3678/2465/960 3675/2466/959 3676/2463/959
f 3680/2467/961 3677/2468/960 3678/2465/960
f 3682/2469/962 3679/2470/961 3680/2467/961
f 3684/2471/963 3681/2472/962 3682/2469/962
f 3686/2473/964 3683/2474/963 3684/2471/963
f 3688/2475/965 3685/2476/964 3686/2473/964
f 3690/2477/966 3687/2478/965 3688/2475/965
f 3692/2479/967 3689/2480/966 3690/2477/966
f 3694/2481/968 3691/2482/967 3692/2479/967
f 3696/2016/969 3693/2483/968 3694/2481/968
f 3698/2484/970 3695/1870/969 3696/2016/969
f 3700/2485/971 3697/2486/970 3698/2484/970
f 3702/2487/972 3699/2488/971 3700/2485/971
f 3704/2489/973 3701/2490/972 3702/2487/972
f 3706/2491/974 3703/2492/975 3704/2489/973
f 3708/2493/976 3705/2494/977 3706/2491/974
f 3710/2495/978 3707/2496/976 3708/2493/976
f 3712/2497/979 3709/2498/978 3710/2495/978
f 3714/2499/980 3711/2500/981 3712/2497/979
f 3716/2501/982 3713/2502/980 3714/2499/980
f 3718/2503/983 3715/2504/982 3716/2501/982
f 3720/2505/984 3717/2506/983 3718/2503/983
f 3722/2507/985 3719/2508/984 3720/2505/984
f 3724/2509/986 3721/2510/985 3722/2507/985
f 3726/2511/987 3723/2512/986 3724/2509/986
f 3728/2513/988 3725/2514/987 3726/2511/987
f 3730/2515/743 3727/2516/988 3728/2513/988
f 3732/2517/989 3729/2518/743 3730/2515/743
f 3658/2040/951 3731/2519/990 3732/2517/989
f 3102/1993/660 3101/1996/660 3099/1696/661
f 3104/1995/662 3103/1998/662 3101/1996/660
f 3106/1997/663 3105/2000/663 3103/1998/662
f 3108/1999/664 3107/1715/664 3105/2000/663
f 3110/2001/665 3109/2003/665 3107/1715/664
f 3112/2002/666 3111/2005/666 3109/2003/665
f 3114/2004/667 3113/2007/667 3111/2005/666
f 3116/2006/668 3115/1757/668 3113/2007/667
f 3118/2008/669 3117/2010/669 3115/1757/668
f 3120/2009/670 3119/2012/672 3117/2010/669
f 3122/2011/671 3121/2014/674 3119/2012/672
f 3124/2013/673 3123/1765/673 3121/2014/674
f 3126/2015/675 3125/2017/675 3123/1765/673
f 3128/2016/676 3127/1870/676 3125/2017/675
f 3130/2018/677 3129/2020/677 3127/1870/676
f 3132/2019/678 3131/1746/678 3129/2020/677
f 3134/2021/679 3133/2023/679 3131/1746/678
f 3136/2022/680 3135/2025/680 3133/2023/679
f 3138/2024/681 3137/2027/681 3135/2025/680
f 3140/2026/682 3139/1738/682 3137/2027/681
f 3142/2028/683 3141/2030/683 3139/1738/682
f 3144/2029/684 3143/2032/684 3141/2030/683
f 3146/2031/685 3145/2034/685 3143/2032/684
f 3148/2033/686 3147/1720/686 3145/2034/685
f 3150/2035/687 3149/2037/687 3147/1720/686
f 3152/2036/688 3151/2039/688 3149/2037/687
f 3154/2038/689 3153/2041/689 3151/2039/688
f 3100/2040/661 3099/1710/661 3153/2041/689
f 3158/2042/690 3157/2044/690 3155/1696/691
f 3160/2043/693 3159/2046/693 3157/2044/690
f 3162/2045/694 3161/2048/696 3159/2046/693
f 3164/2047/695 3163/2050/695 3161/2048/696
f 3166/2049/697 3165/2052/697 3163/2050/695
f 3168/2051/698 3167/2054/700 3165/2052/697
f 3170/2053/699 3169/2056/702 3167/2054/700
f 3172/2055/701 3171/2058/701 3169/2056/702
f 3174/2057/703 3173/2060/703 3171/2058/701
f 3176/2059/704 3175/2062/704 3173/2060/703
f 3178/2061/705 3177/2063/705 3175/2062/704
f 3180/2004/706 3179/2007/706 3177/2063/705
f 3182/2064/707 3181/2066/709 3179/2007/706
f 3184/2065/708 3183/2068/708 3181/2066/709
f 3186/2067/710 3185/2070/712 3183/2068/708
f 3188/2069/711 3187/1953/713 3185/2070/712
f 3190/2071/687 3189/2073/687 3187/1953/713
f 3192/2072/714 3191/2075/714 3189/2073/687
f 3194/2074/715 3193/2077/717 3191/2075/714
f 3196/2076/716 3195/2079/716 3193/2077/717
f 3198/2078/718 3197/2081/718 3195/2079/716
f 3200/2080/719 3199/2083/721 3197/2081/718
f 3202/2082/720 3201/2084/720 3199/2083/721
f 3204/2016/722 3203/1870/722 3201/2084/720
f 3206/2085/723 3205/2087/725 3203/1870/722
f 3208/2086/724 3207/2089/724 3205/2087/725
f 3210/2088/726 3209/2091/728 3207/2089/724
f 3212/2090/727 3211/2093/727 3209/2091/728
f 3214/2092/688 3213/2095/688 3211/2093/727
f 3216/2094/729 3215/2097/731 3213/2095/688
f 3218/2096/730 3217/2099/730 3215/2097/731
f 3220/2098/732 3219/1932/732 3217/2099/730
f 3222/2100/733 3221/2102/735 3219/1932/732
f 3224/2101/734 3223/2104/734 3221/2102/735
f 3226/2103/736 3225/2105/736 3223/2104/734
f 3228/2028/737 3227/2030/737 3225/2105/736
f 3230/2106/738 3229/2108/738 3227/2030/737
f 3232/2107/739 3231/2110/739 3229/2108/738
f 3234/2109/740 3233/2112/742 3231/2110/739
f 3236/2111/741 3235/2114/744 3233/2112/742
f 3238/2113/743 3237/2116/743 3235/2114/744
f 3240/2115/745 3239/2118/745 3237/2116/743
f 3242/2117/746 3241/2120/748 3239/2118/745
f 3244/2119/747 3243/2122/747 3241/2120/748
f 3246/2121/749 3245/2124/749 3243/2122/747
f 3248/2123/750 3247/2126/752 3245/2124/749
f 3250/2125/751 3249/2127/751 3247/2126/752
f 3156/2040/692 3155/1710/691 3249/2127/751
f 3254/2128/753 3253/2129/753 3251/1696/754
f 3256/1993/755 3255/1996/755 3253/2129/753
f 3258/2130/756 3257/2131/756 3255/1996/755
f 3260/1995/757 3259/1998/757 3257/2131/756
f 3262/2132/758 3261/2133/758 3259/1998/757
f 3264/1997/759 3263/2000/759 3261/2133/758
f 3266/2051/760 3265/2054/760 3263/2000/759
f 3268/1999/761 3267/1715/763 3265/2054/760
f 3270/2134/762 3269/2135/762 3267/1715/763
f 3272/2001/764 3271/2003/764 3269/2135/762
f 3274/2136/765 3273/2137/765 3271/2003/764
f 3276/2002/766 3275/2005/766 3273/2137/765
f 3278/2138/767 3277/2139/767 3275/2005/766
f 3280/2004/768 3279/2007/768 3277/2139/767
f 3282/2140/769 3281/2141/769 3279/2007/768
f 3284/2006/770 3283/1757/770 3281/2141/769
f 3286/2142/771 3285/2143/771 3283/1757/770
f 3288/2008/772 3287/2010/772 3285/2143/771
f 3290/2144/773 3289/2145/773 3287/2010/772
f 3292/2009/774 3291/2012/774 3289/2145/773
f 3294/2072/775 3293/2075/775 3291/2012/774
f 3296/2011/776 3295/2014/776 3293/2075/775
f 3298/2146/777 3297/2147/777 3295/2014/776
f 3300/2013/778 3299/1765/778 3297/2147/777
f 3302/2148/687 3301/2149/687 3299/1765/778
f 3304/2015/688 3303/2017/688 3301/2149/687
f 3306/2150/779 3305/2151/781 3303/2017/688
f 3308/2016/780 3307/1870/780 3305/2151/781
f 3310/2152/782 3309/2153/782 3307/1870/780
f 3312/2018/783 3311/2020/783 3309/2153/782
f 3314/2154/784 3313/2155/784 3311/2020/783
f 3316/2019/785 3315/1746/785 3313/2155/784
f 3318/2156/786 3317/2157/788 3315/1746/785
f 3320/2021/787 3319/2023/787 3317/2157/788
f 3322/2094/789 3321/2097/789 3319/2023/787
f 3324/2022/790 3323/2025/790 3321/2097/789
f 3326/2158/791 3325/2159/791 3323/2025/790
f 3328/2024/792 3327/2027/792 3325/2159/791
f 3330/2160/793 3329/2161/793 3327/2027/792
f 3332/2026/794 3331/1738/794 3329/2161/793
f 3334/2162/795 3333/2163/795 3331/1738/794
f 3336/2028/796 3335/2030/796 3333/2163/795
f 3338/2164/797 3337/2165/797 3335/2030/796
f 3340/2029/798 3339/2032/798 3337/2165/797
f 3342/2166/799 3341/2167/799 3339/2032/798
f 3344/2031/800 3343/2034/802 3341/2167/799
f 3346/2168/801 3345/2169/801 3343/2034/802
f 3348/2033/803 3347/1720/803 3345/2169/801
f 3350/2115/804 3349/2118/804 3347/1720/803
f 3352/2035/805 3351/2037/805 3349/2118/804
f 3354/2170/806 3353/2171/806 3351/2037/805
f 3356/2036/687 3355/2039/687 3353/2171/806
f 3358/2172/688 3357/2173/688 3355/2039/687
f 3360/2038/743 3359/2041/743 3357/2173/688
f 3362/2174/697 3361/2175/697 3359/2041/743
f 3252/2040/754 3251/1710/754 3361/2175/697
f 3366/2176/807 3365/2178/807 3363/1696/808
f 3368/2177/810 3367/2180/810 3365/2178/807
f 3370/2179/811 3369/2182/811 3367/2180/810
f 3372/2181/812 3371/2184/812 3369/2182/811
f 3374/2183/813 3373/2186/813 3371/2184/812
f 3376/2185/814 3375/2188/814 3373/2186/813
f 3378/2187/815 3377/2190/815 3375/2188/814
f 3380/2189/816 3379/2192/816 3377/2190/815
f 3382/2191/817 3381/2194/817 3379/2192/816
f 3384/2193/818 3383/2196/818 3381/2194/817
f 3386/2195/819 3385/2198/819 3383/2196/818
f 3388/2197/820 3387/2200/820 3385/2198/819
f 3390/2199/821 3389/2202/821 3387/2200/820
f 3392/2201/822 3391/2204/822 3389/2202/821
f 3394/2203/823 3393/2206/823 3391/2204/822
f 3396/2205/824 3395/2208/824 3393/2206/823
f 3398/2207/825 3397/2210/827 3395/2208/824
f 3400/2209/826 3399/2212/826 3397/2210/827
f 3402/2211/828 3401/2214/828 3399/2212/826
f 3404/2213/829 3403/2216/829 3401/2214/828
f 3406/2215/830 3405/2218/830 3403/2216/829
f 3408/2217/831 3407/2220/831 3405/2218/830
f 3410/2219/832 3409/2222/832 3407/2220/831
f 3412/2221/833 3411/2224/833 3409/2222/832
f 3414/2223/834 3413/2226/834 3411/2224/833
f 3416/2225/835 3415/2228/835 3413/2226/834
f 3418/2227/836 3417/2230/836 3415/2228/835
f 3420/2229/837 3419/2232/837 3417/2230/836
f 3422/2231/838 3421/2234/838 3419/2232/837
f 3424/2233/839 3423/2236/839 3421/2234/838
f 3426/2235/840 3425/2238/840 3423/2236/839
f 3428/2237/841 3427/2240/841 3425/2238/840
f 3430/2239/842 3429/2242/842 3427/2240/841
f 3432/2241/843 3431/2244/843 3429/2242/842
f 3434/2243/844 3433/2246/844 3431/2244/843
f 3436/2245/845 3435/2248/845 3433/2246/844
f 3438/2247/846 3437/2250/846 3435/2248/845
f 3440/2249/847 3439/2252/847 3437/2250/846
f 3442/2251/848 3441/2254/848 3439/2252/847
f 3444/2253/849 3443/2256/849 3441/2254/848
f 3446/2255/850 3445/2258/850 3443/2256/849
f 3448/2257/851 3447/2260/851 3445/2258/850
f 3450/2259/852 3449/2262/852 3447/2260/851
f 3452/2261/853 3451/2264/853 3449/2262/852
f 3454/2263/854 3453/2266/854 3451/2264/853
f 3456/2265/855 3455/2268/855 3453/2266/854
f 3458/2267/856 3457/2270/856 3455/2268/855
f 3460/2269/857 3459/2272/857 3457/2270/856
f 3462/2271/743 3461/2274/743 3459/2272/857
f 3464/2273/697 3463/2276/697 3461/2274/743
f 3466/2275/858 3465/2278/858 3463/2276/697
f 3468/2277/859 3467/2280/859 3465/2278/858
f 3470/2279/860 3469/2282/860 3467/2280/859
f 3472/2281/861 3471/2284/861 3469/2282/860
f 3474/2283/862 3473/2286/862 3471/2284/861
f 3476/2285/863 3475/2288/863 3473/2286/862
f 3478/2287/864 3477/2290/864 3475/2288/863
f 3480/2289/865 3479/2292/865 3477/2290/864
f 3482/2291/866 3481/2294/866 3479/2292/865
f 3484/2293/867 3483/2296/867 3481/2294/866
f 3486/2295/868 3485/2298/868 3483/2296/867
f 3488/2297/869 3487/2300/869 3485/2298/868
f 3490/2299/870 3489/2302/870 3487/2300/869
f 3492/2301/871 3491/2304/871 3489/2302/870
f 3494/2303/872 3493/2306/872 3491/2304/871
f 3496/2305/873 3495/2308/873 3493/2306/872
f 3498/2307/874 3497/2310/874 3495/2308/873
f 3500/2309/875 3499/2312/875 3497/2310/874
f 3502/2311/876 3501/2314/878 3499/2312/875
f 3504/2313/877 3503/2316/877 3501/2314/878
f 3506/2315/879 3505/2318/879 3503/2316/877
f 3508/2317/880 3507/2320/880 3505/2318/879
f 3510/2319/881 3509/2322/881 3507/2320/880
f 3512/2321/882 3511/2324/882 3509/2322/881
f 3514/2323/883 3513/2326/883 3511/2324/882
f 3516/2325/743 3515/2328/743 3513/2326/883
f 3518/2327/697 3517/2330/697 3515/2328/743
f 3520/2329/884 3519/2332/886 3517/2330/697
f 3522/2331/885 3521/2334/885 3519/2332/886
f 3524/2333/887 3523/2336/887 3521/2334/885
f 3526/2335/888 3525/2338/888 3523/2336/887
f 3528/2337/889 3527/2340/889 3525/2338/888
f 3530/2339/890 3529/2342/890 3527/2340/889
f 3532/2341/891 3531/2344/891 3529/2342/890
f 3534/2343/892 3533/2346/894 3531/2344/891
f 3536/2345/893 3535/2348/893 3533/2346/894
f 3538/2347/895 3537/2350/895 3535/2348/893
f 3540/2349/896 3539/2352/896 3537/2350/895
f 3542/2351/897 3541/2354/897 3539/2352/896
f 3544/2353/898 3543/2356/898 3541/2354/897
f 3546/2355/899 3545/2358/899 3543/2356/898
f 3548/2357/900 3547/2360/902 3545/2358/899
f 3550/2359/901 3549/2362/901 3547/2360/902
f 3552/2361/903 3551/2364/903 3549/2362/901
f 3554/2363/904 3553/2366/904 3551/2364/903
f 3556/2365/905 3555/2368/905 3553/2366/904
f 3558/2367/906 3557/2370/906 3555/2368/905
f 3560/2369/907 3559/2372/907 3557/2370/906
f 3562/2371/908 3561/2374/908 3559/2372/907
f 3564/2373/909 3563/2376/909 3561/2374/908
f 3566/2375/910 3565/2378/910 3563/2376/909
f 3568/2377/911 3567/2380/911 3565/2378/910
f 3570/2379/743 3569/2382/743 3567/2380/911
f 3572/2381/697 3571/2384/697 3569/2382/743
f 3574/2383/687 3573/2386/687 3571/2384/697
f 3576/2385/688 3575/2387/688 3573/2386/687
f 3364/2040/809 3363/1710/808 3575/2387/688
f 3580/2388/687 3579/2390/687 3577/1696/697
f 3582/2389/912 3581/2392/912 3579/2390/687
f 3584/2391/913 3583/2394/913 3581/2392/912
f 3586/2393/914 3585/2395/914 3583/2394/913
f 3588/2051/915 3587/2054/915 3585/2395/914
f 3590/2396/916 3589/2398/916 3587/2054/915
f 3592/2397/917 3591/2400/917 3589/2398/916
f 3594/2399/918 3593/1921/918 3591/2400/917
f 3596/2401/919 3595/2402/919 3593/1921/918
f 3598/2004/920 3597/2007/920 3595/2402/919
f 3600/2403/921 3599/2405/921 3597/2007/920
f 3602/2404/922 3601/2407/922 3599/2405/921
f 3604/2406/923 3603/2409/923 3601/2407/922
f 3606/2408/924 3605/2410/924 3603/2409/923
f 3608/2072/925 3607/2075/925 3605/2410/924
f 3610/2411/926 3609/1889/926 3607/2075/925
f 3612/2412/927 3611/2414/927 3609/1889/926
f 3614/2413/928 3613/2416/928 3611/2414/927
f 3616/2415/929 3615/2417/929 3613/2416/928
f 3618/2016/930 3617/1870/930 3615/2417/929
f 3620/2418/931 3619/2420/931 3617/1870/930
f 3622/2419/932 3621/2422/932 3619/2420/931
f 3624/2421/933 3623/2424/933 3621/2422/932
f 3626/2423/934 3625/1896/934 3623/2424/933
f 3628/2094/935 3627/2097/935 3625/1896/934
f 3630/2425/936 3629/2427/936 3627/2097/935
f 3632/2426/937 3631/2429/939 3629/2427/936
f 3634/2428/938 3633/2431/938 3631/2429/939
f 3636/2430/940 3635/2432/940 3633/2431/938
f 3638/2028/941 3637/2030/941 3635/2432/940
f 3640/2433/942 3639/2435/942 3637/2030/941
f 3642/2434/943 3641/1899/943 3639/2435/942
f 3644/2436/944 3643/2438/944 3641/1899/943
f 3646/2437/945 3645/2439/945 3643/2438/944
f 3648/2115/946 3647/2118/946 3645/2439/945
f 3650/2440/947 3649/2442/947 3647/2118/946
f 3652/2441/948 3651/2444/948 3649/2442/947
f 3654/2443/949 3653/2446/949 3651/2444/948
f 3656/2445/743 3655/2447/743 3653/2446/949
f 3578/2040/697 3577/1710/697 3655/2447/743
f 3660/2448/950 3659/2450/950 3657/1696/951
f 3662/2449/952 3661/2452/952 3659/2450/950
f 3664/2451/953 3663/2454/953 3661/2452/952
f 3666/2453/954 3665/2456/954 3663/2454/953
f 3668/2455/955 3667/2458/955 3665/2456/954
f 3670/2457/956 3669/2460/956 3667/2458/955
f 3672/2459/957 3671/2462/957 3669/2460/956
f 3674/2461/958 3673/2464/958 3671/2462/957
f 3676/2463/959 3675/2466/959 3673/2464/958
f 3678/2465/960 3677/2468/960 3675/2466/959
f 3680/2467/961 3679/2470/961 3677/2468/960
f 3682/2469/962 3681/2472/962 3679/2470/961
f 3684/2471/963 3683/2474/963 3681/2472/962
f 3686/2473/964 3685/2476/964 3683/2474/963
f 3688/2475/965 3687/2478/965 3685/2476/964
f 3690/2477/966 3689/2480/966 3687/2478/965
f 3692/2479/967 3691/2482/967 3689/2480/966
f 3694/2481/968 3693/2483/968 3691/2482/967
f 3696/2016/969 3695/1870/969 3693/2483/968
f 3698/2484/970 3697/2486/970 3695/1870/969
f 3700/2485/971 3699/2488/971 3697/2486/970
f 3702/2487/972 3701/2490/972 3699/2488/971
f 3704/2489/973 3703/2492/975 3701/2490/972
f 3706/2491/974 3705/2494/977 3703/2492/975
f 3708/2493/976 3707/2496/976 3705/2494/977
f 3710/2495/978 3709/2498/978 3707/2496/976
f 3712/2497/979 3711/2500/981 3709/2498/978
f 3714/2499/980 3713/2502/980 3711/2500/981
f 3716/2501/982 3715/2504/982 3713/2502/980
f 3718/2503/983 3717/2506/983 3715/2504/982
f 3720/2505/984 3719/2508/984 3717/2506/983
f 3722/2507/985 3721/2510/985 3719/2508/984
f 3724/2509/986 3723/2512/986 3721/2510/985
f 3726/2511/987 3725/2514/987 3723/2512/986
f 3728/2513/988 3727/2516/988 3725/2514/987
f 3730/2515/743 3729/2518/743 3727/2516/988
f 3732/2517/989 3731/2519/990 3729/2518/743
f 3658/2040/951 3657/1710/951 3731/2519/990
o テキスト.002
v 9.009461 8.910000 0.000001
v 9.100331 8.852566 0.000001
v 9.191008 8.799361 0.000001
v 9.281587 8.750531 0.000001
v 9.372165 8.706223 0.000001
v 9.462841 8.666580 0.000001
v 9.553711 8.631750 0.000001
v 9.644873 8.601878 0.000001
v 9.736423 8.577111 0.000001
v 9.828461 8.557593 0.000001
v 9.921081 8.543472 0.000001
v 10.014382 8.534892 0.000001
v 10.108459 8.532000 0.000001
v 10.253847 8.538696 0.000001
v 10.388979 8.558736 0.000001
v 10.513803 8.592047 0.000001
v 10.628275 8.638556 0.000001
v 10.732344 8.698189 0.000001
v 10.825960 8.770875 0.000001
v 10.909078 8.856540 0.000001
v 10.981646 8.955112 0.000001
v 11.043617 9.066516 0.000001
v 11.094943 9.190681 0.000001
v 11.135573 9.327533 0.000001
v 11.165461 9.477000 0.000001
v 8.953461 9.477000 0.000001
v 8.964410 9.755120 0.000001
v 8.996724 10.008547 0.000001
v 9.049601 10.237375 0.000001
v 9.122237 10.441704 0.000001
v 9.213833 10.621630 0.000001
v 9.323586 10.777250 0.000001
v 9.450691 10.908663 0.000001
v 9.594349 11.015963 0.000001
v 9.753757 11.099251 0.000001
v 9.928114 11.158621 0.000001
v 10.116616 11.194172 0.000001
v 10.318461 11.206000 0.000001
v 10.529725 11.192778 0.000001
v 10.728740 11.153889 0.000001
v 10.914337 11.090500 0.000001
v 11.085351 11.003778 0.000001
v 11.240615 10.894889 0.000001
v 11.378962 10.765000 0.000001
v 11.499226 10.615278 0.000001
v 11.600239 10.446889 0.000001
v 11.680836 10.261000 0.000001
v 11.739850 10.058778 0.000001
v 11.776114 9.841389 0.000001
v 11.788461 9.610000 0.000001
v 11.777150 9.394742 0.000001
v 11.743479 9.184685 0.000001
v 11.687836 8.982407 0.000001
v 11.610608 8.790482 0.000001
v 11.512187 8.611487 0.000001
v 11.392961 8.448000 0.000001
v 11.253317 8.302596 0.000001
v 11.093645 8.177852 0.000001
v 10.914334 8.076344 0.000001
v 10.715775 8.000648 0.000001
v 10.498353 7.953341 0.000001
v 10.262461 7.937000 0.000001
v 10.133268 7.939487 0.000001
v 10.011173 7.946981 0.000001
v 9.895397 7.959531 0.000001
v 9.785163 7.977185 0.000001
v 9.679693 7.999992 0.000001
v 9.578209 8.028000 0.000001
v 9.479935 8.061258 0.000001
v 9.384089 8.099814 0.000001
v 9.289896 8.143719 0.000001
v 9.196580 8.193019 0.000001
v 9.103360 8.247763 0.000001
v 9.009461 8.308000 0.000001
v 11.151461 9.890000 0.000001
v 11.126240 10.009693 0.000001
v 11.092609 10.120125 0.000001
v 11.050617 10.221078 0.000001
v 11.000314 10.312334 0.000001
v 10.941745 10.393672 0.000001
v 10.874961 10.464875 0.000001
v 10.800011 10.525724 0.000001
v 10.716943 10.576000 0.000001
v 10.625805 10.615484 0.000001
v 10.526647 10.643959 0.000001
v 10.419516 10.661203 0.000001
v 10.304461 10.667000 0.000001
v 10.197760 10.660802 0.000001
v 10.098350 10.642500 0.000001
v 10.006523 10.612532 0.000001
v 9.922571 10.571333 0.000001
v 9.846786 10.519343 0.000001
v 9.779461 10.457000 0.000001
v 9.720884 10.384739 0.000001
v 9.671349 10.302999 0.000001
v 9.631147 10.212218 0.000001
v 9.600571 10.112833 0.000001
v 9.579911 10.005281 0.000001
v 9.569461 9.890000 0.000001
v 13.699462 7.937000 0.000001
v 13.489461 7.937000 0.000001
v 12.103461 11.143000 0.000001
v 12.768461 11.143000 0.000001
v 13.594461 9.211000 0.000001
v 14.441462 11.143000 0.000001
v 15.120461 11.143000 0.000001
v 17.094461 11.206000 0.000001
v 17.324150 11.191705 0.000001
v 17.543045 11.149968 0.000001
v 17.749399 11.082516 0.000001
v 17.941462 10.991075 0.000001
v 18.117483 10.877369 0.000001
v 18.275711 10.743126 0.000001
v 18.414398 10.590069 0.000001
v 18.531796 10.419927 0.000001
v 18.626150 10.234423 0.000001
v 18.695713 10.035283 0.000000
v 18.738733 9.824234 0.000000
v 18.753462 9.603001 0.000000
v 18.739267 9.367292 0.000000
v 18.697657 9.144176 0.000000
v 18.630087 8.935156 0.000001
v 18.538017 8.741740 0.000001
v 18.422907 8.565436 0.000001
v 18.286213 8.407750 0.000001
v 18.129393 8.270188 0.000001
v 17.953907 8.154259 0.000001
v 17.761211 8.061468 0.000001
v 17.552769 7.993324 0.000001
v 17.330032 7.951332 0.000001
v 17.094461 7.937000 0.000001
v 16.849243 7.950798 0.000001
v 16.618462 7.991380 0.000001
v 16.403431 8.057531 0.000001
v 16.205462 8.148037 0.000001
v 16.025867 8.261682 0.000001
v 15.865962 8.397250 0.000001
v 15.727057 8.553527 0.000001
v 15.610462 8.729297 0.000001
v 15.517494 8.923344 0.000001
v 15.449463 9.134454 0.000001
v 15.407681 9.361411 0.000001
v 15.393461 9.603001 0.000001
v 15.408081 9.830115 0.000001
v 15.450920 10.045005 0.000001
v 15.520447 10.246235 0.000001
v 15.615129 10.432371 0.000001
v 15.733436 10.601979 0.000001
v 15.873837 10.753626 0.000001
v 16.034801 10.885876 0.000001
v 16.214794 10.997297 0.000001
v 16.412291 11.086454 0.000001
v 16.625753 11.151913 0.000001
v 16.853655 11.192240 0.000001
v 17.101463 10.646000 0.000001
v 16.949516 10.636971 0.000001
v 16.805809 10.610514 0.000001
v 16.671291 10.567578 0.000001
v 16.546906 10.509111 0.000001
v 16.433605 10.436061 0.000001
v 16.332336 10.349375 0.000001
v 16.244047 10.250002 0.000001
v 16.169685 10.138889 0.000001
v 16.110197 10.016985 0.000001
v 16.066532 9.885237 0.000001
v 16.039639 9.744593 0.000001
v 16.030460 9.596000 0.000001
v 16.038967 9.431739 0.000001
v 16.064098 9.278829 0.000001
v 16.105272 9.137828 0.000001
v 16.161903 9.009296 0.000001
v 16.233412 8.893792 0.000001
v 16.319210 8.791875 0.000001
v 16.418716 8.704103 0.000001
v 16.531349 8.631037 0.000001
v 16.656523 8.573235 0.000001
v 16.793655 8.531255 0.000001
v 16.942162 8.505657 0.000001
v 17.101463 8.497000 0.000001
v 17.247894 8.506062 0.000001
v 17.385675 8.532745 0.000001
v 17.514025 8.576297 0.000001
v 17.632166 8.635963 0.000001
v 17.739321 8.710990 0.000001
v 17.834711 8.800625 0.000001
v 17.917561 8.904114 0.000001
v 17.987091 9.020704 0.000001
v 18.042524 9.149641 0.000001
v 18.083082 9.290172 0.000001
v 18.107986 9.441543 0.000001
v 18.116463 9.603001 0.000001
v 18.107719 9.749984 0.000001
v 18.082109 9.889287 0.000001
v 18.040556 10.019938 0.000001
v 17.983980 10.140963 0.000001
v 17.913307 10.251391 0.000001
v 17.829462 10.350250 0.000001
v 17.733366 10.436567 0.000001
v 17.625942 10.509371 0.000001
v 17.508118 10.567688 0.000001
v 17.380814 10.610546 0.000001
v 17.244953 10.636975 0.000001
v 23.989462 11.143000 0.000000
v 23.989462 8.000000 0.000000
v 23.366463 8.000000 0.000000
v 23.366463 10.282000 0.000000
v 23.302643 10.353082 0.000000
v 23.240332 10.416069 0.000000
v 23.178993 10.471329 0.000000
v 23.118092 10.519222 0.000000
v 23.057093 10.560117 0.000000
v 22.995462 10.594376 0.000000
v 22.932665 10.622363 0.000000
v 22.868166 10.644445 0.000000
v 22.801430 10.660985 0.000000
v 22.731924 10.672348 0.000000
v 22.659113 10.678898 0.000000
v 22.582462 10.681000 0.000000
v 22.506603 10.676435 0.000000
v 22.433517 10.662560 0.000000
v 22.363930 10.639110 0.000000
v 22.298573 10.605815 0.000000
v 22.238174 10.562409 0.000000
v 22.183462 10.508625 0.000000
v 22.135166 10.444195 0.000000
v 22.094017 10.368852 0.000000
v 22.060743 10.282328 0.000000
v 22.036072 10.184357 0.000000
v 22.020737 10.074670 0.000000
v 22.015461 9.953000 0.000000
v 22.015461 8.000000 0.000000
v 21.392462 8.000000 0.000000
v 21.392462 10.282000 0.000000
v 21.335510 10.338511 0.000000
v 21.276930 10.392250 0.000000
v 21.217134 10.442781 0.000000
v 21.156536 10.489667 0.000000
v 21.095549 10.532469 0.000000
v 21.034588 10.570750 0.000000
v 20.974062 10.604073 0.000000
v 20.914387 10.632000 0.000000
v 20.855978 10.654094 0.000000
v 20.799244 10.669916 0.000000
v 20.744602 10.679031 0.000000
v 20.692461 10.681000 0.000000
v 20.604658 10.675629 0.000000
v 20.520281 10.659611 0.000000
v 20.440134 10.633094 0.000000
v 20.365017 10.596222 0.000000
v 20.295734 10.549143 0.000000
v 20.233086 10.492001 0.000000
v 20.177877 10.424941 0.000000
v 20.130907 10.348111 0.000000
v 20.092978 10.261656 0.000000
v 20.064892 10.165722 0.000000
v 20.047453 10.060455 0.000000
v 20.041462 9.946000 0.000000
v 20.041462 8.000000 0.000000
v 19.418461 8.000000 0.000000
v 19.418461 9.974000 0.000000
v 19.426819 10.154112 0.000000
v 19.451485 10.322898 0.000000
v 19.491852 10.479531 0.000000
v 19.547314 10.623185 0.000000
v 19.617260 10.753034 0.000000
v 19.701088 10.868250 0.000000
v 19.798183 10.968008 0.000000
v 19.907944 11.051481 0.000000
v 20.029758 11.117844 0.000000
v 20.163021 11.166269 0.000000
v 20.307125 11.195930 0.000000
v 20.461462 11.206000 0.000000
v 20.571018 11.200726 0.000000
v 20.675837 11.185389 0.000000
v 20.776134 11.160719 0.000000
v 20.872128 11.127445 0.000000
v 20.964039 11.086295 0.000000
v 21.052086 11.038000 0.000000
v 21.136488 10.983288 0.000000
v 21.217463 10.922889 0.000000
v 21.295227 10.857532 0.000000
v 21.370003 10.787945 0.000000
v 21.442009 10.714857 0.000000
v 21.511461 10.639000 0.000000
v 21.566412 10.728092 0.000000
v 21.626152 10.809820 0.000000
v 21.690508 10.884109 0.000000
v 21.759314 10.950890 0.000000
v 21.832396 11.010085 0.000000
v 21.909586 11.061625 0.000000
v 21.990715 11.105436 0.000000
v 22.075609 11.141445 0.000000
v 22.164103 11.169579 0.000000
v 22.256021 11.189764 0.000000
v 22.351198 11.201929 0.000000
v 22.449463 11.206000 0.000000
v 22.523115 11.202784 0.000000
v 22.597111 11.193102 0.000000
v 22.671494 11.176907 0.000000
v 22.746313 11.154148 0.000000
v 22.821621 11.124779 0.000000
v 22.897461 11.088750 0.000000
v 22.973886 11.046013 0.000000
v 23.050943 10.996519 0.000000
v 23.128681 10.940219 0.000000
v 23.207148 10.877065 0.000000
v 23.286392 10.807009 0.000000
v 23.366463 10.730000 0.000000
v 23.366463 11.143000 0.000000
vn -0.0000 -0.0000 -1.0000
vt 0.387755 0.000000
vt 0.367347 0.000000
vt 0.377551 0.000000
vt 0.357143 0.000000
vt 0.397959 0.000000
vt 0.346939 0.000000
vt 0.408163 0.000000
vt 0.336735 0.000000
vt 0.418367 0.000000
vt 0.326531 0.000000
vt 0.428571 0.000000
vt 0.316327 0.000000
vt 0.438776 0.000000
vt 0.306122 0.000000
vt 0.448980 0.000000
vt 0.877551 0.000000
vt 0.867347 0.000000
vt 0.887755 0.000000
vt 0.857143 0.000000
vt 0.897959 0.000000
vt 0.846939 0.000000
vt 0.908163 0.000000
vt 0.295918 0.000000
vt 0.836735 0.000000
vt 0.459184 0.000000
vt 0.918367 0.000000
vt 0.826531 0.000000
vt 0.928571 0.000000
vt 0.816327 0.000000
vt 0.938776 0.000000
vt 0.806122 0.000000
vt 0.948980 0.000000
vt 0.469388 0.000000
vt 0.285714 0.000000
vt 0.795918 0.000000
vt 0.959184 0.000000
vt 0.785714 0.000000
vt 0.969388 0.000000
vt 0.479592 0.000000
vt 0.275510 0.000000
vt 0.775510 0.000000
vt 0.979592 0.000000
vt 0.765306 0.000000
vt 0.989796 0.000000
vt 0.489796 0.000000
vt 0.755102 0.000000
vt 0.265306 0.000000
vt 1.000000 0.000000
vt 0.500000 0.000000
vt 0.255102 0.000000
vt 0.510204 0.000000
vt 0.244898 0.000000
vt 0.234694 0.000000
vt 0.520408 0.000000
vt 0.224490 0.000000
vt 0.214286 0.000000
vt 0.530612 0.000000
vt 0.204082 0.000000
vt 0.540816 0.000000
vt 0.193878 0.000000
vt 0.010204 0.000000
vt 0.744898 0.000000
vt 0.000000 0.000000
vt 0.183673 0.000000
vt 0.020408 0.000000
vt 0.030612 0.000000
vt 0.551020 0.000000
vt 0.173469 0.000000
vt 0.040816 0.000000
vt 0.051020 0.000000
vt 0.163265 0.000000
vt 0.061224 0.000000
vt 0.153061 0.000000
vt 0.071429 0.000000
vt 0.561224 0.000000
vt 0.081633 0.000000
vt 0.142857 0.000000
vt 0.091837 0.000000
vt 0.132653 0.000000
vt 0.102041 0.000000
vt 0.112245 0.000000
vt 0.122449 0.000000
vt 0.571429 0.000000
vt 0.734694 0.000000
vt 0.581633 0.000000
vt 0.724490 0.000000
vt 0.714286 0.000000
vt 0.591837 0.000000
vt 0.704082 0.000000
vt 0.693878 0.000000
vt 0.602041 0.000000
vt 0.683673 0.000000
vt 0.673469 0.000000
vt 0.612245 0.000000
vt 0.663265 0.000000
vt 0.653061 0.000000
vt 0.642857 0.000000
vt 0.622449 0.000000
vt 0.632653 0.000000
vt 0.833333 0.000000
vt 0.666667 0.000000
vt 0.333333 0.000000
vt 0.166667 0.000000
vt 0.010526 0.000000
vt 0.494737 0.000000
vt 0.484211 0.000000
vt 0.021053 0.000000
vt 0.473684 0.000000
vt 0.031579 0.000000
vt 0.463158 0.000000
vt 0.042105 0.000000
vt 0.452632 0.000000
vt 0.052632 0.000000
vt 0.442105 0.000000
vt 0.063158 0.000000
vt 0.431579 0.000000
vt 0.073684 0.000000
vt 0.505263 0.000000
vt 0.515789 0.000000
vt 0.989474 0.000000
vt 0.526316 0.000000
vt 0.978947 0.000000
vt 0.536842 0.000000
vt 0.421053 0.000000
vt 0.084211 0.000000
vt 0.968421 0.000000
vt 0.547368 0.000000
vt 0.957895 0.000000
vt 0.557895 0.000000
vt 0.947368 0.000000
vt 0.568421 0.000000
vt 0.410526 0.000000
vt 0.094737 0.000000
vt 0.936842 0.000000
vt 0.578947 0.000000
vt 0.926316 0.000000
vt 0.589474 0.000000
vt 0.400000 0.000000
vt 0.105263 0.000000
vt 0.915789 0.000000
vt 0.600000 0.000000
vt 0.389474 0.000000
vt 0.115789 0.000000
vt 0.905263 0.000000
vt 0.610526 0.000000
vt 0.894737 0.000000
vt 0.621053 0.000000
vt 0.378947 0.000000
vt 0.126316 0.000000
vt 0.884211 0.000000
vt 0.631579 0.000000
vt 0.136842 0.000000
vt 0.873684 0.000000
vt 0.368421 0.000000
vt 0.642105 0.000000
vt 0.863158 0.000000
vt 0.652632 0.000000
vt 0.147368 0.000000
vt 0.357895 0.000000
vt 0.852632 0.000000
vt 0.663158 0.000000
vt 0.842105 0.000000
vt 0.157895 0.000000
vt 0.673684 0.000000
vt 0.347368 0.000000
vt 0.831579 0.000000
vt 0.684211 0.000000
vt 0.168421 0.000000
vt 0.336842 0.000000
vt 0.821053 0.000000
vt 0.694737 0.000000
vt 0.810526 0.000000
vt 0.705263 0.000000
vt 0.178947 0.000000
vt 0.326316 0.000000
vt 0.800000 0.000000
vt 0.715789 0.000000
vt 0.789474 0.000000
vt 0.726316 0.000000
vt 0.778947 0.000000
vt 0.736842 0.000000
vt 0.189474 0.000000
vt 0.315789 0.000000
vt 0.768421 0.000000
vt 0.747368 0.000000
vt 0.757895 0.000000
vt 0.200000 0.000000
vt 0.305263 0.000000
vt 0.210526 0.000000
vt 0.294737 0.000000
vt 0.221053 0.000000
vt 0.284211 0.000000
vt 0.231579 0.000000
vt 0.273684 0.000000
vt 0.242105 0.000000
vt 0.263158 0.000000
vt 0.252632 0.000000
vt 0.886792 0.000000
vt 0.867925 0.000000
vt 0.877358 0.000000
vt 0.660377 0.000000
vt 0.641509 0.000000
vt 0.650943 0.000000
vt 0.896226 0.000000
vt 0.858491 0.000000
vt 0.669811 0.000000
vt 0.632075 0.000000
vt 0.905660 0.000000
vt 0.849057 0.000000
vt 0.679245 0.000000
vt 0.915094 0.000000
vt 0.839623 0.000000
vt 0.622642 0.000000
vt 0.688679 0.000000
vt 0.924528 0.000000
vt 0.009434 0.000000
vt 0.990566 0.000000
vt 0.830189 0.000000
vt 0.698113 0.000000
vt 0.933962 0.000000
vt 0.613208 0.000000
vt 0.820755 0.000000
vt 0.943396 0.000000
vt 0.707547 0.000000
vt 0.811321 0.000000
vt 0.603774 0.000000
vt 0.952830 0.000000
vt 0.716981 0.000000
vt 0.801887 0.000000
vt 0.962264 0.000000
vt 0.726415 0.000000
vt 0.594340 0.000000
vt 0.792453 0.000000
vt 0.971698 0.000000
vt 0.735849 0.000000
vt 0.783019 0.000000
vt 0.981132 0.000000
vt 0.584906 0.000000
vt 0.745283 0.000000
vt 0.773585 0.000000
vt 0.754717 0.000000
vt 0.396226 0.000000
vt 0.575472 0.000000
vt 0.028302 0.000000
vt 0.037736 0.000000
vt 0.047170 0.000000
vt 0.056604 0.000000
vt 0.066038 0.000000
vt 0.075472 0.000000
vt 0.084906 0.000000
vt 0.094340 0.000000
vt 0.103774 0.000000
vt 0.113208 0.000000
vt 0.122642 0.000000
vt 0.132075 0.000000
vt 0.141509 0.000000
vt 0.764151 0.000000
vt 0.386792 0.000000
vt 0.150943 0.000000
vt 0.405660 0.000000
vt 0.377358 0.000000
vt 0.160377 0.000000
vt 0.415094 0.000000
vt 0.367925 0.000000
vt 0.169811 0.000000
vt 0.424528 0.000000
vt 0.358491 0.000000
vt 0.179245 0.000000
vt 0.433962 0.000000
vt 0.349057 0.000000
vt 0.566038 0.000000
vt 0.188679 0.000000
vt 0.339623 0.000000
vt 0.443396 0.000000
vt 0.330189 0.000000
vt 0.198113 0.000000
vt 0.452830 0.000000
vt 0.320755 0.000000
vt 0.207547 0.000000
vt 0.462264 0.000000
vt 0.311321 0.000000
vt 0.556604 0.000000
vt 0.216981 0.000000
vt 0.301887 0.000000
vt 0.471698 0.000000
vt 0.292453 0.000000
vt 0.226415 0.000000
vt 0.481132 0.000000
vt 0.283019 0.000000
vt 0.547170 0.000000
vt 0.235849 0.000000
vt 0.018868 0.000000
vt 0.273585 0.000000
vt 0.490566 0.000000
vt 0.245283 0.000000
vt 0.537736 0.000000
vt 0.254717 0.000000
vt 0.509434 0.000000
vt 0.528302 0.000000
vt 0.264151 0.000000
vt 0.518868 0.000000
s 0
usemtl マテリアル.002
f 3771/2520/991 3769/2521/991 3770/2522/991
f 3771/2520/991 3768/2523/991 3769/2521/991
f 3772/2524/991 3768/2523/991 3771/2520/991
f 3772/2524/991 3767/2525/991 3768/2523/991
f 3773/2526/991 3767/2525/991 3772/2524/991
f 3773/2526/991 3766/2527/991 3767/2525/991
f 3774/2528/991 3766/2527/991 3773/2526/991
f 3774/2528/991 3765/2529/991 3766/2527/991
f 3775/2530/991 3765/2529/991 3774/2528/991
f 3775/2530/991 3764/2531/991 3765/2529/991
f 3776/2532/991 3764/2531/991 3775/2530/991
f 3776/2532/991 3763/2533/991 3764/2531/991
f 3777/2534/991 3819/2535/991 3776/2532/991
f 3819/2535/991 3763/2533/991 3776/2532/991
f 3777/2534/991 3818/2536/991 3819/2535/991
f 3820/2537/991 3763/2533/991 3819/2535/991
f 3777/2534/991 3817/2538/991 3818/2536/991
f 3821/2539/991 3763/2533/991 3820/2537/991
f 3777/2534/991 3816/2540/991 3817/2538/991
f 3822/2541/991 3763/2533/991 3821/2539/991
f 3822/2541/991 3762/2542/991 3763/2533/991
f 3777/2534/991 3815/2543/991 3816/2540/991
f 3778/2544/991 3815/2543/991 3777/2534/991
f 3823/2545/991 3762/2542/991 3822/2541/991
f 3778/2544/991 3814/2546/991 3815/2543/991
f 3824/2547/991 3762/2542/991 3823/2545/991
f 3778/2544/991 3813/2548/991 3814/2546/991
f 3825/2549/991 3762/2542/991 3824/2547/991
f 3778/2544/991 3812/2550/991 3813/2548/991
f 3826/2551/991 3762/2542/991 3825/2549/991
f 3779/2552/991 3812/2550/991 3778/2544/991
f 3826/2551/991 3761/2553/991 3762/2542/991
f 3779/2552/991 3811/2554/991 3812/2550/991
f 3827/2555/991 3761/2553/991 3826/2551/991
f 3779/2552/991 3810/2556/991 3811/2554/991
f 3828/2557/991 3761/2553/991 3827/2555/991
f 3780/2558/991 3810/2556/991 3779/2552/991
f 3828/2557/991 3760/2559/991 3761/2553/991
f 3780/2558/991 3809/2560/991 3810/2556/991
f 3829/2561/991 3760/2559/991 3828/2557/991
f 3780/2558/991 3808/2562/991 3809/2560/991
f 3830/2563/991 3760/2559/991 3829/2561/991
f 3781/2564/991 3808/2562/991 3780/2558/991
f 3781/2564/991 3807/2565/991 3808/2562/991
f 3830/2563/991 3759/2566/991 3760/2559/991
f 3831/2567/991 3759/2566/991 3830/2563/991
f 3781/2564/991 3831/2567/991 3807/2565/991
f 3781/2564/991 3759/2566/991 3831/2567/991
f 3782/2568/991 3759/2566/991 3781/2564/991
f 3782/2568/991 3758/2569/991 3759/2566/991
f 3783/2570/991 3757/2571/991 3782/2568/991
f 3757/2571/991 3758/2569/991 3782/2568/991
f 3783/2570/991 3756/2572/991 3757/2571/991
f 3784/2573/991 3756/2572/991 3783/2570/991
f 3784/2573/991 3755/2574/991 3756/2572/991
f 3784/2573/991 3754/2575/991 3755/2574/991
f 3785/2576/991 3754/2575/991 3784/2573/991
f 3785/2576/991 3753/2577/991 3754/2575/991
f 3786/2578/991 3753/2577/991 3785/2576/991
f 3786/2578/991 3752/2579/991 3753/2577/991
f 3734/2580/991 3806/2581/991 3733/2582/991
f 3786/2578/991 3751/2583/991 3752/2579/991
f 3735/2584/991 3806/2581/991 3734/2580/991
f 3736/2585/991 3806/2581/991 3735/2584/991
f 3787/2586/991 3751/2583/991 3786/2578/991
f 3787/2586/991 3750/2587/991 3751/2583/991
f 3737/2588/991 3806/2581/991 3736/2585/991
f 3738/2589/991 3806/2581/991 3737/2588/991
f 3787/2586/991 3749/2590/991 3750/2587/991
f 3739/2591/991 3806/2581/991 3738/2589/991
f 3787/2586/991 3748/2592/991 3749/2590/991
f 3740/2593/991 3806/2581/991 3739/2591/991
f 3788/2594/991 3748/2592/991 3787/2586/991
f 3741/2595/991 3806/2581/991 3740/2593/991
f 3788/2594/991 3747/2596/991 3748/2592/991
f 3742/2597/991 3806/2581/991 3741/2595/991
f 3788/2594/991 3746/2598/991 3747/2596/991
f 3743/2599/991 3806/2581/991 3742/2597/991
f 3744/2600/991 3806/2581/991 3743/2599/991
f 3788/2594/991 3745/2601/991 3746/2598/991
f 3745/2601/991 3806/2581/991 3744/2600/991
f 3788/2594/991 3806/2581/991 3745/2601/991
f 3789/2602/991 3806/2581/991 3788/2594/991
f 3789/2602/991 3805/2603/991 3806/2581/991
f 3790/2604/991 3805/2603/991 3789/2602/991
f 3790/2604/991 3804/2605/991 3805/2603/991
f 3790/2604/991 3803/2606/991 3804/2605/991
f 3791/2607/991 3803/2606/991 3790/2604/991
f 3791/2607/991 3802/2608/991 3803/2606/991
f 3791/2607/991 3801/2609/991 3802/2608/991
f 3792/2610/991 3801/2609/991 3791/2607/991
f 3792/2610/991 3800/2611/991 3801/2609/991
f 3792/2610/991 3799/2612/991 3800/2611/991
f 3793/2613/991 3799/2612/991 3792/2610/991
f 3793/2613/991 3798/2614/991 3799/2612/991
f 3793/2613/991 3797/2615/991 3798/2614/991
f 3793/2613/991 3796/2616/991 3797/2615/991
f 3794/2617/991 3796/2616/991 3793/2613/991
f 3794/2617/991 3795/2618/991 3796/2616/991
f 3832/2582/991 3837/2619/991 3838/2567/991
f 3832/2582/991 3836/2620/991 3837/2619/991
f 3836/2620/991 3834/2621/991 3835/2568/991
f 3836/2620/991 3833/2622/991 3834/2621/991
f 3832/2582/991 3833/2622/991 3836/2620/991
f 3840/2623/991 3886/2624/991 3839/2582/991
f 3840/2623/991 3885/2625/991 3886/2624/991
f 3841/2626/991 3885/2625/991 3840/2623/991
f 3841/2626/991 3884/2627/991 3885/2625/991
f 3842/2628/991 3884/2627/991 3841/2626/991
f 3842/2628/991 3883/2629/991 3884/2627/991
f 3843/2630/991 3883/2629/991 3842/2628/991
f 3843/2630/991 3882/2631/991 3883/2629/991
f 3844/2632/991 3882/2631/991 3843/2630/991
f 3844/2632/991 3881/2633/991 3882/2631/991
f 3845/2634/991 3881/2633/991 3844/2632/991
f 3845/2634/991 3880/2635/991 3881/2633/991
f 3846/2636/991 3887/2637/991 3845/2634/991
f 3887/2637/991 3880/2635/991 3845/2634/991
f 3846/2636/991 3934/2567/991 3887/2637/991
f 3888/2638/991 3880/2635/991 3887/2637/991
f 3846/2636/991 3933/2639/991 3934/2567/991
f 3889/2640/991 3880/2635/991 3888/2638/991
f 3846/2636/991 3932/2641/991 3933/2639/991
f 3890/2642/991 3880/2635/991 3889/2640/991
f 3890/2642/991 3879/2643/991 3880/2635/991
f 3847/2644/991 3932/2641/991 3846/2636/991
f 3847/2644/991 3931/2645/991 3932/2641/991
f 3891/2646/991 3879/2643/991 3890/2642/991
f 3847/2644/991 3930/2647/991 3931/2645/991
f 3892/2648/991 3879/2643/991 3891/2646/991
f 3847/2644/991 3929/2649/991 3930/2647/991
f 3893/2650/991 3879/2643/991 3892/2648/991
f 3893/2650/991 3878/2651/991 3879/2643/991
f 3848/2652/991 3929/2649/991 3847/2644/991
f 3848/2652/991 3928/2653/991 3929/2649/991
f 3894/2654/991 3878/2651/991 3893/2650/991
f 3848/2652/991 3927/2655/991 3928/2653/991
f 3895/2656/991 3878/2651/991 3894/2654/991
f 3895/2656/991 3877/2657/991 3878/2651/991
f 3849/2658/991 3927/2655/991 3848/2652/991
f 3849/2658/991 3926/2659/991 3927/2655/991
f 3896/2660/991 3877/2657/991 3895/2656/991
f 3896/2660/991 3876/2661/991 3877/2657/991
f 3850/2662/991 3926/2659/991 3849/2658/991
f 3850/2662/991 3925/2663/991 3926/2659/991
f 3897/2664/991 3876/2661/991 3896/2660/991
f 3850/2662/991 3924/2665/991 3925/2663/991
f 3898/2666/991 3876/2661/991 3897/2664/991
f 3898/2666/991 3875/2667/991 3876/2661/991
f 3851/2668/991 3924/2665/991 3850/2662/991
f 3851/2668/991 3923/2669/991 3924/2665/991
f 3899/2670/991 3875/2667/991 3898/2666/991
f 3852/2671/991 3923/2669/991 3851/2668/991
f 3852/2671/991 3922/2672/991 3923/2669/991
f 3899/2670/991 3874/2673/991 3875/2667/991
f 3900/2674/991 3874/2673/991 3899/2670/991
f 3852/2671/991 3921/2675/991 3922/2672/991
f 3901/2676/991 3874/2673/991 3900/2674/991
f 3853/2677/991 3921/2675/991 3852/2671/991
f 3901/2676/991 3873/2678/991 3874/2673/991
f 3853/2677/991 3920/2679/991 3921/2675/991
f 3902/2680/991 3873/2678/991 3901/2676/991
f 3853/2677/991 3919/2681/991 3920/2679/991
f 3854/2682/991 3919/2681/991 3853/2677/991
f 3903/2683/991 3873/2678/991 3902/2680/991
f 3903/2683/991 3872/2684/991 3873/2678/991
f 3854/2682/991 3918/2685/991 3919/2681/991
f 3904/2686/991 3872/2684/991 3903/2683/991
f 3855/2687/991 3918/2685/991 3854/2682/991
f 3904/2686/991 3871/2688/991 3872/2684/991
f 3855/2687/991 3917/2689/991 3918/2685/991
f 3905/2690/991 3871/2688/991 3904/2686/991
f 3855/2687/991 3916/2691/991 3917/2689/991
f 3906/2692/991 3871/2688/991 3905/2690/991
f 3856/2693/991 3916/2691/991 3855/2687/991
f 3906/2692/991 3870/2694/991 3871/2688/991
f 3856/2693/991 3915/2695/991 3916/2691/991
f 3907/2696/991 3870/2694/991 3906/2692/991
f 3856/2693/991 3914/2697/991 3915/2695/991
f 3908/2698/991 3870/2694/991 3907/2696/991
f 3856/2693/991 3913/2699/991 3914/2697/991
f 3909/2700/991 3870/2694/991 3908/2698/991
f 3857/2701/991 3913/2699/991 3856/2693/991
f 3909/2700/991 3869/2702/991 3870/2694/991
f 3857/2701/991 3912/2703/991 3913/2699/991
f 3910/2704/991 3869/2702/991 3909/2700/991
f 3857/2701/991 3911/2705/991 3912/2703/991
f 3911/2705/991 3869/2702/991 3910/2704/991
f 3857/2701/991 3869/2702/991 3911/2705/991
f 3858/2706/991 3869/2702/991 3857/2701/991
f 3858/2706/991 3868/2707/991 3869/2702/991
f 3859/2708/991 3868/2707/991 3858/2706/991
f 3859/2708/991 3867/2709/991 3868/2707/991
f 3860/2710/991 3867/2709/991 3859/2708/991
f 3860/2710/991 3866/2711/991 3867/2709/991
f 3861/2712/991 3866/2711/991 3860/2710/991
f 3861/2712/991 3865/2713/991 3866/2711/991
f 3862/2714/991 3865/2713/991 3861/2712/991
f 3862/2714/991 3864/2715/991 3865/2713/991
f 3863/2716/991 3864/2715/991 3862/2714/991
f 4029/2717/991 4027/2718/991 4028/2719/991
f 4005/2720/991 4003/2721/991 4004/2722/991
f 4030/2723/991 4027/2718/991 4029/2717/991
f 4030/2723/991 4026/2724/991 4027/2718/991
f 4006/2725/991 4003/2721/991 4005/2720/991
f 4006/2725/991 4002/2726/991 4003/2721/991
f 4031/2727/991 4026/2724/991 4030/2723/991
f 4031/2727/991 4025/2728/991 4026/2724/991
f 4007/2729/991 4002/2726/991 4006/2725/991
f 4032/2730/991 4025/2728/991 4031/2727/991
f 4032/2730/991 4024/2731/991 4025/2728/991
f 4007/2729/991 4001/2732/991 4002/2726/991
f 4008/2733/991 4001/2732/991 4007/2729/991
f 4033/2734/991 4024/2731/991 4032/2730/991
f 3936/2735/991 4041/2567/991 3935/2582/991
f 3936/2735/991 4040/2736/991 4041/2567/991
f 4033/2734/991 4023/2737/991 4024/2731/991
f 4009/2738/991 4001/2732/991 4008/2733/991
f 4034/2739/991 4023/2737/991 4033/2734/991
f 4009/2738/991 4000/2740/991 4001/2732/991
f 4034/2739/991 4022/2741/991 4023/2737/991
f 4035/2742/991 4022/2741/991 4034/2739/991
f 4010/2743/991 4000/2740/991 4009/2738/991
f 4035/2742/991 4021/2744/991 4022/2741/991
f 4010/2743/991 3999/2745/991 4000/2740/991
f 4036/2746/991 4021/2744/991 4035/2742/991
f 4011/2747/991 3999/2745/991 4010/2743/991
f 4036/2746/991 4020/2748/991 4021/2744/991
f 4037/2749/991 4020/2748/991 4036/2746/991
f 4012/2750/991 3999/2745/991 4011/2747/991
f 4012/2750/991 3998/2751/991 3999/2745/991
f 4037/2749/991 4019/2752/991 4020/2748/991
f 4038/2753/991 4019/2752/991 4037/2749/991
f 4013/2754/991 3998/2751/991 4012/2750/991
f 4038/2753/991 4018/2755/991 4019/2752/991
f 4039/2756/991 4018/2755/991 4038/2753/991
f 4013/2754/991 3997/2757/991 3998/2751/991
f 4014/2758/991 3997/2757/991 4013/2754/991
f 4039/2756/991 4017/2759/991 4018/2755/991
f 4040/2736/991 4017/2759/991 4039/2756/991
f 4015/2760/991 3997/2757/991 4014/2758/991
f 4015/2760/991 3977/2761/991 3997/2757/991
f 3977/2761/991 3996/2762/991 3997/2757/991
f 3936/2735/991 3938/2763/991 4040/2736/991
f 3938/2763/991 3939/2764/991 4040/2736/991
f 3939/2764/991 3940/2765/991 4040/2736/991
f 3940/2765/991 3941/2766/991 4040/2736/991
f 3941/2766/991 3942/2767/991 4040/2736/991
f 3942/2767/991 3943/2768/991 4040/2736/991
f 3943/2768/991 3944/2769/991 4040/2736/991
f 3944/2769/991 3945/2770/991 4040/2736/991
f 3945/2770/991 3946/2771/991 4040/2736/991
f 3946/2771/991 3947/2772/991 4040/2736/991
f 3947/2772/991 3948/2773/991 4040/2736/991
f 3948/2773/991 3949/2774/991 4040/2736/991
f 3949/2774/991 4017/2759/991 4040/2736/991
f 3949/2774/991 3950/2775/991 4017/2759/991
f 3950/2775/991 4016/2776/991 4017/2759/991
f 4016/2776/991 3976/2777/991 4015/2760/991
f 3976/2777/991 3977/2761/991 4015/2760/991
f 3951/2778/991 4016/2776/991 3950/2775/991
f 3978/2779/991 3996/2762/991 3977/2761/991
f 4016/2776/991 3975/2780/991 3976/2777/991
f 3952/2781/991 4016/2776/991 3951/2778/991
f 3979/2782/991 3996/2762/991 3978/2779/991
f 4016/2776/991 3974/2783/991 3975/2780/991
f 3953/2784/991 4016/2776/991 3952/2781/991
f 3980/2785/991 3996/2762/991 3979/2782/991
f 4016/2776/991 3973/2786/991 3974/2783/991
f 3954/2787/991 4016/2776/991 3953/2784/991
f 3954/2787/991 3973/2786/991 4016/2776/991
f 3981/2788/991 3996/2762/991 3980/2785/991
f 3954/2787/991 3972/2789/991 3973/2786/991
f 3981/2788/991 3995/2790/991 3996/2762/991
f 3955/2791/991 3972/2789/991 3954/2787/991
f 3955/2791/991 3971/2792/991 3972/2789/991
f 3982/2793/991 3995/2790/991 3981/2788/991
f 3955/2791/991 3970/2794/991 3971/2792/991
f 3956/2795/991 3970/2794/991 3955/2791/991
f 3983/2796/991 3995/2790/991 3982/2793/991
f 3956/2795/991 3969/2797/991 3970/2794/991
f 3957/2798/991 3969/2797/991 3956/2795/991
f 3984/2799/991 3995/2790/991 3983/2796/991
f 3957/2798/991 3968/2800/991 3969/2797/991
f 3984/2799/991 3994/2801/991 3995/2790/991
f 3958/2802/991 3968/2800/991 3957/2798/991
f 3958/2802/991 3967/2803/991 3968/2800/991
f 3985/2804/991 3994/2801/991 3984/2799/991
f 3958/2802/991 3966/2805/991 3967/2803/991
f 3959/2806/991 3966/2805/991 3958/2802/991
f 3986/2807/991 3994/2801/991 3985/2804/991
f 3959/2806/991 3965/2808/991 3966/2805/991
f 3986/2807/991 3993/2809/991 3994/2801/991
f 3960/2810/991 3965/2808/991 3959/2806/991
f 3936/2735/991 3937/2811/991 3938/2763/991
f 3960/2810/991 3964/2812/991 3965/2808/991
f 3987/2813/991 3993/2809/991 3986/2807/991
f 3961/2814/991 3964/2812/991 3960/2810/991
f 3988/2568/991 3993/2809/991 3987/2813/991
f 3988/2568/991 3992/2815/991 3993/2809/991
f 3962/2816/991 3964/2812/991 3961/2814/991
f 3989/2817/991 3992/2815/991 3988/2568/991
f 3989/2817/991 3991/2818/991 3992/2815/991
f 3963/2819/991 3964/2812/991 3962/2816/991
f 3990/2820/991 3991/2818/991 3989/2817/991
o テキスト.003
v -26.931175 12.411721 0.000002
v -26.927753 12.461665 0.000002
v -26.917791 12.509688 0.000002
v -26.901752 12.555330 0.000002
v -26.880100 12.598128 0.000002
v -26.853294 12.637621 0.000002
v -26.821798 12.673346 0.000002
v -26.786074 12.704842 0.000002
v -26.746582 12.731647 0.000002
v -26.703785 12.753299 0.000002
v -26.658142 12.769337 0.000002
v -26.610119 12.779298 0.000002
v -26.560175 12.782721 0.000002
v -26.510229 12.779298 0.000002
v -26.462206 12.769337 0.000002
v -26.416565 12.753300 0.000002
v -26.373766 12.731647 0.000002
v -26.334274 12.704842 0.000002
v -26.298550 12.673347 0.000002
v -26.267054 12.637621 0.000002
v -26.240250 12.598128 0.000002
v -26.218596 12.555330 0.000002
v -26.202557 12.509689 0.000002
v -26.192596 12.461665 0.000002
v -26.189175 12.411721 0.000002
v -26.192596 12.361777 0.000002
v -26.202559 12.313754 0.000002
v -26.218597 12.268112 0.000002
v -26.240250 12.225314 0.000002
v -26.267056 12.185822 0.000002
v -26.298552 12.150097 0.000002
v -26.334276 12.118601 0.000002
v -26.373768 12.091795 0.000002
v -26.416567 12.070143 0.000002
v -26.462208 12.054106 0.000002
v -26.510231 12.044144 0.000002
v -26.560175 12.040721 0.000002
v -26.610119 12.044144 0.000002
v -26.658142 12.054106 0.000002
v -26.703785 12.070143 0.000002
v -26.746582 12.091795 0.000002
v -26.786074 12.118600 0.000002
v -26.821798 12.150096 0.000002
v -26.853294 12.185822 0.000002
v -26.880100 12.225314 0.000002
v -26.901752 12.268112 0.000002
v -26.917791 12.313753 0.000002
v -26.927753 12.361777 0.000002
v -26.868176 11.459721 0.000002
v -26.245174 11.459721 0.000002
v -26.245174 8.316721 0.000002
v -26.868176 8.316721 0.000002
v -25.503174 9.226721 0.000002
v -25.412304 9.169287 0.000002
v -25.321629 9.116082 0.000002
v -25.231049 9.067252 0.000002
v -25.140471 9.022943 0.000002
v -25.049793 8.983301 0.000002
v -24.958923 8.948471 0.000002
v -24.867762 8.918599 0.000002
v -24.776211 8.893832 0.000002
v -24.684175 8.874315 0.000002
v -24.591555 8.860193 0.000002
v -24.498253 8.851613 0.000002
v -24.404175 8.848721 0.000002
v -24.258787 8.855417 0.000002
v -24.123655 8.875457 0.000002
v -23.998829 8.908768 0.000002
v -23.884357 8.955276 0.000002
v -23.780289 9.014910 0.000002
v -23.686672 9.087595 0.000002
v -23.603556 9.173261 0.000002
v -23.530987 9.271832 0.000002
v -23.469017 9.383236 0.000002
v -23.417692 9.507401 0.000002
v -23.377062 9.644254 0.000002
v -23.347176 9.793721 0.000002
v -25.559175 9.793721 0.000002
v -25.548225 10.071841 0.000002
v -25.515911 10.325267 0.000002
v -25.463036 10.554096 0.000002
v -25.390398 10.758425 0.000002
v -25.298801 10.938351 0.000002
v -25.189049 11.093971 0.000002
v -25.061943 11.225383 0.000002
v -24.918285 11.332684 0.000002
v -24.758879 11.415971 0.000002
v -24.584522 11.475342 0.000002
v -24.396019 11.510893 0.000002
v -24.194174 11.522721 0.000002
v -23.982910 11.509500 0.000002
v -23.783897 11.470611 0.000002
v -23.598301 11.407221 0.000002
v -23.427288 11.320499 0.000002
v -23.272022 11.211611 0.000002
v -23.133675 11.081721 0.000002
v -23.013411 10.931999 0.000002
v -22.912397 10.763611 0.000002
v -22.831799 10.577722 0.000002
v -22.772785 10.375500 0.000002
v -22.736523 10.158110 0.000002
v -22.724174 9.926722 0.000002
v -22.735483 9.711463 0.000002
v -22.769154 9.501406 0.000002
v -22.824799 9.299128 0.000002
v -22.902025 9.107203 0.000002
v -23.000446 8.928208 0.000002
v -23.119673 8.764721 0.000002
v -23.259317 8.619318 0.000002
v -23.418989 8.494574 0.000002
v -23.598299 8.393065 0.000002
v -23.796860 8.317369 0.000002
v -24.014282 8.270062 0.000002
v -24.250175 8.253721 0.000002
v -24.379366 8.256208 0.000002
v -24.501463 8.263703 0.000002
v -24.617237 8.276253 0.000002
v -24.727472 8.293907 0.000002
v -24.832941 8.316713 0.000002
v -24.934425 8.344721 0.000002
v -25.032701 8.377979 0.000002
v -25.128546 8.416536 0.000002
v -25.222738 8.460440 0.000002
v -25.316055 8.509740 0.000002
v -25.409275 8.564484 0.000002
v -25.503174 8.624722 0.000002
v -23.361174 10.206720 0.000002
v -23.386395 10.326414 0.000002
v -23.420025 10.436846 0.000002
v -23.462017 10.537799 0.000002
v -23.512321 10.629055 0.000002
v -23.570890 10.710393 0.000002
v -23.637674 10.781596 0.000002
v -23.712624 10.842445 0.000002
v -23.795692 10.892721 0.000002
v -23.886829 10.932206 0.000002
v -23.985987 10.960680 0.000002
v -24.093117 10.977924 0.000002
v -24.208174 10.983721 0.000002
v -24.314877 10.977524 0.000002
v -24.414286 10.959221 0.000002
v -24.506111 10.929253 0.000002
v -24.590065 10.888055 0.000002
v -24.665848 10.836065 0.000002
v -24.733175 10.773722 0.000002
v -24.791752 10.701461 0.000002
v -24.841286 10.619721 0.000002
v -24.881487 10.528940 0.000002
v -24.912064 10.429554 0.000002
v -24.932724 10.322002 0.000002
v -24.943174 10.206720 0.000002
v -17.453175 11.459721 0.000001
v -17.453175 8.316721 0.000001
v -18.076176 8.316721 0.000001
v -18.076176 10.598721 0.000001
v -18.139994 10.669803 0.000001
v -18.202305 10.732790 0.000001
v -18.263643 10.788050 0.000001
v -18.324545 10.835943 0.000001
v -18.385544 10.876838 0.000001
v -18.447174 10.911097 0.000001
v -18.509972 10.939084 0.000001
v -18.574471 10.961165 0.000001
v -18.641207 10.977705 0.000001
v -18.710712 10.989069 0.000001
v -18.783524 10.995619 0.000001
v -18.860176 10.997721 0.000001
v -18.936033 10.993155 0.000001
v -19.009119 10.979281 0.000001
v -19.078707 10.955831 0.000001
v -19.144064 10.922536 0.000001
v -19.204464 10.879130 0.000001
v -19.259176 10.825346 0.000001
v -19.307472 10.760916 0.000001
v -19.348621 10.685574 0.000001
v -19.381897 10.599050 0.000001
v -19.406567 10.501078 0.000001
v -19.421904 10.391392 0.000001
v -19.427176 10.269721 0.000001
v -19.427176 8.316721 0.000001
v -20.050175 8.316721 0.000001
v -20.050175 10.598721 0.000001
v -20.107128 10.655231 0.000001
v -20.165707 10.708971 0.000001
v -20.225502 10.759502 0.000001
v -20.286100 10.806387 0.000001
v -20.347086 10.849190 0.000001
v -20.408049 10.887470 0.000001
v -20.468575 10.920794 0.000001
v -20.528248 10.948721 0.000001
v -20.586658 10.970815 0.000001
v -20.643394 10.986637 0.000001
v -20.698036 10.995752 0.000001
v -20.750175 10.997721 0.000001
v -20.837978 10.992350 0.000001
v -20.922356 10.976332 0.000001
v -21.002502 10.949815 0.000001
v -21.077618 10.912943 0.000001
v -21.146900 10.865864 0.000001
v -21.209549 10.808722 0.000001
v -21.264759 10.741662 0.000001
v -21.311729 10.664832 0.000001
v -21.349657 10.578377 0.000001
v -21.377743 10.482443 0.000001
v -21.395182 10.377176 0.000001
v -21.401176 10.262721 0.000001
v -21.401176 8.316721 0.000001
v -22.024174 8.316721 0.000001
v -22.024174 10.290721 0.000001
v -22.015818 10.470833 0.000001
v -21.991152 10.639620 0.000001
v -21.950783 10.796252 0.000001
v -21.895321 10.939907 0.000001
v -21.825375 11.069756 0.000001
v -21.741549 11.184972 0.000001
v -21.644453 11.284730 0.000001
v -21.534693 11.368204 0.000001
v -21.412876 11.434566 0.000001
v -21.279613 11.482990 0.000001
v -21.135509 11.512651 0.000001
v -20.981174 11.522721 0.000001
v -20.871618 11.517447 0.000001
v -20.766800 11.502110 0.000001
v -20.666504 11.477440 0.000001
v -20.570509 11.444166 0.000001
v -20.478598 11.403017 0.000001
v -20.390553 11.354721 0.000001
v -20.306150 11.300010 0.000001
v -20.225178 11.239611 0.000001
v -20.147411 11.174253 0.000001
v -20.072636 11.104666 0.000001
v -20.000629 11.031578 0.000001
v -19.931175 10.955721 0.000001
v -19.876225 11.044813 0.000001
v -19.816486 11.126540 0.000001
v -19.752129 11.200830 0.000001
v -19.683323 11.267611 0.000001
v -19.610241 11.326806 0.000001
v -19.533051 11.378345 0.000001
v -19.451923 11.422157 0.000001
v -19.367027 11.458166 0.000001
v -19.278536 11.486300 0.000001
v -19.186615 11.506485 0.000001
v -19.091438 11.518650 0.000001
v -18.993176 11.522721 0.000001
v -18.919521 11.519505 0.000001
v -18.845528 11.509823 0.000001
v -18.771143 11.493628 0.000001
v -18.696323 11.470869 0.000001
v -18.621016 11.441500 0.000001
v -18.545174 11.405471 0.000001
v -18.468750 11.362734 0.000001
v -18.391693 11.313240 0.000001
v -18.313955 11.256940 0.000001
v -18.235489 11.193786 0.000001
v -18.156246 11.123730 0.000001
v -18.076176 11.046721 0.000001
v -18.076176 11.459721 0.000001
v -16.599174 8.316721 0.000001
v -16.599174 11.459721 0.000001
v -15.976175 11.459721 0.000001
v -15.976175 9.212721 0.000001
v -15.924141 9.143754 0.000001
v -15.869653 9.080401 0.000001
v -15.812879 9.022737 0.000001
v -15.753990 8.970833 0.000001
v -15.693158 8.924761 0.000001
v -15.630550 8.884596 0.000001
v -15.566339 8.850410 0.000001
v -15.500694 8.822277 0.000001
v -15.433785 8.800268 0.000001
v -15.365783 8.784457 0.000001
v -15.296856 8.774918 0.000001
v -15.227176 8.771721 0.000001
v -15.124804 8.776935 0.000001
v -15.031207 8.792429 0.000001
v -14.946409 8.817986 0.000001
v -14.870434 8.853388 0.000001
v -14.803307 8.898414 0.000001
v -14.745049 8.952846 0.000001
v -14.695689 9.016465 0.000001
v -14.655249 9.089054 0.000001
v -14.623753 9.170393 0.000001
v -14.601226 9.260262 0.000001
v -14.587691 9.358444 0.000001
v -14.583176 9.464722 0.000001
v -14.583176 11.459721 0.000001
v -13.960175 11.459721 0.000001
v -13.960175 9.506721 0.000001
v -13.969357 9.314432 0.000001
v -13.996308 9.136823 0.000001
v -14.040127 8.974283 0.000001
v -14.099915 8.827202 0.000001
v -14.174772 8.695969 0.000001
v -14.263800 8.580971 0.000001
v -14.366097 8.482598 0.000001
v -14.480767 8.401239 0.000001
v -14.606909 8.337284 0.000001
v -14.743624 8.291120 0.000001
v -14.890013 8.263136 0.000001
v -15.045176 8.253721 0.000001
v -15.123249 8.257465 0.000001
v -15.203096 8.268499 0.000001
v -15.284160 8.286534 0.000001
v -15.365878 8.311277 0.000001
v -15.447695 8.342437 0.000001
v -15.529050 8.379722 0.000001
v -15.609384 8.422840 0.000001
v -15.688138 8.471499 0.000001
v -15.764753 8.525409 0.000001
v -15.838671 8.584277 0.000001
v -15.909330 8.647812 0.000001
v -15.976175 8.715721 0.000001
v -15.976175 8.316721 0.000001
v -12.378176 12.110722 0.000001
v -11.209175 10.969721 0.000001
v -11.209175 10.899721 0.000001
v -11.755176 10.899721 0.000001
v -11.755176 9.240721 0.000001
v -11.762318 9.102191 0.000001
v -11.783726 8.970735 0.000001
v -11.819378 8.847299 0.000001
v -11.869249 8.732832 0.000001
v -11.933314 8.628282 0.000001
v -12.011550 8.534595 0.000001
v -12.103931 8.452723 0.000001
v -12.210434 8.383610 0.000001
v -12.331034 8.328205 0.000001
v -12.465707 8.287457 0.000001
v -12.614429 8.262313 0.000001
v -12.777175 8.253721 0.000001
v -12.830550 8.255581 0.000001
v -12.888592 8.261013 0.000001
v -12.950425 8.269799 0.000001
v -13.015175 8.281721 0.000001
v -13.081966 8.296559 0.000001
v -13.149925 8.314095 0.000001
v -13.218175 8.334111 0.000001
v -13.285842 8.356387 0.000001
v -13.352050 8.380705 0.000001
v -13.415925 8.406845 0.000001
v -13.476591 8.434589 0.000001
v -13.533175 8.463721 0.000001
v -13.533175 9.044721 0.000001
v -13.470605 9.007825 0.000001
v -13.408860 8.974137 0.000001
v -13.347894 8.943659 0.000001
v -13.287656 8.916388 0.000001
v -13.228099 8.892324 0.000001
v -13.169174 8.871471 0.000001
v -13.110832 8.853825 0.000001
v -13.053026 8.839388 0.000001
v -12.995705 8.828157 0.000001
v -12.938822 8.820137 0.000001
v -12.882328 8.815325 0.000001
v -12.826175 8.813721 0.000001
v -12.779128 8.816002 0.000001
v -12.729795 8.823216 0.000001
v -12.679394 8.835924 0.000001
v -12.629139 8.854684 0.000001
v -12.580244 8.880054 0.000001
v -12.533926 8.912596 0.000001
v -12.491400 8.952867 0.000001
v -12.453879 9.001425 0.000001
v -12.422582 9.058830 0.000001
v -12.398722 9.125643 0.000001
v -12.383514 9.202419 0.000001
v -12.378176 9.289721 0.000001
v -12.378176 10.899721 0.000001
v -13.372175 10.899721 0.000001
v -13.372175 11.459721 0.000001
v -12.378176 11.459721 0.000001
v -10.922175 9.226721 0.000001
v -10.831305 9.169287 0.000000
v -10.740629 9.116082 0.000000
v -10.650050 9.067252 0.000000
v -10.559471 9.022943 0.000000
v -10.468796 8.983301 0.000000
v -10.377926 8.948471 0.000000
v -10.286764 8.918599 0.000000
v -10.195213 8.893832 0.000000
v -10.103176 8.874315 0.000000
v -10.010555 8.860193 0.000000
v -9.917254 8.851613 0.000000
v -9.823175 8.848721 0.000000
v -9.677788 8.855417 0.000000
v -9.542656 8.875457 0.000000
v -9.417831 8.908768 0.000000
v -9.303360 8.955276 0.000000
v -9.199292 9.014910 0.000000
v -9.105675 9.087595 0.000000
v -9.022558 9.173261 0.000000
v -8.949989 9.271832 0.000000
v -8.888019 9.383236 0.000000
v -8.836693 9.507401 0.000000
v -8.796062 9.644254 0.000000
v -8.766175 9.793721 0.000000
v -10.978175 9.793721 0.000001
v -10.967225 10.071841 0.000001
v -10.934911 10.325267 0.000001
v -10.882034 10.554096 0.000001
v -10.809397 10.758425 0.000000
v -10.717802 10.938351 0.000000
v -10.608049 11.093971 0.000000
v -10.480944 11.225383 0.000000
v -10.337286 11.332684 0.000000
v -10.177877 11.415971 0.000000
v -10.003521 11.475342 0.000000
v -9.815020 11.510893 0.000000
v -9.613174 11.522721 0.000000
v -9.401911 11.509500 0.000000
v -9.202897 11.470611 0.000000
v -9.017300 11.407221 0.000000
v -8.846286 11.320499 0.000000
v -8.691022 11.211611 0.000000
v -8.552675 11.081721 0.000000
v -8.432411 10.931999 0.000000
v -8.331397 10.763611 0.000000
v -8.250799 10.577722 0.000000
v -8.191786 10.375500 0.000000
v -8.155521 10.158110 0.000000
v -8.143175 9.926722 0.000000
v -8.154486 9.711463 0.000000
v -8.188156 9.501406 0.000000
v -8.243800 9.299128 0.000000
v -8.321027 9.107203 0.000000
v -8.419448 8.928208 0.000000
v -8.538675 8.764721 0.000000
v -8.678318 8.619318 0.000000
v -8.837990 8.494574 0.000000
v -9.017300 8.393065 0.000000
v -9.215860 8.317369 0.000000
v -9.433281 8.270062 0.000000
v -9.669175 8.253721 0.000000
v -9.798368 8.256208 0.000000
v -9.920462 8.263703 0.000000
v -10.036238 8.276253 0.000000
v -10.146471 8.293907 0.000000
v -10.251942 8.316713 0.000000
v -10.353425 8.344721 0.000000
v -10.451700 8.377979 0.000000
v -10.547545 8.416536 0.000000
v -10.641738 8.460440 0.000000
v -10.735055 8.509740 0.000000
v -10.828275 8.564484 0.000000
v -10.922175 8.624722 0.000001
v -8.780175 10.206720 0.000000
v -8.805396 10.326414 0.000000
v -8.839027 10.436846 0.000000
v -8.881020 10.537799 0.000000
v -8.931324 10.629055 0.000000
v -8.989892 10.710393 0.000000
v -9.056675 10.781596 0.000000
v -9.131626 10.842445 0.000000
v -9.214694 10.892721 0.000000
v -9.305832 10.932206 0.000000
v -9.404990 10.960680 0.000000
v -9.512121 10.977924 0.000000
v -9.627174 10.983721 0.000000
v -9.733876 10.977524 0.000000
v -9.833286 10.959221 0.000000
v -9.925112 10.929253 0.000000
v -10.009064 10.888055 0.000000
v -10.084848 10.836065 0.000000
v -10.152175 10.773722 0.000000
v -10.210752 10.701461 0.000000
v -10.260286 10.619721 0.000000
v -10.300488 10.528940 0.000000
v -10.331064 10.429554 0.000000
v -10.351723 10.322002 0.000000
v -10.362175 10.206720 0.000000
v -7.429175 11.263721 0.000000
v -7.347496 11.305579 0.000000
v -7.266911 11.343670 0.000000
v -7.187346 11.378017 0.000000
v -7.108730 11.408647 0.000000
v -7.030989 11.435581 0.000000
v -6.954050 11.458846 0.000000
v -6.877840 11.478464 0.000000
v -6.802286 11.494462 0.000000
v -6.727315 11.506862 0.000000
v -6.652855 11.515689 0.000000
v -6.578833 11.520967 0.000000
v -6.505175 11.522721 0.000000
v -6.352447 11.516078 0.000000
v -6.209684 11.496407 0.000000
v -6.077518 11.464096 0.000000
v -5.956582 11.419537 0.000000
v -5.847507 11.363115 0.000000
v -5.750925 11.295222 0.000000
v -5.667468 11.216246 0.000000
v -5.597767 11.126574 0.000000
v -5.542456 11.026598 0.000000
v -5.502165 10.916704 0.000000
v -5.477528 10.797283 0.000000
v -5.469175 10.668721 0.000000
v -5.498098 10.469330 0.000000
v -5.578063 10.292763 0.000000
v -5.698862 10.136173 0.000000
v -5.850286 9.996721 0.000000
v -6.022126 9.871559 0.000000
v -6.204175 9.757846 0.000000
v -6.386223 9.652737 0.000000
v -6.558064 9.553388 0.000000
v -6.709487 9.456955 0.000000
v -6.830286 9.360596 0.000000
v -6.910252 9.261465 0.000000
v -6.939175 9.156721 0.000000
v -6.934897 9.102909 0.000000
v -6.922453 9.053471 0.000000
v -6.902425 9.008409 0.000000
v -6.875397 8.967721 0.000000
v -6.841953 8.931408 0.000000
v -6.802675 8.899471 0.000000
v -6.758147 8.871908 0.000000
v -6.708953 8.848721 0.000000
v -6.655675 8.829908 0.000000
v -6.598897 8.815471 0.000000
v -6.539203 8.805408 0.000000
v -6.477175 8.799721 0.000000
v -6.411744 8.802500 0.000000
v -6.341647 8.810869 0.000000
v -6.267175 8.824877 0.000000
v -6.188619 8.844572 0.000000
v -6.106272 8.870005 0.000000
v -6.020425 8.901220 0.000000
v -5.931369 8.938271 0.000000
v -5.839397 8.981202 0.000000
v -5.744800 9.030064 0.000000
v -5.647869 9.084906 0.000000
v -5.548897 9.145775 0.000000
v -5.448175 9.212721 0.000000
v -5.448175 8.540721 0.000000
v -5.547596 8.490959 0.000000
v -5.643300 8.446545 0.000000
v -5.735940 8.407284 0.000000
v -5.826175 8.372980 0.000000
v -5.914660 8.343441 0.000000
v -6.002050 8.318472 0.000000
v -6.089003 8.297876 0.000000
v -6.176175 8.281462 0.000000
v -6.264222 8.269034 0.000000
v -6.353800 8.260398 0.000000
v -6.445566 8.255359 0.000000
v -6.540175 8.253721 0.000000
v -6.685551 8.261341 0.000000
v -6.823513 8.283763 0.000000
v -6.953065 8.320331 0.000000
v -7.073212 8.370388 0.000000
v -7.182956 8.433279 0.000000
v -7.281300 8.508347 0.000000
v -7.367249 8.594934 0.000000
v -7.439805 8.692389 0.000000
v -7.497972 8.800049 0.000000
v -7.540754 8.917263 0.000000
v -7.567154 9.043372 0.000000
v -7.576175 9.177721 0.000000
v -7.572156 9.256167 0.000000
v -7.559777 9.331041 0.000000
v -7.538550 9.403143 0.000000
v -7.507990 9.473277 0.000000
v -7.467610 9.542244 0.000000
v -7.416925 9.610846 0.000000
v -7.355448 9.679886 0.000000
v -7.282693 9.750166 0.000000
v -7.198174 9.822487 0.000000
v -7.101406 9.897652 0.000000
v -6.991901 9.976461 0.000000
v -6.869175 10.059721 0.000000
v -6.737994 10.137085 0.000000
v -6.620643 10.208471 0.000000
v -6.516659 10.274315 0.000000
v -6.425582 10.335054 0.000000
v -6.346950 10.391127 0.000000
v -6.280300 10.442970 0.000000
v -6.225171 10.491023 0.000000
v -6.181101 10.535721 0.000000
v -6.147628 10.577502 0.000000
v -6.124290 10.616804 0.000000
v -6.110627 10.654064 0.000000
v -6.106175 10.689721 0.000000
v -6.109488 10.730659 0.000000
v -6.119267 10.769314 0.000000
v -6.135269 10.805440 0.000000
v -6.157249 10.838795 0.000000
v -6.184965 10.869137 0.000000
v -6.218175 10.896221 0.000000
v -6.256634 10.919806 0.000000
v -6.300101 10.939648 0.000000
v -6.348331 10.955503 0.000000
v -6.401082 10.967129 0.000000
v -6.458111 10.974283 0.000000
v -6.519175 10.976721 0.000000
v -6.578922 10.974659 0.000000
v -6.642485 10.968392 0.000000
v -6.709597 10.957799 0.000000
v -6.779990 10.942758 0.000000
v -6.853396 10.923147 0.000000
v -6.929550 10.898846 0.000000
v -7.008183 10.869732 0.000000
v -7.089026 10.835684 0.000000
v -7.171815 10.796581 0.000000
v -7.256281 10.752300 0.000000
v -7.342157 10.702721 0.000000
v -7.429175 10.647720 0.000000
vn -0.0000 -0.0000 -1.0000
vt 0.980392 0.000000
vt 0.941176 0.000000
vt 0.960784 0.000000
vt 1.000000 0.000000
vt 0.254902 0.000000
vt 0.215686 0.000000
vt 0.235294 0.000000
vt 0.274510 0.000000
vt 0.196078 0.000000
vt 0.294118 0.000000
vt 0.176471 0.000000
vt 0.313726 0.000000
vt 0.156863 0.000000
vt 0.333333 0.000000
vt 0.137255 0.000000
vt 0.352941 0.000000
vt 0.117647 0.000000
vt 0.372549 0.000000
vt 0.098039 0.000000
vt 0.392157 0.000000
vt 0.078431 0.000000
vt 0.411765 0.000000
vt 0.058824 0.000000
vt 0.431373 0.000000
vt 0.039216 0.000000
vt 0.450980 0.000000
vt 0.019608 0.000000
vt 0.470588 0.000000
vt 0.000000 0.000000
vt 0.490196 0.000000
vt 0.921569 0.000000
vt 0.509804 0.000000
vt 0.901961 0.000000
vt 0.529412 0.000000
vt 0.882353 0.000000
vt 0.549020 0.000000
vt 0.862745 0.000000
vt 0.568627 0.000000
vt 0.843137 0.000000
vt 0.588235 0.000000
vt 0.823529 0.000000
vt 0.607843 0.000000
vt 0.803922 0.000000
vt 0.627451 0.000000
vt 0.784314 0.000000
vt 0.647059 0.000000
vt 0.764706 0.000000
vt 0.666667 0.000000
vt 0.745098 0.000000
vt 0.686275 0.000000
vt 0.725490 0.000000
vt 0.705882 0.000000
vt 0.387755 0.000000
vt 0.367347 0.000000
vt 0.377551 0.000000
vt 0.357143 0.000000
vt 0.397959 0.000000
vt 0.346939 0.000000
vt 0.408163 0.000000
vt 0.336735 0.000000
vt 0.418367 0.000000
vt 0.326531 0.000000
vt 0.428571 0.000000
vt 0.316327 0.000000
vt 0.438776 0.000000
vt 0.306122 0.000000
vt 0.448980 0.000000
vt 0.877551 0.000000
vt 0.867347 0.000000
vt 0.887755 0.000000
vt 0.857143 0.000000
vt 0.897959 0.000000
vt 0.846939 0.000000
vt 0.908163 0.000000
vt 0.295918 0.000000
vt 0.836735 0.000000
vt 0.459184 0.000000
vt 0.918367 0.000000
vt 0.826531 0.000000
vt 0.928571 0.000000
vt 0.816327 0.000000
vt 0.938776 0.000000
vt 0.806122 0.000000
vt 0.948980 0.000000
vt 0.469388 0.000000
vt 0.285714 0.000000
vt 0.795918 0.000000
vt 0.959184 0.000000
vt 0.785714 0.000000
vt 0.969388 0.000000
vt 0.479592 0.000000
vt 0.275510 0.000000
vt 0.775510 0.000000
vt 0.979592 0.000000
vt 0.765306 0.000000
vt 0.989796 0.000000
vt 0.489796 0.000000
vt 0.755102 0.000000
vt 0.265306 0.000000
vt 0.500000 0.000000
vt 0.255102 0.000000
vt 0.510204 0.000000
vt 0.244898 0.000000
vt 0.234694 0.000000
vt 0.520408 0.000000
vt 0.224490 0.000000
vt 0.214286 0.000000
vt 0.530612 0.000000
vt 0.204082 0.000000
vt 0.540816 0.000000
vt 0.193878 0.000000
vt 0.010204 0.000000
vt 0.744898 0.000000
vt 0.183673 0.000000
vt 0.020408 0.000000
vt 0.030612 0.000000
vt 0.551020 0.000000
vt 0.173469 0.000000
vt 0.040816 0.000000
vt 0.051020 0.000000
vt 0.163265 0.000000
vt 0.061224 0.000000
vt 0.153061 0.000000
vt 0.071429 0.000000
vt 0.561224 0.000000
vt 0.081633 0.000000
vt 0.142857 0.000000
vt 0.091837 0.000000
vt 0.132653 0.000000
vt 0.102041 0.000000
vt 0.112245 0.000000
vt 0.122449 0.000000
vt 0.571429 0.000000
vt 0.734694 0.000000
vt 0.581633 0.000000
vt 0.724490 0.000000
vt 0.714286 0.000000
vt 0.591837 0.000000
vt 0.704082 0.000000
vt 0.693878 0.000000
vt 0.602041 0.000000
vt 0.683673 0.000000
vt 0.673469 0.000000
vt 0.612245 0.000000
vt 0.663265 0.000000
vt 0.653061 0.000000
vt 0.642857 0.000000
vt 0.622449 0.000000
vt 0.632653 0.000000
vt 0.886792 0.000000
vt 0.867925 0.000000
vt 0.877358 0.000000
vt 0.660377 0.000000
vt 0.641509 0.000000
vt 0.650943 0.000000
vt 0.896226 0.000000
vt 0.858491 0.000000
vt 0.669811 0.000000
vt 0.632075 0.000000
vt 0.905660 0.000000
vt 0.849057 0.000000
vt 0.679245 0.000000
vt 0.915094 0.000000
vt 0.839623 0.000000
vt 0.622642 0.000000
vt 0.688679 0.000000
vt 0.924528 0.000000
vt 0.009434 0.000000
vt 0.990566 0.000000
vt 0.830189 0.000000
vt 0.698113 0.000000
vt 0.933962 0.000000
vt 0.613208 0.000000
vt 0.820755 0.000000
vt 0.943396 0.000000
vt 0.707547 0.000000
vt 0.811321 0.000000
vt 0.603774 0.000000
vt 0.952830 0.000000
vt 0.716981 0.000000
vt 0.801887 0.000000
vt 0.962264 0.000000
vt 0.726415 0.000000
vt 0.594340 0.000000
vt 0.792453 0.000000
vt 0.971698 0.000000
vt 0.735849 0.000000
vt 0.783019 0.000000
vt 0.981132 0.000000
vt 0.584906 0.000000
vt 0.745283 0.000000
vt 0.773585 0.000000
vt 0.754717 0.000000
vt 0.396226 0.000000
vt 0.575472 0.000000
vt 0.028302 0.000000
vt 0.037736 0.000000
vt 0.047170 0.000000
vt 0.056604 0.000000
vt 0.066038 0.000000
vt 0.075472 0.000000
vt 0.084906 0.000000
vt 0.094340 0.000000
vt 0.103774 0.000000
vt 0.113208 0.000000
vt 0.122642 0.000000
vt 0.132075 0.000000
vt 0.141509 0.000000
vt 0.764151 0.000000
vt 0.386792 0.000000
vt 0.150943 0.000000
vt 0.405660 0.000000
vt 0.377358 0.000000
vt 0.160377 0.000000
vt 0.415094 0.000000
vt 0.367925 0.000000
vt 0.169811 0.000000
vt 0.424528 0.000000
vt 0.358491 0.000000
vt 0.179245 0.000000
vt 0.433962 0.000000
vt 0.349057 0.000000
vt 0.566038 0.000000
vt 0.188679 0.000000
vt 0.339623 0.000000
vt 0.443396 0.000000
vt 0.330189 0.000000
vt 0.198113 0.000000
vt 0.452830 0.000000
vt 0.320755 0.000000
vt 0.207547 0.000000
vt 0.462264 0.000000
vt 0.311321 0.000000
vt 0.556604 0.000000
vt 0.216981 0.000000
vt 0.301887 0.000000
vt 0.471698 0.000000
vt 0.292453 0.000000
vt 0.226415 0.000000
vt 0.481132 0.000000
vt 0.283019 0.000000
vt 0.547170 0.000000
vt 0.235849 0.000000
vt 0.018868 0.000000
vt 0.273585 0.000000
vt 0.490566 0.000000
vt 0.245283 0.000000
vt 0.537736 0.000000
vt 0.254717 0.000000
vt 0.509434 0.000000
vt 0.528302 0.000000
vt 0.264151 0.000000
vt 0.518868 0.000000
vt 0.545455 0.000000
vt 0.509091 0.000000
vt 0.527273 0.000000
vt 0.490909 0.000000
vt 0.054545 0.000000
vt 0.018182 0.000000
vt 0.036364 0.000000
vt 0.563636 0.000000
vt 0.472727 0.000000
vt 0.454545 0.000000
vt 0.581818 0.000000
vt 0.436364 0.000000
vt 0.072727 0.000000
vt 0.418182 0.000000
vt 0.090909 0.000000
vt 0.600000 0.000000
vt 0.400000 0.000000
vt 0.109091 0.000000
vt 0.127273 0.000000
vt 0.381818 0.000000
vt 0.618182 0.000000
vt 0.145455 0.000000
vt 0.363636 0.000000
vt 0.163636 0.000000
vt 0.981818 0.000000
vt 0.345455 0.000000
vt 0.181818 0.000000
vt 0.327273 0.000000
vt 0.200000 0.000000
vt 0.636364 0.000000
vt 0.218182 0.000000
vt 0.309091 0.000000
vt 0.236364 0.000000
vt 0.290909 0.000000
vt 0.254545 0.000000
vt 0.272727 0.000000
vt 0.963636 0.000000
vt 0.654545 0.000000
vt 0.945455 0.000000
vt 0.927273 0.000000
vt 0.672727 0.000000
vt 0.909091 0.000000
vt 0.690909 0.000000
vt 0.890909 0.000000
vt 0.872727 0.000000
vt 0.709091 0.000000
vt 0.854545 0.000000
vt 0.836364 0.000000
vt 0.727273 0.000000
vt 0.818182 0.000000
vt 0.745455 0.000000
vt 0.800000 0.000000
vt 0.781818 0.000000
vt 0.763636 0.000000
vt 0.017544 0.000000
vt 0.982456 0.000000
vt 0.964912 0.000000
vt 0.035088 0.000000
vt 0.052632 0.000000
vt 0.070175 0.000000
vt 0.947368 0.000000
vt 0.929825 0.000000
vt 0.912281 0.000000
vt 0.087719 0.000000
vt 0.894737 0.000000
vt 0.877193 0.000000
vt 0.105263 0.000000
vt 0.859649 0.000000
vt 0.526316 0.000000
vt 0.491228 0.000000
vt 0.508772 0.000000
vt 0.543860 0.000000
vt 0.842105 0.000000
vt 0.561404 0.000000
vt 0.122807 0.000000
vt 0.824561 0.000000
vt 0.578947 0.000000
vt 0.596491 0.000000
vt 0.807018 0.000000
vt 0.614035 0.000000
vt 0.789474 0.000000
vt 0.631579 0.000000
vt 0.771930 0.000000
vt 0.649123 0.000000
vt 0.140351 0.000000
vt 0.754386 0.000000
vt 0.684211 0.000000
vt 0.736842 0.000000
vt 0.701754 0.000000
vt 0.719298 0.000000
vt 0.157895 0.000000
vt 0.175439 0.000000
vt 0.192982 0.000000
vt 0.473684 0.000000
vt 0.210526 0.000000
vt 0.456140 0.000000
vt 0.438596 0.000000
vt 0.228070 0.000000
vt 0.421053 0.000000
vt 0.403509 0.000000
vt 0.385965 0.000000
vt 0.245614 0.000000
vt 0.368421 0.000000
vt 0.350877 0.000000
vt 0.263158 0.000000
vt 0.315789 0.000000
vt 0.280702 0.000000
vt 0.298246 0.000000
vt 0.097744 0.000000
vt 0.082707 0.000000
vt 0.090226 0.000000
vt 0.075188 0.000000
vt 0.067669 0.000000
vt 0.060150 0.000000
vt 0.112782 0.000000
vt 0.045113 0.000000
vt 0.120301 0.000000
vt 0.037594 0.000000
vt 0.030075 0.000000
vt 0.127820 0.000000
vt 0.022556 0.000000
vt 0.015038 0.000000
vt 0.135338 0.000000
vt 0.007519 0.000000
vt 0.939850 0.000000
vt 0.954887 0.000000
vt 0.962406 0.000000
vt 0.969925 0.000000
vt 0.977444 0.000000
vt 0.984962 0.000000
vt 0.992481 0.000000
vt 0.150376 0.000000
vt 0.924812 0.000000
vt 0.932331 0.000000
vt 0.917293 0.000000
vt 0.165414 0.000000
vt 0.902256 0.000000
vt 0.909774 0.000000
vt 0.887218 0.000000
vt 0.879699 0.000000
vt 0.872180 0.000000
vt 0.864662 0.000000
vt 0.172932 0.000000
vt 0.849624 0.000000
vt 0.834586 0.000000
vt 0.180451 0.000000
vt 0.827068 0.000000
vt 0.819549 0.000000
vt 0.812030 0.000000
vt 0.187970 0.000000
vt 0.804511 0.000000
vt 0.796992 0.000000
vt 0.781955 0.000000
vt 0.774436 0.000000
vt 0.195489 0.000000
vt 0.766917 0.000000
vt 0.759399 0.000000
vt 0.751880 0.000000
vt 0.203008 0.000000
vt 0.744361 0.000000
vt 0.729323 0.000000
vt 0.721804 0.000000
vt 0.218045 0.000000
vt 0.706767 0.000000
vt 0.225564 0.000000
vt 0.699248 0.000000
vt 0.233083 0.000000
vt 0.691729 0.000000
vt 0.240602 0.000000
vt 0.676692 0.000000
vt 0.248120 0.000000
vt 0.669173 0.000000
vt 0.661654 0.000000
vt 0.255639 0.000000
vt 0.654135 0.000000
vt 0.646617 0.000000
vt 0.270677 0.000000
vt 0.639098 0.000000
vt 0.458647 0.000000
vt 0.443609 0.000000
vt 0.451128 0.000000
vt 0.278196 0.000000
vt 0.436090 0.000000
vt 0.293233 0.000000
vt 0.624060 0.000000
vt 0.300752 0.000000
vt 0.413534 0.000000
vt 0.308271 0.000000
vt 0.406015 0.000000
vt 0.616541 0.000000
vt 0.398496 0.000000
vt 0.323308 0.000000
vt 0.330827 0.000000
vt 0.390977 0.000000
vt 0.338346 0.000000
vt 0.383459 0.000000
vt 0.345865 0.000000
vt 0.375940 0.000000
vt 0.353383 0.000000
vt 0.360902 0.000000
vt 0.609023 0.000000
vt 0.601504 0.000000
vt 0.593985 0.000000
vt 0.466165 0.000000
vt 0.586466 0.000000
vt 0.481203 0.000000
vt 0.488722 0.000000
vt 0.496241 0.000000
vt 0.503759 0.000000
vt 0.563910 0.000000
vt 0.511278 0.000000
vt 0.518797 0.000000
vt 0.556391 0.000000
vt 0.533835 0.000000
vt 0.548872 0.000000
vt 0.541353 0.000000
s 0
usemtl マテリアル.002
f 4092/2821/992 4090/2822/992 4091/2823/992
f 4092/2821/992 4093/2824/992 4090/2822/992
f 4055/2825/992 4053/2826/992 4054/2827/992
f 4056/2828/992 4053/2826/992 4055/2825/992
f 4056/2828/992 4052/2829/992 4053/2826/992
f 4057/2830/992 4052/2829/992 4056/2828/992
f 4057/2830/992 4051/2831/992 4052/2829/992
f 4058/2832/992 4051/2831/992 4057/2830/992
f 4058/2832/992 4050/2833/992 4051/2831/992
f 4059/2834/992 4050/2833/992 4058/2832/992
f 4059/2834/992 4049/2835/992 4050/2833/992
f 4060/2836/992 4049/2835/992 4059/2834/992
f 4060/2836/992 4048/2837/992 4049/2835/992
f 4061/2838/992 4048/2837/992 4060/2836/992
f 4061/2838/992 4047/2839/992 4048/2837/992
f 4062/2840/992 4047/2839/992 4061/2838/992
f 4062/2840/992 4046/2841/992 4047/2839/992
f 4063/2842/992 4046/2841/992 4062/2840/992
f 4063/2842/992 4045/2843/992 4046/2841/992
f 4064/2844/992 4045/2843/992 4063/2842/992
f 4064/2844/992 4044/2845/992 4045/2843/992
f 4065/2846/992 4044/2845/992 4064/2844/992
f 4065/2846/992 4043/2847/992 4044/2845/992
f 4066/2848/992 4043/2847/992 4065/2846/992
f 4066/2848/992 4042/2849/992 4043/2847/992
f 4067/2850/992 4042/2849/992 4066/2848/992
f 4067/2850/992 4089/2851/992 4042/2849/992
f 4068/2852/992 4089/2851/992 4067/2850/992
f 4068/2852/992 4088/2853/992 4089/2851/992
f 4069/2854/992 4088/2853/992 4068/2852/992
f 4069/2854/992 4087/2855/992 4088/2853/992
f 4070/2856/992 4087/2855/992 4069/2854/992
f 4070/2856/992 4086/2857/992 4087/2855/992
f 4071/2858/992 4086/2857/992 4070/2856/992
f 4071/2858/992 4085/2859/992 4086/2857/992
f 4072/2860/992 4085/2859/992 4071/2858/992
f 4072/2860/992 4084/2861/992 4085/2859/992
f 4073/2862/992 4084/2861/992 4072/2860/992
f 4073/2862/992 4083/2863/992 4084/2861/992
f 4074/2864/992 4083/2863/992 4073/2862/992
f 4074/2864/992 4082/2865/992 4083/2863/992
f 4075/2866/992 4082/2865/992 4074/2864/992
f 4075/2866/992 4081/2867/992 4082/2865/992
f 4076/2868/992 4081/2867/992 4075/2866/992
f 4076/2868/992 4080/2869/992 4081/2867/992
f 4077/2870/992 4080/2869/992 4076/2868/992
f 4077/2870/992 4079/2871/992 4080/2869/992
f 4078/2872/992 4079/2871/992 4077/2870/992
f 4132/2873/992 4130/2874/992 4131/2875/992
f 4132/2873/992 4129/2876/992 4130/2874/992
f 4133/2877/992 4129/2876/992 4132/2873/992
f 4133/2877/992 4128/2878/992 4129/2876/992
f 4134/2879/992 4128/2878/992 4133/2877/992
f 4134/2879/992 4127/2880/992 4128/2878/992
f 4135/2881/992 4127/2880/992 4134/2879/992
f 4135/2881/992 4126/2882/992 4127/2880/992
f 4136/2883/992 4126/2882/992 4135/2881/992
f 4136/2883/992 4125/2884/992 4126/2882/992
f 4137/2885/992 4125/2884/992 4136/2883/992
f 4137/2885/992 4124/2886/992 4125/2884/992
f 4138/2887/992 4180/2888/992 4137/2885/992
f 4180/2888/992 4124/2886/992 4137/2885/992
f 4138/2887/992 4179/2889/992 4180/2888/992
f 4181/2890/992 4124/2886/992 4180/2888/992
f 4138/2887/992 4178/2891/992 4179/2889/992
f 4182/2892/992 4124/2886/992 4181/2890/992
f 4138/2887/992 4177/2893/992 4178/2891/992
f 4183/2894/992 4124/2886/992 4182/2892/992
f 4183/2894/992 4123/2895/992 4124/2886/992
f 4138/2887/992 4176/2896/992 4177/2893/992
f 4139/2897/992 4176/2896/992 4138/2887/992
f 4184/2898/992 4123/2895/992 4183/2894/992
f 4139/2897/992 4175/2899/992 4176/2896/992
f 4185/2900/992 4123/2895/992 4184/2898/992
f 4139/2897/992 4174/2901/992 4175/2899/992
f 4186/2902/992 4123/2895/992 4185/2900/992
f 4139/2897/992 4173/2903/992 4174/2901/992
f 4187/2904/992 4123/2895/992 4186/2902/992
f 4140/2905/992 4173/2903/992 4139/2897/992
f 4187/2904/992 4122/2906/992 4123/2895/992
f 4140/2905/992 4172/2907/992 4173/2903/992
f 4188/2908/992 4122/2906/992 4187/2904/992
f 4140/2905/992 4171/2909/992 4172/2907/992
f 4189/2910/992 4122/2906/992 4188/2908/992
f 4141/2911/992 4171/2909/992 4140/2905/992
f 4189/2910/992 4121/2912/992 4122/2906/992
f 4141/2911/992 4170/2913/992 4171/2909/992
f 4190/2914/992 4121/2912/992 4189/2910/992
f 4141/2911/992 4169/2915/992 4170/2913/992
f 4191/2916/992 4121/2912/992 4190/2914/992
f 4142/2917/992 4169/2915/992 4141/2911/992
f 4142/2917/992 4168/2918/992 4169/2915/992
f 4191/2916/992 4120/2919/992 4121/2912/992
f 4192/2824/992 4120/2919/992 4191/2916/992
f 4142/2917/992 4192/2824/992 4168/2918/992
f 4142/2917/992 4120/2919/992 4192/2824/992
f 4143/2920/992 4120/2919/992 4142/2917/992
f 4143/2920/992 4119/2921/992 4120/2919/992
f 4144/2922/992 4118/2923/992 4143/2920/992
f 4118/2923/992 4119/2921/992 4143/2920/992
f 4144/2922/992 4117/2924/992 4118/2923/992
f 4145/2925/992 4117/2924/992 4144/2922/992
f 4145/2925/992 4116/2926/992 4117/2924/992
f 4145/2925/992 4115/2927/992 4116/2926/992
f 4146/2928/992 4115/2927/992 4145/2925/992
f 4146/2928/992 4114/2929/992 4115/2927/992
f 4147/2930/992 4114/2929/992 4146/2928/992
f 4147/2930/992 4113/2931/992 4114/2929/992
f 4095/2932/992 4167/2933/992 4094/2849/992
f 4147/2930/992 4112/2934/992 4113/2931/992
f 4096/2935/992 4167/2933/992 4095/2932/992
f 4097/2936/992 4167/2933/992 4096/2935/992
f 4148/2937/992 4112/2934/992 4147/2930/992
f 4148/2937/992 4111/2938/992 4112/2934/992
f 4098/2939/992 4167/2933/992 4097/2936/992
f 4099/2940/992 4167/2933/992 4098/2939/992
f 4148/2937/992 4110/2941/992 4111/2938/992
f 4100/2942/992 4167/2933/992 4099/2940/992
f 4148/2937/992 4109/2943/992 4110/2941/992
f 4101/2944/992 4167/2933/992 4100/2942/992
f 4149/2945/992 4109/2943/992 4148/2937/992
f 4102/2946/992 4167/2933/992 4101/2944/992
f 4149/2945/992 4108/2947/992 4109/2943/992
f 4103/2948/992 4167/2933/992 4102/2946/992
f 4149/2945/992 4107/2949/992 4108/2947/992
f 4104/2950/992 4167/2933/992 4103/2948/992
f 4105/2951/992 4167/2933/992 4104/2950/992
f 4149/2945/992 4106/2952/992 4107/2949/992
f 4106/2952/992 4167/2933/992 4105/2951/992
f 4149/2945/992 4167/2933/992 4106/2952/992
f 4150/2953/992 4167/2933/992 4149/2945/992
f 4150/2953/992 4166/2954/992 4167/2933/992
f 4151/2955/992 4166/2954/992 4150/2953/992
f 4151/2955/992 4165/2956/992 4166/2954/992
f 4151/2955/992 4164/2957/992 4165/2956/992
f 4152/2958/992 4164/2957/992 4151/2955/992
f 4152/2958/992 4163/2959/992 4164/2957/992
f 4152/2958/992 4162/2960/992 4163/2959/992
f 4153/2961/992 4162/2960/992 4152/2958/992
f 4153/2961/992 4161/2962/992 4162/2960/992
f 4153/2961/992 4160/2963/992 4161/2962/992
f 4154/2964/992 4160/2963/992 4153/2961/992
f 4154/2964/992 4159/2965/992 4160/2963/992
f 4154/2964/992 4158/2966/992 4159/2965/992
f 4154/2964/992 4157/2967/992 4158/2966/992
f 4155/2968/992 4157/2967/992 4154/2964/992
f 4155/2968/992 4156/2969/992 4157/2967/992
f 4287/2970/992 4285/2971/992 4286/2972/992
f 4263/2973/992 4261/2974/992 4262/2975/992
f 4288/2976/992 4285/2971/992 4287/2970/992
f 4288/2976/992 4284/2977/992 4285/2971/992
f 4264/2978/992 4261/2974/992 4263/2973/992
f 4264/2978/992 4260/2979/992 4261/2974/992
f 4289/2980/992 4284/2977/992 4288/2976/992
f 4289/2980/992 4283/2981/992 4284/2977/992
f 4265/2982/992 4260/2979/992 4264/2978/992
f 4290/2983/992 4283/2981/992 4289/2980/992
f 4290/2983/992 4282/2984/992 4283/2981/992
f 4265/2982/992 4259/2985/992 4260/2979/992
f 4266/2986/992 4259/2985/992 4265/2982/992
f 4291/2987/992 4282/2984/992 4290/2983/992
f 4194/2988/992 4299/2824/992 4193/2849/992
f 4194/2988/992 4298/2989/992 4299/2824/992
f 4291/2987/992 4281/2990/992 4282/2984/992
f 4267/2991/992 4259/2985/992 4266/2986/992
f 4292/2992/992 4281/2990/992 4291/2987/992
f 4267/2991/992 4258/2993/992 4259/2985/992
f 4292/2992/992 4280/2994/992 4281/2990/992
f 4293/2995/992 4280/2994/992 4292/2992/992
f 4268/2996/992 4258/2993/992 4267/2991/992
f 4293/2995/992 4279/2997/992 4280/2994/992
f 4268/2996/992 4257/2998/992 4258/2993/992
f 4294/2999/992 4279/2997/992 4293/2995/992
f 4269/3000/992 4257/2998/992 4268/2996/992
f 4294/2999/992 4278/3001/992 4279/2997/992
f 4295/3002/992 4278/3001/992 4294/2999/992
f 4270/3003/992 4257/2998/992 4269/3000/992
f 4270/3003/992 4256/3004/992 4257/2998/992
f 4295/3002/992 4277/3005/992 4278/3001/992
f 4296/3006/992 4277/3005/992 4295/3002/992
f 4271/3007/992 4256/3004/992 4270/3003/992
f 4296/3006/992 4276/3008/992 4277/3005/992
f 4297/3009/992 4276/3008/992 4296/3006/992
f 4271/3007/992 4255/3010/992 4256/3004/992
f 4272/3011/992 4255/3010/992 4271/3007/992
f 4297/3009/992 4275/3012/992 4276/3008/992
f 4298/2989/992 4275/3012/992 4297/3009/992
f 4273/3013/992 4255/3010/992 4272/3011/992
f 4273/3013/992 4235/3014/992 4255/3010/992
f 4235/3014/992 4254/3015/992 4255/3010/992
f 4194/2988/992 4196/3016/992 4298/2989/992
f 4196/3016/992 4197/3017/992 4298/2989/992
f 4197/3017/992 4198/3018/992 4298/2989/992
f 4198/3018/992 4199/3019/992 4298/2989/992
f 4199/3019/992 4200/3020/992 4298/2989/992
f 4200/3020/992 4201/3021/992 4298/2989/992
f 4201/3021/992 4202/3022/992 4298/2989/992
f 4202/3022/992 4203/3023/992 4298/2989/992
f 4203/3023/992 4204/3024/992 4298/2989/992
f 4204/3024/992 4205/3025/992 4298/2989/992
f 4205/3025/992 4206/3026/992 4298/2989/992
f 4206/3026/992 4207/3027/992 4298/2989/992
f 4207/3027/992 4275/3012/992 4298/2989/992
f 4207/3027/992 4208/3028/992 4275/3012/992
f 4208/3028/992 4274/3029/992 4275/3012/992
f 4274/3029/992 4234/3030/992 4273/3013/992
f 4234/3030/992 4235/3014/992 4273/3013/992
f 4209/3031/992 4274/3029/992 4208/3028/992
f 4236/3032/992 4254/3015/992 4235/3014/992
f 4274/3029/992 4233/3033/992 4234/3030/992
f 4210/3034/992 4274/3029/992 4209/3031/992
f 4237/3035/992 4254/3015/992 4236/3032/992
f 4274/3029/992 4232/3036/992 4233/3033/992
f 4211/3037/992 4274/3029/992 4210/3034/992
f 4238/3038/992 4254/3015/992 4237/3035/992
f 4274/3029/992 4231/3039/992 4232/3036/992
f 4212/3040/992 4274/3029/992 4211/3037/992
f 4212/3040/992 4231/3039/992 4274/3029/992
f 4239/3041/992 4254/3015/992 4238/3038/992
f 4212/3040/992 4230/3042/992 4231/3039/992
f 4239/3041/992 4253/3043/992 4254/3015/992
f 4213/3044/992 4230/3042/992 4212/3040/992
f 4213/3044/992 4229/3045/992 4230/3042/992
f 4240/3046/992 4253/3043/992 4239/3041/992
f 4213/3044/992 4228/3047/992 4229/3045/992
f 4214/3048/992 4228/3047/992 4213/3044/992
f 4241/3049/992 4253/3043/992 4240/3046/992
f 4214/3048/992 4227/3050/992 4228/3047/992
f 4215/3051/992 4227/3050/992 4214/3048/992
f 4242/3052/992 4253/3043/992 4241/3049/992
f 4215/3051/992 4226/3053/992 4227/3050/992
f 4242/3052/992 4252/3054/992 4253/3043/992
f 4216/3055/992 4226/3053/992 4215/3051/992
f 4216/3055/992 4225/3056/992 4226/3053/992
f 4243/3057/992 4252/3054/992 4242/3052/992
f 4216/3055/992 4224/3058/992 4225/3056/992
f 4217/3059/992 4224/3058/992 4216/3055/992
f 4244/3060/992 4252/3054/992 4243/3057/992
f 4217/3059/992 4223/3061/992 4224/3058/992
f 4244/3060/992 4251/3062/992 4252/3054/992
f 4218/3063/992 4223/3061/992 4217/3059/992
f 4194/2988/992 4195/3064/992 4196/3016/992
f 4218/3063/992 4222/3065/992 4223/3061/992
f 4245/3066/992 4251/3062/992 4244/3060/992
f 4219/3067/992 4222/3065/992 4218/3063/992
f 4246/2920/992 4251/3062/992 4245/3066/992
f 4246/2920/992 4250/3068/992 4251/3062/992
f 4220/3069/992 4222/3065/992 4219/3067/992
f 4247/3070/992 4250/3068/992 4246/2920/992
f 4247/3070/992 4249/3071/992 4250/3068/992
f 4221/3072/992 4222/3065/992 4220/3069/992
f 4248/3073/992 4249/3071/992 4247/3070/992
f 4330/3074/992 4328/3075/992 4329/3076/992
f 4330/3074/992 4327/3077/992 4328/3075/992
f 4303/3078/992 4301/3079/992 4302/3080/992
f 4303/3078/992 4300/2849/992 4301/3079/992
f 4331/3081/992 4327/3077/992 4330/3074/992
f 4331/3081/992 4326/3082/992 4327/3077/992
f 4331/3081/992 4325/3083/992 4326/3082/992
f 4332/3084/992 4325/3083/992 4331/3081/992
f 4332/3084/992 4324/3085/992 4325/3083/992
f 4304/3086/992 4300/2849/992 4303/3078/992
f 4332/3084/992 4323/3087/992 4324/3085/992
f 4305/3088/992 4300/2849/992 4304/3086/992
f 4333/3089/992 4323/3087/992 4332/3084/992
f 4333/3089/992 4322/3090/992 4323/3087/992
f 4306/3091/992 4300/2849/992 4305/3088/992
f 4307/3092/992 4300/2849/992 4306/3091/992
f 4333/3089/992 4321/3093/992 4322/3090/992
f 4334/3094/992 4321/3093/992 4333/3089/992
f 4308/3095/992 4300/2849/992 4307/3092/992
f 4334/3094/992 4320/3096/992 4321/3093/992
f 4309/3097/992 4354/3098/992 4308/3095/992
f 4354/3098/992 4300/2849/992 4308/3095/992
f 4334/3094/992 4319/3099/992 4320/3096/992
f 4310/3100/992 4354/3098/992 4309/3097/992
f 4334/3094/992 4318/3101/992 4319/3099/992
f 4311/3102/992 4354/3098/992 4310/3100/992
f 4335/3103/992 4318/3101/992 4334/3094/992
f 4312/3104/992 4354/3098/992 4311/3102/992
f 4335/3103/992 4317/3105/992 4318/3101/992
f 4313/3106/992 4354/3098/992 4312/3104/992
f 4335/3103/992 4316/3107/992 4317/3105/992
f 4314/3108/992 4354/3098/992 4313/3106/992
f 4335/3103/992 4315/3109/992 4316/3107/992
f 4315/3109/992 4354/3098/992 4314/3108/992
f 4335/3103/992 4354/3098/992 4315/3109/992
f 4335/3103/992 4353/3110/992 4354/3098/992
f 4355/2824/992 4300/2849/992 4354/3098/992
f 4336/3111/992 4353/3110/992 4335/3103/992
f 4336/3111/992 4352/3112/992 4353/3110/992
f 4336/3111/992 4351/3113/992 4352/3112/992
f 4337/3114/992 4351/3113/992 4336/3111/992
f 4337/3114/992 4350/3115/992 4351/3113/992
f 4338/3116/992 4350/3115/992 4337/3114/992
f 4338/3116/992 4349/3117/992 4350/3115/992
f 4338/3116/992 4348/3118/992 4349/3117/992
f 4339/3119/992 4348/3118/992 4338/3116/992
f 4339/3119/992 4347/3120/992 4348/3118/992
f 4339/3119/992 4346/3121/992 4347/3120/992
f 4340/3122/992 4346/3121/992 4339/3119/992
f 4340/3122/992 4345/3123/992 4346/3121/992
f 4341/3124/992 4345/3123/992 4340/3122/992
f 4341/3124/992 4344/3125/992 4345/3123/992
f 4341/3124/992 4343/3126/992 4344/3125/992
f 4342/3127/992 4343/3126/992 4341/3124/992
f 4357/3128/992 4413/2824/992 4356/2849/992
f 4357/3128/992 4412/3129/992 4413/2824/992
f 4357/3128/992 4411/3130/992 4412/3129/992
f 4358/3131/992 4411/3130/992 4357/3128/992
f 4359/3132/992 4411/3130/992 4358/3131/992
f 4360/3133/992 4410/3134/992 4359/3132/992
f 4410/3134/992 4411/3130/992 4359/3132/992
f 4360/3133/992 4409/3135/992 4410/3134/992
f 4360/3133/992 4408/3136/992 4409/3135/992
f 4361/3137/992 4408/3136/992 4360/3133/992
f 4361/3137/992 4407/3138/992 4408/3136/992
f 4361/3137/992 4406/3139/992 4407/3138/992
f 4362/3140/992 4406/3139/992 4361/3137/992
f 4362/3140/992 4405/3141/992 4406/3139/992
f 4386/3142/992 4384/3143/992 4385/3144/992
f 4387/3145/992 4384/3143/992 4386/3142/992
f 4362/3140/992 4404/3146/992 4405/3141/992
f 4388/3147/992 4384/3143/992 4387/3145/992
f 4363/3148/992 4404/3146/992 4362/3140/992
f 4363/3148/992 4403/3149/992 4404/3146/992
f 4389/3150/992 4384/3143/992 4388/3147/992
f 4390/3151/992 4384/3143/992 4389/3150/992
f 4363/3148/992 4402/3152/992 4403/3149/992
f 4391/3153/992 4384/3143/992 4390/3151/992
f 4363/3148/992 4401/3154/992 4402/3152/992
f 4392/3155/992 4384/3143/992 4391/3153/992
f 4363/3148/992 4400/3156/992 4401/3154/992
f 4393/3157/992 4384/3143/992 4392/3155/992
f 4364/3158/992 4400/3156/992 4363/3148/992
f 4394/2868/992 4384/3143/992 4393/3157/992
f 4364/3158/992 4399/3159/992 4400/3156/992
f 4395/3160/992 4384/3143/992 4394/2868/992
f 4364/3158/992 4398/3161/992 4399/3159/992
f 4396/3162/992 4384/3143/992 4395/3160/992
f 4364/3158/992 4397/3163/992 4398/3161/992
f 4397/3163/992 4384/3143/992 4396/3162/992
f 4364/3158/992 4384/3143/992 4397/3163/992
f 4365/3164/992 4384/3143/992 4364/3158/992
f 4366/3165/992 4384/3143/992 4365/3164/992
f 4367/3166/992 4384/3143/992 4366/3165/992
f 4367/3166/992 4383/3167/992 4384/3143/992
f 4368/3168/992 4383/3167/992 4367/3166/992
f 4368/3168/992 4382/3169/992 4383/3167/992
f 4368/3168/992 4381/3170/992 4382/3169/992
f 4369/3171/992 4381/3170/992 4368/3168/992
f 4369/3171/992 4380/3172/992 4381/3170/992
f 4369/3171/992 4379/3173/992 4380/3172/992
f 4369/3171/992 4378/3174/992 4379/3173/992
f 4370/3175/992 4378/3174/992 4369/3171/992
f 4370/3175/992 4377/3176/992 4378/3174/992
f 4370/3175/992 4376/3177/992 4377/3176/992
f 4371/3178/992 4376/3177/992 4370/3175/992
f 4371/3178/992 4375/2834/992 4376/3177/992
f 4371/3178/992 4374/3179/992 4375/2834/992
f 4372/3180/992 4374/3179/992 4371/3178/992
f 4372/3180/992 4373/3181/992 4374/3179/992
f 4452/2873/992 4450/2874/992 4451/2875/992
f 4452/2873/992 4449/2876/992 4450/2874/992
f 4453/2877/992 4449/2876/992 4452/2873/992
f 4453/2877/992 4448/2878/992 4449/2876/992
f 4454/2879/992 4448/2878/992 4453/2877/992
f 4454/2879/992 4447/2880/992 4448/2878/992
f 4455/2881/992 4447/2880/992 4454/2879/992
f 4455/2881/992 4446/2882/992 4447/2880/992
f 4456/2883/992 4446/2882/992 4455/2881/992
f 4456/2883/992 4445/2884/992 4446/2882/992
f 4457/2885/992 4445/2884/992 4456/2883/992
f 4457/2885/992 4444/2886/992 4445/2884/992
f 4458/2887/992 4500/2888/992 4457/2885/992
f 4500/2888/992 4444/2886/992 4457/2885/992
f 4458/2887/992 4499/2889/992 4500/2888/992
f 4501/2890/992 4444/2886/992 4500/2888/992
f 4458/2887/992 4498/2891/992 4499/2889/992
f 4502/2892/992 4444/2886/992 4501/2890/992
f 4458/2887/992 4497/2893/992 4498/2891/992
f 4503/2894/992 4444/2886/992 4502/2892/992
f 4503/2894/992 4443/2895/992 4444/2886/992
f 4458/2887/992 4496/2896/992 4497/2893/992
f 4459/2897/992 4496/2896/992 4458/2887/992
f 4504/2898/992 4443/2895/992 4503/2894/992
f 4459/2897/992 4495/2899/992 4496/2896/992
f 4505/2900/992 4443/2895/992 4504/2898/992
f 4459/2897/992 4494/2901/992 4495/2899/992
f 4506/2902/992 4443/2895/992 4505/2900/992
f 4459/2897/992 4493/2903/992 4494/2901/992
f 4507/2904/992 4443/2895/992 4506/2902/992
f 4460/2905/992 4493/2903/992 4459/2897/992
f 4507/2904/992 4442/2906/992 4443/2895/992
f 4460/2905/992 4492/2907/992 4493/2903/992
f 4508/2908/992 4442/2906/992 4507/2904/992
f 4460/2905/992 4491/2909/992 4492/2907/992
f 4509/2910/992 4442/2906/992 4508/2908/992
f 4461/2911/992 4491/2909/992 4460/2905/992
f 4509/2910/992 4441/2912/992 4442/2906/992
f 4461/2911/992 4490/2913/992 4491/2909/992
f 4510/2914/992 4441/2912/992 4509/2910/992
f 4461/2911/992 4489/2915/992 4490/2913/992
f 4511/2916/992 4441/2912/992 4510/2914/992
f 4462/2917/992 4489/2915/992 4461/2911/992
f 4462/2917/992 4488/2918/992 4489/2915/992
f 4511/2916/992 4440/2919/992 4441/2912/992
f 4512/2824/992 4440/2919/992 4511/2916/992
f 4462/2917/992 4512/2824/992 4488/2918/992
f 4462/2917/992 4440/2919/992 4512/2824/992
f 4463/2920/992 4440/2919/992 4462/2917/992
f 4463/2920/992 4439/2921/992 4440/2919/992
f 4464/2922/992 4438/2923/992 4463/2920/992
f 4438/2923/992 4439/2921/992 4463/2920/992
f 4464/2922/992 4437/2924/992 4438/2923/992
f 4465/2925/992 4437/2924/992 4464/2922/992
f 4465/2925/992 4436/2926/992 4437/2924/992
f 4465/2925/992 4435/2927/992 4436/2926/992
f 4466/2928/992 4435/2927/992 4465/2925/992
f 4466/2928/992 4434/2929/992 4435/2927/992
f 4467/2930/992 4434/2929/992 4466/2928/992
f 4467/2930/992 4433/2931/992 4434/2929/992
f 4415/2932/992 4487/2933/992 4414/2849/992
f 4467/2930/992 4432/2934/992 4433/2931/992
f 4416/2935/992 4487/2933/992 4415/2932/992
f 4417/2936/992 4487/2933/992 4416/2935/992
f 4468/2937/992 4432/2934/992 4467/2930/992
f 4468/2937/992 4431/2938/992 4432/2934/992
f 4418/2939/992 4487/2933/992 4417/2936/992
f 4419/2940/992 4487/2933/992 4418/2939/992
f 4468/2937/992 4430/2941/992 4431/2938/992
f 4420/2942/992 4487/2933/992 4419/2940/992
f 4468/2937/992 4429/2943/992 4430/2941/992
f 4421/2944/992 4487/2933/992 4420/2942/992
f 4469/2945/992 4429/2943/992 4468/2937/992
f 4422/2946/992 4487/2933/992 4421/2944/992
f 4469/2945/992 4428/2947/992 4429/2943/992
f 4423/2948/992 4487/2933/992 4422/2946/992
f 4469/2945/992 4427/2949/992 4428/2947/992
f 4424/2950/992 4487/2933/992 4423/2948/992
f 4425/2951/992 4487/2933/992 4424/2950/992
f 4469/2945/992 4426/2952/992 4427/2949/992
f 4426/2952/992 4487/2933/992 4425/2951/992
f 4469/2945/992 4487/2933/992 4426/2952/992
f 4470/2953/992 4487/2933/992 4469/2945/992
f 4470/2953/992 4486/2954/992 4487/2933/992
f 4471/2955/992 4486/2954/992 4470/2953/992
f 4471/2955/992 4485/2956/992 4486/2954/992
f 4471/2955/992 4484/2957/992 4485/2956/992
f 4472/2958/992 4484/2957/992 4471/2955/992
f 4472/2958/992 4483/2959/992 4484/2957/992
f 4472/2958/992 4482/2960/992 4483/2959/992
f 4473/2961/992 4482/2960/992 4472/2958/992
f 4473/2961/992 4481/2962/992 4482/2960/992
f 4473/2961/992 4480/2963/992 4481/2962/992
f 4474/2964/992 4480/2963/992 4473/2961/992
f 4474/2964/992 4479/2965/992 4480/2963/992
f 4474/2964/992 4478/2966/992 4479/2965/992
f 4474/2964/992 4477/2967/992 4478/2966/992
f 4475/2968/992 4477/2967/992 4474/2964/992
f 4475/2968/992 4476/2969/992 4477/2967/992
f 4526/3182/992 4524/3183/992 4525/3184/992
f 4526/3182/992 4523/3185/992 4524/3183/992
f 4527/3140/992 4523/3185/992 4526/3182/992
f 4527/3140/992 4522/3186/992 4523/3185/992
f 4527/3140/992 4521/3187/992 4522/3186/992
f 4528/3188/992 4521/3187/992 4527/3140/992
f 4528/3188/992 4520/3132/992 4521/3187/992
f 4528/3188/992 4519/3189/992 4520/3132/992
f 4529/3190/992 4519/3189/992 4528/3188/992
f 4529/3190/992 4518/3191/992 4519/3189/992
f 4529/3190/992 4517/3192/992 4518/3191/992
f 4530/3193/992 4517/3192/992 4529/3190/992
f 4530/3193/992 4516/3194/992 4517/3192/992
f 4530/3193/992 4515/3195/992 4516/3194/992
f 4531/3196/992 4515/3195/992 4530/3193/992
f 4531/3196/992 4514/3197/992 4515/3195/992
f 4531/3196/992 4513/2849/992 4514/3197/992
f 4532/2947/992 4513/2849/992 4531/3196/992
f 4532/2947/992 4638/3198/992 4513/2849/992
f 4638/3198/992 4639/3134/992 4513/2849/992
f 4639/3134/992 4640/3199/992 4513/2849/992
f 4640/3199/992 4641/3200/992 4513/2849/992
f 4641/3200/992 4642/3201/992 4513/2849/992
f 4642/3201/992 4643/3202/992 4513/2849/992
f 4643/3202/992 4644/3203/992 4513/2849/992
f 4644/3203/992 4645/3204/992 4513/2849/992
f 4645/3204/992 4646/2824/992 4513/2849/992
f 4533/3205/992 4636/3206/992 4532/2947/992
f 4636/3206/992 4637/3207/992 4532/2947/992
f 4637/3207/992 4638/3198/992 4532/2947/992
f 4534/3164/992 4635/3208/992 4533/3205/992
f 4635/3208/992 4636/3206/992 4533/3205/992
f 4535/3209/992 4633/3210/992 4534/3164/992
f 4633/3210/992 4634/3211/992 4534/3164/992
f 4634/3211/992 4635/3208/992 4534/3164/992
f 4535/3209/992 4632/3138/992 4633/3210/992
f 4535/3209/992 4631/3212/992 4632/3138/992
f 4535/3209/992 4630/3213/992 4631/3212/992
f 4535/3209/992 4629/3214/992 4630/3213/992
f 4535/3209/992 4628/3215/992 4629/3214/992
f 4536/3216/992 4628/3215/992 4535/3209/992
f 4536/3216/992 4627/2891/992 4628/3215/992
f 4536/3216/992 4626/3217/992 4627/2891/992
f 4536/3216/992 4625/3146/992 4626/3217/992
f 4536/3216/992 4624/3218/992 4625/3146/992
f 4537/3219/992 4624/3218/992 4536/3216/992
f 4537/3219/992 4623/3220/992 4624/3218/992
f 4537/3219/992 4622/3221/992 4623/3220/992
f 4537/3219/992 4621/3222/992 4622/3221/992
f 4538/3223/992 4621/3222/992 4537/3219/992
f 4538/3223/992 4620/3224/992 4621/3222/992
f 4538/3223/992 4619/3225/992 4620/3224/992
f 4538/3223/992 4618/3154/992 4619/3225/992
f 4538/3223/992 4617/3226/992 4618/3154/992
f 4538/3223/992 4616/3227/992 4617/3226/992
f 4539/3228/992 4616/3227/992 4538/3223/992
f 4539/3228/992 4615/3229/992 4616/3227/992
f 4539/3228/992 4614/3230/992 4615/3229/992
f 4539/3228/992 4613/3231/992 4614/3230/992
f 4540/3232/992 4613/3231/992 4539/3228/992
f 4540/3232/992 4612/3233/992 4613/3231/992
f 4540/3232/992 4611/3161/992 4612/3233/992
f 4540/3232/992 4610/3234/992 4611/3161/992
f 4541/3168/992 4610/3234/992 4540/3232/992
f 4541/3168/992 4609/3235/992 4610/3234/992
f 4542/3236/992 4609/3235/992 4541/3168/992
f 4542/3236/992 4608/2957/992 4609/3235/992
f 4542/3236/992 4607/3237/992 4608/2957/992
f 4543/3238/992 4607/3237/992 4542/3236/992
f 4543/3238/992 4606/3239/992 4607/3237/992
f 4544/3240/992 4606/3239/992 4543/3238/992
f 4544/3240/992 4605/3241/992 4606/3239/992
f 4544/3240/992 4604/3160/992 4605/3241/992
f 4545/3242/992 4604/3160/992 4544/3240/992
f 4545/3242/992 4603/3243/992 4604/3160/992
f 4546/3244/992 4603/3243/992 4545/3242/992
f 4546/3244/992 4602/3245/992 4603/3243/992
f 4546/3244/992 4601/3246/992 4602/3245/992
f 4547/3247/992 4601/3246/992 4546/3244/992
f 4547/3247/992 4600/3248/992 4601/3246/992
f 4548/3178/992 4600/3248/992 4547/3247/992
f 4548/3178/992 4599/3249/992 4600/3248/992
f 4549/3250/992 4599/3249/992 4548/3178/992
f 4549/3250/992 4598/3251/992 4599/3249/992
f 4574/3252/992 4572/3253/992 4573/3254/992
f 4549/3250/992 4597/3155/992 4598/3251/992
f 4550/3255/992 4597/3155/992 4549/3250/992
f 4574/3252/992 4571/3256/992 4572/3253/992
f 4551/2906/992 4597/3155/992 4550/3255/992
f 4574/3252/992 4570/2883/992 4571/3256/992
f 4552/3257/992 4597/3155/992 4551/2906/992
f 4552/3257/992 4596/3258/992 4597/3155/992
f 4574/3252/992 4569/3172/992 4570/2883/992
f 4553/3259/992 4596/3258/992 4552/3257/992
f 4574/3252/992 4568/3260/992 4569/3172/992
f 4554/3261/992 4596/3258/992 4553/3259/992
f 4574/3252/992 4567/3262/992 4568/3260/992
f 4555/3179/992 4596/3258/992 4554/3261/992
f 4555/3179/992 4595/3263/992 4596/3258/992
f 4574/3252/992 4566/3264/992 4567/3262/992
f 4556/3265/992 4595/3263/992 4555/3179/992
f 4557/3266/992 4595/3263/992 4556/3265/992
f 4574/3252/992 4565/3267/992 4566/3264/992
f 4558/3268/992 4595/3263/992 4557/3266/992
f 4574/3252/992 4564/3269/992 4565/3267/992
f 4559/3270/992 4595/3263/992 4558/3268/992
f 4574/3252/992 4563/3271/992 4564/3269/992
f 4560/3272/992 4595/3263/992 4559/3270/992
f 4574/3252/992 4562/3176/992 4563/3271/992
f 4561/3273/992 4595/3263/992 4560/3272/992
f 4574/3252/992 4561/3273/992 4562/3176/992
f 4561/3273/992 4594/3274/992 4595/3263/992
f 4574/3252/992 4594/3274/992 4561/3273/992
f 4574/3252/992 4593/3275/992 4594/3274/992
f 4574/3252/992 4592/3276/992 4593/3275/992
f 4575/3277/992 4592/3276/992 4574/3252/992
f 4575/3277/992 4591/3278/992 4592/3276/992
f 4576/3167/992 4591/3278/992 4575/3277/992
f 4577/3279/992 4591/3278/992 4576/3167/992
f 4577/3279/992 4590/3150/992 4591/3278/992
f 4578/3280/992 4590/3150/992 4577/3279/992
f 4579/3281/992 4590/3150/992 4578/3280/992
f 4579/3281/992 4589/2953/992 4590/3150/992
f 4580/3282/992 4589/2953/992 4579/3281/992
f 4580/3282/992 4588/3283/992 4589/2953/992
f 4581/3284/992 4588/3283/992 4580/3282/992
f 4582/3285/992 4588/3283/992 4581/3284/992
f 4582/3285/992 4587/3286/992 4588/3283/992
f 4583/3142/992 4587/3286/992 4582/3285/992
f 4584/3287/992 4587/3286/992 4583/3142/992
f 4584/3287/992 4586/3288/992 4587/3286/992
f 4585/3289/992 4586/3288/992 4584/3287/992
o テキスト.004
v -21.295656 4.092964 0.000001
v -21.131594 4.082753 0.000001
v -20.975239 4.052941 0.000001
v -20.827843 4.004761 0.000001
v -20.690657 3.939446 0.000001
v -20.564926 3.858228 0.000001
v -20.451906 3.762339 0.000001
v -20.352844 3.653014 0.000001
v -20.268990 3.531483 0.000001
v -20.201595 3.398980 0.000001
v -20.151907 3.256738 0.000001
v -20.121178 3.105988 0.000001
v -20.110657 2.947964 0.000001
v -20.120794 2.779602 0.000001
v -20.150517 2.620233 0.000001
v -20.198780 2.470933 0.000001
v -20.264545 2.332779 0.000001
v -20.346767 2.206847 0.000001
v -20.444405 2.094214 0.000001
v -20.556419 1.995956 0.000001
v -20.681767 1.913149 0.000001
v -20.819405 1.846870 0.000001
v -20.968294 1.798195 0.000001
v -21.127392 1.768201 0.000001
v -21.295656 1.757964 0.000001
v -21.470812 1.767819 0.000001
v -21.635654 1.796807 0.000001
v -21.789249 1.844058 0.000001
v -21.930656 1.908705 0.000001
v -22.058937 1.989880 0.000001
v -22.173155 2.086714 0.000001
v -22.272373 2.198340 0.000001
v -22.355656 2.323890 0.000001
v -22.422060 2.462495 0.000001
v -22.470654 2.613288 0.000001
v -22.500496 2.775400 0.000001
v -22.510654 2.947964 0.000001
v -22.500214 3.110189 0.000001
v -22.469614 3.263682 0.000001
v -22.419952 3.407417 0.000001
v -22.352322 3.540372 0.000001
v -22.267818 3.661520 0.000001
v -22.167532 3.769839 0.000001
v -22.052559 3.864304 0.000001
v -21.923990 3.943891 0.000001
v -21.782923 4.007574 0.000001
v -21.630449 4.054330 0.000001
v -21.467663 4.083136 0.000001
v -21.290655 3.692964 0.000001
v -21.399189 3.686514 0.000001
v -21.501835 3.667617 0.000001
v -21.597921 3.636949 0.000001
v -21.686768 3.595186 0.000001
v -21.767696 3.543008 0.000001
v -21.840031 3.481089 0.000001
v -21.903095 3.410109 0.000001
v -21.956211 3.330742 0.000001
v -21.998701 3.243668 0.000001
v -22.029890 3.149562 0.000001
v -22.049101 3.049102 0.000001
v -22.055656 2.942964 0.000001
v -22.049580 2.825635 0.000001
v -22.031628 2.716413 0.000001
v -22.002218 2.615699 0.000001
v -21.961767 2.523890 0.000001
v -21.910690 2.441387 0.000001
v -21.849407 2.368589 0.000001
v -21.778330 2.305895 0.000001
v -21.697880 2.253705 0.000001
v -21.608469 2.212417 0.000001
v -21.510517 2.182432 0.000001
v -21.404442 2.164148 0.000001
v -21.290655 2.157964 0.000001
v -21.186062 2.164437 0.000001
v -21.087646 2.183496 0.000001
v -20.995968 2.214605 0.000001
v -20.911581 2.257223 0.000001
v -20.835041 2.310814 0.000001
v -20.766907 2.374839 0.000001
v -20.707727 2.448760 0.000001
v -20.658062 2.532038 0.000001
v -20.618467 2.624136 0.000001
v -20.589499 2.724515 0.000001
v -20.571709 2.832637 0.000001
v -20.565655 2.947964 0.000001
v -20.571899 3.052953 0.000001
v -20.590193 3.152455 0.000001
v -20.619875 3.245777 0.000001
v -20.660286 3.332223 0.000001
v -20.710766 3.411101 0.000001
v -20.770657 3.481714 0.000001
v -20.839296 3.543369 0.000001
v -20.916027 3.595372 0.000001
v -21.000187 3.637027 0.000001
v -21.091118 3.667640 0.000001
v -21.188160 3.686518 0.000001
v -18.295656 4.047964 0.000001
v -18.295656 1.802964 0.000001
v -18.740656 1.802964 0.000001
v -18.740656 2.977964 0.000001
v -18.745554 3.072417 0.000001
v -18.759846 3.162756 0.000001
v -18.782921 3.248199 0.000001
v -18.814175 3.327964 0.000001
v -18.852997 3.401271 0.000001
v -18.898781 3.467339 0.000001
v -18.950920 3.525386 0.000001
v -19.008804 3.574631 0.000001
v -19.071827 3.614292 0.000001
v -19.139383 3.643589 0.000001
v -19.210861 3.661740 0.000001
v -19.285656 3.667964 0.000001
v -19.313301 3.666118 0.000001
v -19.343479 3.660696 0.000001
v -19.375813 3.651870 0.000001
v -19.409914 3.639816 0.000001
v -19.445408 3.624706 0.000001
v -19.481905 3.606714 0.000001
v -19.519030 3.586014 0.000001
v -19.556396 3.562779 0.000001
v -19.593624 3.537183 0.000001
v -19.630331 3.509399 0.000001
v -19.666136 3.479602 0.000001
v -19.700657 3.447964 0.000001
v -19.935656 3.832964 0.000001
v -19.889704 3.874842 0.000001
v -19.844290 3.912987 0.000001
v -19.799328 3.947417 0.000001
v -19.754730 3.978149 0.000001
v -19.710409 4.005201 0.000001
v -19.666281 4.028589 0.000001
v -19.622255 4.048332 0.000001
v -19.578247 4.064445 0.000001
v -19.534172 4.076949 0.000001
v -19.489937 4.085858 0.000001
v -19.445461 4.091191 0.000001
v -19.400656 4.092964 0.000001
v -19.348049 4.089489 0.000001
v -19.295216 4.078913 0.000001
v -19.242140 4.061011 0.000001
v -19.188805 4.035557 0.000001
v -19.135189 4.002325 0.000001
v -19.081280 3.961089 0.000001
v -19.027060 3.911624 0.000001
v -18.972507 3.853705 0.000001
v -18.917608 3.787105 0.000001
v -18.862345 3.711598 0.000001
v -18.806700 3.626960 0.000001
v -18.750656 3.532964 0.000001
v -18.740656 3.532964 0.000001
v -18.740656 4.047964 0.000001
v -17.745655 2.452964 0.000001
v -17.680748 2.411940 0.000001
v -17.615980 2.373936 0.000001
v -17.551281 2.339058 0.000001
v -17.486582 2.307409 0.000001
v -17.421814 2.279093 0.000000
v -17.356907 2.254214 0.000000
v -17.291790 2.232877 0.000000
v -17.226397 2.215186 0.000000
v -17.160656 2.201245 0.000000
v -17.094498 2.191159 0.000000
v -17.027855 2.185030 0.000000
v -16.960655 2.182964 0.000000
v -16.856808 2.187747 0.000000
v -16.760284 2.202061 0.000000
v -16.671124 2.225855 0.000000
v -16.589359 2.259075 0.000000
v -16.515024 2.301671 0.000000
v -16.448154 2.353589 0.000000
v -16.388786 2.414778 0.000000
v -16.336952 2.485186 0.000000
v -16.292686 2.564761 0.000000
v -16.256025 2.653450 0.000000
v -16.227003 2.751202 0.000000
v -16.205654 2.857964 0.000000
v -17.785656 2.857964 0.000001
v -17.777834 3.056622 0.000001
v -17.754753 3.237640 0.000001
v -17.716984 3.401089 0.000001
v -17.665100 3.547038 0.000001
v -17.599674 3.675557 0.000001
v -17.521282 3.786714 0.000001
v -17.430492 3.880580 0.000000
v -17.327879 3.957223 0.000000
v -17.214016 4.016714 0.000000
v -17.089476 4.059122 0.000000
v -16.954832 4.084515 0.000000
v -16.810656 4.092964 0.000000
v -16.659752 4.083520 0.000000
v -16.517599 4.055742 0.000000
v -16.385031 4.010464 0.000000
v -16.262878 3.948520 0.000000
v -16.151974 3.870742 0.000000
v -16.053156 3.777964 0.000000
v -15.967253 3.671020 0.000000
v -15.895100 3.550742 0.000000
v -15.837530 3.417964 0.000000
v -15.795378 3.273520 0.000000
v -15.769474 3.118242 0.000000
v -15.760655 2.952964 0.000000
v -15.768734 2.799208 0.000000
v -15.792786 2.649168 0.000000
v -15.832531 2.504683 0.000000
v -15.887692 2.367594 0.000000
v -15.957994 2.239741 0.000000
v -16.043156 2.122964 0.000000
v -16.142900 2.019104 0.000000
v -16.256950 1.930001 0.000000
v -16.385031 1.857495 0.000000
v -16.526859 1.803427 0.000000
v -16.682159 1.769637 0.000000
v -16.850655 1.757964 0.000000
v -16.942936 1.759741 0.000000
v -17.030146 1.765094 0.000000
v -17.112843 1.774058 0.000000
v -17.191582 1.786668 0.000000
v -17.266916 1.802958 0.000000
v -17.339405 1.822964 0.000000
v -17.409601 1.846720 0.000000
v -17.478062 1.874260 0.000001
v -17.545341 1.905620 0.000001
v -17.611998 1.940835 0.000001
v -17.678583 1.979938 0.000001
v -17.745655 2.022964 0.000001
v -16.215656 3.152964 0.000000
v -16.233669 3.238459 0.000000
v -16.257692 3.317339 0.000000
v -16.287687 3.389449 0.000000
v -16.323618 3.454631 0.000000
v -16.365452 3.512730 0.000000
v -16.413155 3.563589 0.000000
v -16.466692 3.607053 0.000000
v -16.526026 3.642964 0.000000
v -16.591125 3.671167 0.000000
v -16.661953 3.691506 0.000000
v -16.738474 3.703824 0.000000
v -16.820656 3.707964 0.000000
v -16.896870 3.703537 0.000000
v -16.967876 3.690464 0.000000
v -17.033468 3.669058 0.000000
v -17.093433 3.639631 0.000000
v -17.147564 3.602495 0.000000
v -17.195656 3.557964 0.000000
v -17.237495 3.506349 0.000000
v -17.272877 3.447964 0.000000
v -17.301592 3.383120 0.000000
v -17.323433 3.312130 0.000000
v -17.338188 3.235308 0.000000
v -17.345655 3.152964 0.000000
v -15.475656 2.202964 0.000000
v -15.450884 2.184848 0.000000
v -15.426651 2.168034 0.000000
v -15.403078 2.152574 0.000000
v -15.380285 2.138520 0.000000
v -15.358396 2.125924 0.000000
v -15.337530 2.114839 0.000000
v -15.317811 2.105317 0.000000
v -15.299359 2.097409 0.000000
v -15.282296 2.091167 0.000000
v -15.266744 2.086645 0.000000
v -15.252823 2.083893 0.000000
v -15.240656 2.082964 0.000000
v -15.227429 2.083604 0.000000
v -15.215261 2.085580 0.000000
v -15.204170 2.088980 0.000000
v -15.194174 2.093890 0.000000
v -15.185287 2.100398 0.000000
v -15.177530 2.108589 0.000000
v -15.170918 2.118551 0.000000
v -15.165470 2.130372 0.000000
v -15.161202 2.144136 0.000000
v -15.158133 2.159932 0.000000
v -15.156278 2.177845 0.000000
v -15.155655 2.197964 0.000000
v -15.155655 3.352964 0.000000
v -15.148309 3.474660 0.000000
v -15.126883 3.584862 0.000000
v -15.092297 3.683745 0.000000
v -15.045470 3.771483 0.000000
v -14.987326 3.848248 0.000000
v -14.918781 3.914214 0.000000
v -14.840757 3.969556 0.000000
v -14.754174 4.014446 0.000000
v -14.659952 4.049058 0.000000
v -14.559012 4.073566 0.000000
v -14.452273 4.088144 0.000000
v -14.340655 4.092964 0.000000
v -14.261066 4.090878 0.000000
v -14.184775 4.084608 0.000000
v -14.111750 4.074136 0.000000
v -14.041952 4.059446 0.000000
v -13.975348 4.040519 0.000000
v -13.911905 4.017339 0.000000
v -13.851587 3.989889 0.000000
v -13.794359 3.958149 0.000000
v -13.740187 3.922105 0.000000
v -13.689035 3.881737 0.000000
v -13.640869 3.837029 0.000000
v -13.595655 3.787964 0.000000
v -13.595655 3.302964 0.000000
v -13.650111 3.363812 0.000000
v -13.705887 3.418913 0.000000
v -13.762842 3.468355 0.000000
v -13.820841 3.512223 0.000000
v -13.879741 3.550606 0.000000
v -13.939405 3.583589 0.000000
v -13.999695 3.611260 0.000000
v -14.060471 3.633705 0.000000
v -14.121593 3.651011 0.000000
v -14.182923 3.663265 0.000000
v -14.244324 3.670554 0.000000
v -14.305655 3.672964 0.000000
v -14.370342 3.670539 0.000000
v -14.429405 3.663149 0.000000
v -14.482843 3.650620 0.000000
v -14.530655 3.632779 0.000000
v -14.572843 3.609452 0.000000
v -14.609406 3.580464 0.000000
v -14.640343 3.545644 0.000000
v -14.665655 3.504816 0.000000
v -14.685343 3.457808 0.000000
v -14.699406 3.404446 0.000000
v -14.707843 3.344556 0.000000
v -14.710655 3.277964 0.000000
v -14.710655 3.157964 0.000000
v -14.315656 3.017964 0.000000
v -14.224978 2.985183 0.000000
v -14.133988 2.951135 0.000000
v -14.044249 2.914761 0.000000
v -13.957322 2.875001 0.000000
v -13.874770 2.830797 0.000000
v -13.798155 2.781089 0.000000
v -13.729040 2.724819 0.000000
v -13.668988 2.660927 0.000000
v -13.619561 2.588355 0.000000
v -13.582322 2.506043 0.000000
v -13.558832 2.412932 0.000000
v -13.550655 2.307964 0.000000
v -13.555175 2.236222 0.000000
v -13.568480 2.166529 0.000000
v -13.590186 2.099683 0.000000
v -13.619914 2.036483 0.000000
v -13.657281 1.977727 0.000000
v -13.701905 1.924214 0.000000
v -13.753404 1.876743 0.000000
v -13.811396 1.836112 0.000000
v -13.875499 1.803120 0.000000
v -13.945332 1.778566 0.000000
v -14.020511 1.763248 0.000000
v -14.100656 1.757964 0.000000
v -14.151899 1.759529 0.000000
v -14.203109 1.764237 0.000000
v -14.254250 1.772105 0.000000
v -14.305285 1.783149 0.000000
v -14.356182 1.797388 0.000000
v -14.406905 1.814839 0.000000
v -14.457420 1.835519 0.000000
v -14.507692 1.859446 0.000000
v -14.557686 1.886636 0.000000
v -14.607368 1.917108 0.000000
v -14.656702 1.950878 0.000000
v -14.705656 1.987964 0.000000
v -14.717024 1.949828 0.000000
v -14.731188 1.915372 0.000000
v -14.748234 1.884527 0.000000
v -14.768248 1.857223 0.000000
v -14.791318 1.833392 0.000000
v -14.817531 1.812964 0.000000
v -14.846972 1.795869 0.000000
v -14.879729 1.782038 0.000000
v -14.915890 1.771402 0.000000
v -14.955540 1.763890 0.000000
v -14.998766 1.759434 0.000000
v -15.045655 1.757964 0.000000
v -15.079611 1.758829 0.000000
v -15.111882 1.761552 0.000000
v -15.143078 1.766323 0.000000
v -15.173803 1.773335 0.000000
v -15.204668 1.782776 0.000000
v -15.236280 1.794839 0.000000
v -15.269246 1.809715 0.000000
v -15.304173 1.827594 0.000000
v -15.341671 1.848667 0.000000
v -15.382345 1.873126 0.000000
v -15.426804 1.901161 0.000000
v -15.475656 1.932964 0.000000
v -14.710655 2.257964 0.000000
v -14.680447 2.230166 0.000000
v -14.649822 2.204330 0.000000
v -14.618780 2.180542 0.000000
v -14.587322 2.158890 0.000000
v -14.555447 2.139460 0.000000
v -14.523155 2.122339 0.000000
v -14.490447 2.107614 0.000000
v -14.457322 2.095371 0.000000
v -14.423780 2.085699 0.000000
v -14.389822 2.078682 0.000000
v -14.355448 2.074408 0.000000
v -14.320656 2.072964 0.000000
v -14.275496 2.075629 0.000000
v -14.232716 2.083450 0.000000
v -14.192608 2.096167 0.000000
v -14.155470 2.113520 0.000000
v -14.121595 2.135247 0.000000
v -14.091280 2.161089 0.000000
v -14.064819 2.190785 0.000000
v -14.042507 2.224075 0.000000
v -14.024640 2.260699 0.000000
v -14.011512 2.300395 0.000000
v -14.003419 2.342903 0.000000
v -14.000655 2.387964 0.000000
v -14.007368 2.451480 0.000000
v -14.026859 2.509839 0.000000
v -14.058155 2.563511 0.000000
v -14.100285 2.612964 0.000000
v -14.152275 2.658667 0.000000
v -14.213156 2.701089 0.000000
v -14.281952 2.740699 0.000000
v -14.357693 2.777964 0.000000
v -14.439405 2.813355 0.000000
v -14.526118 2.847339 0.000000
v -14.616859 2.880386 0.000000
v -14.710655 2.912964 0.000000
v -12.590655 4.512964 0.000000
v -11.755655 3.697964 0.000000
v -11.755655 3.647964 0.000000
v -12.145656 3.647964 0.000000
v -12.145656 2.462964 0.000000
v -12.150757 2.364014 0.000000
v -12.166049 2.270117 0.000000
v -12.191515 2.181948 0.000000
v -12.227137 2.100186 0.000000
v -12.272898 2.025507 0.000000
v -12.328780 1.958589 0.000000
v -12.394767 1.900108 0.000000
v -12.470840 1.850742 0.000000
v -12.556983 1.811167 0.000000
v -12.653178 1.782061 0.000000
v -12.759408 1.764101 0.000000
v -12.875655 1.757964 0.000000
v -12.913780 1.759292 0.000000
v -12.955238 1.763172 0.000000
v -12.999405 1.769449 0.000000
v -13.045655 1.777964 0.000000
v -13.093364 1.788563 0.000000
v -13.141906 1.801089 0.000000
v -13.190656 1.815386 0.000000
v -13.238989 1.831297 0.000000
v -13.286281 1.848667 0.000000
v -13.331905 1.867339 0.000000
v -13.375238 1.887157 0.000000
v -13.415655 1.907964 0.000000
v -13.415655 2.322964 0.000000
v -13.370962 2.296610 0.000000
v -13.326859 2.272547 0.000000
v -13.283312 2.250777 0.000000
v -13.240285 2.231297 0.000000
v -13.197744 2.214110 0.000000
v -13.155655 2.199214 0.000000
v -13.113983 2.186610 0.000000
v -13.072693 2.176297 0.000000
v -13.031749 2.168277 0.000000
v -12.991118 2.162548 0.000000
v -12.950766 2.159110 0.000000
v -12.910655 2.157964 0.000000
v -12.877050 2.159593 0.000000
v -12.841813 2.164747 0.000000
v -12.805812 2.173823 0.000000
v -12.769915 2.187223 0.000000
v -12.734990 2.205345 0.000000
v -12.701905 2.228589 0.000000
v -12.671529 2.257354 0.000000
v -12.644730 2.292038 0.000000
v -12.622375 2.333042 0.000000
v -12.605331 2.380765 0.000000
v -12.594469 2.435606 0.000000
v -12.590655 2.497964 0.000000
v -12.590655 3.647964 0.000000
v -13.300655 3.647964 0.000000
v -13.300655 4.047964 0.000000
v -12.590655 4.047964 0.000000
vn -0.0000 -0.0000 -1.0000
vn -0.0000 0.0001 -1.0000
vt 0.010526 0.000000
vt 0.494737 0.000000
vt 0.000000 0.000000
vt 0.484211 0.000000
vt 0.021053 0.000000
vt 0.473684 0.000000
vt 0.031579 0.000000
vt 0.463158 0.000000
vt 0.042105 0.000000
vt 0.452632 0.000000
vt 0.052632 0.000000
vt 0.442105 0.000000
vt 0.063158 0.000000
vt 0.431579 0.000000
vt 0.073684 0.000000
vt 0.505263 0.000000
vt 1.000000 0.000000
vt 0.515789 0.000000
vt 0.989474 0.000000
vt 0.526316 0.000000
vt 0.978947 0.000000
vt 0.536842 0.000000
vt 0.421053 0.000000
vt 0.084211 0.000000
vt 0.968421 0.000000
vt 0.547368 0.000000
vt 0.957895 0.000000
vt 0.557895 0.000000
vt 0.947368 0.000000
vt 0.568421 0.000000
vt 0.410526 0.000000
vt 0.094737 0.000000
vt 0.936842 0.000000
vt 0.578947 0.000000
vt 0.926316 0.000000
vt 0.589474 0.000000
vt 0.400000 0.000000
vt 0.105263 0.000000
vt 0.915789 0.000000
vt 0.600000 0.000000
vt 0.389474 0.000000
vt 0.115789 0.000000
vt 0.905263 0.000000
vt 0.610526 0.000000
vt 0.894737 0.000000
vt 0.621053 0.000000
vt 0.378947 0.000000
vt 0.126316 0.000000
vt 0.884211 0.000000
vt 0.631579 0.000000
vt 0.136842 0.000000
vt 0.873684 0.000000
vt 0.368421 0.000000
vt 0.642105 0.000000
vt 0.863158 0.000000
vt 0.652632 0.000000
vt 0.147368 0.000000
vt 0.357895 0.000000
vt 0.852632 0.000000
vt 0.663158 0.000000
vt 0.842105 0.000000
vt 0.157895 0.000000
vt 0.673684 0.000000
vt 0.347368 0.000000
vt 0.831579 0.000000
vt 0.684211 0.000000
vt 0.168421 0.000000
vt 0.336842 0.000000
vt 0.821053 0.000000
vt 0.694737 0.000000
vt 0.810526 0.000000
vt 0.705263 0.000000
vt 0.178947 0.000000
vt 0.326316 0.000000
vt 0.800000 0.000000
vt 0.715789 0.000000
vt 0.789474 0.000000
vt 0.726316 0.000000
vt 0.778947 0.000000
vt 0.736842 0.000000
vt 0.189474 0.000000
vt 0.315789 0.000000
vt 0.768421 0.000000
vt 0.747368 0.000000
vt 0.757895 0.000000
vt 0.200000 0.000000
vt 0.305263 0.000000
vt 0.210526 0.000000
vt 0.294737 0.000000
vt 0.221053 0.000000
vt 0.284211 0.000000
vt 0.231579 0.000000
vt 0.273684 0.000000
vt 0.242105 0.000000
vt 0.263158 0.000000
vt 0.252632 0.000000
vt 0.759259 0.000000
vt 0.722222 0.000000
vt 0.740741 0.000000
vt 0.703704 0.000000
vt 0.777778 0.000000
vt 0.685185 0.000000
vt 0.796296 0.000000
vt 0.666667 0.000000
vt 0.648148 0.000000
vt 0.814815 0.000000
vt 0.629630 0.000000
vt 0.018519 0.000000
vt 0.981481 0.000000
vt 0.833333 0.000000
vt 0.611111 0.000000
vt 0.592593 0.000000
vt 0.851852 0.000000
vt 0.574074 0.000000
vt 0.870370 0.000000
vt 0.555556 0.000000
vt 0.537037 0.000000
vt 0.888889 0.000000
vt 0.518519 0.000000
vt 0.907407 0.000000
vt 0.333333 0.000000
vt 0.351852 0.000000
vt 0.370370 0.000000
vt 0.388889 0.000000
vt 0.407407 0.000000
vt 0.425926 0.000000
vt 0.444444 0.000000
vt 0.462963 0.000000
vt 0.481481 0.000000
vt 0.500000 0.000000
vt 0.925926 0.000000
vt 0.296296 0.000000
vt 0.314815 0.000000
vt 0.944444 0.000000
vt 0.259259 0.000000
vt 0.277778 0.000000
vt 0.240741 0.000000
vt 0.222222 0.000000
vt 0.962963 0.000000
vt 0.203704 0.000000
vt 0.185185 0.000000
vt 0.111111 0.000000
vt 0.129630 0.000000
vt 0.148148 0.000000
vt 0.166667 0.000000
vt 0.092593 0.000000
vt 0.074074 0.000000
vt 0.055556 0.000000
vt 0.037037 0.000000
vt 0.387755 0.000000
vt 0.367347 0.000000
vt 0.377551 0.000000
vt 0.357143 0.000000
vt 0.397959 0.000000
vt 0.346939 0.000000
vt 0.408163 0.000000
vt 0.336735 0.000000
vt 0.418367 0.000000
vt 0.326531 0.000000
vt 0.428571 0.000000
vt 0.316327 0.000000
vt 0.438776 0.000000
vt 0.306122 0.000000
vt 0.448980 0.000000
vt 0.877551 0.000000
vt 0.867347 0.000000
vt 0.887755 0.000000
vt 0.857143 0.000000
vt 0.897959 0.000000
vt 0.846939 0.000000
vt 0.908163 0.000000
vt 0.295918 0.000000
vt 0.836735 0.000000
vt 0.459184 0.000000
vt 0.918367 0.000000
vt 0.826531 0.000000
vt 0.928571 0.000000
vt 0.816327 0.000000
vt 0.938776 0.000000
vt 0.806122 0.000000
vt 0.948980 0.000000
vt 0.469388 0.000000
vt 0.285714 0.000000
vt 0.795918 0.000000
vt 0.959184 0.000000
vt 0.785714 0.000000
vt 0.969388 0.000000
vt 0.479592 0.000000
vt 0.275510 0.000000
vt 0.775510 0.000000
vt 0.979592 0.000000
vt 0.765306 0.000000
vt 0.989796 0.000000
vt 0.489796 0.000000
vt 0.755102 0.000000
vt 0.265306 0.000000
vt 0.255102 0.000000
vt 0.510204 0.000000
vt 0.244898 0.000000
vt 0.234694 0.000000
vt 0.520408 0.000000
vt 0.224490 0.000000
vt 0.214286 0.000000
vt 0.530612 0.000000
vt 0.204082 0.000000
vt 0.540816 0.000000
vt 0.193878 0.000000
vt 0.010204 0.000000
vt 0.744898 0.000000
vt 0.183673 0.000000
vt 0.020408 0.000000
vt 0.030612 0.000000
vt 0.551020 0.000000
vt 0.173469 0.000000
vt 0.040816 0.000000
vt 0.051020 0.000000
vt 0.163265 0.000000
vt 0.061224 0.000000
vt 0.153061 0.000000
vt 0.071429 0.000000
vt 0.561224 0.000000
vt 0.081633 0.000000
vt 0.142857 0.000000
vt 0.091837 0.000000
vt 0.132653 0.000000
vt 0.102041 0.000000
vt 0.112245 0.000000
vt 0.122449 0.000000
vt 0.571429 0.000000
vt 0.734694 0.000000
vt 0.581633 0.000000
vt 0.724490 0.000000
vt 0.714286 0.000000
vt 0.591837 0.000000
vt 0.704082 0.000000
vt 0.693878 0.000000
vt 0.602041 0.000000
vt 0.683673 0.000000
vt 0.673469 0.000000
vt 0.612245 0.000000
vt 0.663265 0.000000
vt 0.653061 0.000000
vt 0.642857 0.000000
vt 0.622449 0.000000
vt 0.632653 0.000000
vt 0.219653 0.000000
vt 0.208092 0.000000
vt 0.213873 0.000000
vt 0.225434 0.000000
vt 0.202312 0.000000
vt 0.231214 0.000000
vt 0.236994 0.000000
vt 0.196532 0.000000
vt 0.242775 0.000000
vt 0.190751 0.000000
vt 0.248555 0.000000
vt 0.254335 0.000000
vt 0.184971 0.000000
vt 0.260116 0.000000
vt 0.179191 0.000000
vt 0.265896 0.000000
vt 0.271676 0.000000
vt 0.173410 0.000000
vt 0.277457 0.000000
vt 0.167630 0.000000
vt 0.283237 0.000000
vt 0.289017 0.000000
vt 0.294798 0.000000
vt 0.300578 0.000000
vt 0.306358 0.000000
vt 0.312139 0.000000
vt 0.317919 0.000000
vt 0.323699 0.000000
vt 0.329480 0.000000
vt 0.335260 0.000000
vt 0.341040 0.000000
vt 0.346821 0.000000
vt 0.352601 0.000000
vt 0.358382 0.000000
vt 0.161850 0.000000
vt 0.364162 0.000000
vt 0.156069 0.000000
vt 0.369942 0.000000
vt 0.375723 0.000000
vt 0.381503 0.000000
vt 0.387283 0.000000
vt 0.393064 0.000000
vt 0.150289 0.000000
vt 0.398844 0.000000
vt 0.404624 0.000000
vt 0.410405 0.000000
vt 0.144509 0.000000
vt 0.416185 0.000000
vt 0.421965 0.000000
vt 0.138728 0.000000
vt 0.427746 0.000000
vt 0.433526 0.000000
vt 0.439306 0.000000
vt 0.445087 0.000000
vt 0.450867 0.000000
vt 0.456647 0.000000
vt 0.462428 0.000000
vt 0.994220 0.000000
vt 0.791907 0.000000
vt 0.988439 0.000000
vt 0.468208 0.000000
vt 0.982659 0.000000
vt 0.473988 0.000000
vt 0.976879 0.000000
vt 0.479769 0.000000
vt 0.971098 0.000000
vt 0.965318 0.000000
vt 0.485549 0.000000
vt 0.959538 0.000000
vt 0.491329 0.000000
vt 0.953757 0.000000
vt 0.947977 0.000000
vt 0.497110 0.000000
vt 0.942197 0.000000
vt 0.936416 0.000000
vt 0.502890 0.000000
vt 0.930636 0.000000
vt 0.508671 0.000000
vt 0.924855 0.000000
vt 0.919075 0.000000
vt 0.514451 0.000000
vt 0.913295 0.000000
vt 0.907514 0.000000
vt 0.797688 0.000000
vt 0.520231 0.000000
vt 0.803468 0.000000
vt 0.901734 0.000000
vt 0.809249 0.000000
vt 0.005780 0.000000
vt 0.786127 0.000000
vt 0.132948 0.000000
vt 0.895954 0.000000
vt 0.011561 0.000000
vt 0.815029 0.000000
vt 0.127168 0.000000
vt 0.017341 0.000000
vt 0.526012 0.000000
vt 0.890173 0.000000
vt 0.121387 0.000000
vt 0.820809 0.000000
vt 0.023121 0.000000
vt 0.115607 0.000000
vt 0.826590 0.000000
vt 0.028902 0.000000
vt 0.884393 0.000000
vt 0.109827 0.000000
vt 0.034682 0.000000
vt 0.832370 0.000000
vt 0.104046 0.000000
vt 0.040462 0.000000
vt 0.878613 0.000000
vt 0.098266 0.000000
vt 0.838150 0.000000
vt 0.046243 0.000000
vt 0.092486 0.000000
vt 0.531792 0.000000
vt 0.052023 0.000000
vt 0.872832 0.000000
vt 0.843931 0.000000
vt 0.086705 0.000000
vt 0.057803 0.000000
vt 0.080925 0.000000
vt 0.063584 0.000000
vt 0.849711 0.000000
vt 0.075145 0.000000
vt 0.069364 0.000000
vt 0.867052 0.000000
vt 0.855491 0.000000
vt 0.861272 0.000000
vt 0.647399 0.000000
vt 0.537572 0.000000
vt 0.641618 0.000000
vt 0.653179 0.000000
vt 0.543353 0.000000
vt 0.635838 0.000000
vt 0.658960 0.000000
vt 0.780347 0.000000
vt 0.549133 0.000000
vt 0.630058 0.000000
vt 0.664740 0.000000
vt 0.774566 0.000000
vt 0.624277 0.000000
vt 0.670520 0.000000
vt 0.554913 0.000000
vt 0.768786 0.000000
vt 0.618497 0.000000
vt 0.676301 0.000000
vt 0.763006 0.000000
vt 0.560694 0.000000
vt 0.612717 0.000000
vt 0.682081 0.000000
vt 0.757225 0.000000
vt 0.606936 0.000000
vt 0.687861 0.000000
vt 0.751445 0.000000
vt 0.566474 0.000000
vt 0.601156 0.000000
vt 0.693642 0.000000
vt 0.745665 0.000000
vt 0.595376 0.000000
vt 0.739884 0.000000
vt 0.699422 0.000000
vt 0.572254 0.000000
vt 0.734104 0.000000
vt 0.589595 0.000000
vt 0.705202 0.000000
vt 0.728324 0.000000
vt 0.583815 0.000000
vt 0.710983 0.000000
vt 0.578035 0.000000
vt 0.722543 0.000000
vt 0.716763 0.000000
vt 0.017544 0.000000
vt 0.982456 0.000000
vt 0.964912 0.000000
vt 0.035088 0.000000
vt 0.070175 0.000000
vt 0.929825 0.000000
vt 0.912281 0.000000
vt 0.087719 0.000000
vt 0.877193 0.000000
vt 0.859649 0.000000
vt 0.491228 0.000000
vt 0.508772 0.000000
vt 0.543860 0.000000
vt 0.561404 0.000000
vt 0.122807 0.000000
vt 0.824561 0.000000
vt 0.596491 0.000000
vt 0.807018 0.000000
vt 0.614035 0.000000
vt 0.771930 0.000000
vt 0.649123 0.000000
vt 0.140351 0.000000
vt 0.754386 0.000000
vt 0.701754 0.000000
vt 0.719298 0.000000
vt 0.175439 0.000000
vt 0.192982 0.000000
vt 0.456140 0.000000
vt 0.438596 0.000000
vt 0.228070 0.000000
vt 0.403509 0.000000
vt 0.385965 0.000000
vt 0.245614 0.000000
vt 0.350877 0.000000
vt 0.280702 0.000000
vt 0.298246 0.000000
s 0
usemtl マテリアル.002
f 4648/3290/993 4694/3291/993 4647/3292/993
f 4648/3290/993 4693/3293/993 4694/3291/993
f 4649/3294/993 4693/3293/993 4648/3290/993
f 4649/3294/993 4692/3295/993 4693/3293/993
f 4650/3296/993 4692/3295/993 4649/3294/993
f 4650/3296/993 4691/3297/993 4692/3295/993
f 4651/3298/993 4691/3297/993 4650/3296/993
f 4651/3298/993 4690/3299/993 4691/3297/993
f 4652/3300/993 4690/3299/993 4651/3298/993
f 4652/3300/993 4689/3301/993 4690/3299/993
f 4653/3302/993 4689/3301/993 4652/3300/993
f 4653/3302/993 4688/3303/993 4689/3301/993
f 4654/3304/993 4695/3305/993 4653/3302/993
f 4695/3305/993 4688/3303/993 4653/3302/993
f 4654/3304/993 4742/3306/993 4695/3305/993
f 4696/3307/993 4688/3303/993 4695/3305/993
f 4654/3304/993 4741/3308/993 4742/3306/993
f 4697/3309/993 4688/3303/993 4696/3307/993
f 4654/3304/993 4740/3310/993 4741/3308/993
f 4698/3311/993 4688/3303/993 4697/3309/993
f 4698/3311/993 4687/3312/993 4688/3303/993
f 4655/3313/993 4740/3310/993 4654/3304/993
f 4655/3313/993 4739/3314/993 4740/3310/993
f 4699/3315/993 4687/3312/993 4698/3311/993
f 4655/3313/993 4738/3316/993 4739/3314/993
f 4700/3317/993 4687/3312/993 4699/3315/993
f 4655/3313/993 4737/3318/993 4738/3316/993
f 4701/3319/993 4687/3312/993 4700/3317/993
f 4701/3319/993 4686/3320/993 4687/3312/993
f 4656/3321/993 4737/3318/993 4655/3313/993
f 4656/3321/993 4736/3322/993 4737/3318/993
f 4702/3323/993 4686/3320/993 4701/3319/993
f 4656/3321/993 4735/3324/993 4736/3322/993
f 4703/3325/993 4686/3320/993 4702/3323/993
f 4703/3325/993 4685/3326/993 4686/3320/993
f 4657/3327/993 4735/3324/993 4656/3321/993
f 4657/3327/993 4734/3328/993 4735/3324/993
f 4704/3329/993 4685/3326/993 4703/3325/993
f 4704/3329/993 4684/3330/993 4685/3326/993
f 4658/3331/993 4734/3328/993 4657/3327/993
f 4658/3331/993 4733/3332/993 4734/3328/993
f 4705/3333/993 4684/3330/993 4704/3329/993
f 4658/3331/993 4732/3334/993 4733/3332/993
f 4706/3335/993 4684/3330/993 4705/3333/993
f 4706/3335/993 4683/3336/993 4684/3330/993
f 4659/3337/993 4732/3334/993 4658/3331/993
f 4659/3337/993 4731/3338/993 4732/3334/993
f 4707/3339/993 4683/3336/993 4706/3335/993
f 4660/3340/993 4731/3338/993 4659/3337/993
f 4660/3340/993 4730/3341/993 4731/3338/993
f 4707/3339/993 4682/3342/993 4683/3336/993
f 4708/3343/993 4682/3342/993 4707/3339/993
f 4660/3340/993 4729/3344/993 4730/3341/993
f 4709/3345/993 4682/3342/993 4708/3343/993
f 4661/3346/993 4729/3344/993 4660/3340/993
f 4709/3345/993 4681/3347/993 4682/3342/993
f 4661/3346/993 4728/3348/993 4729/3344/993
f 4710/3349/993 4681/3347/993 4709/3345/993
f 4661/3346/993 4727/3350/993 4728/3348/993
f 4662/3351/993 4727/3350/993 4661/3346/993
f 4711/3352/993 4681/3347/993 4710/3349/993
f 4711/3352/993 4680/3353/993 4681/3347/993
f 4662/3351/993 4726/3354/993 4727/3350/993
f 4712/3355/993 4680/3353/993 4711/3352/993
f 4663/3356/993 4726/3354/993 4662/3351/993
f 4712/3355/993 4679/3357/993 4680/3353/993
f 4663/3356/993 4725/3358/993 4726/3354/993
f 4713/3359/993 4679/3357/993 4712/3355/993
f 4663/3356/993 4724/3360/993 4725/3358/993
f 4714/3361/993 4679/3357/993 4713/3359/993
f 4664/3362/993 4724/3360/993 4663/3356/993
f 4714/3361/993 4678/3363/993 4679/3357/993
f 4664/3362/993 4723/3364/993 4724/3360/993
f 4715/3365/993 4678/3363/993 4714/3361/993
f 4664/3362/993 4722/3366/993 4723/3364/993
f 4716/3367/993 4678/3363/993 4715/3365/993
f 4664/3362/993 4721/3368/993 4722/3366/993
f 4717/3369/993 4678/3363/993 4716/3367/993
f 4665/3370/993 4721/3368/993 4664/3362/993
f 4717/3369/993 4677/3371/993 4678/3363/993
f 4665/3370/993 4720/3372/993 4721/3368/993
f 4718/3373/993 4677/3371/993 4717/3369/993
f 4665/3370/993 4719/3374/993 4720/3372/993
f 4719/3374/993 4677/3371/993 4718/3373/993
f 4665/3370/993 4677/3371/993 4719/3374/993
f 4666/3375/993 4677/3371/993 4665/3370/993
f 4666/3375/993 4676/3376/993 4677/3371/993
f 4667/3377/993 4676/3376/993 4666/3375/993
f 4667/3377/993 4675/3378/993 4676/3376/993
f 4668/3379/993 4675/3378/993 4667/3377/993
f 4668/3379/993 4674/3380/993 4675/3378/993
f 4669/3381/993 4674/3380/993 4668/3379/993
f 4669/3381/993 4673/3382/993 4674/3380/993
f 4670/3383/993 4673/3382/993 4669/3381/993
f 4670/3383/993 4672/3384/993 4673/3382/993
f 4671/3385/993 4672/3384/993 4670/3383/993
f 4784/3386/993 4782/3387/993 4783/3388/993
f 4784/3386/993 4781/3389/993 4782/3387/993
f 4785/3390/993 4781/3389/993 4784/3386/993
f 4785/3390/993 4780/3391/993 4781/3389/993
f 4786/3392/993 4780/3391/993 4785/3390/993
f 4786/3392/993 4779/3393/993 4780/3391/993
f 4786/3392/993 4778/3394/993 4779/3393/993
f 4787/3395/993 4778/3394/993 4786/3392/993
f 4787/3395/993 4777/3396/993 4778/3394/993
f 4744/3397/993 4797/3306/993 4743/3292/993
f 4744/3397/993 4796/3398/993 4797/3306/993
f 4788/3399/993 4777/3396/993 4787/3395/993
f 4788/3399/993 4776/3400/993 4777/3396/993
f 4788/3399/993 4775/3401/993 4776/3400/993
f 4789/3402/993 4775/3401/993 4788/3399/993
f 4789/3402/993 4774/3403/993 4775/3401/993
f 4790/3404/993 4774/3403/993 4789/3402/993
f 4790/3404/993 4773/3405/993 4774/3403/993
f 4790/3404/993 4772/3406/993 4773/3405/993
f 4791/3407/993 4772/3406/993 4790/3404/993
f 4791/3407/993 4771/3408/993 4772/3406/993
f 4792/3409/993 4771/3408/993 4791/3407/993
f 4792/3409/993 4761/3410/993 4771/3408/993
f 4761/3410/993 4762/3411/993 4771/3408/993
f 4762/3411/993 4763/3412/993 4771/3408/993
f 4763/3412/993 4764/3413/993 4771/3408/993
f 4764/3413/993 4765/3414/993 4771/3408/993
f 4765/3414/993 4766/3415/993 4771/3408/993
f 4766/3415/993 4767/3416/993 4771/3408/993
f 4767/3416/993 4768/3417/993 4771/3408/993
f 4768/3417/993 4769/3418/993 4771/3408/993
f 4769/3418/993 4770/3419/993 4771/3408/993
f 4793/3420/993 4759/3421/993 4792/3409/993
f 4759/3421/993 4760/3422/993 4792/3409/993
f 4760/3422/993 4761/3410/993 4792/3409/993
f 4794/3423/993 4757/3424/993 4793/3420/993
f 4757/3424/993 4758/3425/993 4793/3420/993
f 4758/3425/993 4759/3421/993 4793/3420/993
f 4794/3423/993 4756/3426/993 4757/3424/993
f 4794/3423/993 4755/3427/993 4756/3426/993
f 4795/3428/993 4755/3427/993 4794/3423/993
f 4795/3428/993 4754/3429/993 4755/3427/993
f 4795/3428/993 4753/3430/993 4754/3429/993
f 4744/3397/993 4795/3428/993 4796/3398/993
f 4744/3397/993 4749/3431/993 4795/3428/993
f 4749/3431/993 4750/3432/993 4795/3428/993
f 4750/3432/993 4751/3433/993 4795/3428/993
f 4751/3433/993 4752/3434/993 4795/3428/993
f 4752/3434/993 4753/3430/993 4795/3428/993
f 4744/3397/993 4748/3435/993 4749/3431/993
f 4744/3397/993 4747/3436/993 4748/3435/993
f 4744/3397/993 4746/3437/993 4747/3436/993
f 4744/3397/993 4745/3438/993 4746/3437/993
f 4836/3439/993 4834/3440/993 4835/3441/993
f 4836/3439/993 4833/3442/993 4834/3440/993
f 4837/3443/993 4833/3442/993 4836/3439/993
f 4837/3443/993 4832/3444/993 4833/3442/993
f 4838/3445/993 4832/3444/993 4837/3443/993
f 4838/3445/993 4831/3446/993 4832/3444/993
f 4839/3447/993 4831/3446/993 4838/3445/993
f 4839/3447/993 4830/3448/993 4831/3446/993
f 4840/3449/993 4830/3448/993 4839/3447/993
f 4840/3449/993 4829/3450/993 4830/3448/993
f 4841/3451/993 4829/3450/993 4840/3449/993
f 4841/3451/993 4828/3452/993 4829/3450/993
f 4842/3453/993 4884/3454/993 4841/3451/993
f 4884/3454/993 4828/3452/993 4841/3451/993
f 4842/3453/993 4883/3455/993 4884/3454/993
f 4885/3456/994 4828/3452/994 4884/3454/994
f 4842/3453/993 4882/3457/993 4883/3455/993
f 4886/3458/993 4828/3452/993 4885/3456/993
f 4842/3453/993 4881/3459/993 4882/3457/993
f 4887/3460/993 4828/3452/993 4886/3458/993
f 4887/3460/993 4827/3461/993 4828/3452/993
f 4842/3453/993 4880/3462/993 4881/3459/993
f 4843/3463/993 4880/3462/993 4842/3453/993
f 4888/3464/993 4827/3461/993 4887/3460/993
f 4843/3463/993 4879/3465/993 4880/3462/993
f 4889/3466/993 4827/3461/993 4888/3464/993
f 4843/3463/993 4878/3467/993 4879/3465/993
f 4890/3468/993 4827/3461/993 4889/3466/993
f 4843/3463/993 4877/3469/993 4878/3467/993
f 4891/3470/993 4827/3461/993 4890/3468/993
f 4844/3471/993 4877/3469/993 4843/3463/993
f 4891/3470/993 4826/3472/993 4827/3461/993
f 4844/3471/993 4876/3473/993 4877/3469/993
f 4892/3474/993 4826/3472/993 4891/3470/993
f 4844/3471/993 4875/3475/993 4876/3473/993
f 4893/3476/993 4826/3472/993 4892/3474/993
f 4845/3477/993 4875/3475/993 4844/3471/993
f 4893/3476/993 4825/3478/993 4826/3472/993
f 4845/3477/993 4874/3479/993 4875/3475/993
f 4894/3480/993 4825/3478/993 4893/3476/993
f 4845/3477/993 4873/3481/993 4874/3479/993
f 4895/3482/993 4825/3478/993 4894/3480/993
f 4846/3483/993 4873/3481/993 4845/3477/993
f 4846/3483/993 4872/3484/993 4873/3481/993
f 4895/3482/993 4824/3485/993 4825/3478/993
f 4896/3306/993 4824/3485/993 4895/3482/993
f 4846/3483/993 4896/3306/993 4872/3484/993
f 4846/3483/993 4824/3485/993 4896/3306/993
f 4847/3419/993 4824/3485/993 4846/3483/993
f 4847/3419/993 4823/3486/993 4824/3485/993
f 4848/3487/993 4822/3488/993 4847/3419/993
f 4822/3488/993 4823/3486/993 4847/3419/993
f 4848/3487/993 4821/3489/993 4822/3488/993
f 4849/3490/993 4821/3489/993 4848/3487/993
f 4849/3490/993 4820/3491/993 4821/3489/993
f 4849/3490/993 4819/3492/993 4820/3491/993
f 4850/3493/993 4819/3492/993 4849/3490/993
f 4850/3493/993 4818/3494/993 4819/3492/993
f 4851/3495/993 4818/3494/993 4850/3493/993
f 4851/3495/993 4817/3496/993 4818/3494/993
f 4799/3497/993 4871/3498/993 4798/3292/993
f 4851/3495/993 4816/3499/993 4817/3496/993
f 4800/3500/993 4871/3498/993 4799/3497/993
f 4801/3501/993 4871/3498/993 4800/3500/993
f 4852/3502/993 4816/3499/993 4851/3495/993
f 4852/3502/993 4815/3503/993 4816/3499/993
f 4802/3504/993 4871/3498/993 4801/3501/993
f 4803/3505/993 4871/3498/993 4802/3504/993
f 4852/3502/993 4814/3506/993 4815/3503/993
f 4804/3507/993 4871/3498/993 4803/3505/993
f 4852/3502/993 4813/3508/993 4814/3506/993
f 4805/3509/993 4871/3498/993 4804/3507/993
f 4853/3510/993 4813/3508/993 4852/3502/993
f 4806/3511/993 4871/3498/993 4805/3509/993
f 4853/3510/993 4812/3512/993 4813/3508/993
f 4807/3513/993 4871/3498/993 4806/3511/993
f 4853/3510/993 4811/3514/993 4812/3512/993
f 4808/3515/993 4871/3498/993 4807/3513/993
f 4809/3516/993 4871/3498/993 4808/3515/993
f 4853/3510/993 4810/3517/993 4811/3514/993
f 4810/3517/993 4871/3498/993 4809/3516/993
f 4853/3510/993 4871/3498/993 4810/3517/993
f 4854/3518/993 4871/3498/993 4853/3510/993
f 4854/3518/993 4870/3519/993 4871/3498/993
f 4855/3520/993 4870/3519/993 4854/3518/993
f 4855/3520/993 4869/3521/993 4870/3519/993
f 4855/3520/993 4868/3522/993 4869/3521/993
f 4856/3523/993 4868/3522/993 4855/3520/993
f 4856/3523/993 4867/3524/993 4868/3522/993
f 4856/3523/993 4866/3525/993 4867/3524/993
f 4857/3526/993 4866/3525/993 4856/3523/993
f 4857/3526/993 4865/3527/993 4866/3525/993
f 4857/3526/993 4864/3528/993 4865/3527/993
f 4858/3529/993 4864/3528/993 4857/3526/993
f 4858/3529/993 4863/3530/993 4864/3528/993
f 4858/3529/993 4862/3531/993 4863/3530/993
f 4858/3529/993 4861/3532/993 4862/3531/993
f 4859/3533/993 4861/3532/993 4858/3529/993
f 4859/3533/993 4860/3534/993 4861/3532/993
f 4935/3535/993 4933/3536/993 4934/3537/993
f 4936/3538/993 4933/3536/993 4935/3535/993
f 4936/3538/993 4932/3539/993 4933/3536/993
f 4937/3540/993 4932/3539/993 4936/3538/993
f 4938/3541/993 4932/3539/993 4937/3540/993
f 4938/3541/993 4931/3542/993 4932/3539/993
f 4939/3543/993 4931/3542/993 4938/3541/993
f 4939/3543/993 4930/3544/993 4931/3542/993
f 4940/3545/993 4930/3544/993 4939/3543/993
f 4941/3546/993 4930/3544/993 4940/3545/993
f 4941/3546/993 4929/3547/993 4930/3544/993
f 4942/3548/993 4929/3547/993 4941/3546/993
f 4942/3548/993 4928/3549/993 4929/3547/993
f 4943/3550/993 4928/3549/993 4942/3548/993
f 4944/3551/993 4928/3549/993 4943/3550/993
f 4944/3551/993 4927/3552/993 4928/3549/993
f 4945/3553/993 4927/3552/993 4944/3551/993
f 4945/3553/993 4926/3554/993 4927/3552/993
f 4946/3555/993 4926/3554/993 4945/3553/993
f 4947/3556/993 4948/3557/993 4946/3555/993
f 4948/3557/993 4949/3558/993 4946/3555/993
f 4949/3558/993 4950/3559/993 4946/3555/993
f 4950/3559/993 4951/3560/993 4946/3555/993
f 4951/3560/993 4952/3561/993 4946/3555/993
f 4952/3561/993 4953/3562/993 4946/3555/993
f 4953/3562/993 4954/3563/993 4946/3555/993
f 4954/3563/993 4955/3564/993 4946/3555/993
f 4955/3564/993 4956/3565/993 4946/3555/993
f 4956/3565/993 4957/3566/993 4946/3555/993
f 4957/3566/993 4926/3554/993 4946/3555/993
f 4957/3566/993 4958/3567/993 4926/3554/993
f 4958/3567/993 4959/3568/993 4926/3554/993
f 4959/3568/993 4925/3569/993 4926/3554/993
f 4959/3568/993 4960/3570/993 4925/3569/993
f 4960/3570/993 4924/3571/993 4925/3569/993
f 4961/3572/993 4924/3571/993 4960/3570/993
f 4962/3573/993 4924/3571/993 4961/3572/993
f 4963/3574/993 4924/3571/993 4962/3573/993
f 4964/3575/993 4924/3571/993 4963/3574/993
f 4965/3576/993 4924/3571/993 4964/3575/993
f 4965/3576/993 4923/3577/993 4924/3571/993
f 4966/3578/993 4923/3577/993 4965/3576/993
f 4967/3579/993 4923/3577/993 4966/3578/993
f 4968/3580/993 4923/3577/993 4967/3579/993
f 4968/3580/993 4922/3581/993 4923/3577/993
f 4969/3582/993 4922/3581/993 4968/3580/993
f 4970/3583/993 4922/3581/993 4969/3582/993
f 4970/3583/993 4921/3584/993 4922/3581/993
f 4971/3585/993 4921/3584/993 4970/3583/993
f 4972/3586/993 4921/3584/993 4971/3585/993
f 4973/3587/993 5070/3306/993 4972/3586/993
f 5070/3306/993 4921/3584/993 4972/3586/993
f 4974/3588/993 5070/3306/993 4973/3587/993
f 4975/3589/993 5070/3306/993 4974/3588/993
f 4976/3590/993 5070/3306/993 4975/3589/993
f 4977/3591/993 5070/3306/993 4976/3590/993
f 4977/3591/993 5069/3592/993 5070/3306/993
f 5034/3593/993 4921/3584/993 5070/3306/993
f 4977/3591/993 5068/3594/993 5069/3592/993
f 4978/3595/993 5068/3594/993 4977/3591/993
f 4978/3595/993 5067/3596/993 5068/3594/993
f 4979/3597/993 5067/3596/993 4978/3595/993
f 4979/3597/993 5066/3598/993 5067/3596/993
f 4980/3599/993 5066/3598/993 4979/3597/993
f 4980/3599/993 5065/3600/993 5066/3598/993
f 4980/3599/993 5064/3601/993 5065/3600/993
f 4981/3602/993 5064/3601/993 4980/3599/993
f 4981/3602/993 5063/3603/993 5064/3601/993
f 4982/3604/993 5063/3603/993 4981/3602/993
f 4982/3604/993 5062/3605/993 5063/3603/993
f 4982/3604/993 5061/3606/993 5062/3605/993
f 4983/3607/993 5061/3606/993 4982/3604/993
f 4983/3607/993 5060/3608/993 5061/3606/993
f 4983/3607/993 5059/3609/993 5060/3608/993
f 4984/3610/993 5059/3609/993 4983/3607/993
f 4984/3610/993 5058/3611/993 5059/3609/993
f 4985/3612/993 5058/3611/993 4984/3610/993
f 4985/3612/993 5057/3613/993 5058/3611/993
f 4985/3612/993 5056/3614/993 5057/3613/993
f 4986/3615/993 5056/3614/993 4985/3612/993
f 4986/3615/993 5055/3616/993 5056/3614/993
f 4986/3615/993 5054/3617/993 5055/3616/993
f 5035/3618/993 4921/3584/993 5034/3593/993
f 4987/3619/993 5054/3617/993 4986/3615/993
f 5036/3620/993 4921/3584/993 5035/3618/993
f 4987/3619/993 5053/3621/993 5054/3617/993
f 5037/3622/993 4921/3584/993 5036/3620/993
f 4898/3623/993 5033/3624/993 4897/3292/993
f 5037/3622/993 4920/3625/993 4921/3584/993
f 4987/3619/993 5052/3626/993 5053/3621/993
f 4899/3627/993 5033/3624/993 4898/3623/993
f 5038/3628/993 4920/3625/993 5037/3622/993
f 5038/3628/993 4919/3629/993 4920/3625/993
f 4900/3630/993 5033/3624/993 4899/3627/993
f 4988/3631/993 5052/3626/993 4987/3619/993
f 4988/3631/993 5051/3632/993 5052/3626/993
f 5038/3628/993 4918/3633/993 4919/3629/993
f 5039/3634/993 4918/3633/993 5038/3628/993
f 4901/3635/993 5033/3624/993 4900/3630/993
f 5039/3634/993 4917/3636/993 4918/3633/993
f 5040/3637/993 4917/3636/993 5039/3634/993
f 4902/3638/993 5033/3624/993 4901/3635/993
f 4988/3631/993 5050/3639/993 5051/3632/993
f 5040/3637/993 4916/3640/993 4917/3636/993
f 4903/3641/993 5033/3624/993 4902/3638/993
f 5041/3642/993 4916/3640/993 5040/3637/993
f 5041/3642/993 4915/3643/993 4916/3640/993
f 4904/3644/993 5033/3624/993 4903/3641/993
f 4988/3631/993 5049/3645/993 5050/3639/993
f 5041/3642/993 4914/3646/993 4915/3643/993
f 5042/3647/993 4914/3646/993 5041/3642/993
f 4905/3648/993 5033/3624/993 4904/3644/993
f 5042/3647/993 4913/3649/993 4914/3646/993
f 4989/3650/993 5049/3645/993 4988/3631/993
f 4906/3651/993 5033/3624/993 4905/3648/993
f 4989/3650/993 5048/3652/993 5049/3645/993
f 5043/3653/993 4913/3649/993 5042/3647/993
f 5043/3653/993 4912/3654/993 4913/3649/993
f 4907/3655/993 5033/3624/993 4906/3651/993
f 5043/3653/993 4911/3656/993 4912/3654/993
f 4908/3657/993 5033/3624/993 4907/3655/993
f 5044/3658/993 4911/3656/993 5043/3653/993
f 5044/3658/993 4910/3659/993 4911/3656/993
f 4909/3660/993 5033/3624/993 4908/3657/993
f 5044/3658/993 4909/3660/993 4910/3659/993
f 4989/3650/993 5047/3661/993 5048/3652/993
f 5044/3658/993 5033/3624/993 4909/3660/993
f 5045/3662/993 5033/3624/993 5044/3658/993
f 4989/3650/993 5046/3663/993 5047/3661/993
f 5046/3663/993 5033/3624/993 5045/3662/993
f 4989/3650/993 5009/3664/993 5046/3663/993
f 5009/3664/993 5033/3624/993 5046/3663/993
f 4990/3665/993 5009/3664/993 4989/3650/993
f 4990/3665/993 5008/3666/993 5009/3664/993
f 5010/3667/993 5033/3624/993 5009/3664/993
f 4991/3668/993 5008/3666/993 4990/3665/993
f 4991/3668/993 5007/3669/993 5008/3666/993
f 5011/3670/993 5033/3624/993 5010/3667/993
f 5011/3670/993 5032/3671/993 5033/3624/993
f 4992/3672/993 5007/3669/993 4991/3668/993
f 4992/3672/993 5006/3673/993 5007/3669/993
f 5012/3674/993 5032/3671/993 5011/3670/993
f 5012/3674/993 5031/3675/993 5032/3671/993
f 4992/3672/993 5005/3676/993 5006/3673/993
f 5013/3677/993 5031/3675/993 5012/3674/993
f 4993/3678/993 5005/3676/993 4992/3672/993
f 5013/3677/993 5030/3679/993 5031/3675/993
f 4993/3678/993 5004/3680/993 5005/3676/993
f 5014/3681/993 5030/3679/993 5013/3677/993
f 5014/3681/993 5029/3682/993 5030/3679/993
f 4994/3683/993 5004/3680/993 4993/3678/993
f 4994/3683/993 5003/3684/993 5004/3680/993
f 5015/3685/993 5029/3682/993 5014/3681/993
f 5015/3685/993 5028/3686/993 5029/3682/993
f 4994/3683/993 5002/3687/993 5003/3684/993
f 5016/3688/993 5028/3686/993 5015/3685/993
f 5016/3688/993 5027/3689/993 5028/3686/993
f 4995/3690/993 5002/3687/993 4994/3683/993
f 4995/3690/993 5001/3691/993 5002/3687/993
f 5017/3692/993 5027/3689/993 5016/3688/993
f 5017/3692/993 5026/3693/993 5027/3689/993
f 4995/3690/993 5000/3694/993 5001/3691/993
f 5017/3692/993 5025/3695/993 5026/3693/993
f 5018/3696/993 5025/3695/993 5017/3692/993
f 4996/3697/993 5000/3694/993 4995/3690/993
f 5018/3696/993 5024/3698/993 5025/3695/993
f 4996/3697/993 4999/3699/993 5000/3694/993
f 5019/3700/993 5024/3698/993 5018/3696/993
f 5019/3700/993 5023/3701/993 5024/3698/993
f 4996/3697/993 4998/3702/993 4999/3699/993
f 5020/3703/993 5023/3701/993 5019/3700/993
f 4997/3704/993 4998/3702/993 4996/3697/993
f 5020/3703/993 5022/3705/993 5023/3701/993
f 5021/3706/993 5022/3705/993 5020/3703/993
f 5072/3707/993 5128/3306/993 5071/3292/993
f 5072/3707/993 5127/3708/993 5128/3306/993
f 5072/3707/993 5126/3709/993 5127/3708/993
f 5073/3710/993 5126/3709/993 5072/3707/993
f 5074/3300/993 5126/3709/993 5073/3710/993
f 5075/3711/993 5125/3318/993 5074/3300/993
f 5125/3318/993 5126/3709/993 5074/3300/993
f 5075/3711/993 5124/3712/993 5125/3318/993
f 5075/3711/993 5123/3713/993 5124/3712/993
f 5076/3714/993 5123/3713/993 5075/3711/993
f 5076/3714/993 5122/3334/993 5123/3713/993
f 5076/3714/993 5121/3715/993 5122/3334/993
f 5077/3327/993 5121/3715/993 5076/3714/993
f 5077/3327/993 5120/3716/993 5121/3715/993
f 5101/3309/993 5099/3717/993 5100/3718/993
f 5102/3719/993 5099/3717/993 5101/3309/993
f 5077/3327/993 5119/3350/993 5120/3716/993
f 5103/3720/993 5099/3717/993 5102/3719/993
f 5078/3721/993 5119/3350/993 5077/3327/993
f 5078/3721/993 5118/3722/993 5119/3350/993
f 5104/3323/993 5099/3717/993 5103/3720/993
f 5105/3723/993 5099/3717/993 5104/3323/993
f 5078/3721/993 5117/3724/993 5118/3722/993
f 5106/3725/993 5099/3717/993 5105/3723/993
f 5078/3721/993 5116/3366/993 5117/3724/993
f 5107/3339/993 5099/3717/993 5106/3725/993
f 5078/3721/993 5115/3726/993 5116/3366/993
f 5108/3727/993 5099/3717/993 5107/3339/993
f 5079/3728/993 5115/3726/993 5078/3721/993
f 5109/3393/993 5099/3717/993 5108/3727/993
f 5079/3728/993 5114/3729/993 5115/3726/993
f 5110/3355/993 5099/3717/993 5109/3393/993
f 5079/3728/993 5113/3369/993 5114/3729/993
f 5111/3730/993 5099/3717/993 5110/3355/993
f 5079/3728/993 5112/3731/993 5113/3369/993
f 5112/3731/993 5099/3717/993 5111/3730/993
f 5079/3728/993 5099/3717/993 5112/3731/993
f 5080/3351/993 5099/3717/993 5079/3728/993
f 5081/3732/993 5099/3717/993 5080/3351/993
f 5082/3733/993 5099/3717/993 5081/3732/993
f 5082/3733/993 5098/3295/993 5099/3717/993
f 5083/3377/993 5098/3295/993 5082/3733/993
f 5083/3377/993 5097/3734/993 5098/3295/993
f 5083/3377/993 5096/3735/993 5097/3734/993
f 5084/3736/993 5096/3735/993 5083/3377/993
f 5084/3736/993 5095/3312/993 5096/3735/993
f 5084/3736/993 5094/3737/993 5095/3312/993
f 5084/3736/993 5093/3738/993 5094/3737/993
f 5085/3739/993 5093/3738/993 5084/3736/993
f 5085/3739/993 5092/3342/993 5093/3738/993
f 5085/3739/993 5091/3740/993 5092/3342/993
f 5086/3384/993 5091/3740/993 5085/3739/993
f 5086/3384/993 5090/3410/993 5091/3740/993
f 5086/3384/993 5089/3371/993 5090/3410/993
f 5087/3741/993 5089/3371/993 5086/3384/993
f 5087/3741/993 5088/3742/993 5089/3371/993
o テキスト.005
v -23.951656 -4.136844 -0.399999
v -23.951656 -5.578844 -0.399999
v -25.904655 -5.578844 -0.399999
v -25.904655 -6.194844 -0.399999
v -23.951656 -6.194844 -0.399999
v -23.951656 -7.678844 -0.399999
v -26.037657 -7.678844 -0.399999
v -26.037657 -8.294844 -0.399999
v -23.265656 -8.294844 -0.400000
v -23.265656 -3.520844 -0.400000
v -25.974655 -3.520844 -0.399999
v -25.974655 -4.136844 -0.399999
v -22.670656 -7.678844 -0.400000
v -22.670656 -8.294844 -0.400000
v -19.828655 -8.294844 -0.400000
v -19.828655 -3.520844 -0.400000
v -20.514656 -3.520844 -0.400000
v -20.514656 -7.678844 -0.400000
v -17.539656 -4.136844 -0.400000
v -17.539656 -8.294844 -0.400000
v -16.853655 -8.294844 -0.400000
v -16.853655 -4.136844 -0.400000
v -15.201655 -4.136844 -0.400000
v -15.201655 -3.520844 -0.400000
v -19.191656 -3.520844 -0.400000
v -19.191656 -4.136844 -0.400000
v -13.864655 -8.294844 -0.400000
v -13.864655 -3.520844 -0.400000
v -14.550655 -3.520844 -0.400000
v -14.550655 -8.294844 -0.400000
v -11.561655 -4.136844 -0.400001
v -11.561655 -8.294844 -0.400001
v -10.875655 -8.294844 -0.400001
v -10.875655 -4.136844 -0.400001
v -9.223655 -4.136844 -0.400001
v -9.223655 -3.520844 -0.400001
v -13.213655 -3.520844 -0.400000
v -13.213655 -4.136844 -0.400000
v -23.951656 -4.136844 0.400001
v -23.951656 -5.578844 0.400001
v -25.904655 -5.578844 0.400001
v -25.904655 -6.194844 0.400001
v -23.951656 -6.194844 0.400001
v -23.951656 -7.678844 0.400001
v -26.037657 -7.678844 0.400001
v -26.037657 -8.294844 0.400001
v -23.265656 -8.294844 0.400000
v -23.265656 -3.520844 0.400000
v -25.974655 -3.520844 0.400001
v -25.974655 -4.136844 0.400001
v -22.670656 -7.678844 0.400000
v -22.670656 -8.294844 0.400000
v -19.828655 -8.294844 0.400000
v -19.828655 -3.520844 0.400000
v -20.514656 -3.520844 0.400000
v -20.514656 -7.678844 0.400000
v -17.539656 -4.136844 0.400000
v -17.539656 -8.294844 0.400000
v -16.853655 -8.294844 0.400000
v -16.853655 -4.136844 0.400000
v -15.201655 -4.136844 0.400000
v -15.201655 -3.520844 0.400000
v -19.191656 -3.520844 0.400000
v -19.191656 -4.136844 0.400000
v -13.864655 -8.294844 0.400000
v -13.864655 -3.520844 0.400000
v -14.550655 -3.520844 0.400000
v -14.550655 -8.294844 0.400000
v -11.561655 -4.136844 0.399999
v -11.561655 -8.294844 0.399999
v -10.875655 -8.294844 0.399999
v -10.875655 -4.136844 0.399999
v -9.223655 -4.136844 0.399999
v -9.223655 -3.520844 0.399999
v -13.213655 -3.520844 0.400000
v -13.213655 -4.136844 0.400000
v -11.561655 -4.136844 0.399999
v -11.561655 -4.136844 -0.400001
v -11.561655 -8.294844 0.399999
v -11.561655 -8.294844 -0.400001
v -10.875655 -8.294844 0.399999
v -10.875655 -8.294844 -0.400001
v -10.875655 -4.136844 0.399999
v -10.875655 -4.136844 -0.400001
v -9.223655 -4.136844 0.399999
v -9.223655 -4.136844 -0.400001
v -9.223655 -3.520844 0.399999
v -9.223655 -3.520844 -0.400001
v -13.213655 -3.520844 0.400000
v -13.213655 -3.520844 -0.400000
v -13.213655 -4.136844 0.400000
v -13.213655 -4.136844 -0.400000
v -13.864655 -8.294844 0.400000
v -13.864655 -8.294844 -0.400000
v -13.864655 -3.520844 0.400000
v -13.864655 -3.520844 -0.400000
v -14.550655 -3.520844 0.400000
v -14.550655 -3.520844 -0.400000
v -14.550655 -8.294844 0.400000
v -14.550655 -8.294844 -0.400000
v -17.539656 -4.136844 0.400000
v -17.539656 -4.136844 -0.400000
v -17.539656 -8.294844 0.400000
v -17.539656 -8.294844 -0.400000
v -16.853655 -8.294844 0.400000
v -16.853655 -8.294844 -0.400000
v -16.853655 -4.136844 0.400000
v -16.853655 -4.136844 -0.400000
v -15.201655 -4.136844 0.400000
v -15.201655 -4.136844 -0.400000
v -15.201655 -3.520844 0.400000
v -15.201655 -3.520844 -0.400000
v -19.191656 -3.520844 0.400000
v -19.191656 -3.520844 -0.400000
v -19.191656 -4.136844 0.400000
v -19.191656 -4.136844 -0.400000
v -22.670656 -7.678844 0.400000
v -22.670656 -7.678844 -0.400000
v -22.670656 -8.294844 0.400000
v -22.670656 -8.294844 -0.400000
v -19.828655 -8.294844 0.400000
v -19.828655 -8.294844 -0.400000
v -19.828655 -3.520844 0.400000
v -19.828655 -3.520844 -0.400000
v -20.514656 -3.520844 0.400000
v -20.514656 -3.520844 -0.400000
v -20.514656 -7.678844 0.400000
v -20.514656 -7.678844 -0.400000
v -23.951656 -4.136844 0.400001
v -23.951656 -4.136844 -0.399999
v -23.951656 -5.578844 0.400001
v -23.951656 -5.578844 -0.399999
v -25.904655 -5.578844 0.400001
v -25.904655 -5.578844 -0.399999
v -25.904655 -6.194844 0.400001
v -25.904655 -6.194844 -0.399999
v -23.951656 -6.194844 0.400001
v -23.951656 -6.194844 -0.399999
v -23.951656 -7.678844 0.400001
v -23.951656 -7.678844 -0.399999
v -26.037657 -7.678844 0.400001
v -26.037657 -7.678844 -0.399999
v -26.037657 -8.294844 0.400001
v -26.037657 -8.294844 -0.399999
v -23.265656 -8.294844 0.400000
v -23.265656 -8.294844 -0.400000
v -23.265656 -3.520844 0.400000
v -23.265656 -3.520844 -0.400000
v -25.974655 -3.520844 0.400001
v -25.974655 -3.520844 -0.399999
v -25.974655 -4.136844 0.400001
v -25.974655 -4.136844 -0.399999
vn -0.0000 -0.0000 -1.0000
vn -0.0000 -0.0000 1.0000
vn -0.7071 -0.7071 -0.0000
vn 0.7071 -0.7071 -0.0000
vn 0.7071 0.7071 -0.0000
vn -0.7071 0.7071 -0.0000
vt 0.727273 0.000000
vt 0.000000 0.000000
vt 0.818182 0.000000
vt 0.909091 0.000000
vt 1.000000 0.000000
vt 0.090909 0.000000
vt 0.363636 0.000000
vt 0.181818 0.000000
vt 0.272727 0.000000
vt 0.454545 0.000000
vt 0.545455 0.000000
vt 0.636364 0.000000
vt 0.400000 0.000000
vt 0.800000 0.000000
vt 0.600000 0.000000
vt 0.200000 0.000000
vt 0.571429 0.000000
vt 0.857143 0.000000
vt 0.714286 0.000000
vt 0.428571 0.000000
vt 0.285714 0.000000
vt 0.142857 0.000000
vt 0.666667 0.000000
vt 0.333333 0.000000
vt 0.125000 1.000000
vt 0.000000 1.000000
vt 0.250000 1.000000
vt 0.125000 0.000000
vt 0.375000 1.000000
vt 0.250000 0.000000
vt 0.500000 1.000000
vt 0.375000 0.000000
vt 0.625000 1.000000
vt 0.500000 0.000000
vt 0.750000 1.000000
vt 0.625000 0.000000
vt 0.875000 1.000000
vt 0.750000 0.000000
vt 1.000000 1.000000
vt 0.875000 0.000000
vt 0.166667 1.000000
vt 0.333333 1.000000
vt 0.166667 0.000000
vt 0.666667 1.000000
vt 0.833333 1.000000
vt 0.833333 0.000000
vt 0.083333 1.000000
vt 0.083333 0.000000
vt 0.416667 1.000000
vt 0.416667 0.000000
vt 0.583333 1.000000
vt 0.583333 0.000000
vt 0.916667 1.000000
vt 0.916667 0.000000
s 0
usemtl マテリアル.003
f 5137/3743/995 5129/3744/995 5138/3745/995
f 5129/3744/995 5139/3746/995 5138/3745/995
f 5129/3744/995 5140/3747/995 5139/3746/995
f 5137/3743/995 5130/3748/995 5129/3744/995
f 5137/3743/995 5133/3749/995 5130/3748/995
f 5133/3749/995 5131/3750/995 5130/3748/995
f 5133/3749/995 5132/3751/995 5131/3750/995
f 5137/3743/995 5134/3752/995 5133/3749/995
f 5137/3743/995 5135/3753/995 5134/3752/995
f 5137/3743/995 5136/3754/995 5135/3753/995
f 5143/3755/995 5145/3756/995 5144/3757/995
f 5143/3755/995 5146/3747/995 5145/3756/995
f 5143/3755/995 5141/3744/995 5146/3747/995
f 5143/3755/995 5142/3758/995 5141/3744/995
f 5151/3759/995 5153/3760/995 5152/3761/995
f 5151/3759/995 5154/3747/995 5153/3760/995
f 5150/3762/995 5154/3747/995 5151/3759/995
f 5149/3763/995 5147/3744/995 5150/3762/995
f 5147/3744/995 5154/3747/995 5150/3762/995
f 5149/3763/995 5148/3764/995 5147/3744/995
f 5155/3744/995 5157/3765/995 5156/3766/995
f 5155/3744/995 5158/3747/995 5157/3765/995
f 5163/3759/995 5165/3760/995 5164/3761/995
f 5163/3759/995 5166/3747/995 5165/3760/995
f 5162/3762/995 5166/3747/995 5163/3759/995
f 5161/3763/995 5159/3744/995 5162/3762/995
f 5159/3744/995 5166/3747/995 5162/3762/995
f 5161/3763/995 5160/3764/995 5159/3744/995
f 5175/3743/996 5176/3745/996 5167/3744/996
f 5167/3744/996 5176/3745/996 5177/3746/996
f 5167/3744/996 5177/3746/996 5178/3747/996
f 5175/3743/996 5167/3744/996 5168/3748/996
f 5175/3743/996 5168/3748/996 5171/3749/996
f 5171/3749/996 5168/3748/996 5169/3750/996
f 5171/3749/996 5169/3750/996 5170/3751/996
f 5175/3743/996 5171/3749/996 5172/3752/996
f 5175/3743/996 5172/3752/996 5173/3753/996
f 5175/3743/996 5173/3753/996 5174/3754/996
f 5181/3755/996 5182/3757/996 5183/3756/996
f 5181/3755/996 5183/3756/996 5184/3747/996
f 5181/3755/996 5184/3747/996 5179/3744/996
f 5181/3755/996 5179/3744/996 5180/3758/996
f 5189/3759/996 5190/3761/996 5191/3760/996
f 5189/3759/996 5191/3760/996 5192/3747/996
f 5188/3762/996 5189/3759/996 5192/3747/996
f 5187/3763/996 5188/3762/996 5185/3744/996
f 5185/3744/995 5188/3762/995 5192/3747/995
f 5187/3763/996 5185/3744/996 5186/3764/996
f 5193/3744/996 5194/3766/996 5195/3765/996
f 5193/3744/996 5195/3765/996 5196/3747/996
f 5201/3759/996 5202/3761/996 5203/3760/996
f 5201/3759/996 5203/3760/996 5204/3747/996
f 5200/3762/995 5201/3759/995 5204/3747/995
f 5199/3763/996 5200/3762/996 5197/3744/996
f 5197/3744/995 5200/3762/995 5204/3747/995
f 5199/3763/996 5197/3744/996 5198/3764/996
s 1
f 5208/3767/997 5205/3744/997 5206/3768/997
f 5210/3769/998 5207/3770/997 5208/3767/997
f 5212/3771/998 5209/3772/998 5210/3769/998
f 5214/3773/998 5211/3774/998 5212/3771/998
f 5216/3775/999 5213/3776/998 5214/3773/998
f 5218/3777/1000 5215/3778/999 5216/3775/999
f 5220/3779/997 5217/3780/1000 5218/3777/1000
f 5206/3781/997 5219/3782/997 5220/3779/997
f 5224/3769/999 5221/3744/998 5222/3768/998
f 5226/3773/1000 5223/3772/999 5224/3769/999
f 5228/3777/997 5225/3776/1000 5226/3773/1000
f 5222/3781/998 5227/3780/997 5228/3777/997
f 5232/3767/997 5229/3744/997 5230/3768/997
f 5234/3769/998 5231/3770/997 5232/3767/997
f 5236/3771/998 5233/3772/998 5234/3769/998
f 5238/3773/998 5235/3774/998 5236/3771/998
f 5240/3775/999 5237/3776/998 5238/3773/998
f 5242/3777/1000 5239/3778/999 5240/3775/999
f 5244/3779/997 5241/3780/1000 5242/3777/1000
f 5230/3781/997 5243/3782/997 5244/3779/997
f 5248/3783/997 5245/3744/1000 5246/3768/1000
f 5250/3784/998 5247/3785/997 5248/3783/997
f 5252/3773/999 5249/3766/998 5250/3784/998
f 5254/3786/1000 5251/3776/999 5252/3773/999
f 5256/3787/1000 5253/3765/1000 5254/3786/1000
f 5246/3781/1000 5255/3788/1000 5256/3787/1000
f 5260/3789/1000 5257/3744/997 5258/3768/997
f 5262/3783/1000 5259/3790/1000 5260/3789/1000
f 5264/3769/997 5261/3785/1000 5262/3783/1000
f 5266/3784/997 5263/3772/997 5264/3769/997
f 5268/3791/1000 5265/3766/997 5266/3784/997
f 5270/3773/1000 5267/3792/1000 5268/3791/1000
f 5272/3793/997 5269/3776/1000 5270/3773/1000
f 5274/3786/998 5271/3794/997 5272/3793/997
f 5276/3777/999 5273/3765/998 5274/3786/998
f 5278/3787/1000 5275/3780/999 5276/3777/999
f 5280/3795/997 5277/3788/1000 5278/3787/1000
f 5258/3781/997 5279/3796/997 5280/3795/997
f 5208/3767/997 5207/3770/997 5205/3744/997
f 5210/3769/998 5209/3772/998 5207/3770/997
f 5212/3771/998 5211/3774/998 5209/3772/998
f 5214/3773/998 5213/3776/998 5211/3774/998
f 5216/3775/999 5215/3778/999 5213/3776/998
f 5218/3777/1000 5217/3780/1000 5215/3778/999
f 5220/3779/997 5219/3782/997 5217/3780/1000
f 5206/3781/997 5205/3747/997 5219/3782/997
f 5224/3769/999 5223/3772/999 5221/3744/998
f 5226/3773/1000 5225/3776/1000 5223/3772/999
f 5228/3777/997 5227/3780/997 5225/3776/1000
f 5222/3781/998 5221/3747/998 5227/3780/997
f 5232/3767/997 5231/3770/997 5229/3744/997
f 5234/3769/998 5233/3772/998 5231/3770/997
f 5236/3771/998 5235/3774/998 5233/3772/998
f 5238/3773/998 5237/3776/998 5235/3774/998
f 5240/3775/999 5239/3778/999 5237/3776/998
f 5242/3777/1000 5241/3780/1000 5239/3778/999
f 5244/3779/997 5243/3782/997 5241/3780/1000
f 5230/3781/997 5229/3747/997 5243/3782/997
f 5248/3783/997 5247/3785/997 5245/3744/1000
f 5250/3784/998 5249/3766/998 5247/3785/997
f 5252/3773/999 5251/3776/999 5249/3766/998
f 5254/3786/1000 5253/3765/1000 5251/3776/999
f 5256/3787/1000 5255/3788/1000 5253/3765/1000
f 5246/3781/1000 5245/3747/1000 5255/3788/1000
f 5260/3789/1000 5259/3790/1000 5257/3744/997
f 5262/3783/1000 5261/3785/1000 5259/3790/1000
f 5264/3769/997 5263/3772/997 5261/3785/1000
f 5266/3784/997 5265/3766/997 5263/3772/997
f 5268/3791/1000 5267/3792/1000 5265/3766/997
f 5270/3773/1000 5269/3776/1000 5267/3792/1000
f 5272/3793/997 5271/3794/997 5269/3776/1000
f 5274/3786/998 5273/3765/998 5271/3794/997
f 5276/3777/999 5275/3780/999 5273/3765/998
f 5278/3787/1000 5277/3788/1000 5275/3780/999
f 5280/3795/997 5279/3796/997 5277/3788/1000
f 5258/3781/997 5257/3747/997 5279/3796/997
o 立方体.001
v -27.670444 -3.630651 -1.000000
v -27.670444 -3.630651 1.000000
v -27.670444 -2.808392 -1.000000
v -27.670444 -2.808392 1.000000
v -7.756072 -3.630651 -1.000000
v -7.756072 -3.630651 1.000000
v -7.756072 -2.808392 -1.000000
v -7.756072 -2.808392 1.000000
vn -1.0000 -0.0000 -0.0000
vn -0.0000 1.0000 -0.0000
vn 1.0000 -0.0000 -0.0000
vn -0.0000 -1.0000 -0.0000
vn -0.0000 -0.0000 -1.0000
vn -0.0000 -0.0000 1.0000
vt 0.625000 0.000000
vt 0.375000 0.250000
vt 0.375000 0.000000
vt 0.625000 0.250000
vt 0.375000 0.500000
vt 0.625000 0.500000
vt 0.375000 0.750000
vt 0.625000 0.750000
vt 0.375000 1.000000
vt 0.125000 0.750000
vt 0.125000 0.500000
vt 0.875000 0.500000
vt 0.625000 1.000000
vt 0.875000 0.750000
s 0
usemtl マテリアル.007
f 5282/3797/1001 5283/3798/1001 5281/3799/1001
f 5284/3800/1002 5287/3801/1002 5283/3798/1002
f 5288/3802/1003 5285/3803/1003 5287/3801/1003
f 5286/3804/1004 5281/3805/1004 5285/3803/1004
f 5287/3801/1005 5281/3806/1005 5283/3807/1005
f 5284/3808/1006 5286/3804/1006 5288/3802/1006
f 5282/3797/1001 5284/3800/1001 5283/3798/1001
f 5284/3800/1002 5288/3802/1002 5287/3801/1002
f 5288/3802/1003 5286/3804/1003 5285/3803/1003
f 5286/3804/1004 5282/3809/1004 5281/3805/1004
f 5287/3801/1005 5285/3803/1005 5281/3806/1005
f 5284/3808/1006 5282/3810/1006 5286/3804/1006
o 立方体.002
v -27.670444 -9.079783 -1.000000
v -27.670444 -9.079783 1.000000
v -27.670444 -8.257525 -1.000000
v -27.670444 -8.257525 1.000000
v -7.756072 -9.079783 -1.000000
v -7.756072 -9.079783 1.000000
v -7.756072 -8.257525 -1.000000
v -7.756072 -8.257525 1.000000
vn -1.0000 -0.0000 -0.0000
vn -0.0000 1.0000 -0.0000
vn 1.0000 -0.0000 -0.0000
vn -0.0000 -1.0000 -0.0000
vn -0.0000 -0.0000 -1.0000
vn -0.0000 -0.0000 1.0000
vt 0.625000 0.000000
vt 0.375000 0.250000
vt 0.375000 0.000000
vt 0.625000 0.250000
vt 0.375000 0.500000
vt 0.625000 0.500000
vt 0.375000 0.750000
vt 0.625000 0.750000
vt 0.375000 1.000000
vt 0.125000 0.750000
vt 0.125000 0.500000
vt 0.875000 0.500000
vt 0.625000 1.000000
vt 0.875000 0.750000
s 0
usemtl マテリアル.007
f 5290/3811/1007 5291/3812/1007 5289/3813/1007
f 5292/3814/1008 5295/3815/1008 5291/3812/1008
f 5296/3816/1009 5293/3817/1009 5295/3815/1009
f 5294/3818/1010 5289/3819/1010 5293/3817/1010
f 5295/3815/1011 5289/3820/1011 5291/3821/1011
f 5292/3822/1012 5294/3818/1012 5296/3816/1012
f 5290/3811/1007 5292/3814/1007 5291/3812/1007
f 5292/3814/1008 5296/3816/1008 5295/3815/1008
f 5296/3816/1009 5294/3818/1009 5293/3817/1009
f 5294/3818/1010 5290/3823/1010 5289/3819/1010
f 5295/3815/1011 5293/3817/1011 5289/3820/1011
f 5292/3822/1012 5290/3824/1012 5294/3818/1012
o 立方体.003
v -8.702429 -8.712365 -1.000000
v -8.702429 -8.712365 1.000000
v -8.702429 -3.143979 -1.000000
v -8.702429 -3.143979 1.000000
v -7.761120 -8.712365 -1.000000
v -7.761120 -8.712365 1.000000
v -7.761120 -3.143979 -1.000000
v -7.761120 -3.143979 1.000000
vn -1.0000 -0.0000 -0.0000
vn -0.0000 1.0000 -0.0000
vn 1.0000 -0.0000 -0.0000
vn -0.0000 -1.0000 -0.0000
vn -0.0000 -0.0000 -1.0000
vn -0.0000 -0.0000 1.0000
vt 0.625000 0.000000
vt 0.375000 0.250000
vt 0.375000 0.000000
vt 0.625000 0.250000
vt 0.375000 0.500000
vt 0.625000 0.500000
vt 0.375000 0.750000
vt 0.625000 0.750000
vt 0.375000 1.000000
vt 0.125000 0.750000
vt 0.125000 0.500000
vt 0.875000 0.500000
vt 0.625000 1.000000
vt 0.875000 0.750000
s 0
usemtl マテリアル.007
f 5298/3825/1013 5299/3826/1013 5297/3827/1013
f 5300/3828/1014 5303/3829/1014 5299/3826/1014
f 5304/3830/1015 5301/3831/1015 5303/3829/1015
f 5302/3832/1016 5297/3833/1016 5301/3831/1016
f 5303/3829/1017 5297/3834/1017 5299/3835/1017
f 5300/3836/1018 5302/3832/1018 5304/3830/1018
f 5298/3825/1013 5300/3828/1013 5299/3826/1013
f 5300/3828/1014 5304/3830/1014 5303/3829/1014
f 5304/3830/1015 5302/3832/1015 5301/3831/1015
f 5302/3832/1016 5298/3837/1016 5297/3833/1016
f 5303/3829/1017 5301/3831/1017 5297/3834/1017
f 5300/3836/1018 5298/3838/1018 5302/3832/1018
o 立方体.008
v -27.665766 -8.712365 -1.000000
v -27.665766 -8.712365 1.000000
v -27.665766 -3.143979 -1.000000
v -27.665766 -3.143979 1.000000
v -26.724457 -8.712365 -1.000000
v -26.724457 -8.712365 1.000000
v -26.724457 -3.143979 -1.000000
v -26.724457 -3.143979 1.000000
vn -1.0000 -0.0000 -0.0000
vn -0.0000 1.0000 -0.0000
vn 1.0000 -0.0000 -0.0000
vn -0.0000 -1.0000 -0.0000
vn -0.0000 -0.0000 -1.0000
vn -0.0000 -0.0000 1.0000
vt 0.625000 0.000000
vt 0.375000 0.250000
vt 0.375000 0.000000
vt 0.625000 0.250000
vt 0.375000 0.500000
vt 0.625000 0.500000
vt 0.375000 0.750000
vt 0.625000 0.750000
vt 0.375000 1.000000
vt 0.125000 0.750000
vt 0.125000 0.500000
vt 0.875000 0.500000
vt 0.625000 1.000000
vt 0.875000 0.750000
s 0
usemtl マテリアル.007
f 5306/3839/1019 5307/3840/1019 5305/3841/1019
f 5308/3842/1020 5311/3843/1020 5307/3840/1020
f 5312/3844/1021 5309/3845/1021 5311/3843/1021
f 5310/3846/1022 5305/3847/1022 5309/3845/1022
f 5311/3843/1023 5305/3848/1023 5307/3849/1023
f 5308/3850/1024 5310/3846/1024 5312/3844/1024
f 5306/3839/1019 5308/3842/1019 5307/3840/1019
f 5308/3842/1020 5312/3844/1020 5311/3843/1020
f 5312/3844/1021 5310/3846/1021 5309/3845/1021
f 5310/3846/1022 5306/3851/1022 5305/3847/1022
f 5311/3843/1023 5309/3845/1023 5305/3848/1023
f 5308/3850/1024 5306/3852/1024 5310/3846/1024
