# Blender 4.1.1
# www.blender.org
mtllib GameOverScene.mtl
o game_over
v -6.532500 0.400000 2.865897
v -6.538500 0.400000 2.865897
v -6.572128 0.400000 2.922295
v -6.605515 0.400000 2.973078
v -6.638673 0.400000 3.018382
v -6.671612 0.400000 3.058342
v -6.704342 0.400000 3.093093
v -6.736875 0.400000 3.122772
v -6.769220 0.400000 3.147514
v -6.801389 0.400000 3.167453
v -6.833391 0.400000 3.182725
v -6.865236 0.400000 3.193467
v -6.896935 0.400000 3.199812
v -6.928500 0.400000 3.201897
v -6.955385 0.400000 3.200833
v -6.982070 0.400000 3.197633
v -7.008611 0.400000 3.192288
v -7.035057 0.400000 3.184786
v -7.061461 0.400000 3.175118
v -7.087876 0.400000 3.163272
v -7.114353 0.400000 3.149239
v -7.140945 0.400000 3.133008
v -7.167704 0.400000 3.114569
v -7.194681 0.400000 3.093911
v -7.221930 0.400000 3.071024
v -7.249500 0.400000 3.045897
v -7.108500 0.400000 2.814897
v -7.087788 0.400000 2.833880
v -7.066305 0.400000 2.851758
v -7.044281 0.400000 2.868428
v -7.021945 0.400000 2.883786
v -6.999524 0.400000 2.897727
v -6.977250 0.400000 2.910147
v -6.955351 0.400000 2.920942
v -6.934055 0.400000 2.930008
v -6.913593 0.400000 2.937241
v -6.894194 0.400000 2.942536
v -6.876087 0.400000 2.945790
v -6.859500 0.400000 2.946897
v -6.814623 0.400000 2.943163
v -6.771736 0.400000 2.932272
v -6.731203 0.400000 2.914694
v -6.693389 0.400000 2.890897
v -6.658658 0.400000 2.861350
v -6.627375 0.400000 2.826522
v -6.599904 0.400000 2.786881
v -6.576611 0.400000 2.742897
v -6.557858 0.400000 2.695038
v -6.544014 0.400000 2.643772
v -6.535439 0.400000 2.589569
v -6.532500 0.400000 2.532897
v -6.532500 0.400000 1.827897
v -6.265500 0.400000 1.827897
v -6.265500 0.400000 3.174897
v -6.532500 0.400000 3.174897
v -5.895257 0.400000 1.934081
v -5.855306 0.400000 1.910619
v -5.815313 0.400000 1.889491
v -5.774945 0.400000 1.870675
v -5.733869 0.400000 1.854151
v -5.691750 0.400000 1.839897
v -5.648257 0.400000 1.827894
v -5.603056 0.400000 1.818119
v -5.555813 0.400000 1.810553
v -5.506195 0.400000 1.805175
v -5.453869 0.400000 1.801963
v -5.398500 0.400000 1.800897
v -5.297404 0.400000 1.807901
v -5.204223 0.400000 1.828175
v -5.119126 0.400000 1.860616
v -5.042279 0.400000 1.904119
v -4.973848 0.400000 1.957581
v -4.914001 0.400000 2.019897
v -4.862904 0.400000 2.089963
v -4.820723 0.400000 2.166675
v -4.787626 0.400000 2.248928
v -4.763779 0.400000 2.335619
v -4.749348 0.400000 2.425644
v -4.744501 0.400000 2.517897
v -4.749792 0.400000 2.617064
v -4.765334 0.400000 2.710231
v -4.790626 0.400000 2.796897
v -4.825167 0.400000 2.876564
v -4.868459 0.400000 2.948730
v -4.920000 0.400000 3.012897
v -4.979292 0.400000 3.068564
v -5.045834 0.400000 3.115231
v -5.119125 0.400000 3.152397
v -5.198667 0.400000 3.179564
v -5.283959 0.400000 3.196231
v -5.374501 0.400000 3.201897
v -5.461007 0.400000 3.196828
v -5.541793 0.400000 3.181592
v -5.616517 0.400000 3.156147
v -5.684834 0.400000 3.120453
v -5.746402 0.400000 3.074467
v -5.800876 0.400000 3.018147
v -5.847912 0.400000 2.951453
v -5.887167 0.400000 2.874342
v -5.918297 0.400000 2.786772
v -5.940959 0.400000 2.688703
v -5.954808 0.400000 2.580091
v -5.959500 0.400000 2.460897
v -5.011500 0.400000 2.460897
v -5.024309 0.400000 2.396840
v -5.041722 0.400000 2.338189
v -5.063719 0.400000 2.284975
v -5.090278 0.400000 2.237231
v -5.121379 0.400000 2.194986
v -5.157001 0.400000 2.158272
v -5.197122 0.400000 2.127121
v -5.241723 0.400000 2.101564
v -5.290782 0.400000 2.081632
v -5.344278 0.400000 2.067355
v -5.402191 0.400000 2.058767
v -5.464500 0.400000 2.055897
v -5.504820 0.400000 2.057137
v -5.544806 0.400000 2.060814
v -5.584501 0.400000 2.066866
v -5.623945 0.400000 2.075231
v -5.663181 0.400000 2.085845
v -5.702251 0.400000 2.098647
v -5.741196 0.400000 2.113574
v -5.780056 0.400000 2.130564
v -5.818876 0.400000 2.149553
v -5.857695 0.400000 2.170480
v -5.896556 0.400000 2.193283
v -5.935500 0.400000 2.217897
v -5.935500 0.400000 1.959897
v -5.691021 0.400000 2.687303
v -5.682167 0.400000 2.733397
v -5.669063 0.400000 2.775991
v -5.651834 0.400000 2.814897
v -5.630604 0.400000 2.849928
v -5.605500 0.400000 2.880897
v -5.576646 0.400000 2.907616
v -5.544167 0.400000 2.929897
v -5.508188 0.400000 2.947553
v -5.468834 0.400000 2.960397
v -5.426229 0.400000 2.968241
v -5.380501 0.400000 2.970897
v -5.331192 0.400000 2.968413
v -5.285278 0.400000 2.961022
v -5.242782 0.400000 2.948819
v -5.203722 0.400000 2.931897
v -5.168122 0.400000 2.910350
v -5.136001 0.400000 2.884272
v -5.107379 0.400000 2.853757
v -5.082278 0.400000 2.818897
v -5.060719 0.400000 2.779788
v -5.042723 0.400000 2.736522
v -5.028309 0.400000 2.689194
v -5.017500 0.400000 2.637897
v -5.695500 0.400000 2.637897
v -3.607501 0.400000 3.174897
v -3.970500 0.400000 2.346897
v -4.324501 0.400000 3.174897
v -4.609501 0.400000 3.174897
v -4.015501 0.400000 1.800897
v -3.925500 0.400000 1.800897
v -3.316501 0.400000 3.174897
v -2.234961 0.400000 3.891123
v -2.387431 0.400000 3.862703
v -2.528297 0.400000 3.816991
v -2.656945 0.400000 3.755342
v -2.772759 0.400000 3.679109
v -2.875126 0.400000 3.589647
v -2.963429 0.400000 3.488310
v -3.037056 0.400000 3.376453
v -3.095392 0.400000 3.255428
v -3.137820 0.400000 3.126592
v -3.163728 0.400000 2.991297
v -3.172501 0.400000 2.850897
v -3.163954 0.400000 2.714279
v -3.138626 0.400000 2.581453
v -3.096985 0.400000 2.453960
v -3.039501 0.400000 2.333342
v -2.966642 0.400000 2.221140
v -2.878876 0.400000 2.118897
v -2.776673 0.400000 2.028154
v -2.660501 0.400000 1.950453
v -2.530829 0.400000 1.887335
v -2.388126 0.400000 1.840342
v -2.232860 0.400000 1.811015
v -2.065501 0.400000 1.800897
v -1.903478 0.400000 1.810958
v -1.752320 0.400000 1.840133
v -1.612641 0.400000 1.886913
v -1.485056 0.400000 1.949786
v -1.370180 0.400000 2.027243
v -1.268626 0.400000 2.117772
v -1.181009 0.400000 2.219864
v -1.107945 0.400000 2.332008
v -1.050048 0.400000 2.452694
v -1.007931 0.400000 2.580411
v -0.982211 0.400000 2.713649
v -0.973501 0.400000 2.850897
v -0.982444 0.400000 2.990666
v -1.008793 0.400000 3.125550
v -1.051829 0.400000 3.254163
v -1.110834 0.400000 3.375119
v -1.185089 0.400000 3.487034
v -1.273876 0.400000 3.588522
v -1.376475 0.400000 3.678198
v -1.492167 0.400000 3.754675
v -1.620235 0.400000 3.816569
v -1.759959 0.400000 3.862494
v -1.910621 0.400000 3.891066
v -2.071501 0.400000 3.900897
v -2.183624 0.400000 2.077708
v -2.289987 0.400000 2.097633
v -2.389829 0.400000 2.129913
v -2.482390 0.400000 2.173786
v -2.566909 0.400000 2.228493
v -2.642626 0.400000 2.293272
v -2.708780 0.400000 2.367364
v -2.764612 0.400000 2.450008
v -2.809360 0.400000 2.540444
v -2.842265 0.400000 2.637911
v -2.862565 0.400000 2.741649
v -2.869501 0.400000 2.850897
v -2.862565 0.400000 2.960776
v -2.842264 0.400000 3.064925
v -2.809360 0.400000 3.162616
v -2.764612 0.400000 3.253119
v -2.708780 0.400000 3.335706
v -2.642626 0.400000 3.409647
v -2.566909 0.400000 3.474213
v -2.482390 0.400000 3.528675
v -2.389829 0.400000 3.572303
v -2.289987 0.400000 3.604369
v -2.183624 0.400000 3.624144
v -2.071501 0.400000 3.630897
v -1.960067 0.400000 3.624144
v -1.854279 0.400000 3.604370
v -1.754907 0.400000 3.572304
v -1.662723 0.400000 3.528675
v -1.578497 0.400000 3.474213
v -1.503001 0.400000 3.409647
v -1.437004 0.400000 3.335706
v -1.381279 0.400000 3.253119
v -1.336595 0.400000 3.162616
v -1.303723 0.400000 3.064925
v -1.283435 0.400000 2.960776
v -1.276501 0.400000 2.850897
v -1.283435 0.400000 2.741649
v -1.303723 0.400000 2.637911
v -1.336595 0.400000 2.540444
v -1.381279 0.400000 2.450008
v -1.437004 0.400000 2.367364
v -1.503001 0.400000 2.293272
v -1.578498 0.400000 2.228493
v -1.662723 0.400000 2.173786
v -1.754907 0.400000 2.129913
v -1.854279 0.400000 2.097633
v -1.960067 0.400000 2.077708
v -2.071501 0.400000 2.070897
v 0.158743 0.400000 1.934081
v 0.198694 0.400000 1.910619
v 0.238687 0.400000 1.889491
v 0.279055 0.400000 1.870675
v 0.320131 0.400000 1.854151
v 0.362250 0.400000 1.839897
v 0.405743 0.400000 1.827894
v 0.450944 0.400000 1.818119
v 0.498187 0.400000 1.810553
v 0.547805 0.400000 1.805175
v 0.600132 0.400000 1.801963
v 0.655500 0.400000 1.800897
v 0.756597 0.400000 1.807901
v 0.849777 0.400000 1.828175
v 0.934874 0.400000 1.860616
v 1.011722 0.400000 1.904119
v 1.080152 0.400000 1.957581
v 1.140000 0.400000 2.019897
v 1.191097 0.400000 2.089963
v 1.233277 0.400000 2.166675
v 1.266374 0.400000 2.248928
v 1.290222 0.400000 2.335619
v 1.304652 0.400000 2.425644
v 1.309500 0.400000 2.517897
v 1.304208 0.400000 2.617064
v 1.288666 0.400000 2.710231
v 1.263375 0.400000 2.796897
v 1.228833 0.400000 2.876564
v 1.185541 0.400000 2.948730
v 1.134000 0.400000 3.012897
v 1.074708 0.400000 3.068564
v 1.008166 0.400000 3.115231
v 0.934874 0.400000 3.152397
v 0.855333 0.400000 3.179564
v 0.770041 0.400000 3.196231
v 0.679500 0.400000 3.201897
v 0.592994 0.400000 3.196828
v 0.512208 0.400000 3.181592
v 0.437484 0.400000 3.156147
v 0.369166 0.400000 3.120453
v 0.307598 0.400000 3.074467
v 0.253124 0.400000 3.018147
v 0.206088 0.400000 2.951453
v 0.166833 0.400000 2.874342
v 0.135703 0.400000 2.786772
v 0.113041 0.400000 2.688703
v 0.099192 0.400000 2.580091
v 0.094499 0.400000 2.460897
v 1.042500 0.400000 2.460897
v 1.029691 0.400000 2.396840
v 1.012277 0.400000 2.338189
v 0.990281 0.400000 2.284975
v 0.963722 0.400000 2.237231
v 0.932621 0.400000 2.194986
v 0.897000 0.400000 2.158272
v 0.856878 0.400000 2.127121
v 0.812277 0.400000 2.101564
v 0.763218 0.400000 2.081632
v 0.709722 0.400000 2.067355
v 0.651809 0.400000 2.058767
v 0.589499 0.400000 2.055897
v 0.549180 0.400000 2.057137
v 0.509194 0.400000 2.060814
v 0.469499 0.400000 2.066866
v 0.430055 0.400000 2.075231
v 0.390819 0.400000 2.085845
v 0.351750 0.400000 2.098647
v 0.312805 0.400000 2.113574
v 0.273944 0.400000 2.130564
v 0.235124 0.400000 2.149553
v 0.196305 0.400000 2.170480
v 0.157444 0.400000 2.193283
v 0.118499 0.400000 2.217897
v 0.118499 0.400000 1.959897
v 0.362979 0.400000 2.687303
v 0.371833 0.400000 2.733397
v 0.384937 0.400000 2.775991
v 0.402166 0.400000 2.814897
v 0.423395 0.400000 2.849928
v 0.448499 0.400000 2.880897
v 0.477354 0.400000 2.907616
v 0.509833 0.400000 2.929897
v 0.545812 0.400000 2.947553
v 0.585166 0.400000 2.960397
v 0.627770 0.400000 2.968241
v 0.673499 0.400000 2.970897
v 0.722808 0.400000 2.968413
v 0.768722 0.400000 2.961022
v 0.811218 0.400000 2.948819
v 0.850277 0.400000 2.931897
v 0.885878 0.400000 2.910350
v 0.917999 0.400000 2.884272
v 0.946621 0.400000 2.853757
v 0.971722 0.400000 2.818897
v 0.993281 0.400000 2.779788
v 1.011277 0.400000 2.736522
v 1.025691 0.400000 2.689194
v 1.036500 0.400000 2.637897
v 0.358499 0.400000 2.637897
v 3.301500 0.400000 2.997897
v 3.267183 0.400000 3.030901
v 3.233222 0.400000 3.060925
v 3.199593 0.400000 3.087991
v 3.166277 0.400000 3.112119
v 3.133253 0.400000 3.133331
v 3.100500 0.400000 3.151647
v 3.067996 0.400000 3.167088
v 3.035722 0.400000 3.179675
v 3.003656 0.400000 3.189429
v 2.971777 0.400000 3.196369
v 2.940065 0.400000 3.200519
v 2.908499 0.400000 3.201897
v 2.866387 0.400000 3.200152
v 2.825597 0.400000 3.194939
v 2.786203 0.400000 3.186288
v 2.748277 0.400000 3.174231
v 2.711894 0.400000 3.158798
v 2.677125 0.400000 3.140022
v 2.644043 0.400000 3.117934
v 2.612722 0.400000 3.092564
v 2.583234 0.400000 3.063944
v 2.555652 0.400000 3.032105
v 2.530050 0.400000 2.997079
v 2.506500 0.400000 2.958897
v 2.476734 0.400000 2.991408
v 2.445874 0.400000 3.022731
v 2.413827 0.400000 3.052553
v 2.380499 0.400000 3.080564
v 2.345796 0.400000 3.106449
v 2.309624 0.400000 3.129897
v 2.271890 0.400000 3.150595
v 2.232500 0.400000 3.168231
v 2.191359 0.400000 3.182491
v 2.148375 0.400000 3.193064
v 2.103453 0.400000 3.199637
v 2.056499 0.400000 3.201897
v 1.990355 0.400000 3.197581
v 1.928597 0.400000 3.184870
v 1.871484 0.400000 3.164116
v 1.819277 0.400000 3.135675
v 1.772237 0.400000 3.099901
v 1.730625 0.400000 3.057147
v 1.694699 0.400000 3.007769
v 1.664722 0.400000 2.952119
v 1.640953 0.400000 2.890553
v 1.623652 0.400000 2.823425
v 1.613081 0.400000 2.751088
v 1.609500 0.400000 2.673897
v 1.609500 0.400000 1.827897
v 1.876500 0.400000 1.827897
v 1.876500 0.400000 2.661897
v 1.879067 0.400000 2.710949
v 1.886541 0.400000 2.756064
v 1.898578 0.400000 2.797179
v 1.914833 0.400000 2.834231
v 1.934963 0.400000 2.867158
v 1.958624 0.400000 2.895897
v 1.985473 0.400000 2.920387
v 2.015166 0.400000 2.940564
v 2.047359 0.400000 2.956366
v 2.081708 0.400000 2.967731
v 2.117869 0.400000 2.974595
v 2.155499 0.400000 2.976897
v 2.177845 0.400000 2.976053
v 2.201263 0.400000 2.972147
v 2.225578 0.400000 2.965366
v 2.250611 0.400000 2.955897
v 2.276185 0.400000 2.943928
v 2.302125 0.400000 2.929647
v 2.328251 0.400000 2.913241
v 2.354388 0.400000 2.894897
v 2.380359 0.400000 2.874804
v 2.405986 0.400000 2.853147
v 2.431092 0.400000 2.830116
v 2.455500 0.400000 2.805897
v 2.455500 0.400000 1.827897
v 2.722500 0.400000 1.827897
v 2.722500 0.400000 2.664897
v 2.724760 0.400000 2.717041
v 2.731333 0.400000 2.764050
v 2.741906 0.400000 2.806038
v 2.756166 0.400000 2.843119
v 2.773801 0.400000 2.875409
v 2.794499 0.400000 2.903022
v 2.817947 0.400000 2.926073
v 2.843833 0.400000 2.944675
v 2.871843 0.400000 2.958944
v 2.901666 0.400000 2.968994
v 2.932989 0.400000 2.974941
v 2.965500 0.400000 2.976897
v 2.998350 0.400000 2.975996
v 3.029555 0.400000 2.973189
v 3.059343 0.400000 2.968319
v 3.087944 0.400000 2.961231
v 3.115586 0.400000 2.951767
v 3.142500 0.400000 2.939772
v 3.168913 0.400000 2.925090
v 3.195055 0.400000 2.907564
v 3.221156 0.400000 2.887038
v 3.247444 0.400000 2.863355
v 3.274149 0.400000 2.836361
v 3.301500 0.400000 2.805897
v 3.301500 0.400000 1.827897
v 3.568500 0.400000 1.827897
v 3.568500 0.400000 3.174897
v 3.301500 0.400000 3.174897
v 3.822810 0.400000 1.886815
v 3.849486 0.400000 1.869994
v 3.873890 0.400000 1.855319
v 3.896389 0.400000 1.842675
v 3.917345 0.400000 1.831947
v 3.937124 0.400000 1.823022
v 3.956092 0.400000 1.815784
v 3.974611 0.400000 1.810119
v 3.993046 0.400000 1.805913
v 4.011764 0.400000 1.803050
v 4.031126 0.400000 1.801416
v 4.051499 0.400000 1.800897
v 4.079633 0.400000 1.801779
v 4.105569 0.400000 1.804453
v 4.129359 0.400000 1.808960
v 4.151055 0.400000 1.815342
v 4.170710 0.400000 1.823640
v 4.188375 0.400000 1.833897
v 4.204103 0.400000 1.846154
v 4.217944 0.400000 1.860453
v 4.229953 0.400000 1.876835
v 4.240180 0.400000 1.895342
v 4.248679 0.400000 1.916015
v 4.255500 0.400000 1.938897
v 4.284872 0.400000 1.916645
v 4.314472 0.400000 1.896383
v 4.344281 0.400000 1.878100
v 4.374277 0.400000 1.861786
v 4.404440 0.400000 1.847430
v 4.434750 0.400000 1.835022
v 4.465183 0.400000 1.824552
v 4.495722 0.400000 1.816008
v 4.526343 0.400000 1.809381
v 4.557027 0.400000 1.804661
v 4.587753 0.400000 1.801836
v 4.618500 0.400000 1.800897
v 4.666587 0.400000 1.804067
v 4.711694 0.400000 1.813258
v 4.753593 0.400000 1.827991
v 4.792055 0.400000 1.847786
v 4.826850 0.400000 1.872164
v 4.857750 0.400000 1.900647
v 4.884524 0.400000 1.932755
v 4.906944 0.400000 1.968008
v 4.924781 0.400000 2.005928
v 4.937805 0.400000 2.046036
v 4.945788 0.400000 2.087852
v 4.948500 0.400000 2.130897
v 4.943594 0.400000 2.193878
v 4.929500 0.400000 2.249744
v 4.907156 0.400000 2.299131
v 4.877500 0.400000 2.342675
v 4.841468 0.400000 2.381010
v 4.799999 0.400000 2.414772
v 4.754031 0.400000 2.444597
v 4.704499 0.400000 2.471119
v 4.652343 0.400000 2.494975
v 4.598500 0.400000 2.516800
v 4.543906 0.400000 2.537229
v 4.489500 0.400000 2.556897
v 4.252500 0.400000 2.640897
v 4.252500 0.400000 2.712897
v 4.254188 0.400000 2.752852
v 4.259250 0.400000 2.788786
v 4.267687 0.400000 2.820803
v 4.279500 0.400000 2.849008
v 4.294687 0.400000 2.873505
v 4.313250 0.400000 2.894397
v 4.335187 0.400000 2.911790
v 4.360500 0.400000 2.925786
v 4.389188 0.400000 2.936491
v 4.421250 0.400000 2.944008
v 4.456687 0.400000 2.948442
v 4.495500 0.400000 2.949897
v 4.532299 0.400000 2.948451
v 4.569139 0.400000 2.944078
v 4.605937 0.400000 2.936725
v 4.642611 0.400000 2.926342
v 4.679076 0.400000 2.912875
v 4.715250 0.400000 2.896272
v 4.751048 0.400000 2.876482
v 4.786389 0.400000 2.853453
v 4.821187 0.400000 2.827132
v 4.855361 0.400000 2.797467
v 4.888826 0.400000 2.764406
v 4.921500 0.400000 2.727897
v 4.921500 0.400000 3.018897
v 4.894371 0.400000 3.048337
v 4.865471 0.400000 3.075161
v 4.834781 0.400000 3.099381
v 4.802277 0.400000 3.121008
v 4.767940 0.400000 3.140052
v 4.731750 0.400000 3.156522
v 4.693684 0.400000 3.170430
v 4.653722 0.400000 3.181786
v 4.611843 0.400000 3.190600
v 4.568027 0.400000 3.196883
v 4.522253 0.400000 3.200645
v 4.474500 0.400000 3.201897
v 4.407530 0.400000 3.199005
v 4.343487 0.400000 3.190258
v 4.282922 0.400000 3.175554
v 4.226389 0.400000 3.154786
v 4.174439 0.400000 3.127852
v 4.127625 0.400000 3.094647
v 4.086498 0.400000 3.055067
v 4.051611 0.400000 3.009008
v 4.023516 0.400000 2.956366
v 4.002764 0.400000 2.897036
v 3.989908 0.400000 2.830914
v 3.985500 0.400000 2.757897
v 3.985500 0.400000 2.064897
v 3.985126 0.400000 2.052826
v 3.984013 0.400000 2.042078
v 3.982171 0.400000 2.032600
v 3.979610 0.400000 2.024342
v 3.976341 0.400000 2.017250
v 3.972374 0.400000 2.011272
v 3.967720 0.400000 2.006357
v 3.962388 0.400000 2.002453
v 3.956390 0.400000 1.999506
v 3.949736 0.400000 1.997467
v 3.942435 0.400000 1.996281
v 3.934500 0.400000 1.995897
v 3.927200 0.400000 1.996454
v 3.918847 0.400000 1.998106
v 3.909516 0.400000 2.000819
v 3.899278 0.400000 2.004564
v 3.888207 0.400000 2.009309
v 3.876375 0.400000 2.015022
v 3.863856 0.400000 2.021673
v 3.850722 0.400000 2.029231
v 3.837047 0.400000 2.037663
v 3.822903 0.400000 2.046939
v 3.808363 0.400000 2.057027
v 3.793500 0.400000 2.067897
v 3.793500 0.400000 1.905897
v 4.308777 0.400000 2.474350
v 4.363222 0.400000 2.454522
v 4.415250 0.400000 2.434132
v 4.464278 0.400000 2.412897
v 4.509722 0.400000 2.390538
v 4.551000 0.400000 2.366772
v 4.587528 0.400000 2.341319
v 4.618722 0.400000 2.313897
v 4.644000 0.400000 2.284225
v 4.662777 0.400000 2.252022
v 4.674472 0.400000 2.217007
v 4.678500 0.400000 2.178897
v 4.676842 0.400000 2.151861
v 4.671987 0.400000 2.126355
v 4.664110 0.400000 2.102538
v 4.653389 0.400000 2.080564
v 4.640002 0.400000 2.060590
v 4.624125 0.400000 2.042772
v 4.605936 0.400000 2.027267
v 4.585611 0.400000 2.014230
v 4.563328 0.400000 2.003819
v 4.539264 0.400000 1.996189
v 4.513595 0.400000 1.991496
v 4.486500 0.400000 1.989897
v 4.465623 0.400000 1.990763
v 4.444998 0.400000 1.993328
v 4.424623 0.400000 1.997538
v 4.404499 0.400000 2.003342
v 4.384624 0.400000 2.010687
v 4.364999 0.400000 2.019522
v 4.345624 0.400000 2.029795
v 4.326499 0.400000 2.041453
v 4.307624 0.400000 2.054444
v 4.289000 0.400000 2.068717
v 4.270625 0.400000 2.084218
v 4.252500 0.400000 2.100897
v 4.252500 0.400000 2.493897
v 5.294753 0.400000 1.940383
v 5.360277 0.400000 1.914786
v 5.424468 0.400000 1.892022
v 5.487721 0.400000 1.872008
v 5.550434 0.400000 1.854661
v 5.612999 0.400000 1.839897
v 5.675816 0.400000 1.827633
v 5.739277 0.400000 1.817786
v 5.803781 0.400000 1.810272
v 5.869721 0.400000 1.805008
v 5.937496 0.400000 1.801911
v 6.007500 0.400000 1.800897
v 6.160639 0.400000 1.809862
v 6.305874 0.400000 1.836119
v 6.442171 0.400000 1.878710
v 6.568500 0.400000 1.936675
v 6.683828 0.400000 2.009057
v 6.787126 0.400000 2.094897
v 6.877360 0.400000 2.193237
v 6.953500 0.400000 2.303119
v 7.014516 0.400000 2.423585
v 7.059375 0.400000 2.553675
v 7.087047 0.400000 2.692432
v 7.096500 0.400000 2.838897
v 7.086812 0.400000 2.986465
v 7.058499 0.400000 3.126939
v 7.012687 0.400000 3.259225
v 6.950500 0.400000 3.382231
v 6.873063 0.400000 3.494861
v 6.781500 0.400000 3.596022
v 6.676937 0.400000 3.684621
v 6.560500 0.400000 3.759564
v 6.433312 0.400000 3.819757
v 6.296500 0.400000 3.864106
v 6.151187 0.400000 3.891517
v 5.998500 0.400000 3.900897
v 5.939869 0.400000 3.900052
v 5.883458 0.400000 3.897383
v 5.828484 0.400000 3.892694
v 5.774166 0.400000 3.885786
v 5.719724 0.400000 3.876462
v 5.664374 0.400000 3.864522
v 5.607338 0.400000 3.849771
v 5.547832 0.400000 3.832008
v 5.485077 0.400000 3.811038
v 5.418291 0.400000 3.786661
v 5.346692 0.400000 3.758680
v 5.269500 0.400000 3.726897
v 5.269500 0.400000 3.429897
v 5.329680 0.400000 3.461581
v 5.390194 0.400000 3.490620
v 5.451000 0.400000 3.516991
v 5.512055 0.400000 3.540675
v 5.573319 0.400000 3.561651
v 5.634749 0.400000 3.579897
v 5.696305 0.400000 3.595394
v 5.757944 0.400000 3.608119
v 5.819625 0.400000 3.618053
v 5.881305 0.400000 3.625175
v 5.942944 0.400000 3.629463
v 6.004499 0.400000 3.630897
v 6.113294 0.400000 3.623970
v 6.217110 0.400000 3.603731
v 6.315092 0.400000 3.570991
v 6.406387 0.400000 3.526564
v 6.490141 0.400000 3.471262
v 6.565499 0.400000 3.405897
v 6.631607 0.400000 3.331283
v 6.687611 0.400000 3.248230
v 6.732656 0.400000 3.157553
v 6.765889 0.400000 3.060064
v 6.786454 0.400000 2.956574
v 6.793500 0.400000 2.847897
v 6.786489 0.400000 2.736817
v 6.765917 0.400000 2.632008
v 6.732469 0.400000 2.534116
v 6.686833 0.400000 2.443786
v 6.629698 0.400000 2.361665
v 6.561749 0.400000 2.288397
v 6.483677 0.400000 2.224630
v 6.396167 0.400000 2.171008
v 6.299906 0.400000 2.128178
v 6.195583 0.400000 2.096786
v 6.083885 0.400000 2.077477
v 5.965500 0.400000 2.070897
v 5.926055 0.400000 2.071631
v 5.887194 0.400000 2.073772
v 5.848875 0.400000 2.077225
v 5.811055 0.400000 2.081897
v 5.773694 0.400000 2.087694
v 5.736750 0.400000 2.094522
v 5.700180 0.400000 2.102288
v 5.663944 0.400000 2.110897
v 5.627999 0.400000 2.120256
v 5.592305 0.400000 2.130272
v 5.556819 0.400000 2.140850
v 5.521500 0.400000 2.151897
v 5.521500 0.400000 2.571897
v 5.914500 0.400000 2.571897
v 5.914500 0.400000 2.835897
v 5.227499 0.400000 2.835897
v 5.227499 0.400000 1.968897
v -6.532500 -0.400000 2.865897
v -6.538500 -0.400000 2.865897
v -6.572128 -0.400000 2.922295
v -6.605515 -0.400000 2.973078
v -6.638673 -0.400000 3.018382
v -6.671612 -0.400000 3.058342
v -6.704342 -0.400000 3.093093
v -6.736875 -0.400000 3.122772
v -6.769220 -0.400000 3.147514
v -6.801389 -0.400000 3.167453
v -6.833391 -0.400000 3.182725
v -6.865236 -0.400000 3.193467
v -6.896935 -0.400000 3.199812
v -6.928500 -0.400000 3.201897
v -6.955385 -0.400000 3.200833
v -6.982070 -0.400000 3.197633
v -7.008611 -0.400000 3.192288
v -7.035057 -0.400000 3.184786
v -7.061461 -0.400000 3.175118
v -7.087876 -0.400000 3.163272
v -7.114353 -0.400000 3.149239
v -7.140945 -0.400000 3.133008
v -7.167704 -0.400000 3.114569
v -7.194681 -0.400000 3.093911
v -7.221930 -0.400000 3.071024
v -7.249500 -0.400000 3.045897
v -7.108500 -0.400000 2.814897
v -7.087788 -0.400000 2.833880
v -7.066305 -0.400000 2.851758
v -7.044281 -0.400000 2.868428
v -7.021945 -0.400000 2.883786
v -6.999524 -0.400000 2.897727
v -6.977250 -0.400000 2.910147
v -6.955351 -0.400000 2.920942
v -6.934055 -0.400000 2.930008
v -6.913593 -0.400000 2.937241
v -6.894194 -0.400000 2.942536
v -6.876087 -0.400000 2.945790
v -6.859500 -0.400000 2.946897
v -6.814623 -0.400000 2.943163
v -6.771736 -0.400000 2.932272
v -6.731203 -0.400000 2.914694
v -6.693389 -0.400000 2.890897
v -6.658658 -0.400000 2.861350
v -6.627375 -0.400000 2.826522
v -6.599904 -0.400000 2.786881
v -6.576611 -0.400000 2.742897
v -6.557858 -0.400000 2.695038
v -6.544014 -0.400000 2.643772
v -6.535439 -0.400000 2.589569
v -6.532500 -0.400000 2.532897
v -6.532500 -0.400000 1.827897
v -6.265500 -0.400000 1.827897
v -6.265500 -0.400000 3.174897
v -6.532500 -0.400000 3.174897
v -5.895257 -0.400000 1.934081
v -5.855306 -0.400000 1.910619
v -5.815313 -0.400000 1.889491
v -5.774945 -0.400000 1.870675
v -5.733869 -0.400000 1.854151
v -5.691750 -0.400000 1.839897
v -5.648257 -0.400000 1.827894
v -5.603056 -0.400000 1.818119
v -5.555813 -0.400000 1.810553
v -5.506195 -0.400000 1.805175
v -5.453869 -0.400000 1.801963
v -5.398500 -0.400000 1.800897
v -5.297404 -0.400000 1.807901
v -5.204223 -0.400000 1.828175
v -5.119126 -0.400000 1.860616
v -5.042279 -0.400000 1.904119
v -4.973848 -0.400000 1.957581
v -4.914001 -0.400000 2.019897
v -4.862904 -0.400000 2.089963
v -4.820723 -0.400000 2.166675
v -4.787626 -0.400000 2.248928
v -4.763779 -0.400000 2.335619
v -4.749348 -0.400000 2.425644
v -4.744501 -0.400000 2.517897
v -4.749792 -0.400000 2.617064
v -4.765334 -0.400000 2.710231
v -4.790626 -0.400000 2.796897
v -4.825167 -0.400000 2.876564
v -4.868459 -0.400000 2.948730
v -4.920000 -0.400000 3.012897
v -4.979292 -0.400000 3.068564
v -5.045834 -0.400000 3.115231
v -5.119125 -0.400000 3.152397
v -5.198667 -0.400000 3.179564
v -5.283959 -0.400000 3.196231
v -5.374501 -0.400000 3.201897
v -5.461007 -0.400000 3.196828
v -5.541793 -0.400000 3.181592
v -5.616517 -0.400000 3.156147
v -5.684834 -0.400000 3.120453
v -5.746402 -0.400000 3.074467
v -5.800876 -0.400000 3.018147
v -5.847912 -0.400000 2.951453
v -5.887167 -0.400000 2.874342
v -5.918297 -0.400000 2.786772
v -5.940959 -0.400000 2.688703
v -5.954808 -0.400000 2.580091
v -5.959500 -0.400000 2.460897
v -5.011500 -0.400000 2.460897
v -5.024309 -0.400000 2.396840
v -5.041722 -0.400000 2.338189
v -5.063719 -0.400000 2.284975
v -5.090278 -0.400000 2.237231
v -5.121379 -0.400000 2.194986
v -5.157001 -0.400000 2.158272
v -5.197122 -0.400000 2.127121
v -5.241723 -0.400000 2.101564
v -5.290782 -0.400000 2.081632
v -5.344278 -0.400000 2.067355
v -5.402191 -0.400000 2.058767
v -5.464500 -0.400000 2.055897
v -5.504820 -0.400000 2.057137
v -5.544806 -0.400000 2.060814
v -5.584501 -0.400000 2.066866
v -5.623945 -0.400000 2.075231
v -5.663181 -0.400000 2.085845
v -5.702251 -0.400000 2.098647
v -5.741196 -0.400000 2.113574
v -5.780056 -0.400000 2.130564
v -5.818876 -0.400000 2.149553
v -5.857695 -0.400000 2.170480
v -5.896556 -0.400000 2.193283
v -5.935500 -0.400000 2.217897
v -5.935500 -0.400000 1.959897
v -5.691021 -0.400000 2.687303
v -5.682167 -0.400000 2.733397
v -5.669063 -0.400000 2.775991
v -5.651834 -0.400000 2.814897
v -5.630604 -0.400000 2.849928
v -5.605500 -0.400000 2.880897
v -5.576646 -0.400000 2.907616
v -5.544167 -0.400000 2.929897
v -5.508188 -0.400000 2.947553
v -5.468834 -0.400000 2.960397
v -5.426229 -0.400000 2.968241
v -5.380501 -0.400000 2.970897
v -5.331192 -0.400000 2.968413
v -5.285278 -0.400000 2.961022
v -5.242782 -0.400000 2.948819
v -5.203722 -0.400000 2.931897
v -5.168122 -0.400000 2.910350
v -5.136001 -0.400000 2.884272
v -5.107379 -0.400000 2.853757
v -5.082278 -0.400000 2.818897
v -5.060719 -0.400000 2.779788
v -5.042723 -0.400000 2.736522
v -5.028309 -0.400000 2.689194
v -5.017500 -0.400000 2.637897
v -5.695500 -0.400000 2.637897
v -3.607501 -0.400000 3.174897
v -3.970500 -0.400000 2.346897
v -4.324501 -0.400000 3.174897
v -4.609501 -0.400000 3.174897
v -4.015501 -0.400000 1.800897
v -3.925500 -0.400000 1.800897
v -3.316501 -0.400000 3.174897
v -2.234961 -0.400000 3.891123
v -2.387431 -0.400000 3.862703
v -2.528297 -0.400000 3.816991
v -2.656945 -0.400000 3.755342
v -2.772759 -0.400000 3.679109
v -2.875126 -0.400000 3.589647
v -2.963429 -0.400000 3.488310
v -3.037056 -0.400000 3.376453
v -3.095392 -0.400000 3.255428
v -3.137820 -0.400000 3.126592
v -3.163728 -0.400000 2.991297
v -3.172501 -0.400000 2.850897
v -3.163954 -0.400000 2.714279
v -3.138626 -0.400000 2.581453
v -3.096985 -0.400000 2.453960
v -3.039501 -0.400000 2.333342
v -2.966642 -0.400000 2.221140
v -2.878876 -0.400000 2.118897
v -2.776673 -0.400000 2.028154
v -2.660501 -0.400000 1.950453
v -2.530829 -0.400000 1.887335
v -2.388126 -0.400000 1.840342
v -2.232860 -0.400000 1.811015
v -2.065501 -0.400000 1.800897
v -1.903478 -0.400000 1.810958
v -1.752320 -0.400000 1.840133
v -1.612641 -0.400000 1.886913
v -1.485056 -0.400000 1.949786
v -1.370180 -0.400000 2.027243
v -1.268626 -0.400000 2.117772
v -1.181009 -0.400000 2.219864
v -1.107945 -0.400000 2.332008
v -1.050048 -0.400000 2.452694
v -1.007931 -0.400000 2.580411
v -0.982211 -0.400000 2.713649
v -0.973501 -0.400000 2.850897
v -0.982444 -0.400000 2.990666
v -1.008793 -0.400000 3.125550
v -1.051829 -0.400000 3.254163
v -1.110834 -0.400000 3.375119
v -1.185089 -0.400000 3.487034
v -1.273876 -0.400000 3.588522
v -1.376475 -0.400000 3.678198
v -1.492167 -0.400000 3.754675
v -1.620235 -0.400000 3.816569
v -1.759959 -0.400000 3.862494
v -1.910621 -0.400000 3.891066
v -2.071501 -0.400000 3.900897
v -2.183624 -0.400000 2.077708
v -2.289987 -0.400000 2.097633
v -2.389829 -0.400000 2.129913
v -2.482390 -0.400000 2.173786
v -2.566909 -0.400000 2.228493
v -2.642626 -0.400000 2.293272
v -2.708780 -0.400000 2.367364
v -2.764612 -0.400000 2.450008
v -2.809360 -0.400000 2.540444
v -2.842265 -0.400000 2.637911
v -2.862565 -0.400000 2.741649
v -2.869501 -0.400000 2.850897
v -2.862565 -0.400000 2.960776
v -2.842264 -0.400000 3.064925
v -2.809360 -0.400000 3.162616
v -2.764612 -0.400000 3.253119
v -2.708780 -0.400000 3.335706
v -2.642626 -0.400000 3.409647
v -2.566909 -0.400000 3.474213
v -2.482390 -0.400000 3.528675
v -2.389829 -0.400000 3.572303
v -2.289987 -0.400000 3.604369
v -2.183624 -0.400000 3.624144
v -2.071501 -0.400000 3.630897
v -1.960067 -0.400000 3.624144
v -1.854279 -0.400000 3.604370
v -1.754907 -0.400000 3.572304
v -1.662723 -0.400000 3.528675
v -1.578497 -0.400000 3.474213
v -1.503001 -0.400000 3.409647
v -1.437004 -0.400000 3.335706
v -1.381279 -0.400000 3.253119
v -1.336595 -0.400000 3.162616
v -1.303723 -0.400000 3.064925
v -1.283435 -0.400000 2.960776
v -1.276501 -0.400000 2.850897
v -1.283435 -0.400000 2.741649
v -1.303723 -0.400000 2.637911
v -1.336595 -0.400000 2.540444
v -1.381279 -0.400000 2.450008
v -1.437004 -0.400000 2.367364
v -1.503001 -0.400000 2.293272
v -1.578498 -0.400000 2.228493
v -1.662723 -0.400000 2.173786
v -1.754907 -0.400000 2.129913
v -1.854279 -0.400000 2.097633
v -1.960067 -0.400000 2.077708
v -2.071501 -0.400000 2.070897
v 0.158743 -0.400000 1.934081
v 0.198694 -0.400000 1.910619
v 0.238687 -0.400000 1.889491
v 0.279055 -0.400000 1.870675
v 0.320131 -0.400000 1.854151
v 0.362250 -0.400000 1.839897
v 0.405743 -0.400000 1.827894
v 0.450944 -0.400000 1.818119
v 0.498187 -0.400000 1.810553
v 0.547805 -0.400000 1.805175
v 0.600132 -0.400000 1.801963
v 0.655500 -0.400000 1.800897
v 0.756597 -0.400000 1.807901
v 0.849777 -0.400000 1.828175
v 0.934874 -0.400000 1.860616
v 1.011722 -0.400000 1.904119
v 1.080152 -0.400000 1.957581
v 1.140000 -0.400000 2.019897
v 1.191097 -0.400000 2.089963
v 1.233277 -0.400000 2.166675
v 1.266374 -0.400000 2.248928
v 1.290222 -0.400000 2.335619
v 1.304652 -0.400000 2.425644
v 1.309500 -0.400000 2.517897
v 1.304208 -0.400000 2.617064
v 1.288666 -0.400000 2.710231
v 1.263375 -0.400000 2.796897
v 1.228833 -0.400000 2.876564
v 1.185541 -0.400000 2.948730
v 1.134000 -0.400000 3.012897
v 1.074708 -0.400000 3.068564
v 1.008166 -0.400000 3.115231
v 0.934874 -0.400000 3.152397
v 0.855333 -0.400000 3.179564
v 0.770041 -0.400000 3.196231
v 0.679500 -0.400000 3.201897
v 0.592994 -0.400000 3.196828
v 0.512208 -0.400000 3.181592
v 0.437484 -0.400000 3.156147
v 0.369166 -0.400000 3.120453
v 0.307598 -0.400000 3.074467
v 0.253124 -0.400000 3.018147
v 0.206088 -0.400000 2.951453
v 0.166833 -0.400000 2.874342
v 0.135703 -0.400000 2.786772
v 0.113041 -0.400000 2.688703
v 0.099192 -0.400000 2.580091
v 0.094499 -0.400000 2.460897
v 1.042500 -0.400000 2.460897
v 1.029691 -0.400000 2.396840
v 1.012277 -0.400000 2.338189
v 0.990281 -0.400000 2.284975
v 0.963722 -0.400000 2.237231
v 0.932621 -0.400000 2.194986
v 0.897000 -0.400000 2.158272
v 0.856878 -0.400000 2.127121
v 0.812277 -0.400000 2.101564
v 0.763218 -0.400000 2.081632
v 0.709722 -0.400000 2.067355
v 0.651809 -0.400000 2.058767
v 0.589499 -0.400000 2.055897
v 0.549180 -0.400000 2.057137
v 0.509194 -0.400000 2.060814
v 0.469499 -0.400000 2.066866
v 0.430055 -0.400000 2.075231
v 0.390819 -0.400000 2.085845
v 0.351750 -0.400000 2.098647
v 0.312805 -0.400000 2.113574
v 0.273944 -0.400000 2.130564
v 0.235124 -0.400000 2.149553
v 0.196305 -0.400000 2.170480
v 0.157444 -0.400000 2.193283
v 0.118499 -0.400000 2.217897
v 0.118499 -0.400000 1.959897
v 0.362979 -0.400000 2.687303
v 0.371833 -0.400000 2.733397
v 0.384937 -0.400000 2.775991
v 0.402166 -0.400000 2.814897
v 0.423395 -0.400000 2.849928
v 0.448499 -0.400000 2.880897
v 0.477354 -0.400000 2.907616
v 0.509833 -0.400000 2.929897
v 0.545812 -0.400000 2.947553
v 0.585166 -0.400000 2.960397
v 0.627770 -0.400000 2.968241
v 0.673499 -0.400000 2.970897
v 0.722808 -0.400000 2.968413
v 0.768722 -0.400000 2.961022
v 0.811218 -0.400000 2.948819
v 0.850277 -0.400000 2.931897
v 0.885878 -0.400000 2.910350
v 0.917999 -0.400000 2.884272
v 0.946621 -0.400000 2.853757
v 0.971722 -0.400000 2.818897
v 0.993281 -0.400000 2.779788
v 1.011277 -0.400000 2.736522
v 1.025691 -0.400000 2.689194
v 1.036500 -0.400000 2.637897
v 0.358499 -0.400000 2.637897
v 3.301500 -0.400000 2.997897
v 3.267183 -0.400000 3.030901
v 3.233222 -0.400000 3.060925
v 3.199593 -0.400000 3.087991
v 3.166277 -0.400000 3.112119
v 3.133253 -0.400000 3.133331
v 3.100500 -0.400000 3.151647
v 3.067996 -0.400000 3.167088
v 3.035722 -0.400000 3.179675
v 3.003656 -0.400000 3.189429
v 2.971777 -0.400000 3.196369
v 2.940065 -0.400000 3.200519
v 2.908499 -0.400000 3.201897
v 2.866387 -0.400000 3.200152
v 2.825597 -0.400000 3.194939
v 2.786203 -0.400000 3.186288
v 2.748277 -0.400000 3.174231
v 2.711894 -0.400000 3.158798
v 2.677125 -0.400000 3.140022
v 2.644043 -0.400000 3.117934
v 2.612722 -0.400000 3.092564
v 2.583234 -0.400000 3.063944
v 2.555652 -0.400000 3.032105
v 2.530050 -0.400000 2.997079
v 2.506500 -0.400000 2.958897
v 2.476734 -0.400000 2.991408
v 2.445874 -0.400000 3.022731
v 2.413827 -0.400000 3.052553
v 2.380499 -0.400000 3.080564
v 2.345796 -0.400000 3.106449
v 2.309624 -0.400000 3.129897
v 2.271890 -0.400000 3.150595
v 2.232500 -0.400000 3.168231
v 2.191359 -0.400000 3.182491
v 2.148375 -0.400000 3.193064
v 2.103453 -0.400000 3.199637
v 2.056499 -0.400000 3.201897
v 1.990355 -0.400000 3.197581
v 1.928597 -0.400000 3.184870
v 1.871484 -0.400000 3.164116
v 1.819277 -0.400000 3.135675
v 1.772237 -0.400000 3.099901
v 1.730625 -0.400000 3.057147
v 1.694699 -0.400000 3.007769
v 1.664722 -0.400000 2.952119
v 1.640953 -0.400000 2.890553
v 1.623652 -0.400000 2.823425
v 1.613081 -0.400000 2.751088
v 1.609500 -0.400000 2.673897
v 1.609500 -0.400000 1.827897
v 1.876500 -0.400000 1.827897
v 1.876500 -0.400000 2.661897
v 1.879067 -0.400000 2.710949
v 1.886541 -0.400000 2.756064
v 1.898578 -0.400000 2.797179
v 1.914833 -0.400000 2.834231
v 1.934963 -0.400000 2.867158
v 1.958624 -0.400000 2.895897
v 1.985473 -0.400000 2.920387
v 2.015166 -0.400000 2.940564
v 2.047359 -0.400000 2.956366
v 2.081708 -0.400000 2.967731
v 2.117869 -0.400000 2.974595
v 2.155499 -0.400000 2.976897
v 2.177845 -0.400000 2.976053
v 2.201263 -0.400000 2.972147
v 2.225578 -0.400000 2.965366
v 2.250611 -0.400000 2.955897
v 2.276185 -0.400000 2.943928
v 2.302125 -0.400000 2.929647
v 2.328251 -0.400000 2.913241
v 2.354388 -0.400000 2.894897
v 2.380359 -0.400000 2.874804
v 2.405986 -0.400000 2.853147
v 2.431092 -0.400000 2.830116
v 2.455500 -0.400000 2.805897
v 2.455500 -0.400000 1.827897
v 2.722500 -0.400000 1.827897
v 2.722500 -0.400000 2.664897
v 2.724760 -0.400000 2.717041
v 2.731333 -0.400000 2.764050
v 2.741906 -0.400000 2.806038
v 2.756166 -0.400000 2.843119
v 2.773801 -0.400000 2.875409
v 2.794499 -0.400000 2.903022
v 2.817947 -0.400000 2.926073
v 2.843833 -0.400000 2.944675
v 2.871843 -0.400000 2.958944
v 2.901666 -0.400000 2.968994
v 2.932989 -0.400000 2.974941
v 2.965500 -0.400000 2.976897
v 2.998350 -0.400000 2.975996
v 3.029555 -0.400000 2.973189
v 3.059343 -0.400000 2.968319
v 3.087944 -0.400000 2.961231
v 3.115586 -0.400000 2.951767
v 3.142500 -0.400000 2.939772
v 3.168913 -0.400000 2.925090
v 3.195055 -0.400000 2.907564
v 3.221156 -0.400000 2.887038
v 3.247444 -0.400000 2.863355
v 3.274149 -0.400000 2.836361
v 3.301500 -0.400000 2.805897
v 3.301500 -0.400000 1.827897
v 3.568500 -0.400000 1.827897
v 3.568500 -0.400000 3.174897
v 3.301500 -0.400000 3.174897
v 3.822810 -0.400000 1.886815
v 3.849486 -0.400000 1.869994
v 3.873890 -0.400000 1.855319
v 3.896389 -0.400000 1.842675
v 3.917345 -0.400000 1.831947
v 3.937124 -0.400000 1.823022
v 3.956092 -0.400000 1.815784
v 3.974611 -0.400000 1.810119
v 3.993046 -0.400000 1.805913
v 4.011764 -0.400000 1.803050
v 4.031126 -0.400000 1.801416
v 4.051499 -0.400000 1.800897
v 4.079633 -0.400000 1.801779
v 4.105569 -0.400000 1.804453
v 4.129359 -0.400000 1.808960
v 4.151055 -0.400000 1.815342
v 4.170710 -0.400000 1.823640
v 4.188375 -0.400000 1.833897
v 4.204103 -0.400000 1.846154
v 4.217944 -0.400000 1.860453
v 4.229953 -0.400000 1.876835
v 4.240180 -0.400000 1.895342
v 4.248679 -0.400000 1.916015
v 4.255500 -0.400000 1.938897
v 4.284872 -0.400000 1.916645
v 4.314472 -0.400000 1.896383
v 4.344281 -0.400000 1.878100
v 4.374277 -0.400000 1.861786
v 4.404440 -0.400000 1.847430
v 4.434750 -0.400000 1.835022
v 4.465183 -0.400000 1.824552
v 4.495722 -0.400000 1.816008
v 4.526343 -0.400000 1.809381
v 4.557027 -0.400000 1.804661
v 4.587753 -0.400000 1.801836
v 4.618500 -0.400000 1.800897
v 4.666587 -0.400000 1.804067
v 4.711694 -0.400000 1.813258
v 4.753593 -0.400000 1.827991
v 4.792055 -0.400000 1.847786
v 4.826850 -0.400000 1.872164
v 4.857750 -0.400000 1.900647
v 4.884524 -0.400000 1.932755
v 4.906944 -0.400000 1.968008
v 4.924781 -0.400000 2.005928
v 4.937805 -0.400000 2.046036
v 4.945788 -0.400000 2.087852
v 4.948500 -0.400000 2.130897
v 4.943594 -0.400000 2.193878
v 4.929500 -0.400000 2.249744
v 4.907156 -0.400000 2.299131
v 4.877500 -0.400000 2.342675
v 4.841468 -0.400000 2.381010
v 4.799999 -0.400000 2.414772
v 4.754031 -0.400000 2.444597
v 4.704499 -0.400000 2.471119
v 4.652343 -0.400000 2.494975
v 4.598500 -0.400000 2.516800
v 4.543906 -0.400000 2.537229
v 4.489500 -0.400000 2.556897
v 4.252500 -0.400000 2.640897
v 4.252500 -0.400000 2.712897
v 4.254188 -0.400000 2.752852
v 4.259250 -0.400000 2.788786
v 4.267687 -0.400000 2.820803
v 4.279500 -0.400000 2.849008
v 4.294687 -0.400000 2.873505
v 4.313250 -0.400000 2.894397
v 4.335187 -0.400000 2.911790
v 4.360500 -0.400000 2.925786
v 4.389188 -0.400000 2.936491
v 4.421250 -0.400000 2.944008
v 4.456687 -0.400000 2.948442
v 4.495500 -0.400000 2.949897
v 4.532299 -0.400000 2.948451
v 4.569139 -0.400000 2.944078
v 4.605937 -0.400000 2.936725
v 4.642611 -0.400000 2.926342
v 4.679076 -0.400000 2.912875
v 4.715250 -0.400000 2.896272
v 4.751048 -0.400000 2.876482
v 4.786389 -0.400000 2.853453
v 4.821187 -0.400000 2.827132
v 4.855361 -0.400000 2.797467
v 4.888826 -0.400000 2.764406
v 4.921500 -0.400000 2.727897
v 4.921500 -0.400000 3.018897
v 4.894371 -0.400000 3.048337
v 4.865471 -0.400000 3.075161
v 4.834781 -0.400000 3.099381
v 4.802277 -0.400000 3.121008
v 4.767940 -0.400000 3.140052
v 4.731750 -0.400000 3.156522
v 4.693684 -0.400000 3.170430
v 4.653722 -0.400000 3.181786
v 4.611843 -0.400000 3.190600
v 4.568027 -0.400000 3.196883
v 4.522253 -0.400000 3.200645
v 4.474500 -0.400000 3.201897
v 4.407530 -0.400000 3.199005
v 4.343487 -0.400000 3.190258
v 4.282922 -0.400000 3.175554
v 4.226389 -0.400000 3.154786
v 4.174439 -0.400000 3.127852
v 4.127625 -0.400000 3.094647
v 4.086498 -0.400000 3.055067
v 4.051611 -0.400000 3.009008
v 4.023516 -0.400000 2.956366
v 4.002764 -0.400000 2.897036
v 3.989908 -0.400000 2.830914
v 3.985500 -0.400000 2.757897
v 3.985500 -0.400000 2.064897
v 3.985126 -0.400000 2.052826
v 3.984013 -0.400000 2.042078
v 3.982171 -0.400000 2.032600
v 3.979610 -0.400000 2.024342
v 3.976341 -0.400000 2.017250
v 3.972374 -0.400000 2.011272
v 3.967720 -0.400000 2.006357
v 3.962388 -0.400000 2.002453
v 3.956390 -0.400000 1.999506
v 3.949736 -0.400000 1.997467
v 3.942435 -0.400000 1.996281
v 3.934500 -0.400000 1.995897
v 3.927200 -0.400000 1.996454
v 3.918847 -0.400000 1.998106
v 3.909516 -0.400000 2.000819
v 3.899278 -0.400000 2.004564
v 3.888207 -0.400000 2.009309
v 3.876375 -0.400000 2.015022
v 3.863856 -0.400000 2.021673
v 3.850722 -0.400000 2.029231
v 3.837047 -0.400000 2.037663
v 3.822903 -0.400000 2.046939
v 3.808363 -0.400000 2.057027
v 3.793500 -0.400000 2.067897
v 3.793500 -0.400000 1.905897
v 4.308777 -0.400000 2.474350
v 4.363222 -0.400000 2.454522
v 4.415250 -0.400000 2.434132
v 4.464278 -0.400000 2.412897
v 4.509722 -0.400000 2.390538
v 4.551000 -0.400000 2.366772
v 4.587528 -0.400000 2.341319
v 4.618722 -0.400000 2.313897
v 4.644000 -0.400000 2.284225
v 4.662777 -0.400000 2.252022
v 4.674472 -0.400000 2.217007
v 4.678500 -0.400000 2.178897
v 4.676842 -0.400000 2.151861
v 4.671987 -0.400000 2.126355
v 4.664110 -0.400000 2.102538
v 4.653389 -0.400000 2.080564
v 4.640002 -0.400000 2.060590
v 4.624125 -0.400000 2.042772
v 4.605936 -0.400000 2.027267
v 4.585611 -0.400000 2.014230
v 4.563328 -0.400000 2.003819
v 4.539264 -0.400000 1.996189
v 4.513595 -0.400000 1.991496
v 4.486500 -0.400000 1.989897
v 4.465623 -0.400000 1.990763
v 4.444998 -0.400000 1.993328
v 4.424623 -0.400000 1.997538
v 4.404499 -0.400000 2.003342
v 4.384624 -0.400000 2.010687
v 4.364999 -0.400000 2.019522
v 4.345624 -0.400000 2.029795
v 4.326499 -0.400000 2.041453
v 4.307624 -0.400000 2.054444
v 4.289000 -0.400000 2.068717
v 4.270625 -0.400000 2.084218
v 4.252500 -0.400000 2.100897
v 4.252500 -0.400000 2.493897
v 5.294753 -0.400000 1.940383
v 5.360277 -0.400000 1.914786
v 5.424468 -0.400000 1.892022
v 5.487721 -0.400000 1.872008
v 5.550434 -0.400000 1.854661
v 5.612999 -0.400000 1.839897
v 5.675816 -0.400000 1.827633
v 5.739277 -0.400000 1.817786
v 5.803781 -0.400000 1.810272
v 5.869721 -0.400000 1.805008
v 5.937496 -0.400000 1.801911
v 6.007500 -0.400000 1.800897
v 6.160639 -0.400000 1.809862
v 6.305874 -0.400000 1.836119
v 6.442171 -0.400000 1.878710
v 6.568500 -0.400000 1.936675
v 6.683828 -0.400000 2.009057
v 6.787126 -0.400000 2.094897
v 6.877360 -0.400000 2.193237
v 6.953500 -0.400000 2.303119
v 7.014516 -0.400000 2.423585
v 7.059375 -0.400000 2.553675
v 7.087047 -0.400000 2.692432
v 7.096500 -0.400000 2.838897
v 7.086812 -0.400000 2.986465
v 7.058499 -0.400000 3.126939
v 7.012687 -0.400000 3.259225
v 6.950500 -0.400000 3.382231
v 6.873063 -0.400000 3.494861
v 6.781500 -0.400000 3.596022
v 6.676937 -0.400000 3.684621
v 6.560500 -0.400000 3.759564
v 6.433312 -0.400000 3.819757
v 6.296500 -0.400000 3.864106
v 6.151187 -0.400000 3.891517
v 5.998500 -0.400000 3.900897
v 5.939869 -0.400000 3.900052
v 5.883458 -0.400000 3.897383
v 5.828484 -0.400000 3.892694
v 5.774166 -0.400000 3.885786
v 5.719724 -0.400000 3.876462
v 5.664374 -0.400000 3.864522
v 5.607338 -0.400000 3.849771
v 5.547832 -0.400000 3.832008
v 5.485077 -0.400000 3.811038
v 5.418291 -0.400000 3.786661
v 5.346692 -0.400000 3.758680
v 5.269500 -0.400000 3.726897
v 5.269500 -0.400000 3.429897
v 5.329680 -0.400000 3.461581
v 5.390194 -0.400000 3.490620
v 5.451000 -0.400000 3.516991
v 5.512055 -0.400000 3.540675
v 5.573319 -0.400000 3.561651
v 5.634749 -0.400000 3.579897
v 5.696305 -0.400000 3.595394
v 5.757944 -0.400000 3.608119
v 5.819625 -0.400000 3.618053
v 5.881305 -0.400000 3.625175
v 5.942944 -0.400000 3.629463
v 6.004499 -0.400000 3.630897
v 6.113294 -0.400000 3.623970
v 6.217110 -0.400000 3.603731
v 6.315092 -0.400000 3.570991
v 6.406387 -0.400000 3.526564
v 6.490141 -0.400000 3.471262
v 6.565499 -0.400000 3.405897
v 6.631607 -0.400000 3.331283
v 6.687611 -0.400000 3.248230
v 6.732656 -0.400000 3.157553
v 6.765889 -0.400000 3.060064
v 6.786454 -0.400000 2.956574
v 6.793500 -0.400000 2.847897
v 6.786489 -0.400000 2.736817
v 6.765917 -0.400000 2.632008
v 6.732469 -0.400000 2.534116
v 6.686833 -0.400000 2.443786
v 6.629698 -0.400000 2.361665
v 6.561749 -0.400000 2.288397
v 6.483677 -0.400000 2.224630
v 6.396167 -0.400000 2.171008
v 6.299906 -0.400000 2.128178
v 6.195583 -0.400000 2.096786
v 6.083885 -0.400000 2.077477
v 5.965500 -0.400000 2.070897
v 5.926055 -0.400000 2.071631
v 5.887194 -0.400000 2.073772
v 5.848875 -0.400000 2.077225
v 5.811055 -0.400000 2.081897
v 5.773694 -0.400000 2.087694
v 5.736750 -0.400000 2.094522
v 5.700180 -0.400000 2.102288
v 5.663944 -0.400000 2.110897
v 5.627999 -0.400000 2.120256
v 5.592305 -0.400000 2.130272
v 5.556819 -0.400000 2.140850
v 5.521500 -0.400000 2.151897
v 5.521500 -0.400000 2.571897
v 5.914500 -0.400000 2.571897
v 5.914500 -0.400000 2.835897
v 5.227499 -0.400000 2.835897
v 5.227499 -0.400000 1.968897
v 5.294753 -0.400000 1.940383
v 5.294753 0.400000 1.940383
v 5.360277 -0.400000 1.914786
v 5.360277 0.400000 1.914786
v 5.424468 -0.400000 1.892022
v 5.424468 0.400000 1.892022
v 5.487721 -0.400000 1.872008
v 5.487721 0.400000 1.872008
v 5.550434 -0.400000 1.854661
v 5.550434 0.400000 1.854661
v 5.612999 -0.400000 1.839897
v 5.612999 0.400000 1.839897
v 5.675816 -0.400000 1.827633
v 5.675816 0.400000 1.827633
v 5.739277 -0.400000 1.817786
v 5.739277 0.400000 1.817786
v 5.803781 -0.400000 1.810272
v 5.803781 0.400000 1.810272
v 5.869721 -0.400000 1.805008
v 5.869721 0.400000 1.805008
v 5.937496 -0.400000 1.801911
v 5.937496 0.400000 1.801911
v 6.007500 -0.400000 1.800897
v 6.007500 0.400000 1.800897
v 6.160639 -0.400000 1.809862
v 6.160639 0.400000 1.809862
v 6.305874 -0.400000 1.836119
v 6.305874 0.400000 1.836119
v 6.442171 -0.400000 1.878710
v 6.442171 0.400000 1.878710
v 6.568500 -0.400000 1.936675
v 6.568500 0.400000 1.936675
v 6.683828 -0.400000 2.009057
v 6.683828 0.400000 2.009057
v 6.787126 -0.400000 2.094897
v 6.787126 0.400000 2.094897
v 6.877360 -0.400000 2.193237
v 6.877360 0.400000 2.193237
v 6.953500 -0.400000 2.303119
v 6.953500 0.400000 2.303119
v 7.014516 -0.400000 2.423585
v 7.014516 0.400000 2.423585
v 7.059375 -0.400000 2.553675
v 7.059375 0.400000 2.553675
v 7.087047 -0.400000 2.692432
v 7.087047 0.400000 2.692432
v 7.096500 -0.400000 2.838897
v 7.096500 0.400000 2.838897
v 7.086812 -0.400000 2.986465
v 7.086812 0.400000 2.986465
v 7.058499 -0.400000 3.126939
v 7.058499 0.400000 3.126939
v 7.012687 -0.400000 3.259225
v 7.012687 0.400000 3.259225
v 6.950500 -0.400000 3.382231
v 6.950500 0.400000 3.382231
v 6.873063 -0.400000 3.494861
v 6.873063 0.400000 3.494861
v 6.781500 -0.400000 3.596022
v 6.781500 0.400000 3.596022
v 6.676937 -0.400000 3.684621
v 6.676937 0.400000 3.684621
v 6.560500 -0.400000 3.759564
v 6.560500 0.400000 3.759564
v 6.433312 -0.400000 3.819757
v 6.433312 0.400000 3.819757
v 6.296500 -0.400000 3.864106
v 6.296500 0.400000 3.864106
v 6.151187 -0.400000 3.891517
v 6.151187 0.400000 3.891517
v 5.998500 -0.400000 3.900897
v 5.998500 0.400000 3.900897
v 5.939869 -0.400000 3.900052
v 5.939869 0.400000 3.900052
v 5.883458 -0.400000 3.897383
v 5.883458 0.400000 3.897383
v 5.828484 -0.400000 3.892694
v 5.828484 0.400000 3.892694
v 5.774166 -0.400000 3.885786
v 5.774166 0.400000 3.885786
v 5.719724 -0.400000 3.876462
v 5.719724 0.400000 3.876462
v 5.664374 -0.400000 3.864522
v 5.664374 0.400000 3.864522
v 5.607338 -0.400000 3.849771
v 5.607338 0.400000 3.849771
v 5.547832 -0.400000 3.832008
v 5.547832 0.400000 3.832008
v 5.485077 -0.400000 3.811038
v 5.485077 0.400000 3.811038
v 5.418291 -0.400000 3.786661
v 5.418291 0.400000 3.786661
v 5.346692 -0.400000 3.758680
v 5.346692 0.400000 3.758680
v 5.269500 -0.400000 3.726897
v 5.269500 0.400000 3.726897
v 5.269500 -0.400000 3.429897
v 5.269500 0.400000 3.429897
v 5.329680 -0.400000 3.461581
v 5.329680 0.400000 3.461581
v 5.390194 -0.400000 3.490620
v 5.390194 0.400000 3.490620
v 5.451000 -0.400000 3.516991
v 5.451000 0.400000 3.516991
v 5.512055 -0.400000 3.540675
v 5.512055 0.400000 3.540675
v 5.573319 -0.400000 3.561651
v 5.573319 0.400000 3.561651
v 5.634749 -0.400000 3.579897
v 5.634749 0.400000 3.579897
v 5.696305 -0.400000 3.595394
v 5.696305 0.400000 3.595394
v 5.757944 -0.400000 3.608119
v 5.757944 0.400000 3.608119
v 5.819625 -0.400000 3.618053
v 5.819625 0.400000 3.618053
v 5.881305 -0.400000 3.625175
v 5.881305 0.400000 3.625175
v 5.942944 -0.400000 3.629463
v 5.942944 0.400000 3.629463
v 6.004499 -0.400000 3.630897
v 6.004499 0.400000 3.630897
v 6.113294 -0.400000 3.623970
v 6.113294 0.400000 3.623970
v 6.217110 -0.400000 3.603731
v 6.217110 0.400000 3.603731
v 6.315092 -0.400000 3.570991
v 6.315092 0.400000 3.570991
v 6.406387 -0.400000 3.526564
v 6.406387 0.400000 3.526564
v 6.490141 -0.400000 3.471262
v 6.490141 0.400000 3.471262
v 6.565499 -0.400000 3.405897
v 6.565499 0.400000 3.405897
v 6.631607 -0.400000 3.331283
v 6.631607 0.400000 3.331283
v 6.687611 -0.400000 3.248230
v 6.687611 0.400000 3.248230
v 6.732656 -0.400000 3.157553
v 6.732656 0.400000 3.157553
v 6.765889 -0.400000 3.060064
v 6.765889 0.400000 3.060064
v 6.786454 -0.400000 2.956574
v 6.786454 0.400000 2.956574
v 6.793500 -0.400000 2.847897
v 6.793500 0.400000 2.847897
v 6.786489 -0.400000 2.736817
v 6.786489 0.400000 2.736817
v 6.765917 -0.400000 2.632008
v 6.765917 0.400000 2.632008
v 6.732469 -0.400000 2.534116
v 6.732469 0.400000 2.534116
v 6.686833 -0.400000 2.443786
v 6.686833 0.400000 2.443786
v 6.629698 -0.400000 2.361665
v 6.629698 0.400000 2.361665
v 6.561749 -0.400000 2.288397
v 6.561749 0.400000 2.288397
v 6.483677 -0.400000 2.224630
v 6.483677 0.400000 2.224630
v 6.396167 -0.400000 2.171008
v 6.396167 0.400000 2.171008
v 6.299906 -0.400000 2.128178
v 6.299906 0.400000 2.128178
v 6.195583 -0.400000 2.096786
v 6.195583 0.400000 2.096786
v 6.083885 -0.400000 2.077477
v 6.083885 0.400000 2.077477
v 5.965500 -0.400000 2.070897
v 5.965500 0.400000 2.070897
v 5.926055 -0.400000 2.071631
v 5.926055 0.400000 2.071631
v 5.887194 -0.400000 2.073772
v 5.887194 0.400000 2.073772
v 5.848875 -0.400000 2.077225
v 5.848875 0.400000 2.077225
v 5.811055 -0.400000 2.081897
v 5.811055 0.400000 2.081897
v 5.773694 -0.400000 2.087694
v 5.773694 0.400000 2.087694
v 5.736750 -0.400000 2.094522
v 5.736750 0.400000 2.094522
v 5.700180 -0.400000 2.102288
v 5.700180 0.400000 2.102288
v 5.663944 -0.400000 2.110897
v 5.663944 0.400000 2.110897
v 5.627999 -0.400000 2.120256
v 5.627999 0.400000 2.120256
v 5.592305 -0.400000 2.130272
v 5.592305 0.400000 2.130272
v 5.556819 -0.400000 2.140850
v 5.556819 0.400000 2.140850
v 5.521500 -0.400000 2.151897
v 5.521500 0.400000 2.151897
v 5.521500 -0.400000 2.571897
v 5.521500 0.400000 2.571897
v 5.914500 -0.400000 2.571897
v 5.914500 0.400000 2.571897
v 5.914500 -0.400000 2.835897
v 5.914500 0.400000 2.835897
v 5.227499 -0.400000 2.835897
v 5.227499 0.400000 2.835897
v 5.227499 -0.400000 1.968897
v 5.227499 0.400000 1.968897
v 3.822810 -0.400000 1.886815
v 3.822810 0.400000 1.886815
v 3.849486 -0.400000 1.869994
v 3.849486 0.400000 1.869994
v 3.873890 -0.400000 1.855319
v 3.873890 0.400000 1.855319
v 3.896389 -0.400000 1.842675
v 3.896389 0.400000 1.842675
v 3.917345 -0.400000 1.831947
v 3.917345 0.400000 1.831947
v 3.937124 -0.400000 1.823022
v 3.937124 0.400000 1.823022
v 3.956092 -0.400000 1.815784
v 3.956092 0.400000 1.815784
v 3.974611 -0.400000 1.810119
v 3.974611 0.400000 1.810119
v 3.993046 -0.400000 1.805913
v 3.993046 0.400000 1.805913
v 4.011764 -0.400000 1.803050
v 4.011764 0.400000 1.803050
v 4.031126 -0.400000 1.801416
v 4.031126 0.400000 1.801416
v 4.051499 -0.400000 1.800897
v 4.051499 0.400000 1.800897
v 4.079633 -0.400000 1.801779
v 4.079633 0.400000 1.801779
v 4.105569 -0.400000 1.804453
v 4.105569 0.400000 1.804453
v 4.129359 -0.400000 1.808960
v 4.129359 0.400000 1.808960
v 4.151055 -0.400000 1.815342
v 4.151055 0.400000 1.815342
v 4.170710 -0.400000 1.823640
v 4.170710 0.400000 1.823640
v 4.188375 -0.400000 1.833897
v 4.188375 0.400000 1.833897
v 4.204103 -0.400000 1.846154
v 4.204103 0.400000 1.846154
v 4.217944 -0.400000 1.860453
v 4.217944 0.400000 1.860453
v 4.229953 -0.400000 1.876835
v 4.229953 0.400000 1.876835
v 4.240180 -0.400000 1.895342
v 4.240180 0.400000 1.895342
v 4.248679 -0.400000 1.916015
v 4.248679 0.400000 1.916015
v 4.255500 -0.400000 1.938897
v 4.255500 0.400000 1.938897
v 4.284872 -0.400000 1.916645
v 4.284872 0.400000 1.916645
v 4.314472 -0.400000 1.896383
v 4.314472 0.400000 1.896383
v 4.344281 -0.400000 1.878100
v 4.344281 0.400000 1.878100
v 4.374277 -0.400000 1.861786
v 4.374277 0.400000 1.861786
v 4.404440 -0.400000 1.847430
v 4.404440 0.400000 1.847430
v 4.434750 -0.400000 1.835022
v 4.434750 0.400000 1.835022
v 4.465183 -0.400000 1.824552
v 4.465183 0.400000 1.824552
v 4.495722 -0.400000 1.816008
v 4.495722 0.400000 1.816008
v 4.526343 -0.400000 1.809381
v 4.526343 0.400000 1.809381
v 4.557027 -0.400000 1.804661
v 4.557027 0.400000 1.804661
v 4.587753 -0.400000 1.801836
v 4.587753 0.400000 1.801836
v 4.618500 -0.400000 1.800897
v 4.618500 0.400000 1.800897
v 4.666587 -0.400000 1.804067
v 4.666587 0.400000 1.804067
v 4.711694 -0.400000 1.813258
v 4.711694 0.400000 1.813258
v 4.753593 -0.400000 1.827991
v 4.753593 0.400000 1.827991
v 4.792055 -0.400000 1.847786
v 4.792055 0.400000 1.847786
v 4.826850 -0.400000 1.872164
v 4.826850 0.400000 1.872164
v 4.857750 -0.400000 1.900647
v 4.857750 0.400000 1.900647
v 4.884524 -0.400000 1.932755
v 4.884524 0.400000 1.932755
v 4.906944 -0.400000 1.968008
v 4.906944 0.400000 1.968008
v 4.924781 -0.400000 2.005928
v 4.924781 0.400000 2.005928
v 4.937805 -0.400000 2.046036
v 4.937805 0.400000 2.046036
v 4.945788 -0.400000 2.087852
v 4.945788 0.400000 2.087852
v 4.948500 -0.400000 2.130897
v 4.948500 0.400000 2.130897
v 4.943594 -0.400000 2.193878
v 4.943594 0.400000 2.193878
v 4.929500 -0.400000 2.249744
v 4.929500 0.400000 2.249744
v 4.907156 -0.400000 2.299131
v 4.907156 0.400000 2.299131
v 4.877500 -0.400000 2.342675
v 4.877500 0.400000 2.342675
v 4.841468 -0.400000 2.381010
v 4.841468 0.400000 2.381010
v 4.799999 -0.400000 2.414772
v 4.799999 0.400000 2.414772
v 4.754031 -0.400000 2.444597
v 4.754031 0.400000 2.444597
v 4.704499 -0.400000 2.471119
v 4.704499 0.400000 2.471119
v 4.652343 -0.400000 2.494975
v 4.652343 0.400000 2.494975
v 4.598500 -0.400000 2.516800
v 4.598500 0.400000 2.516800
v 4.543906 -0.400000 2.537229
v 4.543906 0.400000 2.537229
v 4.489500 -0.400000 2.556897
v 4.489500 0.400000 2.556897
v 4.252500 -0.400000 2.640897
v 4.252500 0.400000 2.640897
v 4.252500 -0.400000 2.712897
v 4.252500 0.400000 2.712897
v 4.254188 -0.400000 2.752852
v 4.254188 0.400000 2.752852
v 4.259250 -0.400000 2.788786
v 4.259250 0.400000 2.788786
v 4.267687 -0.400000 2.820803
v 4.267687 0.400000 2.820803
v 4.279500 -0.400000 2.849008
v 4.279500 0.400000 2.849008
v 4.294687 -0.400000 2.873505
v 4.294687 0.400000 2.873505
v 4.313250 -0.400000 2.894397
v 4.313250 0.400000 2.894397
v 4.335187 -0.400000 2.911790
v 4.335187 0.400000 2.911790
v 4.360500 -0.400000 2.925786
v 4.360500 0.400000 2.925786
v 4.389188 -0.400000 2.936491
v 4.389188 0.400000 2.936491
v 4.421250 -0.400000 2.944008
v 4.421250 0.400000 2.944008
v 4.456687 -0.400000 2.948442
v 4.456687 0.400000 2.948442
v 4.495500 -0.400000 2.949897
v 4.495500 0.400000 2.949897
v 4.532299 -0.400000 2.948451
v 4.532299 0.400000 2.948451
v 4.569139 -0.400000 2.944078
v 4.569139 0.400000 2.944078
v 4.605937 -0.400000 2.936725
v 4.605937 0.400000 2.936725
v 4.642611 -0.400000 2.926342
v 4.642611 0.400000 2.926342
v 4.679076 -0.400000 2.912875
v 4.679076 0.400000 2.912875
v 4.715250 -0.400000 2.896272
v 4.715250 0.400000 2.896272
v 4.751048 -0.400000 2.876482
v 4.751048 0.400000 2.876482
v 4.786389 -0.400000 2.853453
v 4.786389 0.400000 2.853453
v 4.821187 -0.400000 2.827132
v 4.821187 0.400000 2.827132
v 4.855361 -0.400000 2.797467
v 4.855361 0.400000 2.797467
v 4.888826 -0.400000 2.764406
v 4.888826 0.400000 2.764406
v 4.921500 -0.400000 2.727897
v 4.921500 0.400000 2.727897
v 4.921500 -0.400000 3.018897
v 4.921500 0.400000 3.018897
v 4.894371 -0.400000 3.048337
v 4.894371 0.400000 3.048337
v 4.865471 -0.400000 3.075161
v 4.865471 0.400000 3.075161
v 4.834781 -0.400000 3.099381
v 4.834781 0.400000 3.099381
v 4.802277 -0.400000 3.121008
v 4.802277 0.400000 3.121008
v 4.767940 -0.400000 3.140052
v 4.767940 0.400000 3.140052
v 4.731750 -0.400000 3.156522
v 4.731750 0.400000 3.156522
v 4.693684 -0.400000 3.170430
v 4.693684 0.400000 3.170430
v 4.653722 -0.400000 3.181786
v 4.653722 0.400000 3.181786
v 4.611843 -0.400000 3.190600
v 4.611843 0.400000 3.190600
v 4.568027 -0.400000 3.196883
v 4.568027 0.400000 3.196883
v 4.522253 -0.400000 3.200645
v 4.522253 0.400000 3.200645
v 4.474500 -0.400000 3.201897
v 4.474500 0.400000 3.201897
v 4.407530 -0.400000 3.199005
v 4.407530 0.400000 3.199005
v 4.343487 -0.400000 3.190258
v 4.343487 0.400000 3.190258
v 4.282922 -0.400000 3.175554
v 4.282922 0.400000 3.175554
v 4.226389 -0.400000 3.154786
v 4.226389 0.400000 3.154786
v 4.174439 -0.400000 3.127852
v 4.174439 0.400000 3.127852
v 4.127625 -0.400000 3.094647
v 4.127625 0.400000 3.094647
v 4.086498 -0.400000 3.055067
v 4.086498 0.400000 3.055067
v 4.051611 -0.400000 3.009008
v 4.051611 0.400000 3.009008
v 4.023516 -0.400000 2.956366
v 4.023516 0.400000 2.956366
v 4.002764 -0.400000 2.897036
v 4.002764 0.400000 2.897036
v 3.989908 -0.400000 2.830914
v 3.989908 0.400000 2.830914
v 3.985500 -0.400000 2.757897
v 3.985500 0.400000 2.757897
v 3.985500 -0.400000 2.064897
v 3.985500 0.400000 2.064897
v 3.985126 -0.400000 2.052826
v 3.985126 0.400000 2.052826
v 3.984013 -0.400000 2.042078
v 3.984013 0.400000 2.042078
v 3.982171 -0.400000 2.032600
v 3.982171 0.400000 2.032600
v 3.979610 -0.400000 2.024342
v 3.979610 0.400000 2.024342
v 3.976341 -0.400000 2.017250
v 3.976341 0.400000 2.017250
v 3.972374 -0.400000 2.011272
v 3.972374 0.400000 2.011272
v 3.967720 -0.400000 2.006357
v 3.967720 0.400000 2.006357
v 3.962388 -0.400000 2.002453
v 3.962388 0.400000 2.002453
v 3.956390 -0.400000 1.999506
v 3.956390 0.400000 1.999506
v 3.949736 -0.400000 1.997467
v 3.949736 0.400000 1.997467
v 3.942435 -0.400000 1.996281
v 3.942435 0.400000 1.996281
v 3.934500 -0.400000 1.995897
v 3.934500 0.400000 1.995897
v 3.927200 -0.400000 1.996454
v 3.927200 0.400000 1.996454
v 3.918847 -0.400000 1.998106
v 3.918847 0.400000 1.998106
v 3.909516 -0.400000 2.000819
v 3.909516 0.400000 2.000819
v 3.899278 -0.400000 2.004564
v 3.899278 0.400000 2.004564
v 3.888207 -0.400000 2.009309
v 3.888207 0.400000 2.009309
v 3.876375 -0.400000 2.015022
v 3.876375 0.400000 2.015022
v 3.863856 -0.400000 2.021673
v 3.863856 0.400000 2.021673
v 3.850722 -0.400000 2.029231
v 3.850722 0.400000 2.029231
v 3.837047 -0.400000 2.037663
v 3.837047 0.400000 2.037663
v 3.822903 -0.400000 2.046939
v 3.822903 0.400000 2.046939
v 3.808363 -0.400000 2.057027
v 3.808363 0.400000 2.057027
v 3.793500 -0.400000 2.067897
v 3.793500 0.400000 2.067897
v 3.793500 -0.400000 1.905897
v 3.793500 0.400000 1.905897
v 4.308777 -0.400000 2.474350
v 4.308777 0.400000 2.474350
v 4.363222 -0.400000 2.454522
v 4.363222 0.400000 2.454522
v 4.415250 -0.400000 2.434132
v 4.415250 0.400000 2.434132
v 4.464278 -0.400000 2.412897
v 4.464278 0.400000 2.412897
v 4.509722 -0.400000 2.390538
v 4.509722 0.400000 2.390538
v 4.551000 -0.400000 2.366772
v 4.551000 0.400000 2.366772
v 4.587528 -0.400000 2.341319
v 4.587528 0.400000 2.341319
v 4.618722 -0.400000 2.313897
v 4.618722 0.400000 2.313897
v 4.644000 -0.400000 2.284225
v 4.644000 0.400000 2.284225
v 4.662777 -0.400000 2.252022
v 4.662777 0.400000 2.252022
v 4.674472 -0.400000 2.217007
v 4.674472 0.400000 2.217007
v 4.678500 -0.400000 2.178897
v 4.678500 0.400000 2.178897
v 4.676842 -0.400000 2.151861
v 4.676842 0.400000 2.151861
v 4.671987 -0.400000 2.126355
v 4.671987 0.400000 2.126355
v 4.664110 -0.400000 2.102538
v 4.664110 0.400000 2.102538
v 4.653389 -0.400000 2.080564
v 4.653389 0.400000 2.080564
v 4.640002 -0.400000 2.060590
v 4.640002 0.400000 2.060590
v 4.624125 -0.400000 2.042772
v 4.624125 0.400000 2.042772
v 4.605936 -0.400000 2.027267
v 4.605936 0.400000 2.027267
v 4.585611 -0.400000 2.014230
v 4.585611 0.400000 2.014230
v 4.563328 -0.400000 2.003819
v 4.563328 0.400000 2.003819
v 4.539264 -0.400000 1.996189
v 4.539264 0.400000 1.996189
v 4.513595 -0.400000 1.991496
v 4.513595 0.400000 1.991496
v 4.486500 -0.400000 1.989897
v 4.486500 0.400000 1.989897
v 4.465623 -0.400000 1.990763
v 4.465623 0.400000 1.990763
v 4.444998 -0.400000 1.993328
v 4.444998 0.400000 1.993328
v 4.424623 -0.400000 1.997538
v 4.424623 0.400000 1.997538
v 4.404499 -0.400000 2.003342
v 4.404499 0.400000 2.003342
v 4.384624 -0.400000 2.010687
v 4.384624 0.400000 2.010687
v 4.364999 -0.400000 2.019522
v 4.364999 0.400000 2.019522
v 4.345624 -0.400000 2.029795
v 4.345624 0.400000 2.029795
v 4.326499 -0.400000 2.041453
v 4.326499 0.400000 2.041453
v 4.307624 -0.400000 2.054444
v 4.307624 0.400000 2.054444
v 4.289000 -0.400000 2.068717
v 4.289000 0.400000 2.068717
v 4.270625 -0.400000 2.084218
v 4.270625 0.400000 2.084218
v 4.252500 -0.400000 2.100897
v 4.252500 0.400000 2.100897
v 4.252500 -0.400000 2.493897
v 4.252500 0.400000 2.493897
v 3.301500 -0.400000 2.997897
v 3.301500 0.400000 2.997897
v 3.267183 -0.400000 3.030901
v 3.267183 0.400000 3.030901
v 3.233222 -0.400000 3.060925
v 3.233222 0.400000 3.060925
v 3.199593 -0.400000 3.087991
v 3.199593 0.400000 3.087991
v 3.166277 -0.400000 3.112119
v 3.166277 0.400000 3.112119
v 3.133253 -0.400000 3.133331
v 3.133253 0.400000 3.133331
v 3.100500 -0.400000 3.151647
v 3.100500 0.400000 3.151647
v 3.067996 -0.400000 3.167088
v 3.067996 0.400000 3.167088
v 3.035722 -0.400000 3.179675
v 3.035722 0.400000 3.179675
v 3.003656 -0.400000 3.189429
v 3.003656 0.400000 3.189429
v 2.971777 -0.400000 3.196369
v 2.971777 0.400000 3.196369
v 2.940065 -0.400000 3.200519
v 2.940065 0.400000 3.200519
v 2.908499 -0.400000 3.201897
v 2.908499 0.400000 3.201897
v 2.866387 -0.400000 3.200152
v 2.866387 0.400000 3.200152
v 2.825597 -0.400000 3.194939
v 2.825597 0.400000 3.194939
v 2.786203 -0.400000 3.186288
v 2.786203 0.400000 3.186288
v 2.748277 -0.400000 3.174231
v 2.748277 0.400000 3.174231
v 2.711894 -0.400000 3.158798
v 2.711894 0.400000 3.158798
v 2.677125 -0.400000 3.140022
v 2.677125 0.400000 3.140022
v 2.644043 -0.400000 3.117934
v 2.644043 0.400000 3.117934
v 2.612722 -0.400000 3.092564
v 2.612722 0.400000 3.092564
v 2.583234 -0.400000 3.063944
v 2.583234 0.400000 3.063944
v 2.555652 -0.400000 3.032105
v 2.555652 0.400000 3.032105
v 2.530050 -0.400000 2.997079
v 2.530050 0.400000 2.997079
v 2.506500 -0.400000 2.958897
v 2.506500 0.400000 2.958897
v 2.476734 -0.400000 2.991408
v 2.476734 0.400000 2.991408
v 2.445874 -0.400000 3.022731
v 2.445874 0.400000 3.022731
v 2.413827 -0.400000 3.052553
v 2.413827 0.400000 3.052553
v 2.380499 -0.400000 3.080564
v 2.380499 0.400000 3.080564
v 2.345796 -0.400000 3.106449
v 2.345796 0.400000 3.106449
v 2.309624 -0.400000 3.129897
v 2.309624 0.400000 3.129897
v 2.271890 -0.400000 3.150595
v 2.271890 0.400000 3.150595
v 2.232500 -0.400000 3.168231
v 2.232500 0.400000 3.168231
v 2.191359 -0.400000 3.182491
v 2.191359 0.400000 3.182491
v 2.148375 -0.400000 3.193064
v 2.148375 0.400000 3.193064
v 2.103453 -0.400000 3.199637
v 2.103453 0.400000 3.199637
v 2.056499 -0.400000 3.201897
v 2.056499 0.400000 3.201897
v 1.990355 -0.400000 3.197581
v 1.990355 0.400000 3.197581
v 1.928597 -0.400000 3.184870
v 1.928597 0.400000 3.184870
v 1.871484 -0.400000 3.164116
v 1.871484 0.400000 3.164116
v 1.819277 -0.400000 3.135675
v 1.819277 0.400000 3.135675
v 1.772237 -0.400000 3.099901
v 1.772237 0.400000 3.099901
v 1.730625 -0.400000 3.057147
v 1.730625 0.400000 3.057147
v 1.694699 -0.400000 3.007769
v 1.694699 0.400000 3.007769
v 1.664722 -0.400000 2.952119
v 1.664722 0.400000 2.952119
v 1.640953 -0.400000 2.890553
v 1.640953 0.400000 2.890553
v 1.623652 -0.400000 2.823425
v 1.623652 0.400000 2.823425
v 1.613081 -0.400000 2.751088
v 1.613081 0.400000 2.751088
v 1.609500 -0.400000 2.673897
v 1.609500 0.400000 2.673897
v 1.609500 -0.400000 1.827897
v 1.609500 0.400000 1.827897
v 1.876500 -0.400000 1.827897
v 1.876500 0.400000 1.827897
v 1.876500 -0.400000 2.661897
v 1.876500 0.400000 2.661897
v 1.879067 -0.400000 2.710949
v 1.879067 0.400000 2.710949
v 1.886541 -0.400000 2.756064
v 1.886541 0.400000 2.756064
v 1.898578 -0.400000 2.797179
v 1.898578 0.400000 2.797179
v 1.914833 -0.400000 2.834231
v 1.914833 0.400000 2.834231
v 1.934963 -0.400000 2.867158
v 1.934963 0.400000 2.867158
v 1.958624 -0.400000 2.895897
v 1.958624 0.400000 2.895897
v 1.985473 -0.400000 2.920387
v 1.985473 0.400000 2.920387
v 2.015166 -0.400000 2.940564
v 2.015166 0.400000 2.940564
v 2.047359 -0.400000 2.956366
v 2.047359 0.400000 2.956366
v 2.081708 -0.400000 2.967731
v 2.081708 0.400000 2.967731
v 2.117869 -0.400000 2.974595
v 2.117869 0.400000 2.974595
v 2.155499 -0.400000 2.976897
v 2.155499 0.400000 2.976897
v 2.177845 -0.400000 2.976053
v 2.177845 0.400000 2.976053
v 2.201263 -0.400000 2.972147
v 2.201263 0.400000 2.972147
v 2.225578 -0.400000 2.965366
v 2.225578 0.400000 2.965366
v 2.250611 -0.400000 2.955897
v 2.250611 0.400000 2.955897
v 2.276185 -0.400000 2.943928
v 2.276185 0.400000 2.943928
v 2.302125 -0.400000 2.929647
v 2.302125 0.400000 2.929647
v 2.328251 -0.400000 2.913241
v 2.328251 0.400000 2.913241
v 2.354388 -0.400000 2.894897
v 2.354388 0.400000 2.894897
v 2.380359 -0.400000 2.874804
v 2.380359 0.400000 2.874804
v 2.405986 -0.400000 2.853147
v 2.405986 0.400000 2.853147
v 2.431092 -0.400000 2.830116
v 2.431092 0.400000 2.830116
v 2.455500 -0.400000 2.805897
v 2.455500 0.400000 2.805897
v 2.455500 -0.400000 1.827897
v 2.455500 0.400000 1.827897
v 2.722500 -0.400000 1.827897
v 2.722500 0.400000 1.827897
v 2.722500 -0.400000 2.664897
v 2.722500 0.400000 2.664897
v 2.724760 -0.400000 2.717041
v 2.724760 0.400000 2.717041
v 2.731333 -0.400000 2.764050
v 2.731333 0.400000 2.764050
v 2.741906 -0.400000 2.806038
v 2.741906 0.400000 2.806038
v 2.756166 -0.400000 2.843119
v 2.756166 0.400000 2.843119
v 2.773801 -0.400000 2.875409
v 2.773801 0.400000 2.875409
v 2.794499 -0.400000 2.903022
v 2.794499 0.400000 2.903022
v 2.817947 -0.400000 2.926073
v 2.817947 0.400000 2.926073
v 2.843833 -0.400000 2.944675
v 2.843833 0.400000 2.944675
v 2.871843 -0.400000 2.958944
v 2.871843 0.400000 2.958944
v 2.901666 -0.400000 2.968994
v 2.901666 0.400000 2.968994
v 2.932989 -0.400000 2.974941
v 2.932989 0.400000 2.974941
v 2.965500 -0.400000 2.976897
v 2.965500 0.400000 2.976897
v 2.998350 -0.400000 2.975996
v 2.998350 0.400000 2.975996
v 3.029555 -0.400000 2.973189
v 3.029555 0.400000 2.973189
v 3.059343 -0.400000 2.968319
v 3.059343 0.400000 2.968319
v 3.087944 -0.400000 2.961231
v 3.087944 0.400000 2.961231
v 3.115586 -0.400000 2.951767
v 3.115586 0.400000 2.951767
v 3.142500 -0.400000 2.939772
v 3.142500 0.400000 2.939772
v 3.168913 -0.400000 2.925090
v 3.168913 0.400000 2.925090
v 3.195055 -0.400000 2.907564
v 3.195055 0.400000 2.907564
v 3.221156 -0.400000 2.887038
v 3.221156 0.400000 2.887038
v 3.247444 -0.400000 2.863355
v 3.247444 0.400000 2.863355
v 3.274149 -0.400000 2.836361
v 3.274149 0.400000 2.836361
v 3.301500 -0.400000 2.805897
v 3.301500 0.400000 2.805897
v 3.301500 -0.400000 1.827897
v 3.301500 0.400000 1.827897
v 3.568500 -0.400000 1.827897
v 3.568500 0.400000 1.827897
v 3.568500 -0.400000 3.174897
v 3.568500 0.400000 3.174897
v 3.301500 -0.400000 3.174897
v 3.301500 0.400000 3.174897
v 0.158743 -0.400000 1.934081
v 0.158743 0.400000 1.934081
v 0.198694 -0.400000 1.910619
v 0.198694 0.400000 1.910619
v 0.238687 -0.400000 1.889491
v 0.238687 0.400000 1.889491
v 0.279055 -0.400000 1.870675
v 0.279055 0.400000 1.870675
v 0.320131 -0.400000 1.854151
v 0.320131 0.400000 1.854151
v 0.362250 -0.400000 1.839897
v 0.362250 0.400000 1.839897
v 0.405743 -0.400000 1.827894
v 0.405743 0.400000 1.827894
v 0.450944 -0.400000 1.818119
v 0.450944 0.400000 1.818119
v 0.498187 -0.400000 1.810553
v 0.498187 0.400000 1.810553
v 0.547805 -0.400000 1.805175
v 0.547805 0.400000 1.805175
v 0.600132 -0.400000 1.801963
v 0.600132 0.400000 1.801963
v 0.655500 -0.400000 1.800897
v 0.655500 0.400000 1.800897
v 0.756597 -0.400000 1.807901
v 0.756597 0.400000 1.807901
v 0.849777 -0.400000 1.828175
v 0.849777 0.400000 1.828175
v 0.934874 -0.400000 1.860616
v 0.934874 0.400000 1.860616
v 1.011722 -0.400000 1.904119
v 1.011722 0.400000 1.904119
v 1.080152 -0.400000 1.957581
v 1.080152 0.400000 1.957581
v 1.140000 -0.400000 2.019897
v 1.140000 0.400000 2.019897
v 1.191097 -0.400000 2.089963
v 1.191097 0.400000 2.089963
v 1.233277 -0.400000 2.166675
v 1.233277 0.400000 2.166675
v 1.266374 -0.400000 2.248928
v 1.266374 0.400000 2.248928
v 1.290222 -0.400000 2.335619
v 1.290222 0.400000 2.335619
v 1.304652 -0.400000 2.425644
v 1.304652 0.400000 2.425644
v 1.309500 -0.400000 2.517897
v 1.309500 0.400000 2.517897
v 1.304208 -0.400000 2.617064
v 1.304208 0.400000 2.617064
v 1.288666 -0.400000 2.710231
v 1.288666 0.400000 2.710231
v 1.263375 -0.400000 2.796897
v 1.263375 0.400000 2.796897
v 1.228833 -0.400000 2.876564
v 1.228833 0.400000 2.876564
v 1.185541 -0.400000 2.948730
v 1.185541 0.400000 2.948730
v 1.134000 -0.400000 3.012897
v 1.134000 0.400000 3.012897
v 1.074708 -0.400000 3.068564
v 1.074708 0.400000 3.068564
v 1.008166 -0.400000 3.115231
v 1.008166 0.400000 3.115231
v 0.934874 -0.400000 3.152397
v 0.934874 0.400000 3.152397
v 0.855333 -0.400000 3.179564
v 0.855333 0.400000 3.179564
v 0.770041 -0.400000 3.196231
v 0.770041 0.400000 3.196231
v 0.679500 -0.400000 3.201897
v 0.679500 0.400000 3.201897
v 0.592994 -0.400000 3.196828
v 0.592994 0.400000 3.196828
v 0.512208 -0.400000 3.181592
v 0.512208 0.400000 3.181592
v 0.437484 -0.400000 3.156147
v 0.437484 0.400000 3.156147
v 0.369166 -0.400000 3.120453
v 0.369166 0.400000 3.120453
v 0.307598 -0.400000 3.074467
v 0.307598 0.400000 3.074467
v 0.253124 -0.400000 3.018147
v 0.253124 0.400000 3.018147
v 0.206088 -0.400000 2.951453
v 0.206088 0.400000 2.951453
v 0.166833 -0.400000 2.874342
v 0.166833 0.400000 2.874342
v 0.135703 -0.400000 2.786772
v 0.135703 0.400000 2.786772
v 0.113041 -0.400000 2.688703
v 0.113041 0.400000 2.688703
v 0.099192 -0.400000 2.580091
v 0.099192 0.400000 2.580091
v 0.094499 -0.400000 2.460897
v 0.094499 0.400000 2.460897
v 1.042500 -0.400000 2.460897
v 1.042500 0.400000 2.460897
v 1.029691 -0.400000 2.396840
v 1.029691 0.400000 2.396840
v 1.012277 -0.400000 2.338189
v 1.012277 0.400000 2.338189
v 0.990281 -0.400000 2.284975
v 0.990281 0.400000 2.284975
v 0.963722 -0.400000 2.237231
v 0.963722 0.400000 2.237231
v 0.932621 -0.400000 2.194986
v 0.932621 0.400000 2.194986
v 0.897000 -0.400000 2.158272
v 0.897000 0.400000 2.158272
v 0.856878 -0.400000 2.127121
v 0.856878 0.400000 2.127121
v 0.812277 -0.400000 2.101564
v 0.812277 0.400000 2.101564
v 0.763218 -0.400000 2.081632
v 0.763218 0.400000 2.081632
v 0.709722 -0.400000 2.067355
v 0.709722 0.400000 2.067355
v 0.651809 -0.400000 2.058767
v 0.651809 0.400000 2.058767
v 0.589499 -0.400000 2.055897
v 0.589499 0.400000 2.055897
v 0.549180 -0.400000 2.057137
v 0.549180 0.400000 2.057137
v 0.509194 -0.400000 2.060814
v 0.509194 0.400000 2.060814
v 0.469499 -0.400000 2.066866
v 0.469499 0.400000 2.066866
v 0.430055 -0.400000 2.075231
v 0.430055 0.400000 2.075231
v 0.390819 -0.400000 2.085845
v 0.390819 0.400000 2.085845
v 0.351750 -0.400000 2.098647
v 0.351750 0.400000 2.098647
v 0.312805 -0.400000 2.113574
v 0.312805 0.400000 2.113574
v 0.273944 -0.400000 2.130564
v 0.273944 0.400000 2.130564
v 0.235124 -0.400000 2.149553
v 0.235124 0.400000 2.149553
v 0.196305 -0.400000 2.170480
v 0.196305 0.400000 2.170480
v 0.157444 -0.400000 2.193283
v 0.157444 0.400000 2.193283
v 0.118499 -0.400000 2.217897
v 0.118499 0.400000 2.217897
v 0.118499 -0.400000 1.959897
v 0.118499 0.400000 1.959897
v 0.362979 -0.400000 2.687303
v 0.362979 0.400000 2.687303
v 0.371833 -0.400000 2.733397
v 0.371833 0.400000 2.733397
v 0.384937 -0.400000 2.775991
v 0.384937 0.400000 2.775991
v 0.402166 -0.400000 2.814897
v 0.402166 0.400000 2.814897
v 0.423395 -0.400000 2.849928
v 0.423395 0.400000 2.849928
v 0.448499 -0.400000 2.880897
v 0.448499 0.400000 2.880897
v 0.477354 -0.400000 2.907616
v 0.477354 0.400000 2.907616
v 0.509833 -0.400000 2.929897
v 0.509833 0.400000 2.929897
v 0.545812 -0.400000 2.947553
v 0.545812 0.400000 2.947553
v 0.585166 -0.400000 2.960397
v 0.585166 0.400000 2.960397
v 0.627770 -0.400000 2.968241
v 0.627770 0.400000 2.968241
v 0.673499 -0.400000 2.970897
v 0.673499 0.400000 2.970897
v 0.722808 -0.400000 2.968413
v 0.722808 0.400000 2.968413
v 0.768722 -0.400000 2.961022
v 0.768722 0.400000 2.961022
v 0.811218 -0.400000 2.948819
v 0.811218 0.400000 2.948819
v 0.850277 -0.400000 2.931897
v 0.850277 0.400000 2.931897
v 0.885878 -0.400000 2.910350
v 0.885878 0.400000 2.910350
v 0.917999 -0.400000 2.884272
v 0.917999 0.400000 2.884272
v 0.946621 -0.400000 2.853757
v 0.946621 0.400000 2.853757
v 0.971722 -0.400000 2.818897
v 0.971722 0.400000 2.818897
v 0.993281 -0.400000 2.779788
v 0.993281 0.400000 2.779788
v 1.011277 -0.400000 2.736522
v 1.011277 0.400000 2.736522
v 1.025691 -0.400000 2.689194
v 1.025691 0.400000 2.689194
v 1.036500 -0.400000 2.637897
v 1.036500 0.400000 2.637897
v 0.358499 -0.400000 2.637897
v 0.358499 0.400000 2.637897
v -2.234961 -0.400000 3.891123
v -2.234961 0.400000 3.891123
v -2.387431 -0.400000 3.862703
v -2.387431 0.400000 3.862703
v -2.528297 -0.400000 3.816991
v -2.528297 0.400000 3.816991
v -2.656945 -0.400000 3.755342
v -2.656945 0.400000 3.755342
v -2.772759 -0.400000 3.679109
v -2.772759 0.400000 3.679109
v -2.875126 -0.400000 3.589647
v -2.875126 0.400000 3.589647
v -2.963429 -0.400000 3.488310
v -2.963429 0.400000 3.488310
v -3.037056 -0.400000 3.376453
v -3.037056 0.400000 3.376453
v -3.095392 -0.400000 3.255428
v -3.095392 0.400000 3.255428
v -3.137820 -0.400000 3.126592
v -3.137820 0.400000 3.126592
v -3.163728 -0.400000 2.991297
v -3.163728 0.400000 2.991297
v -3.172501 -0.400000 2.850897
v -3.172501 0.400000 2.850897
v -3.163954 -0.400000 2.714279
v -3.163954 0.400000 2.714279
v -3.138626 -0.400000 2.581453
v -3.138626 0.400000 2.581453
v -3.096985 -0.400000 2.453960
v -3.096985 0.400000 2.453960
v -3.039501 -0.400000 2.333342
v -3.039501 0.400000 2.333342
v -2.966642 -0.400000 2.221140
v -2.966642 0.400000 2.221140
v -2.878876 -0.400000 2.118897
v -2.878876 0.400000 2.118897
v -2.776673 -0.400000 2.028154
v -2.776673 0.400000 2.028154
v -2.660501 -0.400000 1.950453
v -2.660501 0.400000 1.950453
v -2.530829 -0.400000 1.887335
v -2.530829 0.400000 1.887335
v -2.388126 -0.400000 1.840342
v -2.388126 0.400000 1.840342
v -2.232860 -0.400000 1.811015
v -2.232860 0.400000 1.811015
v -2.065501 -0.400000 1.800897
v -2.065501 0.400000 1.800897
v -1.903478 -0.400000 1.810958
v -1.903478 0.400000 1.810958
v -1.752320 -0.400000 1.840133
v -1.752320 0.400000 1.840133
v -1.612641 -0.400000 1.886913
v -1.612641 0.400000 1.886913
v -1.485056 -0.400000 1.949786
v -1.485056 0.400000 1.949786
v -1.370180 -0.400000 2.027243
v -1.370180 0.400000 2.027243
v -1.268626 -0.400000 2.117772
v -1.268626 0.400000 2.117772
v -1.181009 -0.400000 2.219864
v -1.181009 0.400000 2.219864
v -1.107945 -0.400000 2.332008
v -1.107945 0.400000 2.332008
v -1.050048 -0.400000 2.452694
v -1.050048 0.400000 2.452694
v -1.007931 -0.400000 2.580411
v -1.007931 0.400000 2.580411
v -0.982211 -0.400000 2.713649
v -0.982211 0.400000 2.713649
v -0.973501 -0.400000 2.850897
v -0.973501 0.400000 2.850897
v -0.982444 -0.400000 2.990666
v -0.982444 0.400000 2.990666
v -1.008793 -0.400000 3.125550
v -1.008793 0.400000 3.125550
v -1.051829 -0.400000 3.254163
v -1.051829 0.400000 3.254163
v -1.110834 -0.400000 3.375119
v -1.110834 0.400000 3.375119
v -1.185089 -0.400000 3.487034
v -1.185089 0.400000 3.487034
v -1.273876 -0.400000 3.588522
v -1.273876 0.400000 3.588522
v -1.376475 -0.400000 3.678198
v -1.376475 0.400000 3.678198
v -1.492167 -0.400000 3.754675
v -1.492167 0.400000 3.754675
v -1.620235 -0.400000 3.816569
v -1.620235 0.400000 3.816569
v -1.759959 -0.400000 3.862494
v -1.759959 0.400000 3.862494
v -1.910621 -0.400000 3.891066
v -1.910621 0.400000 3.891066
v -2.071501 -0.400000 3.900897
v -2.071501 0.400000 3.900897
v -2.183624 -0.400000 2.077708
v -2.183624 0.400000 2.077708
v -2.289987 -0.400000 2.097633
v -2.289987 0.400000 2.097633
v -2.389829 -0.400000 2.129913
v -2.389829 0.400000 2.129913
v -2.482390 -0.400000 2.173786
v -2.482390 0.400000 2.173786
v -2.566909 -0.400000 2.228493
v -2.566909 0.400000 2.228493
v -2.642626 -0.400000 2.293272
v -2.642626 0.400000 2.293272
v -2.708780 -0.400000 2.367364
v -2.708780 0.400000 2.367364
v -2.764612 -0.400000 2.450008
v -2.764612 0.400000 2.450008
v -2.809360 -0.400000 2.540444
v -2.809360 0.400000 2.540444
v -2.842265 -0.400000 2.637911
v -2.842265 0.400000 2.637911
v -2.862565 -0.400000 2.741649
v -2.862565 0.400000 2.741649
v -2.869501 -0.400000 2.850897
v -2.869501 0.400000 2.850897
v -2.862565 -0.400000 2.960776
v -2.862565 0.400000 2.960776
v -2.842264 -0.400000 3.064925
v -2.842264 0.400000 3.064925
v -2.809360 -0.400000 3.162616
v -2.809360 0.400000 3.162616
v -2.764612 -0.400000 3.253119
v -2.764612 0.400000 3.253119
v -2.708780 -0.400000 3.335706
v -2.708780 0.400000 3.335706
v -2.642626 -0.400000 3.409647
v -2.642626 0.400000 3.409647
v -2.566909 -0.400000 3.474213
v -2.566909 0.400000 3.474213
v -2.482390 -0.400000 3.528675
v -2.482390 0.400000 3.528675
v -2.389829 -0.400000 3.572303
v -2.389829 0.400000 3.572303
v -2.289987 -0.400000 3.604369
v -2.289987 0.400000 3.604369
v -2.183624 -0.400000 3.624144
v -2.183624 0.400000 3.624144
v -2.071501 -0.400000 3.630897
v -2.071501 0.400000 3.630897
v -1.960067 -0.400000 3.624144
v -1.960067 0.400000 3.624144
v -1.854279 -0.400000 3.604370
v -1.854279 0.400000 3.604370
v -1.754907 -0.400000 3.572304
v -1.754907 0.400000 3.572304
v -1.662723 -0.400000 3.528675
v -1.662723 0.400000 3.528675
v -1.578497 -0.400000 3.474213
v -1.578497 0.400000 3.474213
v -1.503001 -0.400000 3.409647
v -1.503001 0.400000 3.409647
v -1.437004 -0.400000 3.335706
v -1.437004 0.400000 3.335706
v -1.381279 -0.400000 3.253119
v -1.381279 0.400000 3.253119
v -1.336595 -0.400000 3.162616
v -1.336595 0.400000 3.162616
v -1.303723 -0.400000 3.064925
v -1.303723 0.400000 3.064925
v -1.283435 -0.400000 2.960776
v -1.283435 0.400000 2.960776
v -1.276501 -0.400000 2.850897
v -1.276501 0.400000 2.850897
v -1.283435 -0.400000 2.741649
v -1.283435 0.400000 2.741649
v -1.303723 -0.400000 2.637911
v -1.303723 0.400000 2.637911
v -1.336595 -0.400000 2.540444
v -1.336595 0.400000 2.540444
v -1.381279 -0.400000 2.450008
v -1.381279 0.400000 2.450008
v -1.437004 -0.400000 2.367364
v -1.437004 0.400000 2.367364
v -1.503001 -0.400000 2.293272
v -1.503001 0.400000 2.293272
v -1.578498 -0.400000 2.228493
v -1.578498 0.400000 2.228493
v -1.662723 -0.400000 2.173786
v -1.662723 0.400000 2.173786
v -1.754907 -0.400000 2.129913
v -1.754907 0.400000 2.129913
v -1.854279 -0.400000 2.097633
v -1.854279 0.400000 2.097633
v -1.960067 -0.400000 2.077708
v -1.960067 0.400000 2.077708
v -2.071501 -0.400000 2.070897
v -2.071501 0.400000 2.070897
v -3.607501 -0.400000 3.174897
v -3.607501 0.400000 3.174897
v -3.970500 -0.400000 2.346897
v -3.970500 0.400000 2.346897
v -4.324501 -0.400000 3.174897
v -4.324501 0.400000 3.174897
v -4.609501 -0.400000 3.174897
v -4.609501 0.400000 3.174897
v -4.015501 -0.400000 1.800897
v -4.015501 0.400000 1.800897
v -3.925500 -0.400000 1.800897
v -3.925500 0.400000 1.800897
v -3.316501 -0.400000 3.174897
v -3.316501 0.400000 3.174897
v -5.895257 -0.400000 1.934081
v -5.895257 0.400000 1.934081
v -5.855306 -0.400000 1.910619
v -5.855306 0.400000 1.910619
v -5.815313 -0.400000 1.889491
v -5.815313 0.400000 1.889491
v -5.774945 -0.400000 1.870675
v -5.774945 0.400000 1.870675
v -5.733869 -0.400000 1.854151
v -5.733869 0.400000 1.854151
v -5.691750 -0.400000 1.839897
v -5.691750 0.400000 1.839897
v -5.648257 -0.400000 1.827894
v -5.648257 0.400000 1.827894
v -5.603056 -0.400000 1.818119
v -5.603056 0.400000 1.818119
v -5.555813 -0.400000 1.810553
v -5.555813 0.400000 1.810553
v -5.506195 -0.400000 1.805175
v -5.506195 0.400000 1.805175
v -5.453869 -0.400000 1.801963
v -5.453869 0.400000 1.801963
v -5.398500 -0.400000 1.800897
v -5.398500 0.400000 1.800897
v -5.297404 -0.400000 1.807901
v -5.297404 0.400000 1.807901
v -5.204223 -0.400000 1.828175
v -5.204223 0.400000 1.828175
v -5.119126 -0.400000 1.860616
v -5.119126 0.400000 1.860616
v -5.042279 -0.400000 1.904119
v -5.042279 0.400000 1.904119
v -4.973848 -0.400000 1.957581
v -4.973848 0.400000 1.957581
v -4.914001 -0.400000 2.019897
v -4.914001 0.400000 2.019897
v -4.862904 -0.400000 2.089963
v -4.862904 0.400000 2.089963
v -4.820723 -0.400000 2.166675
v -4.820723 0.400000 2.166675
v -4.787626 -0.400000 2.248928
v -4.787626 0.400000 2.248928
v -4.763779 -0.400000 2.335619
v -4.763779 0.400000 2.335619
v -4.749348 -0.400000 2.425644
v -4.749348 0.400000 2.425644
v -4.744501 -0.400000 2.517897
v -4.744501 0.400000 2.517897
v -4.749792 -0.400000 2.617064
v -4.749792 0.400000 2.617064
v -4.765334 -0.400000 2.710231
v -4.765334 0.400000 2.710231
v -4.790626 -0.400000 2.796897
v -4.790626 0.400000 2.796897
v -4.825167 -0.400000 2.876564
v -4.825167 0.400000 2.876564
v -4.868459 -0.400000 2.948730
v -4.868459 0.400000 2.948730
v -4.920000 -0.400000 3.012897
v -4.920000 0.400000 3.012897
v -4.979292 -0.400000 3.068564
v -4.979292 0.400000 3.068564
v -5.045834 -0.400000 3.115231
v -5.045834 0.400000 3.115231
v -5.119125 -0.400000 3.152397
v -5.119125 0.400000 3.152397
v -5.198667 -0.400000 3.179564
v -5.198667 0.400000 3.179564
v -5.283959 -0.400000 3.196231
v -5.283959 0.400000 3.196231
v -5.374501 -0.400000 3.201897
v -5.374501 0.400000 3.201897
v -5.461007 -0.400000 3.196828
v -5.461007 0.400000 3.196828
v -5.541793 -0.400000 3.181592
v -5.541793 0.400000 3.181592
v -5.616517 -0.400000 3.156147
v -5.616517 0.400000 3.156147
v -5.684834 -0.400000 3.120453
v -5.684834 0.400000 3.120453
v -5.746402 -0.400000 3.074467
v -5.746402 0.400000 3.074467
v -5.800876 -0.400000 3.018147
v -5.800876 0.400000 3.018147
v -5.847912 -0.400000 2.951453
v -5.847912 0.400000 2.951453
v -5.887167 -0.400000 2.874342
v -5.887167 0.400000 2.874342
v -5.918297 -0.400000 2.786772
v -5.918297 0.400000 2.786772
v -5.940959 -0.400000 2.688703
v -5.940959 0.400000 2.688703
v -5.954808 -0.400000 2.580091
v -5.954808 0.400000 2.580091
v -5.959500 -0.400000 2.460897
v -5.959500 0.400000 2.460897
v -5.011500 -0.400000 2.460897
v -5.011500 0.400000 2.460897
v -5.024309 -0.400000 2.396840
v -5.024309 0.400000 2.396840
v -5.041722 -0.400000 2.338189
v -5.041722 0.400000 2.338189
v -5.063719 -0.400000 2.284975
v -5.063719 0.400000 2.284975
v -5.090278 -0.400000 2.237231
v -5.090278 0.400000 2.237231
v -5.121379 -0.400000 2.194986
v -5.121379 0.400000 2.194986
v -5.157001 -0.400000 2.158272
v -5.157001 0.400000 2.158272
v -5.197122 -0.400000 2.127121
v -5.197122 0.400000 2.127121
v -5.241723 -0.400000 2.101564
v -5.241723 0.400000 2.101564
v -5.290782 -0.400000 2.081632
v -5.290782 0.400000 2.081632
v -5.344278 -0.400000 2.067355
v -5.344278 0.400000 2.067355
v -5.402191 -0.400000 2.058767
v -5.402191 0.400000 2.058767
v -5.464500 -0.400000 2.055897
v -5.464500 0.400000 2.055897
v -5.504820 -0.400000 2.057137
v -5.504820 0.400000 2.057137
v -5.544806 -0.400000 2.060814
v -5.544806 0.400000 2.060814
v -5.584501 -0.400000 2.066866
v -5.584501 0.400000 2.066866
v -5.623945 -0.400000 2.075231
v -5.623945 0.400000 2.075231
v -5.663181 -0.400000 2.085845
v -5.663181 0.400000 2.085845
v -5.702251 -0.400000 2.098647
v -5.702251 0.400000 2.098647
v -5.741196 -0.400000 2.113574
v -5.741196 0.400000 2.113574
v -5.780056 -0.400000 2.130564
v -5.780056 0.400000 2.130564
v -5.818876 -0.400000 2.149553
v -5.818876 0.400000 2.149553
v -5.857695 -0.400000 2.170480
v -5.857695 0.400000 2.170480
v -5.896556 -0.400000 2.193283
v -5.896556 0.400000 2.193283
v -5.935500 -0.400000 2.217897
v -5.935500 0.400000 2.217897
v -5.935500 -0.400000 1.959897
v -5.935500 0.400000 1.959897
v -5.691021 -0.400000 2.687303
v -5.691021 0.400000 2.687303
v -5.682167 -0.400000 2.733397
v -5.682167 0.400000 2.733397
v -5.669063 -0.400000 2.775991
v -5.669063 0.400000 2.775991
v -5.651834 -0.400000 2.814897
v -5.651834 0.400000 2.814897
v -5.630604 -0.400000 2.849928
v -5.630604 0.400000 2.849928
v -5.605500 -0.400000 2.880897
v -5.605500 0.400000 2.880897
v -5.576646 -0.400000 2.907616
v -5.576646 0.400000 2.907616
v -5.544167 -0.400000 2.929897
v -5.544167 0.400000 2.929897
v -5.508188 -0.400000 2.947553
v -5.508188 0.400000 2.947553
v -5.468834 -0.400000 2.960397
v -5.468834 0.400000 2.960397
v -5.426229 -0.400000 2.968241
v -5.426229 0.400000 2.968241
v -5.380501 -0.400000 2.970897
v -5.380501 0.400000 2.970897
v -5.331192 -0.400000 2.968413
v -5.331192 0.400000 2.968413
v -5.285278 -0.400000 2.961022
v -5.285278 0.400000 2.961022
v -5.242782 -0.400000 2.948819
v -5.242782 0.400000 2.948819
v -5.203722 -0.400000 2.931897
v -5.203722 0.400000 2.931897
v -5.168122 -0.400000 2.910350
v -5.168122 0.400000 2.910350
v -5.136001 -0.400000 2.884272
v -5.136001 0.400000 2.884272
v -5.107379 -0.400000 2.853757
v -5.107379 0.400000 2.853757
v -5.082278 -0.400000 2.818897
v -5.082278 0.400000 2.818897
v -5.060719 -0.400000 2.779788
v -5.060719 0.400000 2.779788
v -5.042723 -0.400000 2.736522
v -5.042723 0.400000 2.736522
v -5.028309 -0.400000 2.689194
v -5.028309 0.400000 2.689194
v -5.017500 -0.400000 2.637897
v -5.017500 0.400000 2.637897
v -5.695500 -0.400000 2.637897
v -5.695500 0.400000 2.637897
v -6.532500 -0.400000 2.865897
v -6.532500 0.400000 2.865897
v -6.538500 -0.400000 2.865897
v -6.538500 0.400000 2.865897
v -6.572128 -0.400000 2.922295
v -6.572128 0.400000 2.922295
v -6.605515 -0.400000 2.973078
v -6.605515 0.400000 2.973078
v -6.638673 -0.400000 3.018382
v -6.638673 0.400000 3.018382
v -6.671612 -0.400000 3.058342
v -6.671612 0.400000 3.058342
v -6.704342 -0.400000 3.093093
v -6.704342 0.400000 3.093093
v -6.736875 -0.400000 3.122772
v -6.736875 0.400000 3.122772
v -6.769220 -0.400000 3.147514
v -6.769220 0.400000 3.147514
v -6.801389 -0.400000 3.167453
v -6.801389 0.400000 3.167453
v -6.833391 -0.400000 3.182725
v -6.833391 0.400000 3.182725
v -6.865236 -0.400000 3.193467
v -6.865236 0.400000 3.193467
v -6.896935 -0.400000 3.199812
v -6.896935 0.400000 3.199812
v -6.928500 -0.400000 3.201897
v -6.928500 0.400000 3.201897
v -6.955385 -0.400000 3.200833
v -6.955385 0.400000 3.200833
v -6.982070 -0.400000 3.197633
v -6.982070 0.400000 3.197633
v -7.008611 -0.400000 3.192288
v -7.008611 0.400000 3.192288
v -7.035057 -0.400000 3.184786
v -7.035057 0.400000 3.184786
v -7.061461 -0.400000 3.175118
v -7.061461 0.400000 3.175118
v -7.087876 -0.400000 3.163272
v -7.087876 0.400000 3.163272
v -7.114353 -0.400000 3.149239
v -7.114353 0.400000 3.149239
v -7.140945 -0.400000 3.133008
v -7.140945 0.400000 3.133008
v -7.167704 -0.400000 3.114569
v -7.167704 0.400000 3.114569
v -7.194681 -0.400000 3.093911
v -7.194681 0.400000 3.093911
v -7.221930 -0.400000 3.071024
v -7.221930 0.400000 3.071024
v -7.249500 -0.400000 3.045897
v -7.249500 0.400000 3.045897
v -7.108500 -0.400000 2.814897
v -7.108500 0.400000 2.814897
v -7.087788 -0.400000 2.833880
v -7.087788 0.400000 2.833880
v -7.066305 -0.400000 2.851758
v -7.066305 0.400000 2.851758
v -7.044281 -0.400000 2.868428
v -7.044281 0.400000 2.868428
v -7.021945 -0.400000 2.883786
v -7.021945 0.400000 2.883786
v -6.999524 -0.400000 2.897727
v -6.999524 0.400000 2.897727
v -6.977250 -0.400000 2.910147
v -6.977250 0.400000 2.910147
v -6.955351 -0.400000 2.920942
v -6.955351 0.400000 2.920942
v -6.934055 -0.400000 2.930008
v -6.934055 0.400000 2.930008
v -6.913593 -0.400000 2.937241
v -6.913593 0.400000 2.937241
v -6.894194 -0.400000 2.942536
v -6.894194 0.400000 2.942536
v -6.876087 -0.400000 2.945790
v -6.876087 0.400000 2.945790
v -6.859500 -0.400000 2.946897
v -6.859500 0.400000 2.946897
v -6.814623 -0.400000 2.943163
v -6.814623 0.400000 2.943163
v -6.771736 -0.400000 2.932272
v -6.771736 0.400000 2.932272
v -6.731203 -0.400000 2.914694
v -6.731203 0.400000 2.914694
v -6.693389 -0.400000 2.890897
v -6.693389 0.400000 2.890897
v -6.658658 -0.400000 2.861350
v -6.658658 0.400000 2.861350
v -6.627375 -0.400000 2.826522
v -6.627375 0.400000 2.826522
v -6.599904 -0.400000 2.786881
v -6.599904 0.400000 2.786881
v -6.576611 -0.400000 2.742897
v -6.576611 0.400000 2.742897
v -6.557858 -0.400000 2.695038
v -6.557858 0.400000 2.695038
v -6.544014 -0.400000 2.643772
v -6.544014 0.400000 2.643772
v -6.535439 -0.400000 2.589569
v -6.535439 0.400000 2.589569
v -6.532500 -0.400000 2.532897
v -6.532500 0.400000 2.532897
v -6.532500 -0.400000 1.827897
v -6.532500 0.400000 1.827897
v -6.265500 -0.400000 1.827897
v -6.265500 0.400000 1.827897
v -6.265500 -0.400000 3.174897
v -6.265500 0.400000 3.174897
v -6.532500 -0.400000 3.174897
v -6.532500 0.400000 3.174897
vn -0.0000 1.0000 -0.0000
vn -0.0000 -1.0000 -0.0000
vn -0.3491 -0.0000 -0.9371
vn -0.3771 -0.0000 -0.9262
vn -0.3180 -0.0000 -0.9481
vn -0.2842 -0.0000 -0.9588
vn -0.2482 -0.0000 -0.9687
vn -0.2107 -0.0000 -0.9776
vn -0.1725 -0.0000 -0.9850
vn -0.1345 -0.0000 -0.9909
vn -0.0977 -0.0000 -0.9952
vn -0.0626 -0.0000 -0.9980
vn -0.0301 -0.0000 -0.9995
vn 0.0220 -0.0000 -0.9998
vn 0.1184 -0.0000 -0.9930
vn 0.2385 -0.0000 -0.9711
vn 0.3584 -0.0000 -0.9336
vn 0.4753 -0.0000 -0.8798
vn 0.5867 -0.0000 -0.8098
vn 0.6895 -0.0000 -0.7242
vn 0.7812 -0.0000 -0.6243
vn 0.8590 -0.0000 -0.5119
vn 0.9209 -0.0000 -0.3898
vn 0.9652 -0.0000 -0.2614
vn 0.9915 -0.0000 -0.1303
vn 1.0000 -0.0000 0.0006
vn 0.9913 -0.0000 0.1318
vn 0.9648 -0.0000 0.2630
vn 0.9208 -0.0000 0.3901
vn 0.8602 -0.0000 0.5100
vn 0.7845 -0.0000 0.6202
vn 0.6955 -0.0000 0.7186
vn 0.5951 -0.0000 0.8036
vn 0.4855 -0.0000 0.8742
vn 0.3688 -0.0000 0.9295
vn 0.2474 -0.0000 0.9689
vn 0.1236 -0.0000 0.9923
vn 0.0235 -0.0000 0.9997
vn -0.0308 -0.0000 0.9995
vn -0.0661 -0.0000 0.9978
vn -0.1056 -0.0000 0.9944
vn -0.1475 -0.0000 0.9891
vn -0.1899 -0.0000 0.9818
vn -0.2307 -0.0000 0.9730
vn -0.2683 -0.0000 0.9633
vn -0.3015 -0.0000 0.9535
vn -0.3299 -0.0000 0.9440
vn -0.3535 -0.0000 0.9355
vn -0.3724 -0.0000 0.9281
vn -0.8309 -0.0000 0.5565
vn -0.5168 -0.0000 -0.8561
vn 0.4493 -0.0000 -0.8934
vn 0.4153 -0.0000 -0.9097
vn 0.3798 -0.0000 -0.9251
vn 0.3429 -0.0000 -0.9394
vn 0.3798 -0.0000 -0.9250
vn 0.3044 -0.0000 -0.9525
vn 0.2645 -0.0000 -0.9644
vn 0.2232 -0.0000 -0.9748
vn 0.1806 -0.0000 -0.9835
vn 0.1369 -0.0000 -0.9906
vn 0.0921 -0.0000 -0.9958
vn 0.0464 -0.0000 -0.9989
vn -0.0201 -0.0000 -0.9998
vn -0.1277 -0.0000 -0.9918
vn -0.2547 -0.0000 -0.9670
vn -0.3780 -0.0000 -0.9258
vn -0.4954 -0.0000 -0.8687
vn -0.6044 -0.0000 -0.7967
vn -0.4953 -0.0000 -0.8687
vn -0.7034 -0.0000 -0.7108
vn -0.7905 -0.0000 -0.6125
vn -0.8642 -0.0000 -0.5031
vn -0.7905 -0.0000 -0.6124
vn -0.9231 -0.0000 -0.3846
vn -0.9658 -0.0000 -0.2593
vn -0.9915 -0.0000 -0.1301
vn -0.9658 -0.0000 -0.2594
vn -1.0000 -0.0000 -0.0009
vn -0.9918 -0.0000 0.1281
vn -0.9660 -0.0000 0.2586
vn -0.9216 -0.0000 0.3881
vn -0.8588 -0.0000 0.5123
vn -0.7790 -0.0000 0.6271
vn -0.6845 -0.0000 0.7290
vn -0.5788 -0.0000 0.8154
vn -0.4655 -0.0000 0.8851
vn -0.3480 -0.0000 0.9375
vn -0.2297 -0.0000 0.9733
vn -0.1131 -0.0000 0.9936
vn -0.0185 -0.0000 0.9998
vn 0.0368 -0.0000 0.9993
vn 0.0724 -0.0000 0.9974
vn 0.1062 -0.0000 0.9943
vn 0.1380 -0.0000 0.9904
vn 0.1676 -0.0000 0.9859
vn 0.1948 -0.0000 0.9809
vn 0.1675 -0.0000 0.9859
vn 0.2195 -0.0000 0.9756
vn 0.1947 -0.0000 0.9809
vn 0.2416 -0.0000 0.9704
vn 0.2611 -0.0000 0.9653
vn 0.2779 -0.0000 0.9606
vn 0.2921 -0.0000 0.9564
vn 0.8058 -0.0000 0.5922
vn 0.7071 -0.0000 -0.7071
vn 0.8058 -0.0000 0.5923
vn 0.7071 -0.0000 0.7071
vn -0.7071 -0.0000 0.7071
vn -0.8338 -0.0000 -0.5521
vn -0.5244 -0.0000 -0.8515
vn -0.5395 -0.0000 -0.8420
vn -0.5027 -0.0000 -0.8645
vn -0.4729 -0.0000 -0.8811
vn -0.4336 -0.0000 -0.9011
vn -0.3841 -0.0000 -0.9233
vn -0.3247 -0.0000 -0.9458
vn -0.2577 -0.0000 -0.9662
vn -0.1869 -0.0000 -0.9824
vn -0.1177 -0.0000 -0.9930
vn -0.1870 -0.0000 -0.9824
vn -0.0548 -0.0000 -0.9985
vn 0.0029 -0.0000 -1.0000
vn 0.0670 -0.0000 -0.9978
vn 0.1445 -0.0000 -0.9895
vn 0.2345 -0.0000 -0.9721
vn 0.3361 -0.0000 -0.9418
vn 0.2344 -0.0000 -0.9721
vn 0.4464 -0.0000 -0.8948
vn 0.5597 -0.0000 -0.8287
vn 0.4465 -0.0000 -0.8948
vn 0.6682 -0.0000 -0.7440
vn 0.7643 -0.0000 -0.6449
vn 0.8426 -0.0000 -0.5385
vn 0.9016 -0.0000 -0.4327
vn 0.9428 -0.0000 -0.3334
vn 0.9016 -0.0000 -0.4326
vn 0.3111 -0.0000 -0.9504
vn 0.9428 -0.0000 -0.3333
vn -0.5845 -0.0000 -0.8114
vn -0.5440 -0.0000 -0.8391
vn -0.5005 -0.0000 -0.8657
vn -0.4539 -0.0000 -0.8910
vn -0.4045 -0.0000 -0.9146
vn -0.3522 -0.0000 -0.9359
vn -0.2975 -0.0000 -0.9547
vn -0.2406 -0.0000 -0.9706
vn -0.1819 -0.0000 -0.9833
vn -0.1219 -0.0000 -0.9925
vn -0.0611 -0.0000 -0.9981
vn 0.0176 -0.0000 -0.9998
vn 0.1330 -0.0000 -0.9911
vn 0.2663 -0.0000 -0.9639
vn 0.3956 -0.0000 -0.9184
vn 0.5169 -0.0000 -0.8560
vn 0.6272 -0.0000 -0.7789
vn 0.7244 -0.0000 -0.6893
vn 0.8076 -0.0000 -0.5898
vn 0.8761 -0.0000 -0.4821
vn 0.9298 -0.0000 -0.3680
vn 0.9686 -0.0000 -0.2487
vn 0.9921 -0.0000 -0.1254
vn 1.0000 -0.0000 0.0074
vn 0.9921 -0.0000 -0.1255
vn 0.9868 -0.0000 0.1617
vn 0.9441 -0.0000 0.3297
vn 0.8721 -0.0000 0.4894
vn 0.7800 -0.0000 0.6258
vn 0.6815 -0.0000 0.7318
vn 0.5887 -0.0000 0.8084
vn 0.5086 -0.0000 0.8610
vn 0.4442 -0.0000 0.8959
vn 0.3959 -0.0000 0.9183
vn 0.3631 -0.0000 0.9318
vn 0.3452 -0.0000 0.9385
vn 0.3370 -0.0000 0.9415
vn 0.8167 -0.0000 0.5770
vn 0.9998 -0.0000 -0.0211
vn 0.9959 -0.0000 -0.0910
vn 0.9803 -0.0000 -0.1975
vn 0.9470 -0.0000 -0.3213
vn 0.8889 -0.0000 -0.4581
vn 0.8017 -0.0000 -0.5978
vn 0.6870 -0.0000 -0.7267
vn 0.5545 -0.0000 -0.8322
vn 0.4179 -0.0000 -0.9085
vn 0.2895 -0.0000 -0.9572
vn 0.1765 -0.0000 -0.9843
vn 0.0809 -0.0000 -0.9967
vn -0.0009 -0.0000 -1.0000
vn -0.0786 -0.0000 -0.9969
vn -0.1570 -0.0000 -0.9876
vn -0.2344 -0.0000 -0.9722
vn -0.3097 -0.0000 -0.9508
vn -0.2344 -0.0000 -0.9721
vn -0.3821 -0.0000 -0.9241
vn -0.4508 -0.0000 -0.8926
vn -0.5152 -0.0000 -0.8571
vn -0.5750 -0.0000 -0.8182
vn -0.6298 -0.0000 -0.7768
vn -0.6795 -0.0000 -0.7337
vn -0.6297 -0.0000 -0.7768
vn -0.7243 -0.0000 -0.6895
vn 0.3569 -0.0000 -0.9341
vn 0.9315 -0.0000 0.3638
vn 0.7084 -0.0000 0.7058
vn 0.6504 -0.0000 0.7596
vn 0.5872 -0.0000 0.8094
vn 0.5199 -0.0000 0.8542
vn 0.4500 -0.0000 0.8930
vn 0.3790 -0.0000 0.9254
vn 0.3085 -0.0000 0.9512
vn 0.2398 -0.0000 0.9708
vn 0.1740 -0.0000 0.9847
vn 0.1120 -0.0000 0.9937
vn 0.0541 -0.0000 0.9985
vn -0.0085 -0.0000 1.0000
vn -0.0893 -0.0000 0.9960
vn -0.1859 -0.0000 0.9826
vn -0.2909 -0.0000 0.9568
vn -0.4034 -0.0000 0.9150
vn -0.5207 -0.0000 0.8538
vn -0.6378 -0.0000 0.7702
vn -0.7476 -0.0000 0.6642
vn -0.8423 -0.0000 0.5390
vn -0.9158 -0.0000 0.4017
vn -0.9653 -0.0000 0.2612
vn -0.9921 -0.0000 0.1258
vn -0.9995 -0.0000 0.0301
vn -0.9999 -0.0000 0.0155
vn -0.9978 -0.0000 0.0670
vn -0.9891 -0.0000 0.1471
vn -0.9698 -0.0000 0.2439
vn -0.9891 -0.0000 0.1470
vn -0.9337 -0.0000 0.3582
vn -0.9698 -0.0000 0.2438
vn -0.8733 -0.0000 0.4873
vn -0.9337 -0.0000 0.3581
vn -0.7825 -0.0000 0.6226
vn -0.8733 -0.0000 0.4872
vn -0.6611 -0.0000 0.7503
vn -0.5178 -0.0000 0.8555
vn -0.6612 -0.0000 0.7502
vn -0.3681 -0.0000 0.9298
vn -0.5179 -0.0000 0.8555
vn -0.2272 -0.0000 0.9738
vn -0.3682 -0.0000 0.9298
vn -0.1045 -0.0000 0.9945
vn -0.2273 -0.0000 0.9738
vn 0.0139 -0.0000 0.9999
vn 0.1353 -0.0000 0.9908
vn 0.2368 -0.0000 0.9716
vn 0.3115 -0.0000 0.9502
vn 0.3116 -0.0000 0.9502
vn 0.4145 -0.0000 0.9101
vn 0.3689 -0.0000 0.9295
vn 0.4521 -0.0000 0.8920
vn 0.4840 -0.0000 0.8750
vn 0.5119 -0.0000 0.8591
vn 0.4840 -0.0000 0.8751
vn 0.5367 -0.0000 0.8438
vn 0.5593 -0.0000 0.8290
vn 0.5802 -0.0000 0.8145
vn -0.4526 -0.0000 0.8917
vn -0.8791 -0.0000 -0.4767
vn -0.3536 -0.0000 -0.9354
vn -0.3352 -0.0000 -0.9422
vn -0.3812 -0.0000 -0.9245
vn -0.4196 -0.0000 -0.9077
vn -0.4705 -0.0000 -0.8824
vn -0.5358 -0.0000 -0.8443
vn -0.6169 -0.0000 -0.7870
vn -0.7126 -0.0000 -0.7016
vn -0.8158 -0.0000 -0.5784
vn -0.9110 -0.0000 -0.4124
vn -0.9772 -0.0000 -0.2122
vn -0.9998 -0.0000 -0.0220
vn -0.9922 -0.0000 0.1244
vn -0.9680 -0.0000 0.2510
vn -0.9262 -0.0000 0.3771
vn -0.8667 -0.0000 0.4988
vn -0.7905 -0.0000 0.6125
vn -0.6993 -0.0000 0.7148
vn -0.5957 -0.0000 0.8032
vn -0.4827 -0.0000 0.8758
vn -0.3635 -0.0000 0.9316
vn -0.2415 -0.0000 0.9704
vn -0.1196 -0.0000 0.9928
vn -0.0087 -0.0000 1.0000
vn 0.0825 -0.0000 0.9966
vn 0.1630 -0.0000 0.9866
vn 0.2399 -0.0000 0.9708
vn 0.3121 -0.0000 0.9501
vn 0.3788 -0.0000 0.9255
vn 0.4397 -0.0000 0.8981
vn 0.4947 -0.0000 0.8691
vn 0.5439 -0.0000 0.8391
vn 0.5878 -0.0000 0.8090
vn 0.6267 -0.0000 0.7792
vn 0.6611 -0.0000 0.7503
vn 0.6267 -0.0000 0.7793
vn 0.9157 -0.0000 0.4018
vn 0.5796 -0.0000 -0.8149
vn 0.6779 -0.0000 0.7351
vn -0.3917 -0.0000 0.9201
vn 0.6448 -0.0000 0.7643
vn 0.6070 -0.0000 0.7947
vn 0.5637 -0.0000 0.8260
vn 0.5145 -0.0000 0.8575
vn 0.4588 -0.0000 0.8885
vn 0.3965 -0.0000 0.9180
vn 0.3274 -0.0000 0.9449
vn 0.2521 -0.0000 0.9677
vn 0.1714 -0.0000 0.9852
vn 0.0868 -0.0000 0.9962
vn 0.0011 -0.0000 1.0000
vn -0.0842 -0.0000 0.9965
vn -0.1708 -0.0000 0.9853
vn -0.2590 -0.0000 0.9659
vn -0.3471 -0.0000 0.9378
vn -0.4333 -0.0000 0.9012
vn -0.5158 -0.0000 0.8567
vn -0.4333 -0.0000 0.9013
vn -0.5930 -0.0000 0.8052
vn -0.6636 -0.0000 0.7481
vn -0.7268 -0.0000 0.6868
vn -0.7822 -0.0000 0.6230
vn -0.8299 -0.0000 0.5580
vn -0.0942 -0.0000 0.9956
vn 0.7251 -0.0000 0.6887
vn 0.6970 -0.0000 0.7171
vn 0.6625 -0.0000 0.7490
vn 0.6209 -0.0000 0.7839
vn 0.5712 -0.0000 0.8208
vn 0.5128 -0.0000 0.8585
vn 0.4451 -0.0000 0.8955
vn 0.3684 -0.0000 0.9297
vn 0.2835 -0.0000 0.9590
vn 0.1920 -0.0000 0.9814
vn 0.0965 -0.0000 0.9953
vn -0.1337 -0.0000 0.9910
vn -0.2723 -0.0000 0.9622
vn -0.4111 -0.0000 0.9116
vn -0.5434 -0.0000 0.8395
vn -0.6628 -0.0000 0.7488
vn -0.7646 -0.0000 0.6445
vn -0.8464 -0.0000 0.5325
vn -0.9084 -0.0000 0.4180
vn -0.9522 -0.0000 0.3054
vn -0.9803 -0.0000 0.1974
vn -0.9954 -0.0000 0.0956
vn -0.9997 -0.0000 0.0232
vn -0.7071 -0.0000 -0.7071
vn 0.9997 -0.0000 -0.0261
vn 0.9941 -0.0000 -0.1080
vn 0.9749 -0.0000 -0.2226
vn 0.9397 -0.0000 -0.3421
vn 0.8865 -0.0000 -0.4627
vn 0.8146 -0.0000 -0.5800
vn 0.7248 -0.0000 -0.6890
vn 0.6195 -0.0000 -0.7850
vn 0.5026 -0.0000 -0.8645
vn 0.3783 -0.0000 -0.9257
vn 0.2509 -0.0000 -0.9680
vn 0.1240 -0.0000 -0.9923
vn 0.0117 -0.0000 -0.9999
vn -0.1013 -0.0000 -0.9949
vn -0.2169 -0.0000 -0.9762
vn -0.3115 -0.0000 -0.9502
vn -0.3891 -0.0000 -0.9212
vn -0.4533 -0.0000 -0.8913
vn -0.5073 -0.0000 -0.8618
vn -0.5533 -0.0000 -0.8330
vn -0.5934 -0.0000 -0.8049
vn -0.6288 -0.0000 -0.7775
vn -0.6609 -0.0000 -0.7505
vn -0.6903 -0.0000 -0.7235
vn -0.9231 -0.0000 -0.3845
vn 0.9998 -0.0000 -0.0217
vn 0.9815 -0.0000 -0.1916
vn 0.9533 -0.0000 -0.3021
vn 0.9075 -0.0000 -0.4201
vn 0.8411 -0.0000 -0.5409
vn 0.7527 -0.0000 -0.6583
vn 0.6442 -0.0000 -0.7648
vn 0.5203 -0.0000 -0.8540
vn 0.3877 -0.0000 -0.9218
vn 0.5202 -0.0000 -0.8540
vn 0.2535 -0.0000 -0.9673
vn 0.1235 -0.0000 -0.9923
vn 0.0163 -0.0000 -0.9999
vn -0.0585 -0.0000 -0.9983
vn -0.1256 -0.0000 -0.9921
vn -0.2011 -0.0000 -0.9796
vn -0.2825 -0.0000 -0.9593
vn -0.3659 -0.0000 -0.9307
vn -0.4469 -0.0000 -0.8946
vn -0.5218 -0.0000 -0.8531
vn -0.5879 -0.0000 -0.8089
vn -0.6441 -0.0000 -0.7649
vn -0.6904 -0.0000 -0.7234
vn -0.7277 -0.0000 -0.6859
vn -0.9338 -0.0000 -0.3577
vn -0.4869 -0.0000 -0.8735
vn -0.5233 -0.0000 -0.8522
vn -0.4449 -0.0000 -0.8956
vn -0.3980 -0.0000 -0.9174
vn -0.3470 -0.0000 -0.9379
vn -0.2934 -0.0000 -0.9560
vn -0.2388 -0.0000 -0.9711
vn -0.1848 -0.0000 -0.9828
vn -0.1330 -0.0000 -0.9911
vn -0.0845 -0.0000 -0.9964
vn -0.0403 -0.0000 -0.9992
vn 0.0250 -0.0000 -0.9997
vn 0.1412 -0.0000 -0.9900
vn 0.2852 -0.0000 -0.9585
vn 0.4256 -0.0000 -0.9049
vn 0.5557 -0.0000 -0.8314
vn 0.6701 -0.0000 -0.7422
vn 0.7664 -0.0000 -0.6424
vn 0.8438 -0.0000 -0.5366
vn 0.9036 -0.0000 -0.4283
vn 0.9475 -0.0000 -0.3198
vn 0.9773 -0.0000 -0.2121
vn 0.9944 -0.0000 -0.1055
vn 1.0000 -0.0000 0.0004
vn 0.9940 -0.0000 0.1091
vn 0.9749 -0.0000 0.2227
vn 0.9406 -0.0000 0.3396
vn 0.8894 -0.0000 0.4571
vn 0.8205 -0.0000 0.5717
vn 0.7339 -0.0000 0.6793
vn 0.6309 -0.0000 0.7758
vn 0.3887 -0.0000 0.9214
vn 0.2581 -0.0000 0.9661
vn 0.1274 -0.0000 0.9919
vn 0.0020 -0.0000 1.0000
vn -0.1222 -0.0000 0.9925
vn -0.2545 -0.0000 0.9671
vn -0.3939 -0.0000 0.9192
vn -0.5325 -0.0000 0.8465
vn -0.6607 -0.0000 0.7506
vn -0.7703 -0.0000 0.6377
vn -0.8564 -0.0000 0.5163
vn -0.9186 -0.0000 0.3951
vn -0.9599 -0.0000 0.2805
vn -0.9844 -0.0000 0.1760
vn -0.9966 -0.0000 0.0830
vn -0.7209 -0.0000 -0.6931
vn -0.7733 -0.0000 -0.6340
vn -0.9706 -0.0000 0.2406
vn -0.9427 -0.0000 0.3338
vn -0.9005 -0.0000 0.4348
vn -0.8413 -0.0000 0.5406
vn -0.7633 -0.0000 0.6461
vn -0.6671 -0.0000 0.7449
vn -0.5566 -0.0000 0.8308
vn -0.4378 -0.0000 0.8991
vn -0.3177 -0.0000 0.9482
vn -0.2026 -0.0000 0.9793
vn -0.0965 -0.0000 0.9953
vn -0.0076 -0.0000 1.0000
vn 0.0612 -0.0000 0.9981
vn 0.1212 -0.0000 0.9926
vn 0.1792 -0.0000 0.9838
vn 0.2344 -0.0000 0.9721
vn 0.2864 -0.0000 0.9581
vn 0.3347 -0.0000 0.9423
vn 0.3793 -0.0000 0.9253
vn 0.4201 -0.0000 0.9075
vn 0.4571 -0.0000 0.8894
vn 0.4904 -0.0000 0.8715
vn 0.5202 -0.0000 0.8540
vn -0.4825 -0.0000 0.8759
vn -0.8775 -0.0000 -0.4796
vn 0.9704 -0.0000 -0.2417
vn 0.9902 -0.0000 -0.1396
vn 0.9367 -0.0000 -0.3501
vn 0.9703 -0.0000 -0.2417
vn 0.8866 -0.0000 -0.4625
vn 0.8179 -0.0000 -0.5753
vn 0.7300 -0.0000 -0.6835
vn 0.6242 -0.0000 -0.7812
vn 0.5044 -0.0000 -0.8634
vn 0.3763 -0.0000 -0.9265
vn 0.2462 -0.0000 -0.9692
vn 0.1198 -0.0000 -0.9928
vn 0.0038 -0.0000 -1.0000
vn -0.1048 -0.0000 -0.9945
vn -0.2179 -0.0000 -0.9760
vn -0.3375 -0.0000 -0.9413
vn -0.4587 -0.0000 -0.8886
vn -0.5754 -0.0000 -0.8179
vn -0.6814 -0.0000 -0.7319
vn -0.7721 -0.0000 -0.6356
vn -0.8452 -0.0000 -0.5345
vn -0.7721 -0.0000 -0.6355
vn -0.9009 -0.0000 -0.4341
vn -0.9411 -0.0000 -0.3381
vn -0.9685 -0.0000 -0.2490
vn -0.7766 -0.0000 0.6300
vn 0.7383 -0.0000 0.6744
vn -0.2465 -0.0000 0.9692
vn -0.1217 -0.0000 0.9926
vn -0.3712 -0.0000 0.9285
vn -0.4921 -0.0000 0.8705
vn -0.6053 -0.0000 0.7960
vn -0.7076 -0.0000 0.7066
vn -0.7964 -0.0000 0.6048
vn -0.8700 -0.0000 0.4931
vn -0.9273 -0.0000 0.3743
vn -0.9921 -0.0000 0.1255
vn -1.0000 -0.0000 -0.0000
vn -0.9921 -0.0000 -0.1251
vn -0.9684 -0.0000 -0.2494
vn -0.9286 -0.0000 -0.3711
vn -0.8726 -0.0000 -0.4885
vn -0.8005 -0.0000 -0.5993
vn -0.7130 -0.0000 -0.7012
vn -0.6114 -0.0000 -0.7913
vn -0.4980 -0.0000 -0.8672
vn -0.3761 -0.0000 -0.9266
vn -0.2497 -0.0000 -0.9683
vn -0.1232 -0.0000 -0.9924
vn 0.0008 -0.0000 -1.0000
vn 0.1260 -0.0000 -0.9920
vn 0.2541 -0.0000 -0.9672
vn 0.3807 -0.0000 -0.9247
vn 0.5017 -0.0000 -0.8650
vn 0.6136 -0.0000 -0.7896
vn 0.7137 -0.0000 -0.7004
vn 0.8001 -0.0000 -0.5999
vn 0.8716 -0.0000 -0.4902
vn 0.9276 -0.0000 -0.3736
vn 0.9678 -0.0000 -0.2519
vn 0.9919 -0.0000 -0.1267
vn 1.0000 -0.0000 0.0003
vn 0.9918 -0.0000 0.1281
vn 0.9669 -0.0000 0.2551
vn 0.9255 -0.0000 0.3787
vn 0.8679 -0.0000 0.4967
vn 0.7947 -0.0000 0.6070
vn 0.7069 -0.0000 0.7073
vn 0.6061 -0.0000 0.7954
vn 0.4944 -0.0000 0.8692
vn 0.3745 -0.0000 0.9272
vn 0.2498 -0.0000 0.9683
vn 0.1239 -0.0000 0.9923
vn 0.0007 -0.0000 1.0000
vn 0.2464 -0.0000 0.9692
vn 0.1226 -0.0000 0.9925
vn 0.3687 -0.0000 0.9295
vn 0.4869 -0.0000 0.8735
vn 0.5981 -0.0000 0.8015
vn 0.6996 -0.0000 0.7145
vn 0.7891 -0.0000 0.6143
vn 0.8644 -0.0000 0.5028
vn 0.9239 -0.0000 0.3825
vn 0.9665 -0.0000 0.2565
vn 0.9918 -0.0000 0.1280
vn 1.0000 -0.0000 0.0002
vn 0.9918 -0.0000 -0.1274
vn 0.9667 -0.0000 -0.2558
vn 0.9241 -0.0000 -0.3821
vn 0.8644 -0.0000 -0.5028
vn 0.7887 -0.0000 -0.6148
vn 0.6986 -0.0000 -0.7155
vn 0.5966 -0.0000 -0.8025
vn 0.4851 -0.0000 -0.8745
vn 0.3668 -0.0000 -0.9303
vn 0.2448 -0.0000 -0.9696
vn 0.1217 -0.0000 -0.9926
vn -0.0002 -0.0000 -1.0000
vn -0.1224 -0.0000 -0.9925
vn -0.2459 -0.0000 -0.9693
vn -0.3682 -0.0000 -0.9297
vn -0.4864 -0.0000 -0.8737
vn -0.5978 -0.0000 -0.8016
vn -0.6996 -0.0000 -0.7146
vn -0.7893 -0.0000 -0.6140
vn -0.8648 -0.0000 -0.5022
vn -0.9243 -0.0000 -0.3817
vn -0.9668 -0.0000 -0.2556
vn -0.9919 -0.0000 -0.1274
vn -1.0000 -0.0000 0.0002
vn -0.9918 -0.0000 0.1279
vn -0.9666 -0.0000 0.2563
vn -0.9241 -0.0000 0.3821
vn -0.8648 -0.0000 0.5022
vn -0.7897 -0.0000 0.6135
vn -0.7005 -0.0000 0.7136
vn -0.5993 -0.0000 0.8005
vn -0.4883 -0.0000 0.8727
vn -0.3701 -0.0000 0.9290
vn -0.2475 -0.0000 0.9689
vn -0.1233 -0.0000 0.9924
vn -0.0002 -0.0000 1.0000
vn 0.0045 -0.0000 1.0000
vn -0.5470 -0.0000 0.8371
vn 0.5509 -0.0000 0.8346
vn 0.0046 -0.0000 1.0000
vn -0.8357 -0.0000 0.5491
vn -0.5492 -0.0000 -0.8357
vn 0.5453 -0.0000 -0.8382
vn 0.8382 -0.0000 0.5453
vn 0.5203 -0.0000 0.8540
vn 0.5045 -0.0000 -0.8634
vn 0.4939 -0.0000 0.8695
vn 0.8475 -0.0000 0.5309
vn 0.8215 -0.0000 0.5702
vn 0.7896 -0.0000 0.6136
vn 0.7502 -0.0000 0.6612
vn 0.7015 -0.0000 0.7127
vn 0.6414 -0.0000 0.7672
vn 0.5679 -0.0000 0.8231
vn 0.4795 -0.0000 0.8775
vn 0.3758 -0.0000 0.9267
vn 0.2585 -0.0000 0.9660
vn 0.1314 -0.0000 0.9913
vn 0.0132 -0.0000 0.9999
vn -0.0794 -0.0000 0.9968
vn -0.1584 -0.0000 0.9874
vn -0.2353 -0.0000 0.9719
vn -0.3086 -0.0000 0.9512
vn -0.3767 -0.0000 0.9263
vn -0.4390 -0.0000 0.8985
vn -0.4949 -0.0000 0.8690
vn -0.5444 -0.0000 0.8388
vn -0.5879 -0.0000 0.8089
vn -0.6257 -0.0000 0.7800
vn -0.5879 -0.0000 0.8090
vn -0.6585 -0.0000 0.7526
vn -0.9900 -0.0000 0.1414
vn -0.1400 -0.0000 -0.9902
vn 0.6578 -0.0000 -0.7532
vn 0.6218 -0.0000 -0.7832
vn 0.6579 -0.0000 -0.7531
vn 0.5852 -0.0000 -0.8109
vn 0.5474 -0.0000 -0.8368
vn 0.5077 -0.0000 -0.8616
vn 0.5475 -0.0000 -0.8368
vn 0.4647 -0.0000 -0.8855
vn 0.4171 -0.0000 -0.9089
vn 0.3627 -0.0000 -0.9319
vn 0.2985 -0.0000 -0.9544
vn 0.2203 -0.0000 -0.9754
vn 0.1219 -0.0000 -0.9925
vn -0.0082 -0.0000 -1.0000
vn -0.1651 -0.0000 -0.9863
vn -0.3230 -0.0000 -0.9464
vn -0.4666 -0.0000 -0.8845
vn -0.5918 -0.0000 -0.8061
vn -0.6975 -0.0000 -0.7166
vn -0.7845 -0.0000 -0.6201
vn -0.8543 -0.0000 -0.5197
vn -0.9089 -0.0000 -0.4171
vn -0.9497 -0.0000 -0.3132
vn -0.9780 -0.0000 -0.2088
vn -0.9946 -0.0000 -0.1042
vn -0.9997 -0.0000 -0.0259
vt 0.222222 0.000000
vt 0.259259 0.000000
vt 0.240741 0.000000
vt 0.277778 0.000000
vt 0.203704 0.000000
vt 0.296296 0.000000
vt 0.185185 0.000000
vt 0.314815 0.000000
vt 0.333333 0.000000
vt 0.166667 0.000000
vt 0.351852 0.000000
vt 0.962963 0.000000
vt 1.000000 0.000000
vt 0.981481 0.000000
vt 0.000000 0.000000
vt 0.148148 0.000000
vt 0.370370 0.000000
vt 0.388889 0.000000
vt 0.129630 0.000000
vt 0.407407 0.000000
vt 0.111111 0.000000
vt 0.425926 0.000000
vt 0.444444 0.000000
vt 0.092593 0.000000
vt 0.462963 0.000000
vt 0.074074 0.000000
vt 0.648148 0.000000
vt 0.629630 0.000000
vt 0.611111 0.000000
vt 0.592593 0.000000
vt 0.574074 0.000000
vt 0.555556 0.000000
vt 0.537037 0.000000
vt 0.518519 0.000000
vt 0.500000 0.000000
vt 0.481481 0.000000
vt 0.055556 0.000000
vt 0.685185 0.000000
vt 0.666667 0.000000
vt 0.037037 0.000000
vt 0.722222 0.000000
vt 0.703704 0.000000
vt 0.740741 0.000000
vt 0.759259 0.000000
vt 0.018519 0.000000
vt 0.777778 0.000000
vt 0.796296 0.000000
vt 0.870370 0.000000
vt 0.851852 0.000000
vt 0.833333 0.000000
vt 0.814815 0.000000
vt 0.888889 0.000000
vt 0.907407 0.000000
vt 0.925926 0.000000
vt 0.944444 0.000000
vt 0.346939 0.000000
vt 0.367347 0.000000
vt 0.357143 0.000000
vt 0.377551 0.000000
vt 0.336735 0.000000
vt 0.387755 0.000000
vt 0.326531 0.000000
vt 0.397959 0.000000
vt 0.316327 0.000000
vt 0.408163 0.000000
vt 0.306122 0.000000
vt 0.418367 0.000000
vt 0.295918 0.000000
vt 0.428571 0.000000
vt 0.285714 0.000000
vt 0.867347 0.000000
vt 0.877551 0.000000
vt 0.857143 0.000000
vt 0.887755 0.000000
vt 0.846939 0.000000
vt 0.897959 0.000000
vt 0.836735 0.000000
vt 0.438776 0.000000
vt 0.908163 0.000000
vt 0.275510 0.000000
vt 0.826531 0.000000
vt 0.918367 0.000000
vt 0.816327 0.000000
vt 0.928571 0.000000
vt 0.806122 0.000000
vt 0.938776 0.000000
vt 0.795918 0.000000
vt 0.265306 0.000000
vt 0.448980 0.000000
vt 0.948980 0.000000
vt 0.785714 0.000000
vt 0.959184 0.000000
vt 0.775510 0.000000
vt 0.255102 0.000000
vt 0.459184 0.000000
vt 0.969388 0.000000
vt 0.765306 0.000000
vt 0.979592 0.000000
vt 0.755102 0.000000
vt 0.244898 0.000000
vt 0.989796 0.000000
vt 0.469388 0.000000
vt 0.234694 0.000000
vt 0.479592 0.000000
vt 0.224490 0.000000
vt 0.489796 0.000000
vt 0.214286 0.000000
vt 0.510204 0.000000
vt 0.520408 0.000000
vt 0.204082 0.000000
vt 0.530612 0.000000
vt 0.193878 0.000000
vt 0.540816 0.000000
vt 0.724490 0.000000
vt 0.744898 0.000000
vt 0.734694 0.000000
vt 0.551020 0.000000
vt 0.714286 0.000000
vt 0.704082 0.000000
vt 0.183673 0.000000
vt 0.561224 0.000000
vt 0.693878 0.000000
vt 0.683673 0.000000
vt 0.571429 0.000000
vt 0.673469 0.000000
vt 0.581633 0.000000
vt 0.663265 0.000000
vt 0.173469 0.000000
vt 0.653061 0.000000
vt 0.591837 0.000000
vt 0.642857 0.000000
vt 0.602041 0.000000
vt 0.632653 0.000000
vt 0.622449 0.000000
vt 0.612245 0.000000
vt 0.163265 0.000000
vt 0.153061 0.000000
vt 0.010204 0.000000
vt 0.020408 0.000000
vt 0.142857 0.000000
vt 0.030612 0.000000
vt 0.040816 0.000000
vt 0.132653 0.000000
vt 0.051020 0.000000
vt 0.061224 0.000000
vt 0.122449 0.000000
vt 0.071429 0.000000
vt 0.081633 0.000000
vt 0.091837 0.000000
vt 0.112245 0.000000
vt 0.102041 0.000000
vt 0.484211 0.000000
vt 0.494737 0.000000
vt 0.010526 0.000000
vt 0.473684 0.000000
vt 0.021053 0.000000
vt 0.463158 0.000000
vt 0.031579 0.000000
vt 0.452632 0.000000
vt 0.042105 0.000000
vt 0.442105 0.000000
vt 0.052632 0.000000
vt 0.431579 0.000000
vt 0.747368 0.000000
vt 0.757895 0.000000
vt 0.736842 0.000000
vt 0.768421 0.000000
vt 0.726316 0.000000
vt 0.778947 0.000000
vt 0.715789 0.000000
vt 0.063158 0.000000
vt 0.421053 0.000000
vt 0.789474 0.000000
vt 0.705263 0.000000
vt 0.800000 0.000000
vt 0.694737 0.000000
vt 0.073684 0.000000
vt 0.410526 0.000000
vt 0.810526 0.000000
vt 0.684211 0.000000
vt 0.821053 0.000000
vt 0.673684 0.000000
vt 0.084211 0.000000
vt 0.400000 0.000000
vt 0.831579 0.000000
vt 0.663158 0.000000
vt 0.094737 0.000000
vt 0.389474 0.000000
vt 0.842105 0.000000
vt 0.652632 0.000000
vt 0.642105 0.000000
vt 0.852632 0.000000
vt 0.105263 0.000000
vt 0.378947 0.000000
vt 0.631579 0.000000
vt 0.863158 0.000000
vt 0.115789 0.000000
vt 0.368421 0.000000
vt 0.621053 0.000000
vt 0.873684 0.000000
vt 0.357895 0.000000
vt 0.884211 0.000000
vt 0.610526 0.000000
vt 0.126316 0.000000
vt 0.600000 0.000000
vt 0.894737 0.000000
vt 0.136842 0.000000
vt 0.347368 0.000000
vt 0.589474 0.000000
vt 0.905263 0.000000
vt 0.147368 0.000000
vt 0.336842 0.000000
vt 0.578947 0.000000
vt 0.915789 0.000000
vt 0.157895 0.000000
vt 0.326316 0.000000
vt 0.568421 0.000000
vt 0.926316 0.000000
vt 0.557895 0.000000
vt 0.936842 0.000000
vt 0.168421 0.000000
vt 0.315789 0.000000
vt 0.547368 0.000000
vt 0.947368 0.000000
vt 0.536842 0.000000
vt 0.957895 0.000000
vt 0.178947 0.000000
vt 0.305263 0.000000
vt 0.526316 0.000000
vt 0.968421 0.000000
vt 0.515789 0.000000
vt 0.978947 0.000000
vt 0.189474 0.000000
vt 0.294737 0.000000
vt 0.505263 0.000000
vt 0.989474 0.000000
vt 0.200000 0.000000
vt 0.284211 0.000000
vt 0.210526 0.000000
vt 0.273684 0.000000
vt 0.221053 0.000000
vt 0.263158 0.000000
vt 0.231579 0.000000
vt 0.252632 0.000000
vt 0.242105 0.000000
vt 0.103774 0.000000
vt 0.122642 0.000000
vt 0.113208 0.000000
vt 0.330189 0.000000
vt 0.349057 0.000000
vt 0.339623 0.000000
vt 0.094340 0.000000
vt 0.132075 0.000000
vt 0.320755 0.000000
vt 0.358491 0.000000
vt 0.084906 0.000000
vt 0.141509 0.000000
vt 0.311321 0.000000
vt 0.075472 0.000000
vt 0.150943 0.000000
vt 0.367925 0.000000
vt 0.301887 0.000000
vt 0.066038 0.000000
vt 0.981132 0.000000
vt 0.990566 0.000000
vt 0.160377 0.000000
vt 0.292453 0.000000
vt 0.056604 0.000000
vt 0.377358 0.000000
vt 0.169811 0.000000
vt 0.047170 0.000000
vt 0.283019 0.000000
vt 0.179245 0.000000
vt 0.386792 0.000000
vt 0.037736 0.000000
vt 0.273585 0.000000
vt 0.188679 0.000000
vt 0.028302 0.000000
vt 0.264151 0.000000
vt 0.396226 0.000000
vt 0.198113 0.000000
vt 0.018868 0.000000
vt 0.254717 0.000000
vt 0.207547 0.000000
vt 0.009434 0.000000
vt 0.405660 0.000000
vt 0.245283 0.000000
vt 0.216981 0.000000
vt 0.235849 0.000000
vt 0.594340 0.000000
vt 0.415094 0.000000
vt 0.962264 0.000000
vt 0.952830 0.000000
vt 0.943396 0.000000
vt 0.933962 0.000000
vt 0.924528 0.000000
vt 0.915094 0.000000
vt 0.905660 0.000000
vt 0.896226 0.000000
vt 0.886792 0.000000
vt 0.877358 0.000000
vt 0.867925 0.000000
vt 0.858491 0.000000
vt 0.849057 0.000000
vt 0.226415 0.000000
vt 0.603774 0.000000
vt 0.839623 0.000000
vt 0.584906 0.000000
vt 0.613208 0.000000
vt 0.830189 0.000000
vt 0.575472 0.000000
vt 0.622642 0.000000
vt 0.820755 0.000000
vt 0.566038 0.000000
vt 0.632075 0.000000
vt 0.811321 0.000000
vt 0.556604 0.000000
vt 0.641509 0.000000
vt 0.424528 0.000000
vt 0.801887 0.000000
vt 0.650943 0.000000
vt 0.547170 0.000000
vt 0.660377 0.000000
vt 0.792453 0.000000
vt 0.537736 0.000000
vt 0.669811 0.000000
vt 0.783019 0.000000
vt 0.528302 0.000000
vt 0.679245 0.000000
vt 0.433962 0.000000
vt 0.773585 0.000000
vt 0.688679 0.000000
vt 0.518868 0.000000
vt 0.698113 0.000000
vt 0.764151 0.000000
vt 0.509434 0.000000
vt 0.707547 0.000000
vt 0.443396 0.000000
vt 0.754717 0.000000
vt 0.971698 0.000000
vt 0.716981 0.000000
vt 0.745283 0.000000
vt 0.490566 0.000000
vt 0.452830 0.000000
vt 0.735849 0.000000
vt 0.481132 0.000000
vt 0.462264 0.000000
vt 0.726415 0.000000
vt 0.471698 0.000000
vt 0.560694 0.000000
vt 0.572254 0.000000
vt 0.566474 0.000000
vt 0.554913 0.000000
vt 0.578035 0.000000
vt 0.549133 0.000000
vt 0.543353 0.000000
vt 0.583815 0.000000
vt 0.537572 0.000000
vt 0.589595 0.000000
vt 0.531792 0.000000
vt 0.526012 0.000000
vt 0.595376 0.000000
vt 0.520231 0.000000
vt 0.601156 0.000000
vt 0.514451 0.000000
vt 0.508671 0.000000
vt 0.606936 0.000000
vt 0.502890 0.000000
vt 0.612717 0.000000
vt 0.497110 0.000000
vt 0.491329 0.000000
vt 0.485549 0.000000
vt 0.479769 0.000000
vt 0.473988 0.000000
vt 0.468208 0.000000
vt 0.462428 0.000000
vt 0.456647 0.000000
vt 0.450867 0.000000
vt 0.445087 0.000000
vt 0.439306 0.000000
vt 0.433526 0.000000
vt 0.427746 0.000000
vt 0.421965 0.000000
vt 0.618497 0.000000
vt 0.416185 0.000000
vt 0.624277 0.000000
vt 0.410405 0.000000
vt 0.404624 0.000000
vt 0.398844 0.000000
vt 0.393064 0.000000
vt 0.387283 0.000000
vt 0.630058 0.000000
vt 0.381503 0.000000
vt 0.375723 0.000000
vt 0.369942 0.000000
vt 0.635838 0.000000
vt 0.364162 0.000000
vt 0.358382 0.000000
vt 0.641618 0.000000
vt 0.352601 0.000000
vt 0.346821 0.000000
vt 0.341040 0.000000
vt 0.335260 0.000000
vt 0.329480 0.000000
vt 0.323699 0.000000
vt 0.317919 0.000000
vt 0.791907 0.000000
vt 0.994220 0.000000
vt 0.797688 0.000000
vt 0.312139 0.000000
vt 0.803468 0.000000
vt 0.306358 0.000000
vt 0.809249 0.000000
vt 0.300578 0.000000
vt 0.815029 0.000000
vt 0.820809 0.000000
vt 0.294798 0.000000
vt 0.826590 0.000000
vt 0.289017 0.000000
vt 0.832370 0.000000
vt 0.838150 0.000000
vt 0.283237 0.000000
vt 0.843931 0.000000
vt 0.849711 0.000000
vt 0.277457 0.000000
vt 0.855491 0.000000
vt 0.271676 0.000000
vt 0.861272 0.000000
vt 0.867052 0.000000
vt 0.265896 0.000000
vt 0.872832 0.000000
vt 0.878613 0.000000
vt 0.988439 0.000000
vt 0.260116 0.000000
vt 0.982659 0.000000
vt 0.884393 0.000000
vt 0.976879 0.000000
vt 0.774566 0.000000
vt 0.786127 0.000000
vt 0.780347 0.000000
vt 0.647399 0.000000
vt 0.890173 0.000000
vt 0.768786 0.000000
vt 0.971098 0.000000
vt 0.653179 0.000000
vt 0.763006 0.000000
vt 0.254335 0.000000
vt 0.895954 0.000000
vt 0.658960 0.000000
vt 0.965318 0.000000
vt 0.757225 0.000000
vt 0.664740 0.000000
vt 0.959538 0.000000
vt 0.751445 0.000000
vt 0.901734 0.000000
vt 0.670520 0.000000
vt 0.745665 0.000000
vt 0.953757 0.000000
vt 0.676301 0.000000
vt 0.739884 0.000000
vt 0.907514 0.000000
vt 0.682081 0.000000
vt 0.947977 0.000000
vt 0.734104 0.000000
vt 0.687861 0.000000
vt 0.248555 0.000000
vt 0.728324 0.000000
vt 0.913295 0.000000
vt 0.942197 0.000000
vt 0.693642 0.000000
vt 0.722543 0.000000
vt 0.699422 0.000000
vt 0.716763 0.000000
vt 0.936416 0.000000
vt 0.705202 0.000000
vt 0.710983 0.000000
vt 0.919075 0.000000
vt 0.930636 0.000000
vt 0.924855 0.000000
vt 0.132948 0.000000
vt 0.242775 0.000000
vt 0.138728 0.000000
vt 0.127168 0.000000
vt 0.236994 0.000000
vt 0.144509 0.000000
vt 0.121387 0.000000
vt 0.231214 0.000000
vt 0.150289 0.000000
vt 0.115607 0.000000
vt 0.005780 0.000000
vt 0.156069 0.000000
vt 0.109827 0.000000
vt 0.225434 0.000000
vt 0.011561 0.000000
vt 0.161850 0.000000
vt 0.104046 0.000000
vt 0.017341 0.000000
vt 0.219653 0.000000
vt 0.167630 0.000000
vt 0.098266 0.000000
vt 0.023121 0.000000
vt 0.173410 0.000000
vt 0.092486 0.000000
vt 0.028902 0.000000
vt 0.213873 0.000000
vt 0.179191 0.000000
vt 0.086705 0.000000
vt 0.034682 0.000000
vt 0.184971 0.000000
vt 0.040462 0.000000
vt 0.080925 0.000000
vt 0.208092 0.000000
vt 0.046243 0.000000
vt 0.190751 0.000000
vt 0.075145 0.000000
vt 0.052023 0.000000
vt 0.196532 0.000000
vt 0.069364 0.000000
vt 0.202312 0.000000
vt 0.057803 0.000000
vt 0.063584 0.000000
vt 0.336634 0.000000
vt 0.356436 0.000000
vt 0.346535 0.000000
vt 0.366337 0.000000
vt 0.376238 0.000000
vt 0.386139 0.000000
vt 0.326733 0.000000
vt 0.396040 0.000000
vt 0.405941 0.000000
vt 0.415842 0.000000
vt 0.316832 0.000000
vt 0.425743 0.000000
vt 0.435644 0.000000
vt 0.306931 0.000000
vt 0.445545 0.000000
vt 0.455446 0.000000
vt 0.297030 0.000000
vt 0.465347 0.000000
vt 0.574257 0.000000
vt 0.564356 0.000000
vt 0.554455 0.000000
vt 0.544554 0.000000
vt 0.534653 0.000000
vt 0.524752 0.000000
vt 0.514852 0.000000
vt 0.504951 0.000000
vt 0.495050 0.000000
vt 0.485149 0.000000
vt 0.475248 0.000000
vt 0.287129 0.000000
vt 0.594059 0.000000
vt 0.584158 0.000000
vt 0.603960 0.000000
vt 0.613861 0.000000
vt 0.623762 0.000000
vt 0.277228 0.000000
vt 0.633663 0.000000
vt 0.643564 0.000000
vt 0.267327 0.000000
vt 0.653465 0.000000
vt 0.663366 0.000000
vt 0.257426 0.000000
vt 0.673267 0.000000
vt 0.247525 0.000000
vt 0.683168 0.000000
vt 0.693069 0.000000
vt 0.237624 0.000000
vt 0.702970 0.000000
vt 0.227723 0.000000
vt 0.712871 0.000000
vt 0.722772 0.000000
vt 0.217822 0.000000
vt 0.970297 0.000000
vt 0.990099 0.000000
vt 0.980198 0.000000
vt 0.960396 0.000000
vt 0.732673 0.000000
vt 0.207921 0.000000
vt 0.742574 0.000000
vt 0.950495 0.000000
vt 0.198020 0.000000
vt 0.752475 0.000000
vt 0.762376 0.000000
vt 0.188119 0.000000
vt 0.772277 0.000000
vt 0.178218 0.000000
vt 0.782178 0.000000
vt 0.792079 0.000000
vt 0.168317 0.000000
vt 0.801980 0.000000
vt 0.940594 0.000000
vt 0.930693 0.000000
vt 0.920792 0.000000
vt 0.811881 0.000000
vt 0.910891 0.000000
vt 0.900990 0.000000
vt 0.891089 0.000000
vt 0.821782 0.000000
vt 0.158416 0.000000
vt 0.881188 0.000000
vt 0.871287 0.000000
vt 0.861386 0.000000
vt 0.831683 0.000000
vt 0.851485 0.000000
vt 0.841584 0.000000
vt 0.148515 0.000000
vt 0.009901 0.000000
vt 0.138614 0.000000
vt 0.019802 0.000000
vt 0.029703 0.000000
vt 0.128713 0.000000
vt 0.039604 0.000000
vt 0.049505 0.000000
vt 0.059406 0.000000
vt 0.118812 0.000000
vt 0.069307 0.000000
vt 0.079208 0.000000
vt 0.089109 0.000000
vt 0.108911 0.000000
vt 0.099010 0.000000
vt 0.009804 1.000000
vt 0.000000 1.000000
vt 0.019608 1.000000
vt 0.009804 0.000000
vt 0.029412 1.000000
vt 0.019608 0.000000
vt 0.039216 1.000000
vt 0.029412 0.000000
vt 0.049020 1.000000
vt 0.039216 0.000000
vt 0.058824 1.000000
vt 0.049020 0.000000
vt 0.068627 1.000000
vt 0.058824 0.000000
vt 0.078431 1.000000
vt 0.068627 0.000000
vt 0.088235 1.000000
vt 0.078431 0.000000
vt 0.098039 1.000000
vt 0.088235 0.000000
vt 0.107843 1.000000
vt 0.098039 0.000000
vt 0.117647 1.000000
vt 0.107843 0.000000
vt 0.127451 1.000000
vt 0.117647 0.000000
vt 0.137255 1.000000
vt 0.127451 0.000000
vt 0.147059 1.000000
vt 0.137255 0.000000
vt 0.156863 1.000000
vt 0.147059 0.000000
vt 0.166667 1.000000
vt 0.156863 0.000000
vt 0.176471 1.000000
vt 0.186275 1.000000
vt 0.176471 0.000000
vt 0.196078 1.000000
vt 0.186275 0.000000
vt 0.205882 1.000000
vt 0.196078 0.000000
vt 0.215686 1.000000
vt 0.205882 0.000000
vt 0.225490 1.000000
vt 0.215686 0.000000
vt 0.235294 1.000000
vt 0.225490 0.000000
vt 0.245098 1.000000
vt 0.235294 0.000000
vt 0.254902 1.000000
vt 0.245098 0.000000
vt 0.264706 1.000000
vt 0.254902 0.000000
vt 0.274510 1.000000
vt 0.264706 0.000000
vt 0.284314 1.000000
vt 0.274510 0.000000
vt 0.294118 1.000000
vt 0.284314 0.000000
vt 0.303922 1.000000
vt 0.294118 0.000000
vt 0.313726 1.000000
vt 0.303922 0.000000
vt 0.323529 1.000000
vt 0.313726 0.000000
vt 0.333333 1.000000
vt 0.323529 0.000000
vt 0.343137 1.000000
vt 0.352941 1.000000
vt 0.343137 0.000000
vt 0.362745 1.000000
vt 0.352941 0.000000
vt 0.372549 1.000000
vt 0.362745 0.000000
vt 0.382353 1.000000
vt 0.372549 0.000000
vt 0.392157 1.000000
vt 0.382353 0.000000
vt 0.401961 1.000000
vt 0.392157 0.000000
vt 0.411765 1.000000
vt 0.401961 0.000000
vt 0.421569 1.000000
vt 0.411765 0.000000
vt 0.431373 1.000000
vt 0.421569 0.000000
vt 0.441176 1.000000
vt 0.431373 0.000000
vt 0.450980 1.000000
vt 0.441176 0.000000
vt 0.460784 1.000000
vt 0.450980 0.000000
vt 0.470588 1.000000
vt 0.460784 0.000000
vt 0.480392 1.000000
vt 0.470588 0.000000
vt 0.490196 1.000000
vt 0.480392 0.000000
vt 0.500000 1.000000
vt 0.490196 0.000000
vt 0.509804 1.000000
vt 0.519608 1.000000
vt 0.509804 0.000000
vt 0.529412 1.000000
vt 0.519608 0.000000
vt 0.539216 1.000000
vt 0.529412 0.000000
vt 0.549020 1.000000
vt 0.539216 0.000000
vt 0.558824 1.000000
vt 0.549020 0.000000
vt 0.568627 1.000000
vt 0.558824 0.000000
vt 0.578431 1.000000
vt 0.568627 0.000000
vt 0.588235 1.000000
vt 0.578431 0.000000
vt 0.598039 1.000000
vt 0.588235 0.000000
vt 0.607843 1.000000
vt 0.598039 0.000000
vt 0.617647 1.000000
vt 0.607843 0.000000
vt 0.627451 1.000000
vt 0.617647 0.000000
vt 0.637255 1.000000
vt 0.627451 0.000000
vt 0.647059 1.000000
vt 0.637255 0.000000
vt 0.656863 1.000000
vt 0.647059 0.000000
vt 0.666667 1.000000
vt 0.656863 0.000000
vt 0.676471 1.000000
vt 0.686275 1.000000
vt 0.676471 0.000000
vt 0.696078 1.000000
vt 0.686275 0.000000
vt 0.705882 1.000000
vt 0.696078 0.000000
vt 0.715686 1.000000
vt 0.705882 0.000000
vt 0.725490 1.000000
vt 0.715686 0.000000
vt 0.735294 1.000000
vt 0.725490 0.000000
vt 0.745098 1.000000
vt 0.735294 0.000000
vt 0.754902 1.000000
vt 0.745098 0.000000
vt 0.764706 1.000000
vt 0.754902 0.000000
vt 0.774510 1.000000
vt 0.764706 0.000000
vt 0.784314 1.000000
vt 0.774510 0.000000
vt 0.794118 1.000000
vt 0.784314 0.000000
vt 0.803922 1.000000
vt 0.794118 0.000000
vt 0.813725 1.000000
vt 0.803922 0.000000
vt 0.823529 1.000000
vt 0.813725 0.000000
vt 0.833333 1.000000
vt 0.823529 0.000000
vt 0.843137 1.000000
vt 0.852941 1.000000
vt 0.843137 0.000000
vt 0.862745 1.000000
vt 0.852941 0.000000
vt 0.872549 1.000000
vt 0.862745 0.000000
vt 0.882353 1.000000
vt 0.872549 0.000000
vt 0.892157 1.000000
vt 0.882353 0.000000
vt 0.901961 1.000000
vt 0.892157 0.000000
vt 0.911765 1.000000
vt 0.901961 0.000000
vt 0.921569 1.000000
vt 0.911765 0.000000
vt 0.931373 1.000000
vt 0.921569 0.000000
vt 0.941176 1.000000
vt 0.931373 0.000000
vt 0.950980 1.000000
vt 0.941176 0.000000
vt 0.960784 1.000000
vt 0.950980 0.000000
vt 0.970588 1.000000
vt 0.960784 0.000000
vt 0.980392 1.000000
vt 0.970588 0.000000
vt 0.990196 1.000000
vt 0.980392 0.000000
vt 1.000000 1.000000
vt 0.990196 0.000000
vt 0.007299 1.000000
vt 0.014599 1.000000
vt 0.007299 0.000000
vt 0.021898 1.000000
vt 0.014599 0.000000
vt 0.029197 1.000000
vt 0.021898 0.000000
vt 0.036496 1.000000
vt 0.029197 0.000000
vt 0.043796 1.000000
vt 0.036496 0.000000
vt 0.051095 1.000000
vt 0.043796 0.000000
vt 0.058394 1.000000
vt 0.051095 0.000000
vt 0.065693 1.000000
vt 0.058394 0.000000
vt 0.072993 1.000000
vt 0.065693 0.000000
vt 0.080292 1.000000
vt 0.072993 0.000000
vt 0.087591 1.000000
vt 0.080292 0.000000
vt 0.094891 1.000000
vt 0.087591 0.000000
vt 0.102190 1.000000
vt 0.094891 0.000000
vt 0.109489 1.000000
vt 0.102190 0.000000
vt 0.116788 1.000000
vt 0.109489 0.000000
vt 0.124088 1.000000
vt 0.116788 0.000000
vt 0.131387 1.000000
vt 0.124088 0.000000
vt 0.138686 1.000000
vt 0.131387 0.000000
vt 0.145985 1.000000
vt 0.138686 0.000000
vt 0.153285 1.000000
vt 0.145985 0.000000
vt 0.160584 1.000000
vt 0.153285 0.000000
vt 0.167883 1.000000
vt 0.160584 0.000000
vt 0.175182 1.000000
vt 0.167883 0.000000
vt 0.182482 1.000000
vt 0.175182 0.000000
vt 0.189781 1.000000
vt 0.182482 0.000000
vt 0.197080 1.000000
vt 0.189781 0.000000
vt 0.204380 1.000000
vt 0.197080 0.000000
vt 0.211679 1.000000
vt 0.204380 0.000000
vt 0.218978 1.000000
vt 0.211679 0.000000
vt 0.226277 1.000000
vt 0.218978 0.000000
vt 0.233577 1.000000
vt 0.226277 0.000000
vt 0.240876 1.000000
vt 0.233577 0.000000
vt 0.248175 1.000000
vt 0.240876 0.000000
vt 0.255474 1.000000
vt 0.248175 0.000000
vt 0.262774 1.000000
vt 0.255474 0.000000
vt 0.270073 1.000000
vt 0.262774 0.000000
vt 0.277372 1.000000
vt 0.270073 0.000000
vt 0.284672 1.000000
vt 0.277372 0.000000
vt 0.291971 1.000000
vt 0.284672 0.000000
vt 0.299270 1.000000
vt 0.291971 0.000000
vt 0.306569 1.000000
vt 0.299270 0.000000
vt 0.313869 1.000000
vt 0.306569 0.000000
vt 0.321168 1.000000
vt 0.313869 0.000000
vt 0.328467 1.000000
vt 0.321168 0.000000
vt 0.335766 1.000000
vt 0.328467 0.000000
vt 0.343066 1.000000
vt 0.335766 0.000000
vt 0.350365 1.000000
vt 0.343066 0.000000
vt 0.357664 1.000000
vt 0.350365 0.000000
vt 0.364964 1.000000
vt 0.357664 0.000000
vt 0.372263 1.000000
vt 0.364964 0.000000
vt 0.379562 1.000000
vt 0.372263 0.000000
vt 0.386861 1.000000
vt 0.379562 0.000000
vt 0.394161 1.000000
vt 0.386861 0.000000
vt 0.401460 1.000000
vt 0.394161 0.000000
vt 0.408759 1.000000
vt 0.401460 0.000000
vt 0.416058 1.000000
vt 0.408759 0.000000
vt 0.423358 1.000000
vt 0.416058 0.000000
vt 0.430657 1.000000
vt 0.423358 0.000000
vt 0.437956 1.000000
vt 0.430657 0.000000
vt 0.445255 1.000000
vt 0.437956 0.000000
vt 0.452555 1.000000
vt 0.445255 0.000000
vt 0.459854 1.000000
vt 0.452555 0.000000
vt 0.467153 1.000000
vt 0.459854 0.000000
vt 0.474453 1.000000
vt 0.467153 0.000000
vt 0.481752 1.000000
vt 0.474453 0.000000
vt 0.489051 1.000000
vt 0.481752 0.000000
vt 0.496350 1.000000
vt 0.489051 0.000000
vt 0.503650 1.000000
vt 0.496350 0.000000
vt 0.510949 1.000000
vt 0.503650 0.000000
vt 0.518248 1.000000
vt 0.510949 0.000000
vt 0.525547 1.000000
vt 0.518248 0.000000
vt 0.532847 1.000000
vt 0.525547 0.000000
vt 0.540146 1.000000
vt 0.532847 0.000000
vt 0.547445 1.000000
vt 0.540146 0.000000
vt 0.554745 1.000000
vt 0.547445 0.000000
vt 0.562044 1.000000
vt 0.554745 0.000000
vt 0.569343 1.000000
vt 0.562044 0.000000
vt 0.576642 1.000000
vt 0.569343 0.000000
vt 0.583942 1.000000
vt 0.576642 0.000000
vt 0.591241 1.000000
vt 0.583942 0.000000
vt 0.598540 1.000000
vt 0.591241 0.000000
vt 0.605839 1.000000
vt 0.598540 0.000000
vt 0.613139 1.000000
vt 0.605839 0.000000
vt 0.620438 1.000000
vt 0.613139 0.000000
vt 0.627737 1.000000
vt 0.620438 0.000000
vt 0.635036 1.000000
vt 0.627737 0.000000
vt 0.642336 1.000000
vt 0.635036 0.000000
vt 0.649635 1.000000
vt 0.642336 0.000000
vt 0.656934 1.000000
vt 0.649635 0.000000
vt 0.664234 1.000000
vt 0.656934 0.000000
vt 0.671533 1.000000
vt 0.664234 0.000000
vt 0.678832 1.000000
vt 0.671533 0.000000
vt 0.686131 1.000000
vt 0.678832 0.000000
vt 0.693431 1.000000
vt 0.686131 0.000000
vt 0.700730 1.000000
vt 0.693431 0.000000
vt 0.708029 1.000000
vt 0.700730 0.000000
vt 0.715328 1.000000
vt 0.708029 0.000000
vt 0.722628 1.000000
vt 0.715328 0.000000
vt 0.729927 1.000000
vt 0.722628 0.000000
vt 0.737226 1.000000
vt 0.729927 0.000000
vt 0.744526 1.000000
vt 0.737226 0.000000
vt 0.751825 1.000000
vt 0.744526 0.000000
vt 0.759124 1.000000
vt 0.751825 0.000000
vt 0.766423 1.000000
vt 0.759124 0.000000
vt 0.773723 1.000000
vt 0.766423 0.000000
vt 0.781022 1.000000
vt 0.773723 0.000000
vt 0.788321 1.000000
vt 0.781022 0.000000
vt 0.795620 1.000000
vt 0.788321 0.000000
vt 0.802920 1.000000
vt 0.795620 0.000000
vt 0.810219 1.000000
vt 0.802920 0.000000
vt 0.817518 1.000000
vt 0.810219 0.000000
vt 0.824818 1.000000
vt 0.817518 0.000000
vt 0.832117 1.000000
vt 0.824818 0.000000
vt 0.839416 1.000000
vt 0.832117 0.000000
vt 0.846715 1.000000
vt 0.839416 0.000000
vt 0.854015 1.000000
vt 0.846715 0.000000
vt 0.861314 1.000000
vt 0.854015 0.000000
vt 0.868613 1.000000
vt 0.861314 0.000000
vt 0.875912 1.000000
vt 0.868613 0.000000
vt 0.883212 1.000000
vt 0.875912 0.000000
vt 0.890511 1.000000
vt 0.883212 0.000000
vt 0.897810 1.000000
vt 0.890511 0.000000
vt 0.905109 1.000000
vt 0.897810 0.000000
vt 0.912409 1.000000
vt 0.905109 0.000000
vt 0.919708 1.000000
vt 0.912409 0.000000
vt 0.927007 1.000000
vt 0.919708 0.000000
vt 0.934307 1.000000
vt 0.927007 0.000000
vt 0.941606 1.000000
vt 0.934307 0.000000
vt 0.948905 1.000000
vt 0.941606 0.000000
vt 0.956204 1.000000
vt 0.948905 0.000000
vt 0.963504 1.000000
vt 0.956204 0.000000
vt 0.970803 1.000000
vt 0.963504 0.000000
vt 0.978102 1.000000
vt 0.970803 0.000000
vt 0.985401 1.000000
vt 0.978102 0.000000
vt 0.992701 1.000000
vt 0.985401 0.000000
vt 0.992701 0.000000
vt 0.027027 1.000000
vt 0.054054 1.000000
vt 0.027027 0.000000
vt 0.081081 1.000000
vt 0.054054 0.000000
vt 0.108108 1.000000
vt 0.081081 0.000000
vt 0.135135 1.000000
vt 0.108108 0.000000
vt 0.162162 1.000000
vt 0.135135 0.000000
vt 0.189189 1.000000
vt 0.162162 0.000000
vt 0.216216 1.000000
vt 0.189189 0.000000
vt 0.243243 1.000000
vt 0.216216 0.000000
vt 0.270270 1.000000
vt 0.243243 0.000000
vt 0.297297 1.000000
vt 0.270270 0.000000
vt 0.324324 1.000000
vt 0.297297 0.000000
vt 0.351351 1.000000
vt 0.324324 0.000000
vt 0.378378 1.000000
vt 0.351351 0.000000
vt 0.405405 1.000000
vt 0.378378 0.000000
vt 0.432432 1.000000
vt 0.405405 0.000000
vt 0.459459 1.000000
vt 0.432432 0.000000
vt 0.486486 1.000000
vt 0.459459 0.000000
vt 0.513514 1.000000
vt 0.486486 0.000000
vt 0.540541 1.000000
vt 0.513514 0.000000
vt 0.567568 1.000000
vt 0.540541 0.000000
vt 0.594595 1.000000
vt 0.567568 0.000000
vt 0.621622 1.000000
vt 0.594595 0.000000
vt 0.648649 1.000000
vt 0.621622 0.000000
vt 0.675676 1.000000
vt 0.648649 0.000000
vt 0.702703 1.000000
vt 0.675676 0.000000
vt 0.729730 1.000000
vt 0.702703 0.000000
vt 0.756757 1.000000
vt 0.729730 0.000000
vt 0.783784 1.000000
vt 0.756757 0.000000
vt 0.810811 1.000000
vt 0.783784 0.000000
vt 0.837838 1.000000
vt 0.810811 0.000000
vt 0.864865 1.000000
vt 0.837838 0.000000
vt 0.891892 1.000000
vt 0.864865 0.000000
vt 0.918919 1.000000
vt 0.891892 0.000000
vt 0.945946 1.000000
vt 0.918919 0.000000
vt 0.972973 1.000000
vt 0.945946 0.000000
vt 0.972973 0.000000
vt 0.009346 1.000000
vt 0.018692 1.000000
vt 0.009346 0.000000
vt 0.028037 1.000000
vt 0.018692 0.000000
vt 0.037383 1.000000
vt 0.028037 0.000000
vt 0.046729 1.000000
vt 0.037383 0.000000
vt 0.056075 1.000000
vt 0.046729 0.000000
vt 0.065421 1.000000
vt 0.056075 0.000000
vt 0.074766 1.000000
vt 0.065421 0.000000
vt 0.084112 1.000000
vt 0.074766 0.000000
vt 0.093458 1.000000
vt 0.084112 0.000000
vt 0.102804 1.000000
vt 0.093458 0.000000
vt 0.112150 1.000000
vt 0.102804 0.000000
vt 0.121495 1.000000
vt 0.112150 0.000000
vt 0.130841 1.000000
vt 0.121495 0.000000
vt 0.140187 1.000000
vt 0.130841 0.000000
vt 0.149533 1.000000
vt 0.140187 0.000000
vt 0.158879 1.000000
vt 0.149533 0.000000
vt 0.168224 1.000000
vt 0.158879 0.000000
vt 0.177570 1.000000
vt 0.168224 0.000000
vt 0.186916 1.000000
vt 0.177570 0.000000
vt 0.196262 1.000000
vt 0.186916 0.000000
vt 0.205607 1.000000
vt 0.196262 0.000000
vt 0.214953 1.000000
vt 0.205607 0.000000
vt 0.224299 1.000000
vt 0.214953 0.000000
vt 0.233645 1.000000
vt 0.224299 0.000000
vt 0.242991 1.000000
vt 0.233645 0.000000
vt 0.252336 1.000000
vt 0.242991 0.000000
vt 0.261682 1.000000
vt 0.252336 0.000000
vt 0.271028 1.000000
vt 0.261682 0.000000
vt 0.280374 1.000000
vt 0.271028 0.000000
vt 0.289720 1.000000
vt 0.280374 0.000000
vt 0.299065 1.000000
vt 0.289720 0.000000
vt 0.308411 1.000000
vt 0.299065 0.000000
vt 0.317757 1.000000
vt 0.308411 0.000000
vt 0.327103 1.000000
vt 0.317757 0.000000
vt 0.336449 1.000000
vt 0.327103 0.000000
vt 0.345794 1.000000
vt 0.336449 0.000000
vt 0.355140 1.000000
vt 0.345794 0.000000
vt 0.364486 1.000000
vt 0.355140 0.000000
vt 0.373832 1.000000
vt 0.364486 0.000000
vt 0.383178 1.000000
vt 0.373832 0.000000
vt 0.392523 1.000000
vt 0.383178 0.000000
vt 0.401869 1.000000
vt 0.392523 0.000000
vt 0.411215 1.000000
vt 0.401869 0.000000
vt 0.420561 1.000000
vt 0.411215 0.000000
vt 0.429907 1.000000
vt 0.420561 0.000000
vt 0.439252 1.000000
vt 0.429907 0.000000
vt 0.448598 1.000000
vt 0.439252 0.000000
vt 0.457944 1.000000
vt 0.448598 0.000000
vt 0.467290 1.000000
vt 0.457944 0.000000
vt 0.476636 1.000000
vt 0.467290 0.000000
vt 0.485981 1.000000
vt 0.476636 0.000000
vt 0.495327 1.000000
vt 0.485981 0.000000
vt 0.504673 1.000000
vt 0.495327 0.000000
vt 0.514019 1.000000
vt 0.504673 0.000000
vt 0.523364 1.000000
vt 0.514019 0.000000
vt 0.532710 1.000000
vt 0.523364 0.000000
vt 0.542056 1.000000
vt 0.532710 0.000000
vt 0.551402 1.000000
vt 0.542056 0.000000
vt 0.560748 1.000000
vt 0.551402 0.000000
vt 0.570093 1.000000
vt 0.560748 0.000000
vt 0.579439 1.000000
vt 0.570093 0.000000
vt 0.588785 1.000000
vt 0.579439 0.000000
vt 0.598131 1.000000
vt 0.588785 0.000000
vt 0.607477 1.000000
vt 0.598131 0.000000
vt 0.616822 1.000000
vt 0.607477 0.000000
vt 0.626168 1.000000
vt 0.616822 0.000000
vt 0.635514 1.000000
vt 0.626168 0.000000
vt 0.644860 1.000000
vt 0.635514 0.000000
vt 0.654206 1.000000
vt 0.644860 0.000000
vt 0.663551 1.000000
vt 0.654206 0.000000
vt 0.672897 1.000000
vt 0.663551 0.000000
vt 0.682243 1.000000
vt 0.672897 0.000000
vt 0.691589 1.000000
vt 0.682243 0.000000
vt 0.700935 1.000000
vt 0.691589 0.000000
vt 0.710280 1.000000
vt 0.700935 0.000000
vt 0.719626 1.000000
vt 0.710280 0.000000
vt 0.728972 1.000000
vt 0.719626 0.000000
vt 0.738318 1.000000
vt 0.728972 0.000000
vt 0.747664 1.000000
vt 0.738318 0.000000
vt 0.757009 1.000000
vt 0.747664 0.000000
vt 0.766355 1.000000
vt 0.757009 0.000000
vt 0.775701 1.000000
vt 0.766355 0.000000
vt 0.785047 1.000000
vt 0.775701 0.000000
vt 0.794393 1.000000
vt 0.785047 0.000000
vt 0.803738 1.000000
vt 0.794393 0.000000
vt 0.813084 1.000000
vt 0.803738 0.000000
vt 0.822430 1.000000
vt 0.813084 0.000000
vt 0.831776 1.000000
vt 0.822430 0.000000
vt 0.841121 1.000000
vt 0.831776 0.000000
vt 0.850467 1.000000
vt 0.841121 0.000000
vt 0.859813 1.000000
vt 0.850467 0.000000
vt 0.869159 1.000000
vt 0.859813 0.000000
vt 0.878505 1.000000
vt 0.869159 0.000000
vt 0.887850 1.000000
vt 0.878505 0.000000
vt 0.897196 1.000000
vt 0.887850 0.000000
vt 0.906542 1.000000
vt 0.897196 0.000000
vt 0.915888 1.000000
vt 0.906542 0.000000
vt 0.925234 1.000000
vt 0.915888 0.000000
vt 0.934579 1.000000
vt 0.925234 0.000000
vt 0.943925 1.000000
vt 0.934579 0.000000
vt 0.953271 1.000000
vt 0.943925 0.000000
vt 0.962617 1.000000
vt 0.953271 0.000000
vt 0.971963 1.000000
vt 0.962617 0.000000
vt 0.981308 1.000000
vt 0.971963 0.000000
vt 0.990654 1.000000
vt 0.981308 0.000000
vt 0.990654 0.000000
vt 0.013514 1.000000
vt 0.013514 0.000000
vt 0.040541 1.000000
vt 0.040541 0.000000
vt 0.067568 1.000000
vt 0.067568 0.000000
vt 0.094595 1.000000
vt 0.094595 0.000000
vt 0.121622 1.000000
vt 0.121622 0.000000
vt 0.148649 1.000000
vt 0.148649 0.000000
vt 0.175676 1.000000
vt 0.175676 0.000000
vt 0.202703 1.000000
vt 0.202703 0.000000
vt 0.229730 1.000000
vt 0.229730 0.000000
vt 0.256757 1.000000
vt 0.256757 0.000000
vt 0.283784 1.000000
vt 0.283784 0.000000
vt 0.310811 1.000000
vt 0.310811 0.000000
vt 0.337838 1.000000
vt 0.337838 0.000000
vt 0.364865 1.000000
vt 0.364865 0.000000
vt 0.391892 1.000000
vt 0.391892 0.000000
vt 0.418919 1.000000
vt 0.418919 0.000000
vt 0.445946 1.000000
vt 0.445946 0.000000
vt 0.472973 1.000000
vt 0.472973 0.000000
vt 0.527027 1.000000
vt 0.527027 0.000000
vt 0.554054 1.000000
vt 0.554054 0.000000
vt 0.581081 1.000000
vt 0.581081 0.000000
vt 0.608108 1.000000
vt 0.608108 0.000000
vt 0.635135 1.000000
vt 0.635135 0.000000
vt 0.662162 1.000000
vt 0.662162 0.000000
vt 0.689189 1.000000
vt 0.689189 0.000000
vt 0.716216 1.000000
vt 0.716216 0.000000
vt 0.743243 1.000000
vt 0.743243 0.000000
vt 0.770270 1.000000
vt 0.770270 0.000000
vt 0.797297 1.000000
vt 0.797297 0.000000
vt 0.824324 1.000000
vt 0.824324 0.000000
vt 0.851351 1.000000
vt 0.851351 0.000000
vt 0.878378 1.000000
vt 0.878378 0.000000
vt 0.905405 1.000000
vt 0.905405 0.000000
vt 0.932432 1.000000
vt 0.932432 0.000000
vt 0.959459 1.000000
vt 0.959459 0.000000
vt 0.986486 1.000000
vt 0.986486 0.000000
vt 0.040000 1.000000
vt 0.080000 1.000000
vt 0.040000 0.000000
vt 0.120000 1.000000
vt 0.080000 0.000000
vt 0.160000 1.000000
vt 0.120000 0.000000
vt 0.200000 1.000000
vt 0.160000 0.000000
vt 0.240000 1.000000
vt 0.280000 1.000000
vt 0.240000 0.000000
vt 0.320000 1.000000
vt 0.280000 0.000000
vt 0.360000 1.000000
vt 0.320000 0.000000
vt 0.400000 1.000000
vt 0.360000 0.000000
vt 0.440000 1.000000
vt 0.480000 1.000000
vt 0.440000 0.000000
vt 0.520000 1.000000
vt 0.480000 0.000000
vt 0.560000 1.000000
vt 0.520000 0.000000
vt 0.600000 1.000000
vt 0.560000 0.000000
vt 0.640000 1.000000
vt 0.680000 1.000000
vt 0.640000 0.000000
vt 0.720000 1.000000
vt 0.680000 0.000000
vt 0.760000 1.000000
vt 0.720000 0.000000
vt 0.800000 1.000000
vt 0.760000 0.000000
vt 0.840000 1.000000
vt 0.880000 1.000000
vt 0.840000 0.000000
vt 0.920000 1.000000
vt 0.880000 0.000000
vt 0.960000 1.000000
vt 0.920000 0.000000
vt 0.960000 0.000000
vt 0.020833 1.000000
vt 0.041667 1.000000
vt 0.020833 0.000000
vt 0.062500 1.000000
vt 0.041667 0.000000
vt 0.083333 1.000000
vt 0.062500 0.000000
vt 0.104167 1.000000
vt 0.083333 0.000000
vt 0.125000 1.000000
vt 0.104167 0.000000
vt 0.145833 1.000000
vt 0.125000 0.000000
vt 0.145833 0.000000
vt 0.187500 1.000000
vt 0.208333 1.000000
vt 0.187500 0.000000
vt 0.229167 1.000000
vt 0.208333 0.000000
vt 0.250000 1.000000
vt 0.229167 0.000000
vt 0.270833 1.000000
vt 0.250000 0.000000
vt 0.291667 1.000000
vt 0.270833 0.000000
vt 0.312500 1.000000
vt 0.291667 0.000000
vt 0.312500 0.000000
vt 0.354167 1.000000
vt 0.375000 1.000000
vt 0.354167 0.000000
vt 0.395833 1.000000
vt 0.375000 0.000000
vt 0.416667 1.000000
vt 0.395833 0.000000
vt 0.437500 1.000000
vt 0.416667 0.000000
vt 0.458333 1.000000
vt 0.437500 0.000000
vt 0.479167 1.000000
vt 0.458333 0.000000
vt 0.479167 0.000000
vt 0.520833 1.000000
vt 0.541667 1.000000
vt 0.520833 0.000000
vt 0.562500 1.000000
vt 0.541667 0.000000
vt 0.583333 1.000000
vt 0.562500 0.000000
vt 0.604167 1.000000
vt 0.583333 0.000000
vt 0.625000 1.000000
vt 0.604167 0.000000
vt 0.645833 1.000000
vt 0.625000 0.000000
vt 0.645833 0.000000
vt 0.687500 1.000000
vt 0.708333 1.000000
vt 0.687500 0.000000
vt 0.729167 1.000000
vt 0.708333 0.000000
vt 0.750000 1.000000
vt 0.729167 0.000000
vt 0.770833 1.000000
vt 0.750000 0.000000
vt 0.791667 1.000000
vt 0.770833 0.000000
vt 0.812500 1.000000
vt 0.791667 0.000000
vt 0.812500 0.000000
vt 0.854167 1.000000
vt 0.875000 1.000000
vt 0.854167 0.000000
vt 0.895833 1.000000
vt 0.875000 0.000000
vt 0.916667 1.000000
vt 0.895833 0.000000
vt 0.937500 1.000000
vt 0.916667 0.000000
vt 0.958333 1.000000
vt 0.937500 0.000000
vt 0.979167 1.000000
vt 0.958333 0.000000
vt 0.979167 0.000000
vt 0.142857 1.000000
vt 0.285714 1.000000
vt 0.428571 1.000000
vt 0.571429 1.000000
vt 0.714286 1.000000
vt 0.857143 1.000000
vt 0.018182 1.000000
vt 0.036364 1.000000
vt 0.018182 0.000000
vt 0.054545 1.000000
vt 0.036364 0.000000
vt 0.072727 1.000000
vt 0.054545 0.000000
vt 0.090909 1.000000
vt 0.072727 0.000000
vt 0.109091 1.000000
vt 0.090909 0.000000
vt 0.127273 1.000000
vt 0.109091 0.000000
vt 0.145455 1.000000
vt 0.127273 0.000000
vt 0.163636 1.000000
vt 0.145455 0.000000
vt 0.181818 1.000000
vt 0.163636 0.000000
vt 0.181818 0.000000
vt 0.218182 1.000000
vt 0.236364 1.000000
vt 0.218182 0.000000
vt 0.254545 1.000000
vt 0.236364 0.000000
vt 0.272727 1.000000
vt 0.254545 0.000000
vt 0.290909 1.000000
vt 0.272727 0.000000
vt 0.309091 1.000000
vt 0.290909 0.000000
vt 0.327273 1.000000
vt 0.309091 0.000000
vt 0.345455 1.000000
vt 0.327273 0.000000
vt 0.363636 1.000000
vt 0.345455 0.000000
vt 0.381818 1.000000
vt 0.363636 0.000000
vt 0.381818 0.000000
vt 0.418182 1.000000
vt 0.436364 1.000000
vt 0.418182 0.000000
vt 0.454545 1.000000
vt 0.436364 0.000000
vt 0.472727 1.000000
vt 0.454545 0.000000
vt 0.490909 1.000000
vt 0.472727 0.000000
vt 0.509091 1.000000
vt 0.490909 0.000000
vt 0.527273 1.000000
vt 0.509091 0.000000
vt 0.545455 1.000000
vt 0.527273 0.000000
vt 0.563636 1.000000
vt 0.545455 0.000000
vt 0.581818 1.000000
vt 0.563636 0.000000
vt 0.581818 0.000000
vt 0.618182 1.000000
vt 0.636364 1.000000
vt 0.618182 0.000000
vt 0.654545 1.000000
vt 0.636364 0.000000
vt 0.672727 1.000000
vt 0.654545 0.000000
vt 0.690909 1.000000
vt 0.672727 0.000000
vt 0.709091 1.000000
vt 0.690909 0.000000
vt 0.727273 1.000000
vt 0.709091 0.000000
vt 0.745455 1.000000
vt 0.727273 0.000000
vt 0.763636 1.000000
vt 0.745455 0.000000
vt 0.781818 1.000000
vt 0.763636 0.000000
vt 0.781818 0.000000
vt 0.818182 1.000000
vt 0.836364 1.000000
vt 0.818182 0.000000
vt 0.854545 1.000000
vt 0.836364 0.000000
vt 0.872727 1.000000
vt 0.854545 0.000000
vt 0.890909 1.000000
vt 0.872727 0.000000
vt 0.909091 1.000000
vt 0.890909 0.000000
vt 0.927273 1.000000
vt 0.909091 0.000000
vt 0.945455 1.000000
vt 0.927273 0.000000
vt 0.963636 1.000000
vt 0.945455 0.000000
vt 0.981818 1.000000
vt 0.963636 0.000000
vt 0.981818 0.000000
s 0
f 13/1/1 15/2/1 14/3/1
f 13/1/1 16/4/1 15/2/1
f 12/5/1 16/4/1 13/1/1
f 12/5/1 17/6/1 16/4/1
f 11/7/1 17/6/1 12/5/1
f 11/7/1 18/8/1 17/6/1
f 11/7/1 19/9/1 18/8/1
f 10/10/1 19/9/1 11/7/1
f 10/10/1 20/11/1 19/9/1
f 53/12/1 55/13/1 54/14/1
f 53/12/1 1/15/1 55/13/1
f 9/16/1 20/11/1 10/10/1
f 9/16/1 21/17/1 20/11/1
f 9/16/1 22/18/1 21/17/1
f 8/19/1 22/18/1 9/16/1
f 8/19/1 23/20/1 22/18/1
f 7/21/1 23/20/1 8/19/1
f 7/21/1 24/22/1 23/20/1
f 7/21/1 25/23/1 24/22/1
f 6/24/1 25/23/1 7/21/1
f 6/24/1 26/25/1 25/23/1
f 5/26/1 26/25/1 6/24/1
f 5/26/1 36/27/1 26/25/1
f 36/27/1 35/28/1 26/25/1
f 35/28/1 34/29/1 26/25/1
f 34/29/1 33/30/1 26/25/1
f 33/30/1 32/31/1 26/25/1
f 32/31/1 31/32/1 26/25/1
f 31/32/1 30/33/1 26/25/1
f 30/33/1 29/34/1 26/25/1
f 29/34/1 28/35/1 26/25/1
f 28/35/1 27/36/1 26/25/1
f 4/37/1 38/38/1 5/26/1
f 38/38/1 37/39/1 5/26/1
f 37/39/1 36/27/1 5/26/1
f 3/40/1 40/41/1 4/37/1
f 40/41/1 39/42/1 4/37/1
f 39/42/1 38/38/1 4/37/1
f 3/40/1 41/43/1 40/41/1
f 3/40/1 42/44/1 41/43/1
f 2/45/1 42/44/1 3/40/1
f 2/45/1 43/46/1 42/44/1
f 2/45/1 44/47/1 43/46/1
f 53/12/1 2/45/1 1/15/1
f 53/12/1 48/48/1 2/45/1
f 48/48/1 47/49/1 2/45/1
f 47/49/1 46/50/1 2/45/1
f 46/50/1 45/51/1 2/45/1
f 45/51/1 44/47/1 2/45/1
f 53/12/1 49/52/1 48/48/1
f 53/12/1 50/53/1 49/52/1
f 53/12/1 51/54/1 50/53/1
f 53/12/1 52/55/1 51/54/1
f 90/56/1 92/57/1 91/58/1
f 90/56/1 93/59/1 92/57/1
f 89/60/1 93/59/1 90/56/1
f 89/60/1 94/61/1 93/59/1
f 88/62/1 94/61/1 89/60/1
f 88/62/1 95/63/1 94/61/1
f 87/64/1 95/63/1 88/62/1
f 87/64/1 96/65/1 95/63/1
f 86/66/1 96/65/1 87/64/1
f 86/66/1 97/67/1 96/65/1
f 85/68/1 97/67/1 86/66/1
f 85/68/1 98/69/1 97/67/1
f 84/70/1 141/71/1 85/68/1
f 141/71/1 98/69/1 85/68/1
f 84/70/1 142/72/1 141/71/1
f 140/73/1 98/69/1 141/71/1
f 84/70/1 143/74/1 142/72/1
f 139/75/1 98/69/1 140/73/1
f 84/70/1 144/76/1 143/74/1
f 138/77/1 98/69/1 139/75/1
f 138/77/1 99/78/1 98/69/1
f 84/70/1 145/79/1 144/76/1
f 83/80/1 145/79/1 84/70/1
f 137/81/1 99/78/1 138/77/1
f 83/80/1 146/82/1 145/79/1
f 136/83/1 99/78/1 137/81/1
f 83/80/1 147/84/1 146/82/1
f 135/85/1 99/78/1 136/83/1
f 83/80/1 148/86/1 147/84/1
f 134/87/1 99/78/1 135/85/1
f 82/88/1 148/86/1 83/80/1
f 134/87/1 100/89/1 99/78/1
f 82/88/1 149/90/1 148/86/1
f 133/91/1 100/89/1 134/87/1
f 82/88/1 150/92/1 149/90/1
f 132/93/1 100/89/1 133/91/1
f 81/94/1 150/92/1 82/88/1
f 132/93/1 101/95/1 100/89/1
f 81/94/1 151/96/1 150/92/1
f 131/97/1 101/95/1 132/93/1
f 81/94/1 152/98/1 151/96/1
f 130/99/1 101/95/1 131/97/1
f 80/100/1 152/98/1 81/94/1
f 80/100/1 153/101/1 152/98/1
f 130/99/1 102/102/1 101/95/1
f 154/13/1 102/102/1 130/99/1
f 80/100/1 154/13/1 153/101/1
f 80/100/1 102/102/1 154/13/1
f 79/103/1 102/102/1 80/100/1
f 79/103/1 103/104/1 102/102/1
f 78/105/1 104/106/1 79/103/1
f 104/106/1 103/104/1 79/103/1
f 78/105/1 105/35/1 104/106/1
f 77/107/1 105/35/1 78/105/1
f 77/107/1 106/108/1 105/35/1
f 77/107/1 107/109/1 106/108/1
f 76/110/1 107/109/1 77/107/1
f 76/110/1 108/111/1 107/109/1
f 75/112/1 108/111/1 76/110/1
f 75/112/1 109/113/1 108/111/1
f 127/114/1 129/115/1 128/116/1
f 75/112/1 110/117/1 109/113/1
f 126/118/1 129/115/1 127/114/1
f 125/119/1 129/115/1 126/118/1
f 74/120/1 110/117/1 75/112/1
f 74/120/1 111/121/1 110/117/1
f 124/122/1 129/115/1 125/119/1
f 123/123/1 129/115/1 124/122/1
f 74/120/1 112/124/1 111/121/1
f 122/125/1 129/115/1 123/123/1
f 74/120/1 113/126/1 112/124/1
f 121/127/1 129/115/1 122/125/1
f 73/128/1 113/126/1 74/120/1
f 120/129/1 129/115/1 121/127/1
f 73/128/1 114/130/1 113/126/1
f 119/131/1 129/115/1 120/129/1
f 73/128/1 115/132/1 114/130/1
f 118/133/1 129/115/1 119/131/1
f 117/134/1 129/115/1 118/133/1
f 73/128/1 116/135/1 115/132/1
f 116/135/1 129/115/1 117/134/1
f 73/128/1 129/115/1 116/135/1
f 72/136/1 129/115/1 73/128/1
f 72/136/1 56/15/1 129/115/1
f 71/137/1 56/15/1 72/136/1
f 71/137/1 57/138/1 56/15/1
f 71/137/1 58/139/1 57/138/1
f 70/140/1 58/139/1 71/137/1
f 70/140/1 59/141/1 58/139/1
f 70/140/1 60/142/1 59/141/1
f 69/143/1 60/142/1 70/140/1
f 69/143/1 61/144/1 60/142/1
f 69/143/1 62/145/1 61/144/1
f 68/146/1 62/145/1 69/143/1
f 68/146/1 63/147/1 62/145/1
f 68/146/1 64/148/1 63/147/1
f 68/146/1 65/149/1 64/148/1
f 67/150/1 65/149/1 68/146/1
f 67/150/1 66/151/1 65/149/1
f 160/50/1 155/15/1 161/13/1
f 160/50/1 156/10/1 155/15/1
f 156/10/1 158/35/1 157/9/1
f 156/10/1 159/39/1 158/35/1
f 160/50/1 159/39/1 156/10/1
f 208/152/1 162/15/1 209/153/1
f 208/152/1 163/154/1 162/15/1
f 207/155/1 163/154/1 208/152/1
f 207/155/1 164/156/1 163/154/1
f 206/157/1 164/156/1 207/155/1
f 206/157/1 165/158/1 164/156/1
f 205/159/1 165/158/1 206/157/1
f 205/159/1 166/160/1 165/158/1
f 204/161/1 166/160/1 205/159/1
f 204/161/1 167/162/1 166/160/1
f 203/163/1 233/164/1 204/161/1
f 233/164/1 167/162/1 204/161/1
f 203/163/1 234/165/1 233/164/1
f 232/166/1 167/162/1 233/164/1
f 203/163/1 235/167/1 234/165/1
f 231/168/1 167/162/1 232/166/1
f 203/163/1 236/169/1 235/167/1
f 230/170/1 167/162/1 231/168/1
f 230/170/1 168/171/1 167/162/1
f 202/172/1 236/169/1 203/163/1
f 202/172/1 237/173/1 236/169/1
f 229/174/1 168/171/1 230/170/1
f 202/172/1 238/175/1 237/173/1
f 228/176/1 168/171/1 229/174/1
f 228/176/1 169/177/1 168/171/1
f 201/178/1 238/175/1 202/172/1
f 201/178/1 239/179/1 238/175/1
f 227/180/1 169/177/1 228/176/1
f 201/178/1 240/181/1 239/179/1
f 226/182/1 169/177/1 227/180/1
f 226/182/1 170/183/1 169/177/1
f 200/184/1 240/181/1 201/178/1
f 200/184/1 241/185/1 240/181/1
f 225/186/1 170/183/1 226/182/1
f 225/186/1 171/187/1 170/183/1
f 199/188/1 241/185/1 200/184/1
f 199/188/1 242/189/1 241/185/1
f 224/190/1 171/187/1 225/186/1
f 223/191/1 171/187/1 224/190/1
f 199/188/1 243/192/1 242/189/1
f 223/191/1 172/193/1 171/187/1
f 198/194/1 243/192/1 199/188/1
f 222/195/1 172/193/1 223/191/1
f 198/194/1 244/196/1 243/192/1
f 222/195/1 173/197/1 172/193/1
f 197/198/1 244/196/1 198/194/1
f 221/199/1 173/197/1 222/195/1
f 197/198/1 245/200/1 244/196/1
f 196/201/1 245/200/1 197/198/1
f 196/201/1 246/202/1 245/200/1
f 220/203/1 173/197/1 221/199/1
f 220/203/1 174/204/1 173/197/1
f 219/205/1 174/204/1 220/203/1
f 196/201/1 247/206/1 246/202/1
f 219/205/1 175/207/1 174/204/1
f 195/208/1 247/206/1 196/201/1
f 218/209/1 175/207/1 219/205/1
f 195/208/1 248/210/1 247/206/1
f 218/209/1 176/211/1 175/207/1
f 194/212/1 248/210/1 195/208/1
f 217/213/1 176/211/1 218/209/1
f 194/212/1 249/214/1 248/210/1
f 217/213/1 177/215/1 176/211/1
f 193/216/1 249/214/1 194/212/1
f 216/217/1 177/215/1 217/213/1
f 193/216/1 250/218/1 249/214/1
f 215/219/1 177/215/1 216/217/1
f 193/216/1 251/220/1 250/218/1
f 215/219/1 178/221/1 177/215/1
f 192/222/1 251/220/1 193/216/1
f 214/223/1 178/221/1 215/219/1
f 192/222/1 252/224/1 251/220/1
f 213/225/1 178/221/1 214/223/1
f 192/222/1 253/226/1 252/224/1
f 213/225/1 179/227/1 178/221/1
f 191/228/1 253/226/1 192/222/1
f 212/229/1 179/227/1 213/225/1
f 191/228/1 254/230/1 253/226/1
f 211/231/1 179/227/1 212/229/1
f 191/228/1 255/232/1 254/230/1
f 211/231/1 180/233/1 179/227/1
f 190/234/1 255/232/1 191/228/1
f 210/235/1 180/233/1 211/231/1
f 190/234/1 256/236/1 255/232/1
f 257/13/1 180/233/1 210/235/1
f 190/234/1 257/13/1 256/236/1
f 190/234/1 180/233/1 257/13/1
f 190/234/1 181/237/1 180/233/1
f 189/238/1 181/237/1 190/234/1
f 189/238/1 182/239/1 181/237/1
f 188/240/1 182/239/1 189/238/1
f 188/240/1 183/241/1 182/239/1
f 187/242/1 183/241/1 188/240/1
f 187/242/1 184/243/1 183/241/1
f 186/244/1 184/243/1 187/242/1
f 186/244/1 185/245/1 184/243/1
f 292/56/1 294/57/1 293/58/1
f 292/56/1 295/59/1 294/57/1
f 291/60/1 295/59/1 292/56/1
f 291/60/1 296/61/1 295/59/1
f 290/62/1 296/61/1 291/60/1
f 290/62/1 297/63/1 296/61/1
f 289/64/1 297/63/1 290/62/1
f 289/64/1 298/65/1 297/63/1
f 288/66/1 298/65/1 289/64/1
f 288/66/1 299/67/1 298/65/1
f 287/68/1 299/67/1 288/66/1
f 287/68/1 300/69/1 299/67/1
f 286/70/1 343/71/1 287/68/1
f 343/71/1 300/69/1 287/68/1
f 286/70/1 344/72/1 343/71/1
f 342/73/1 300/69/1 343/71/1
f 286/70/1 345/74/1 344/72/1
f 341/75/1 300/69/1 342/73/1
f 286/70/1 346/76/1 345/74/1
f 340/77/1 300/69/1 341/75/1
f 340/77/1 301/78/1 300/69/1
f 286/70/1 347/79/1 346/76/1
f 285/80/1 347/79/1 286/70/1
f 339/81/1 301/78/1 340/77/1
f 285/80/1 348/82/1 347/79/1
f 338/83/1 301/78/1 339/81/1
f 285/80/1 349/84/1 348/82/1
f 337/85/1 301/78/1 338/83/1
f 285/80/1 350/86/1 349/84/1
f 336/87/1 301/78/1 337/85/1
f 284/88/1 350/86/1 285/80/1
f 336/87/1 302/89/1 301/78/1
f 284/88/1 351/90/1 350/86/1
f 335/91/1 302/89/1 336/87/1
f 284/88/1 352/92/1 351/90/1
f 334/93/1 302/89/1 335/91/1
f 283/94/1 352/92/1 284/88/1
f 334/93/1 303/95/1 302/89/1
f 283/94/1 353/96/1 352/92/1
f 333/97/1 303/95/1 334/93/1
f 283/94/1 354/98/1 353/96/1
f 332/99/1 303/95/1 333/97/1
f 282/100/1 354/98/1 283/94/1
f 282/100/1 355/101/1 354/98/1
f 332/99/1 304/102/1 303/95/1
f 356/13/1 304/102/1 332/99/1
f 282/100/1 356/13/1 355/101/1
f 282/100/1 304/102/1 356/13/1
f 281/103/1 304/102/1 282/100/1
f 281/103/1 305/104/1 304/102/1
f 280/105/1 306/106/1 281/103/1
f 306/106/1 305/104/1 281/103/1
f 280/105/1 307/35/1 306/106/1
f 279/107/1 307/35/1 280/105/1
f 279/107/1 308/108/1 307/35/1
f 279/107/1 309/109/1 308/108/1
f 278/110/1 309/109/1 279/107/1
f 278/110/1 310/111/1 309/109/1
f 277/112/1 310/111/1 278/110/1
f 277/112/1 311/113/1 310/111/1
f 329/114/1 331/115/1 330/116/1
f 277/112/1 312/117/1 311/113/1
f 328/118/1 331/115/1 329/114/1
f 327/119/1 331/115/1 328/118/1
f 276/120/1 312/117/1 277/112/1
f 276/120/1 313/121/1 312/117/1
f 326/122/1 331/115/1 327/119/1
f 325/123/1 331/115/1 326/122/1
f 276/120/1 314/124/1 313/121/1
f 324/125/1 331/115/1 325/123/1
f 276/120/1 315/126/1 314/124/1
f 323/127/1 331/115/1 324/125/1
f 275/128/1 315/126/1 276/120/1
f 322/129/1 331/115/1 323/127/1
f 275/128/1 316/130/1 315/126/1
f 321/131/1 331/115/1 322/129/1
f 275/128/1 317/132/1 316/130/1
f 320/133/1 331/115/1 321/131/1
f 319/134/1 331/115/1 320/133/1
f 275/128/1 318/135/1 317/132/1
f 318/135/1 331/115/1 319/134/1
f 275/128/1 331/115/1 318/135/1
f 274/136/1 331/115/1 275/128/1
f 274/136/1 258/15/1 331/115/1
f 273/137/1 258/15/1 274/136/1
f 273/137/1 259/138/1 258/15/1
f 273/137/1 260/139/1 259/138/1
f 272/140/1 260/139/1 273/137/1
f 272/140/1 261/141/1 260/139/1
f 272/140/1 262/142/1 261/141/1
f 271/143/1 262/142/1 272/140/1
f 271/143/1 263/144/1 262/142/1
f 271/143/1 264/145/1 263/144/1
f 270/146/1 264/145/1 271/143/1
f 270/146/1 265/147/1 264/145/1
f 270/146/1 266/148/1 265/147/1
f 270/146/1 267/149/1 266/148/1
f 269/150/1 267/149/1 270/146/1
f 269/150/1 268/151/1 267/149/1
f 368/246/1 370/247/1 369/248/1
f 392/249/1 394/250/1 393/251/1
f 367/252/1 370/247/1 368/246/1
f 367/252/1 371/253/1 370/247/1
f 391/254/1 394/250/1 392/249/1
f 391/254/1 395/255/1 394/250/1
f 366/256/1 371/253/1 367/252/1
f 366/256/1 372/257/1 371/253/1
f 390/258/1 395/255/1 391/254/1
f 365/259/1 372/257/1 366/256/1
f 365/259/1 373/260/1 372/257/1
f 390/258/1 396/261/1 395/255/1
f 389/262/1 396/261/1 390/258/1
f 364/263/1 373/260/1 365/259/1
f 461/264/1 463/13/1 462/265/1
f 461/264/1 357/15/1 463/13/1
f 364/263/1 374/266/1 373/260/1
f 388/267/1 396/261/1 389/262/1
f 363/268/1 374/266/1 364/263/1
f 388/267/1 397/269/1 396/261/1
f 363/268/1 375/270/1 374/266/1
f 362/271/1 375/270/1 363/268/1
f 387/272/1 397/269/1 388/267/1
f 362/271/1 376/273/1 375/270/1
f 387/272/1 398/274/1 397/269/1
f 361/275/1 376/273/1 362/271/1
f 386/276/1 398/274/1 387/272/1
f 361/275/1 377/277/1 376/273/1
f 360/278/1 377/277/1 361/275/1
f 385/279/1 398/274/1 386/276/1
f 385/279/1 399/280/1 398/274/1
f 360/278/1 378/281/1 377/277/1
f 359/282/1 378/281/1 360/278/1
f 384/283/1 399/280/1 385/279/1
f 359/282/1 379/284/1 378/281/1
f 358/285/1 379/284/1 359/282/1
f 384/283/1 400/286/1 399/280/1
f 383/287/1 400/286/1 384/283/1
f 358/285/1 380/288/1 379/284/1
f 357/15/1 380/288/1 358/285/1
f 382/289/1 400/286/1 383/287/1
f 382/289/1 420/290/1 400/286/1
f 420/290/1 401/291/1 400/286/1
f 461/264/1 459/292/1 357/15/1
f 459/292/1 458/293/1 357/15/1
f 458/293/1 457/294/1 357/15/1
f 457/294/1 456/295/1 357/15/1
f 456/295/1 455/296/1 357/15/1
f 455/296/1 454/297/1 357/15/1
f 454/297/1 453/298/1 357/15/1
f 453/298/1 452/299/1 357/15/1
f 452/299/1 451/300/1 357/15/1
f 451/300/1 450/301/1 357/15/1
f 450/301/1 449/302/1 357/15/1
f 449/302/1 448/303/1 357/15/1
f 448/303/1 380/288/1 357/15/1
f 448/303/1 447/304/1 380/288/1
f 447/304/1 381/305/1 380/288/1
f 381/305/1 421/306/1 382/289/1
f 421/306/1 420/290/1 382/289/1
f 446/307/1 381/305/1 447/304/1
f 419/308/1 401/291/1 420/290/1
f 381/305/1 422/309/1 421/306/1
f 445/310/1 381/305/1 446/307/1
f 418/311/1 401/291/1 419/308/1
f 381/305/1 423/312/1 422/309/1
f 444/313/1 381/305/1 445/310/1
f 417/314/1 401/291/1 418/311/1
f 381/305/1 424/315/1 423/312/1
f 443/316/1 381/305/1 444/313/1
f 443/316/1 424/315/1 381/305/1
f 416/317/1 401/291/1 417/314/1
f 443/316/1 425/318/1 424/315/1
f 416/317/1 402/319/1 401/291/1
f 442/320/1 425/318/1 443/316/1
f 442/320/1 426/321/1 425/318/1
f 415/322/1 402/319/1 416/317/1
f 442/320/1 427/323/1 426/321/1
f 441/324/1 427/323/1 442/320/1
f 414/325/1 402/319/1 415/322/1
f 441/324/1 428/326/1 427/323/1
f 440/327/1 428/326/1 441/324/1
f 413/328/1 402/319/1 414/325/1
f 440/327/1 429/329/1 428/326/1
f 413/328/1 403/330/1 402/319/1
f 439/331/1 429/329/1 440/327/1
f 439/331/1 430/332/1 429/329/1
f 412/333/1 403/330/1 413/328/1
f 439/331/1 431/334/1 430/332/1
f 438/335/1 431/334/1 439/331/1
f 411/336/1 403/330/1 412/333/1
f 438/335/1 432/337/1 431/334/1
f 411/336/1 404/338/1 403/330/1
f 437/339/1 432/337/1 438/335/1
f 461/264/1 460/340/1 459/292/1
f 437/339/1 433/341/1 432/337/1
f 410/35/1 404/338/1 411/336/1
f 436/342/1 433/341/1 437/339/1
f 409/343/1 404/338/1 410/35/1
f 409/343/1 405/344/1 404/338/1
f 435/345/1 433/341/1 436/342/1
f 408/346/1 405/344/1 409/343/1
f 408/346/1 406/347/1 405/344/1
f 434/348/1 433/341/1 435/345/1
f 407/349/1 406/347/1 408/346/1
f 561/350/1 563/351/1 562/352/1
f 560/353/1 563/351/1 561/350/1
f 560/353/1 564/354/1 563/351/1
f 559/355/1 564/354/1 560/353/1
f 558/356/1 564/354/1 559/355/1
f 558/356/1 565/357/1 564/354/1
f 557/358/1 565/357/1 558/356/1
f 557/358/1 566/359/1 565/357/1
f 556/360/1 566/359/1 557/358/1
f 555/361/1 566/359/1 556/360/1
f 555/361/1 567/362/1 566/359/1
f 554/363/1 567/362/1 555/361/1
f 554/363/1 568/364/1 567/362/1
f 553/365/1 568/364/1 554/363/1
f 552/366/1 568/364/1 553/365/1
f 552/366/1 569/367/1 568/364/1
f 551/368/1 569/367/1 552/366/1
f 551/368/1 570/369/1 569/367/1
f 550/370/1 570/369/1 551/368/1
f 549/371/1 548/372/1 550/370/1
f 548/372/1 547/373/1 550/370/1
f 547/373/1 546/374/1 550/370/1
f 546/374/1 545/375/1 550/370/1
f 545/375/1 544/376/1 550/370/1
f 544/376/1 543/377/1 550/370/1
f 543/377/1 542/378/1 550/370/1
f 542/378/1 541/379/1 550/370/1
f 541/379/1 540/380/1 550/370/1
f 540/380/1 539/381/1 550/370/1
f 539/381/1 570/369/1 550/370/1
f 539/381/1 538/382/1 570/369/1
f 538/382/1 537/383/1 570/369/1
f 537/383/1 571/384/1 570/369/1
f 537/383/1 536/385/1 571/384/1
f 536/385/1 572/386/1 571/384/1
f 535/387/1 572/386/1 536/385/1
f 534/388/1 572/386/1 535/387/1
f 533/389/1 572/386/1 534/388/1
f 532/390/1 572/386/1 533/389/1
f 531/391/1 572/386/1 532/390/1
f 531/391/1 573/392/1 572/386/1
f 530/393/1 573/392/1 531/391/1
f 529/394/1 573/392/1 530/393/1
f 528/395/1 573/392/1 529/394/1
f 528/395/1 574/396/1 573/392/1
f 527/397/1 574/396/1 528/395/1
f 526/398/1 574/396/1 527/397/1
f 526/398/1 575/399/1 574/396/1
f 525/400/1 575/399/1 526/398/1
f 524/401/1 575/399/1 525/400/1
f 523/402/1 637/13/1 524/401/1
f 637/13/1 575/399/1 524/401/1
f 522/403/1 637/13/1 523/402/1
f 521/404/1 637/13/1 522/403/1
f 520/405/1 637/13/1 521/404/1
f 519/406/1 637/13/1 520/405/1
f 519/406/1 601/407/1 637/13/1
f 636/408/1 575/399/1 637/13/1
f 519/406/1 602/409/1 601/407/1
f 518/410/1 602/409/1 519/406/1
f 518/410/1 603/411/1 602/409/1
f 517/412/1 603/411/1 518/410/1
f 517/412/1 604/413/1 603/411/1
f 516/414/1 604/413/1 517/412/1
f 516/414/1 605/415/1 604/413/1
f 516/414/1 606/416/1 605/415/1
f 515/417/1 606/416/1 516/414/1
f 515/417/1 607/418/1 606/416/1
f 514/419/1 607/418/1 515/417/1
f 514/419/1 608/420/1 607/418/1
f 514/419/1 609/421/1 608/420/1
f 513/422/1 609/421/1 514/419/1
f 513/422/1 610/423/1 609/421/1
f 513/422/1 611/424/1 610/423/1
f 512/425/1 611/424/1 513/422/1
f 512/425/1 612/426/1 611/424/1
f 511/427/1 612/426/1 512/425/1
f 511/427/1 613/428/1 612/426/1
f 511/427/1 614/429/1 613/428/1
f 510/430/1 614/429/1 511/427/1
f 510/430/1 615/431/1 614/429/1
f 510/430/1 616/432/1 615/431/1
f 635/433/1 575/399/1 636/408/1
f 509/434/1 616/432/1 510/430/1
f 634/435/1 575/399/1 635/433/1
f 509/434/1 617/436/1 616/432/1
f 633/437/1 575/399/1 634/435/1
f 598/438/1 600/439/1 599/440/1
f 633/437/1 576/441/1 575/399/1
f 509/434/1 618/442/1 617/436/1
f 597/443/1 600/439/1 598/438/1
f 632/444/1 576/441/1 633/437/1
f 632/444/1 577/445/1 576/441/1
f 596/446/1 600/439/1 597/443/1
f 508/447/1 618/442/1 509/434/1
f 508/447/1 619/448/1 618/442/1
f 632/444/1 578/449/1 577/445/1
f 631/450/1 578/449/1 632/444/1
f 595/451/1 600/439/1 596/446/1
f 631/450/1 579/452/1 578/449/1
f 630/453/1 579/452/1 631/450/1
f 594/454/1 600/439/1 595/451/1
f 508/447/1 620/455/1 619/448/1
f 630/453/1 580/456/1 579/452/1
f 593/457/1 600/439/1 594/454/1
f 629/458/1 580/456/1 630/453/1
f 629/458/1 581/459/1 580/456/1
f 592/460/1 600/439/1 593/457/1
f 508/447/1 621/461/1 620/455/1
f 629/458/1 582/462/1 581/459/1
f 628/463/1 582/462/1 629/458/1
f 591/464/1 600/439/1 592/460/1
f 628/463/1 583/465/1 582/462/1
f 507/466/1 621/461/1 508/447/1
f 590/467/1 600/439/1 591/464/1
f 507/466/1 622/468/1 621/461/1
f 627/469/1 583/465/1 628/463/1
f 627/469/1 584/470/1 583/465/1
f 589/471/1 600/439/1 590/467/1
f 627/469/1 585/472/1 584/470/1
f 588/473/1 600/439/1 589/471/1
f 626/474/1 585/472/1 627/469/1
f 626/474/1 586/475/1 585/472/1
f 587/476/1 600/439/1 588/473/1
f 626/474/1 587/476/1 586/475/1
f 507/466/1 623/477/1 622/468/1
f 626/474/1 600/439/1 587/476/1
f 625/478/1 600/439/1 626/474/1
f 507/466/1 624/479/1 623/477/1
f 624/479/1 600/439/1 625/478/1
f 507/466/1 487/480/1 624/479/1
f 487/480/1 600/439/1 624/479/1
f 506/481/1 487/480/1 507/466/1
f 506/481/1 488/482/1 487/480/1
f 486/483/1 600/439/1 487/480/1
f 505/484/1 488/482/1 506/481/1
f 505/484/1 489/485/1 488/482/1
f 485/486/1 600/439/1 486/483/1
f 485/486/1 464/15/1 600/439/1
f 504/487/1 489/485/1 505/484/1
f 504/487/1 490/488/1 489/485/1
f 484/489/1 464/15/1 485/486/1
f 484/489/1 465/490/1 464/15/1
f 504/487/1 491/491/1 490/488/1
f 483/492/1 465/490/1 484/489/1
f 503/493/1 491/491/1 504/487/1
f 483/492/1 466/494/1 465/490/1
f 503/493/1 492/495/1 491/491/1
f 482/496/1 466/494/1 483/492/1
f 482/496/1 467/497/1 466/494/1
f 502/498/1 492/495/1 503/493/1
f 502/498/1 493/499/1 492/495/1
f 481/500/1 467/497/1 482/496/1
f 481/500/1 468/501/1 467/497/1
f 502/498/1 494/502/1 493/499/1
f 480/503/1 468/501/1 481/500/1
f 480/503/1 469/504/1 468/501/1
f 501/505/1 494/502/1 502/498/1
f 501/505/1 495/506/1 494/502/1
f 479/507/1 469/504/1 480/503/1
f 479/507/1 470/508/1 469/504/1
f 501/505/1 496/509/1 495/506/1
f 479/507/1 471/510/1 470/508/1
f 478/511/1 471/510/1 479/507/1
f 500/512/1 496/509/1 501/505/1
f 478/511/1 472/513/1 471/510/1
f 500/512/1 497/514/1 496/509/1
f 477/515/1 472/513/1 478/511/1
f 477/515/1 473/516/1 472/513/1
f 500/512/1 498/517/1 497/514/1
f 476/518/1 473/516/1 477/515/1
f 499/519/1 498/517/1 500/512/1
f 476/518/1 474/520/1 473/516/1
f 475/521/1 474/520/1 476/518/1
f 672/522/1 674/523/1 673/524/1
f 672/522/1 675/525/1 674/523/1
f 672/522/1 676/526/1 675/525/1
f 672/522/1 677/527/1 676/526/1
f 671/528/1 677/527/1 672/522/1
f 671/528/1 678/529/1 677/527/1
f 671/528/1 679/530/1 678/529/1
f 671/528/1 680/531/1 679/530/1
f 670/532/1 680/531/1 671/528/1
f 670/532/1 681/533/1 680/531/1
f 670/532/1 682/534/1 681/533/1
f 669/535/1 682/534/1 670/532/1
f 669/535/1 683/536/1 682/534/1
f 669/535/1 684/537/1 683/536/1
f 668/538/1 684/537/1 669/535/1
f 668/538/1 685/539/1 684/537/1
f 668/538/1 696/540/1 685/539/1
f 696/540/1 695/541/1 685/539/1
f 695/541/1 694/542/1 685/539/1
f 694/542/1 693/543/1 685/539/1
f 693/543/1 692/544/1 685/539/1
f 692/544/1 691/545/1 685/539/1
f 691/545/1 690/546/1 685/539/1
f 690/546/1 689/547/1 685/539/1
f 689/547/1 688/548/1 685/539/1
f 688/548/1 687/549/1 685/539/1
f 687/549/1 686/550/1 685/539/1
f 667/551/1 698/552/1 668/538/1
f 698/552/1 697/553/1 668/538/1
f 697/553/1 696/540/1 668/538/1
f 667/551/1 699/554/1 698/552/1
f 667/551/1 700/555/1 699/554/1
f 667/551/1 701/556/1 700/555/1
f 666/557/1 701/556/1 667/551/1
f 666/557/1 702/558/1 701/556/1
f 666/557/1 703/559/1 702/558/1
f 665/560/1 703/559/1 666/557/1
f 665/560/1 704/561/1 703/559/1
f 665/560/1 705/562/1 704/561/1
f 664/563/1 705/562/1 665/560/1
f 664/563/1 706/564/1 705/562/1
f 663/565/1 706/564/1 664/563/1
f 663/565/1 707/566/1 706/564/1
f 663/565/1 708/567/1 707/566/1
f 662/568/1 708/567/1 663/565/1
f 662/568/1 709/569/1 708/567/1
f 661/570/1 709/569/1 662/568/1
f 661/570/1 710/571/1 709/569/1
f 661/570/1 711/572/1 710/571/1
f 660/573/1 711/572/1 661/570/1
f 736/574/1 738/575/1 737/576/1
f 736/574/1 735/577/1 738/575/1
f 735/577/1 739/13/1 738/575/1
f 660/573/1 712/578/1 711/572/1
f 659/579/1 712/578/1 660/573/1
f 659/579/1 713/580/1 712/578/1
f 734/581/1 739/13/1 735/577/1
f 658/582/1 713/580/1 659/579/1
f 658/582/1 714/583/1 713/580/1
f 658/582/1 715/584/1 714/583/1
f 657/585/1 715/584/1 658/582/1
f 657/585/1 716/586/1 715/584/1
f 656/587/1 716/586/1 657/585/1
f 656/587/1 717/588/1 716/586/1
f 656/587/1 718/589/1 717/588/1
f 655/590/1 718/589/1 656/587/1
f 655/590/1 719/591/1 718/589/1
f 733/592/1 739/13/1 734/581/1
f 732/593/1 739/13/1 733/592/1
f 731/594/1 739/13/1 732/593/1
f 655/590/1 720/595/1 719/591/1
f 730/596/1 739/13/1 731/594/1
f 729/597/1 739/13/1 730/596/1
f 728/598/1 739/13/1 729/597/1
f 655/590/1 721/599/1 720/595/1
f 654/600/1 721/599/1 655/590/1
f 727/601/1 739/13/1 728/598/1
f 726/602/1 739/13/1 727/601/1
f 725/603/1 739/13/1 726/602/1
f 654/600/1 722/604/1 721/599/1
f 724/605/1 739/13/1 725/603/1
f 723/606/1 739/13/1 724/605/1
f 722/604/1 739/13/1 723/606/1
f 654/600/1 739/13/1 722/604/1
f 653/607/1 739/13/1 654/600/1
f 653/607/1 638/15/1 739/13/1
f 653/607/1 639/608/1 638/15/1
f 652/609/1 639/608/1 653/607/1
f 652/609/1 640/610/1 639/608/1
f 652/609/1 641/611/1 640/610/1
f 651/612/1 641/611/1 652/609/1
f 651/612/1 642/613/1 641/611/1
f 651/612/1 643/614/1 642/613/1
f 651/612/1 644/615/1 643/614/1
f 650/616/1 644/615/1 651/612/1
f 650/616/1 645/617/1 644/615/1
f 650/616/1 646/618/1 645/617/1
f 650/616/1 647/619/1 646/618/1
f 649/620/1 647/619/1 650/616/1
f 649/620/1 648/621/1 647/619/1
f 752/1/2 753/3/2 754/2/2
f 752/1/2 754/2/2 755/4/2
f 751/5/2 752/1/2 755/4/2
f 751/5/2 755/4/2 756/6/2
f 750/7/2 751/5/2 756/6/2
f 750/7/2 756/6/2 757/8/2
f 750/7/2 757/8/2 758/9/2
f 749/10/2 750/7/2 758/9/2
f 749/10/2 758/9/2 759/11/2
f 792/12/2 793/14/2 794/13/2
f 792/12/2 794/13/2 740/15/2
f 748/16/2 749/10/2 759/11/2
f 748/16/2 759/11/2 760/17/2
f 748/16/2 760/17/2 761/18/2
f 747/19/2 748/16/2 761/18/2
f 747/19/2 761/18/2 762/20/2
f 746/21/2 747/19/2 762/20/2
f 746/21/2 762/20/2 763/22/2
f 746/21/2 763/22/2 764/23/2
f 745/24/2 746/21/2 764/23/2
f 745/24/2 764/23/2 765/25/2
f 744/26/2 745/24/2 765/25/2
f 744/26/2 765/25/2 775/27/2
f 775/27/2 765/25/2 774/28/2
f 774/28/2 765/25/2 773/29/2
f 773/29/2 765/25/2 772/30/2
f 772/30/2 765/25/2 771/31/2
f 771/31/2 765/25/2 770/32/2
f 770/32/2 765/25/2 769/33/2
f 769/33/2 765/25/2 768/34/2
f 768/34/2 765/25/2 767/35/2
f 767/35/2 765/25/2 766/36/2
f 743/37/2 744/26/2 777/38/2
f 777/38/2 744/26/2 776/39/2
f 776/39/2 744/26/2 775/27/2
f 742/40/2 743/37/2 779/41/2
f 779/41/2 743/37/2 778/42/2
f 778/42/2 743/37/2 777/38/2
f 742/40/2 779/41/2 780/43/2
f 742/40/2 780/43/2 781/44/2
f 741/45/2 742/40/2 781/44/2
f 741/45/2 781/44/2 782/46/2
f 741/45/2 782/46/2 783/47/2
f 792/12/2 740/15/2 741/45/2
f 792/12/2 741/45/2 787/48/2
f 787/48/2 741/45/2 786/49/2
f 786/49/2 741/45/2 785/50/2
f 785/50/2 741/45/2 784/51/2
f 784/51/2 741/45/2 783/47/2
f 792/12/2 787/48/2 788/52/2
f 792/12/2 788/52/2 789/53/2
f 792/12/2 789/53/2 790/54/2
f 792/12/2 790/54/2 791/55/2
f 829/56/2 830/58/2 831/57/2
f 829/56/2 831/57/2 832/59/2
f 828/60/2 829/56/2 832/59/2
f 828/60/2 832/59/2 833/61/2
f 827/62/2 828/60/2 833/61/2
f 827/62/2 833/61/2 834/63/2
f 826/64/2 827/62/2 834/63/2
f 826/64/2 834/63/2 835/65/2
f 825/66/2 826/64/2 835/65/2
f 825/66/2 835/65/2 836/67/2
f 824/68/2 825/66/2 836/67/2
f 824/68/2 836/67/2 837/69/2
f 823/70/2 824/68/2 880/71/2
f 880/71/2 824/68/2 837/69/2
f 823/70/2 880/71/2 881/72/2
f 879/73/2 880/71/2 837/69/2
f 823/70/2 881/72/2 882/74/2
f 878/75/2 879/73/2 837/69/2
f 823/70/2 882/74/2 883/76/2
f 877/77/2 878/75/2 837/69/2
f 877/77/2 837/69/2 838/78/2
f 823/70/2 883/76/2 884/79/2
f 822/80/2 823/70/2 884/79/2
f 876/81/2 877/77/2 838/78/2
f 822/80/2 884/79/2 885/82/2
f 875/83/2 876/81/2 838/78/2
f 822/80/2 885/82/2 886/84/2
f 874/85/2 875/83/2 838/78/2
f 822/80/2 886/84/2 887/86/2
f 873/87/2 874/85/2 838/78/2
f 821/88/2 822/80/2 887/86/2
f 873/87/2 838/78/2 839/89/2
f 821/88/2 887/86/2 888/90/2
f 872/91/2 873/87/2 839/89/2
f 821/88/2 888/90/2 889/92/2
f 871/93/2 872/91/2 839/89/2
f 820/94/2 821/88/2 889/92/2
f 871/93/2 839/89/2 840/95/2
f 820/94/2 889/92/2 890/96/2
f 870/97/2 871/93/2 840/95/2
f 820/94/2 890/96/2 891/98/2
f 869/99/2 870/97/2 840/95/2
f 819/100/2 820/94/2 891/98/2
f 819/100/2 891/98/2 892/101/2
f 869/99/2 840/95/2 841/102/2
f 893/13/2 869/99/2 841/102/2
f 819/100/2 892/101/2 893/13/2
f 819/100/2 893/13/2 841/102/2
f 818/103/2 819/100/2 841/102/2
f 818/103/2 841/102/2 842/104/2
f 817/105/2 818/103/2 843/106/2
f 843/106/2 818/103/2 842/104/2
f 817/105/2 843/106/2 844/35/2
f 816/107/2 817/105/2 844/35/2
f 816/107/2 844/35/2 845/108/2
f 816/107/2 845/108/2 846/109/2
f 815/110/2 816/107/2 846/109/2
f 815/110/2 846/109/2 847/111/2
f 814/112/2 815/110/2 847/111/2
f 814/112/2 847/111/2 848/113/2
f 866/114/2 867/116/2 868/115/2
f 814/112/2 848/113/2 849/117/2
f 865/118/2 866/114/2 868/115/2
f 864/119/2 865/118/2 868/115/2
f 813/120/2 814/112/2 849/117/2
f 813/120/2 849/117/2 850/121/2
f 863/122/2 864/119/2 868/115/2
f 862/123/2 863/122/2 868/115/2
f 813/120/2 850/121/2 851/124/2
f 861/125/2 862/123/2 868/115/2
f 813/120/2 851/124/2 852/126/2
f 860/127/2 861/125/2 868/115/2
f 812/128/2 813/120/2 852/126/2
f 859/129/2 860/127/2 868/115/2
f 812/128/2 852/126/2 853/130/2
f 858/131/2 859/129/2 868/115/2
f 812/128/2 853/130/2 854/132/2
f 857/133/2 858/131/2 868/115/2
f 856/134/2 857/133/2 868/115/2
f 812/128/2 854/132/2 855/135/2
f 855/135/2 856/134/2 868/115/2
f 812/128/2 855/135/2 868/115/2
f 811/136/2 812/128/2 868/115/2
f 811/136/2 868/115/2 795/15/2
f 810/137/2 811/136/2 795/15/2
f 810/137/2 795/15/2 796/138/2
f 810/137/2 796/138/2 797/139/2
f 809/140/2 810/137/2 797/139/2
f 809/140/2 797/139/2 798/141/2
f 809/140/2 798/141/2 799/142/2
f 808/143/2 809/140/2 799/142/2
f 808/143/2 799/142/2 800/144/2
f 808/143/2 800/144/2 801/145/2
f 807/146/2 808/143/2 801/145/2
f 807/146/2 801/145/2 802/147/2
f 807/146/2 802/147/2 803/148/2
f 807/146/2 803/148/2 804/149/2
f 806/150/2 807/146/2 804/149/2
f 806/150/2 804/149/2 805/151/2
f 899/50/2 900/13/2 894/15/2
f 899/50/2 894/15/2 895/10/2
f 895/10/2 896/9/2 897/35/2
f 895/10/2 897/35/2 898/39/2
f 899/50/2 895/10/2 898/39/2
f 947/152/2 948/153/2 901/15/2
f 947/152/2 901/15/2 902/154/2
f 946/155/2 947/152/2 902/154/2
f 946/155/2 902/154/2 903/156/2
f 945/157/2 946/155/2 903/156/2
f 945/157/2 903/156/2 904/158/2
f 944/159/2 945/157/2 904/158/2
f 944/159/2 904/158/2 905/160/2
f 943/161/2 944/159/2 905/160/2
f 943/161/2 905/160/2 906/162/2
f 942/163/2 943/161/2 972/164/2
f 972/164/2 943/161/2 906/162/2
f 942/163/2 972/164/2 973/165/2
f 971/166/2 972/164/2 906/162/2
f 942/163/2 973/165/2 974/167/2
f 970/168/2 971/166/2 906/162/2
f 942/163/2 974/167/2 975/169/2
f 969/170/2 970/168/2 906/162/2
f 969/170/2 906/162/2 907/171/2
f 941/172/2 942/163/2 975/169/2
f 941/172/2 975/169/2 976/173/2
f 968/174/2 969/170/2 907/171/2
f 941/172/2 976/173/2 977/175/2
f 967/176/2 968/174/2 907/171/2
f 967/176/2 907/171/2 908/177/2
f 940/178/2 941/172/2 977/175/2
f 940/178/2 977/175/2 978/179/2
f 966/180/2 967/176/2 908/177/2
f 940/178/2 978/179/2 979/181/2
f 965/182/2 966/180/2 908/177/2
f 965/182/2 908/177/2 909/183/2
f 939/184/2 940/178/2 979/181/2
f 939/184/2 979/181/2 980/185/2
f 964/186/2 965/182/2 909/183/2
f 964/186/2 909/183/2 910/187/2
f 938/188/2 939/184/2 980/185/2
f 938/188/2 980/185/2 981/189/2
f 963/190/2 964/186/2 910/187/2
f 962/191/2 963/190/2 910/187/2
f 938/188/2 981/189/2 982/192/2
f 962/191/2 910/187/2 911/193/2
f 937/194/2 938/188/2 982/192/2
f 961/195/2 962/191/2 911/193/2
f 937/194/2 982/192/2 983/196/2
f 961/195/2 911/193/2 912/197/2
f 936/198/2 937/194/2 983/196/2
f 960/199/2 961/195/2 912/197/2
f 936/198/2 983/196/2 984/200/2
f 935/201/2 936/198/2 984/200/2
f 935/201/2 984/200/2 985/202/2
f 959/203/2 960/199/2 912/197/2
f 959/203/2 912/197/2 913/204/2
f 958/205/2 959/203/2 913/204/2
f 935/201/2 985/202/2 986/206/2
f 958/205/2 913/204/2 914/207/2
f 934/208/2 935/201/2 986/206/2
f 957/209/2 958/205/2 914/207/2
f 934/208/2 986/206/2 987/210/2
f 957/209/2 914/207/2 915/211/2
f 933/212/2 934/208/2 987/210/2
f 956/213/2 957/209/2 915/211/2
f 933/212/2 987/210/2 988/214/2
f 956/213/2 915/211/2 916/215/2
f 932/216/2 933/212/2 988/214/2
f 955/217/2 956/213/2 916/215/2
f 932/216/2 988/214/2 989/218/2
f 954/219/2 955/217/2 916/215/2
f 932/216/2 989/218/2 990/220/2
f 954/219/2 916/215/2 917/221/2
f 931/222/2 932/216/2 990/220/2
f 953/223/2 954/219/2 917/221/2
f 931/222/2 990/220/2 991/224/2
f 952/225/2 953/223/2 917/221/2
f 931/222/2 991/224/2 992/226/2
f 952/225/2 917/221/2 918/227/2
f 930/228/2 931/222/2 992/226/2
f 951/229/2 952/225/2 918/227/2
f 930/228/2 992/226/2 993/230/2
f 950/231/2 951/229/2 918/227/2
f 930/228/2 993/230/2 994/232/2
f 950/231/2 918/227/2 919/233/2
f 929/234/2 930/228/2 994/232/2
f 949/235/2 950/231/2 919/233/2
f 929/234/2 994/232/2 995/236/2
f 996/13/2 949/235/2 919/233/2
f 929/234/2 995/236/2 996/13/2
f 929/234/2 996/13/2 919/233/2
f 929/234/2 919/233/2 920/237/2
f 928/238/2 929/234/2 920/237/2
f 928/238/2 920/237/2 921/239/2
f 927/240/2 928/238/2 921/239/2
f 927/240/2 921/239/2 922/241/2
f 926/242/2 927/240/2 922/241/2
f 926/242/2 922/241/2 923/243/2
f 925/244/2 926/242/2 923/243/2
f 925/244/2 923/243/2 924/245/2
f 1031/56/2 1032/58/2 1033/57/2
f 1031/56/2 1033/57/2 1034/59/2
f 1030/60/2 1031/56/2 1034/59/2
f 1030/60/2 1034/59/2 1035/61/2
f 1029/62/2 1030/60/2 1035/61/2
f 1029/62/2 1035/61/2 1036/63/2
f 1028/64/2 1029/62/2 1036/63/2
f 1028/64/2 1036/63/2 1037/65/2
f 1027/66/2 1028/64/2 1037/65/2
f 1027/66/2 1037/65/2 1038/67/2
f 1026/68/2 1027/66/2 1038/67/2
f 1026/68/2 1038/67/2 1039/69/2
f 1025/70/2 1026/68/2 1082/71/2
f 1082/71/2 1026/68/2 1039/69/2
f 1025/70/2 1082/71/2 1083/72/2
f 1081/73/2 1082/71/2 1039/69/2
f 1025/70/2 1083/72/2 1084/74/2
f 1080/75/2 1081/73/2 1039/69/2
f 1025/70/2 1084/74/2 1085/76/2
f 1079/77/2 1080/75/2 1039/69/2
f 1079/77/2 1039/69/2 1040/78/2
f 1025/70/2 1085/76/2 1086/79/2
f 1024/80/2 1025/70/2 1086/79/2
f 1078/81/2 1079/77/2 1040/78/2
f 1024/80/2 1086/79/2 1087/82/2
f 1077/83/2 1078/81/2 1040/78/2
f 1024/80/2 1087/82/2 1088/84/2
f 1076/85/2 1077/83/2 1040/78/2
f 1024/80/2 1088/84/2 1089/86/2
f 1075/87/2 1076/85/2 1040/78/2
f 1023/88/2 1024/80/2 1089/86/2
f 1075/87/2 1040/78/2 1041/89/2
f 1023/88/2 1089/86/2 1090/90/2
f 1074/91/2 1075/87/2 1041/89/2
f 1023/88/2 1090/90/2 1091/92/2
f 1073/93/2 1074/91/2 1041/89/2
f 1022/94/2 1023/88/2 1091/92/2
f 1073/93/2 1041/89/2 1042/95/2
f 1022/94/2 1091/92/2 1092/96/2
f 1072/97/2 1073/93/2 1042/95/2
f 1022/94/2 1092/96/2 1093/98/2
f 1071/99/2 1072/97/2 1042/95/2
f 1021/100/2 1022/94/2 1093/98/2
f 1021/100/2 1093/98/2 1094/101/2
f 1071/99/2 1042/95/2 1043/102/2
f 1095/13/2 1071/99/2 1043/102/2
f 1021/100/2 1094/101/2 1095/13/2
f 1021/100/2 1095/13/2 1043/102/2
f 1020/103/2 1021/100/2 1043/102/2
f 1020/103/2 1043/102/2 1044/104/2
f 1019/105/2 1020/103/2 1045/106/2
f 1045/106/2 1020/103/2 1044/104/2
f 1019/105/2 1045/106/2 1046/35/2
f 1018/107/2 1019/105/2 1046/35/2
f 1018/107/2 1046/35/2 1047/108/2
f 1018/107/2 1047/108/2 1048/109/2
f 1017/110/2 1018/107/2 1048/109/2
f 1017/110/2 1048/109/2 1049/111/2
f 1016/112/2 1017/110/2 1049/111/2
f 1016/112/2 1049/111/2 1050/113/2
f 1068/114/2 1069/116/2 1070/115/2
f 1016/112/2 1050/113/2 1051/117/2
f 1067/118/2 1068/114/2 1070/115/2
f 1066/119/2 1067/118/2 1070/115/2
f 1015/120/2 1016/112/2 1051/117/2
f 1015/120/2 1051/117/2 1052/121/2
f 1065/122/2 1066/119/2 1070/115/2
f 1064/123/2 1065/122/2 1070/115/2
f 1015/120/2 1052/121/2 1053/124/2
f 1063/125/2 1064/123/2 1070/115/2
f 1015/120/2 1053/124/2 1054/126/2
f 1062/127/2 1063/125/2 1070/115/2
f 1014/128/2 1015/120/2 1054/126/2
f 1061/129/2 1062/127/2 1070/115/2
f 1014/128/2 1054/126/2 1055/130/2
f 1060/131/2 1061/129/2 1070/115/2
f 1014/128/2 1055/130/2 1056/132/2
f 1059/133/2 1060/131/2 1070/115/2
f 1058/134/2 1059/133/2 1070/115/2
f 1014/128/2 1056/132/2 1057/135/2
f 1057/135/2 1058/134/2 1070/115/2
f 1014/128/2 1057/135/2 1070/115/2
f 1013/136/2 1014/128/2 1070/115/2
f 1013/136/2 1070/115/2 997/15/2
f 1012/137/2 1013/136/2 997/15/2
f 1012/137/2 997/15/2 998/138/2
f 1012/137/2 998/138/2 999/139/2
f 1011/140/2 1012/137/2 999/139/2
f 1011/140/2 999/139/2 1000/141/2
f 1011/140/2 1000/141/2 1001/142/2
f 1010/143/2 1011/140/2 1001/142/2
f 1010/143/2 1001/142/2 1002/144/2
f 1010/143/2 1002/144/2 1003/145/2
f 1009/146/2 1010/143/2 1003/145/2
f 1009/146/2 1003/145/2 1004/147/2
f 1009/146/2 1004/147/2 1005/148/2
f 1009/146/2 1005/148/2 1006/149/2
f 1008/150/2 1009/146/2 1006/149/2
f 1008/150/2 1006/149/2 1007/151/2
f 1107/246/2 1108/248/2 1109/247/2
f 1131/249/2 1132/251/2 1133/250/2
f 1106/252/2 1107/246/2 1109/247/2
f 1106/252/2 1109/247/2 1110/253/2
f 1130/254/2 1131/249/2 1133/250/2
f 1130/254/2 1133/250/2 1134/255/2
f 1105/256/2 1106/252/2 1110/253/2
f 1105/256/2 1110/253/2 1111/257/2
f 1129/258/2 1130/254/2 1134/255/2
f 1104/259/2 1105/256/2 1111/257/2
f 1104/259/2 1111/257/2 1112/260/2
f 1129/258/2 1134/255/2 1135/261/2
f 1128/262/2 1129/258/2 1135/261/2
f 1103/263/2 1104/259/2 1112/260/2
f 1200/264/2 1201/265/2 1202/13/2
f 1200/264/2 1202/13/2 1096/15/2
f 1103/263/2 1112/260/2 1113/266/2
f 1127/267/2 1128/262/2 1135/261/2
f 1102/268/2 1103/263/2 1113/266/2
f 1127/267/2 1135/261/2 1136/269/2
f 1102/268/2 1113/266/2 1114/270/2
f 1101/271/2 1102/268/2 1114/270/2
f 1126/272/2 1127/267/2 1136/269/2
f 1101/271/2 1114/270/2 1115/273/2
f 1126/272/2 1136/269/2 1137/274/2
f 1100/275/2 1101/271/2 1115/273/2
f 1125/276/2 1126/272/2 1137/274/2
f 1100/275/2 1115/273/2 1116/277/2
f 1099/278/2 1100/275/2 1116/277/2
f 1124/279/2 1125/276/2 1137/274/2
f 1124/279/2 1137/274/2 1138/280/2
f 1099/278/2 1116/277/2 1117/281/2
f 1098/282/2 1099/278/2 1117/281/2
f 1123/283/2 1124/279/2 1138/280/2
f 1098/282/2 1117/281/2 1118/284/2
f 1097/285/2 1098/282/2 1118/284/2
f 1123/283/2 1138/280/2 1139/286/2
f 1122/287/2 1123/283/2 1139/286/2
f 1097/285/2 1118/284/2 1119/288/2
f 1096/15/2 1097/285/2 1119/288/2
f 1121/289/2 1122/287/2 1139/286/2
f 1121/289/2 1139/286/2 1159/290/2
f 1159/290/2 1139/286/2 1140/291/2
f 1200/264/2 1096/15/2 1198/292/2
f 1198/292/2 1096/15/2 1197/293/2
f 1197/293/2 1096/15/2 1196/294/2
f 1196/294/2 1096/15/2 1195/295/2
f 1195/295/2 1096/15/2 1194/296/2
f 1194/296/2 1096/15/2 1193/297/2
f 1193/297/2 1096/15/2 1192/298/2
f 1192/298/2 1096/15/2 1191/299/2
f 1191/299/2 1096/15/2 1190/300/2
f 1190/300/2 1096/15/2 1189/301/2
f 1189/301/2 1096/15/2 1188/302/2
f 1188/302/2 1096/15/2 1187/303/2
f 1187/303/2 1096/15/2 1119/288/2
f 1187/303/2 1119/288/2 1186/304/2
f 1186/304/2 1119/288/2 1120/305/2
f 1120/305/2 1121/289/2 1160/306/2
f 1160/306/2 1121/289/2 1159/290/2
f 1185/307/2 1186/304/2 1120/305/2
f 1158/308/2 1159/290/2 1140/291/2
f 1120/305/2 1160/306/2 1161/309/2
f 1184/310/2 1185/307/2 1120/305/2
f 1157/311/2 1158/308/2 1140/291/2
f 1120/305/2 1161/309/2 1162/312/2
f 1183/313/2 1184/310/2 1120/305/2
f 1156/314/2 1157/311/2 1140/291/2
f 1120/305/2 1162/312/2 1163/315/2
f 1182/316/2 1183/313/2 1120/305/2
f 1182/316/2 1120/305/2 1163/315/2
f 1155/317/2 1156/314/2 1140/291/2
f 1182/316/2 1163/315/2 1164/318/2
f 1155/317/2 1140/291/2 1141/319/2
f 1181/320/2 1182/316/2 1164/318/2
f 1181/320/2 1164/318/2 1165/321/2
f 1154/322/2 1155/317/2 1141/319/2
f 1181/320/2 1165/321/2 1166/323/2
f 1180/324/2 1181/320/2 1166/323/2
f 1153/325/2 1154/322/2 1141/319/2
f 1180/324/2 1166/323/2 1167/326/2
f 1179/327/2 1180/324/2 1167/326/2
f 1152/328/2 1153/325/2 1141/319/2
f 1179/327/2 1167/326/2 1168/329/2
f 1152/328/2 1141/319/2 1142/330/2
f 1178/331/2 1179/327/2 1168/329/2
f 1178/331/2 1168/329/2 1169/332/2
f 1151/333/2 1152/328/2 1142/330/2
f 1178/331/2 1169/332/2 1170/334/2
f 1177/335/2 1178/331/2 1170/334/2
f 1150/336/2 1151/333/2 1142/330/2
f 1177/335/2 1170/334/2 1171/337/2
f 1150/336/2 1142/330/2 1143/338/2
f 1176/339/2 1177/335/2 1171/337/2
f 1200/264/2 1198/292/2 1199/340/2
f 1176/339/2 1171/337/2 1172/341/2
f 1149/35/2 1150/336/2 1143/338/2
f 1175/342/2 1176/339/2 1172/341/2
f 1148/343/2 1149/35/2 1143/338/2
f 1148/343/2 1143/338/2 1144/344/2
f 1174/345/2 1175/342/2 1172/341/2
f 1147/346/2 1148/343/2 1144/344/2
f 1147/346/2 1144/344/2 1145/347/2
f 1173/348/2 1174/345/2 1172/341/2
f 1146/349/2 1147/346/2 1145/347/2
f 1300/350/2 1301/352/2 1302/351/2
f 1299/353/2 1300/350/2 1302/351/2
f 1299/353/2 1302/351/2 1303/354/2
f 1298/355/2 1299/353/2 1303/354/2
f 1297/356/2 1298/355/2 1303/354/2
f 1297/356/2 1303/354/2 1304/357/2
f 1296/358/2 1297/356/2 1304/357/2
f 1296/358/2 1304/357/2 1305/359/2
f 1295/360/2 1296/358/2 1305/359/2
f 1294/361/2 1295/360/2 1305/359/2
f 1294/361/2 1305/359/2 1306/362/2
f 1293/363/2 1294/361/2 1306/362/2
f 1293/363/2 1306/362/2 1307/364/2
f 1292/365/2 1293/363/2 1307/364/2
f 1291/366/2 1292/365/2 1307/364/2
f 1291/366/2 1307/364/2 1308/367/2
f 1290/368/2 1291/366/2 1308/367/2
f 1290/368/2 1308/367/2 1309/369/2
f 1289/370/2 1290/368/2 1309/369/2
f 1288/371/2 1289/370/2 1287/372/2
f 1287/372/2 1289/370/2 1286/373/2
f 1286/373/2 1289/370/2 1285/374/2
f 1285/374/2 1289/370/2 1284/375/2
f 1284/375/2 1289/370/2 1283/376/2
f 1283/376/2 1289/370/2 1282/377/2
f 1282/377/2 1289/370/2 1281/378/2
f 1281/378/2 1289/370/2 1280/379/2
f 1280/379/2 1289/370/2 1279/380/2
f 1279/380/2 1289/370/2 1278/381/2
f 1278/381/2 1289/370/2 1309/369/2
f 1278/381/2 1309/369/2 1277/382/2
f 1277/382/2 1309/369/2 1276/383/2
f 1276/383/2 1309/369/2 1310/384/2
f 1276/383/2 1310/384/2 1275/385/2
f 1275/385/2 1310/384/2 1311/386/2
f 1274/387/2 1275/385/2 1311/386/2
f 1273/388/2 1274/387/2 1311/386/2
f 1272/389/2 1273/388/2 1311/386/2
f 1271/390/2 1272/389/2 1311/386/2
f 1270/391/2 1271/390/2 1311/386/2
f 1270/391/2 1311/386/2 1312/392/2
f 1269/393/2 1270/391/2 1312/392/2
f 1268/394/2 1269/393/2 1312/392/2
f 1267/395/2 1268/394/2 1312/392/2
f 1267/395/2 1312/392/2 1313/396/2
f 1266/397/2 1267/395/2 1313/396/2
f 1265/398/2 1266/397/2 1313/396/2
f 1265/398/2 1313/396/2 1314/399/2
f 1264/400/2 1265/398/2 1314/399/2
f 1263/401/2 1264/400/2 1314/399/2
f 1262/402/2 1263/401/2 1376/13/2
f 1376/13/2 1263/401/2 1314/399/2
f 1261/403/2 1262/402/2 1376/13/2
f 1260/404/2 1261/403/2 1376/13/2
f 1259/405/2 1260/404/2 1376/13/2
f 1258/406/2 1259/405/2 1376/13/2
f 1258/406/2 1376/13/2 1340/407/2
f 1375/408/2 1376/13/2 1314/399/2
f 1258/406/2 1340/407/2 1341/409/2
f 1257/410/2 1258/406/2 1341/409/2
f 1257/410/2 1341/409/2 1342/411/2
f 1256/412/2 1257/410/2 1342/411/2
f 1256/412/2 1342/411/2 1343/413/2
f 1255/414/2 1256/412/2 1343/413/2
f 1255/414/2 1343/413/2 1344/415/2
f 1255/414/2 1344/415/2 1345/416/2
f 1254/417/2 1255/414/2 1345/416/2
f 1254/417/2 1345/416/2 1346/418/2
f 1253/419/2 1254/417/2 1346/418/2
f 1253/419/2 1346/418/2 1347/420/2
f 1253/419/2 1347/420/2 1348/421/2
f 1252/422/2 1253/419/2 1348/421/2
f 1252/422/2 1348/421/2 1349/423/2
f 1252/422/2 1349/423/2 1350/424/2
f 1251/425/2 1252/422/2 1350/424/2
f 1251/425/2 1350/424/2 1351/426/2
f 1250/427/2 1251/425/2 1351/426/2
f 1250/427/2 1351/426/2 1352/428/2
f 1250/427/2 1352/428/2 1353/429/2
f 1249/430/2 1250/427/2 1353/429/2
f 1249/430/2 1353/429/2 1354/431/2
f 1249/430/2 1354/431/2 1355/432/2
f 1374/433/2 1375/408/2 1314/399/2
f 1248/434/2 1249/430/2 1355/432/2
f 1373/435/2 1374/433/2 1314/399/2
f 1248/434/2 1355/432/2 1356/436/2
f 1372/437/2 1373/435/2 1314/399/2
f 1337/438/2 1338/440/2 1339/439/2
f 1372/437/2 1314/399/2 1315/441/2
f 1248/434/2 1356/436/2 1357/442/2
f 1336/443/2 1337/438/2 1339/439/2
f 1371/444/2 1372/437/2 1315/441/2
f 1371/444/2 1315/441/2 1316/445/2
f 1335/446/2 1336/443/2 1339/439/2
f 1247/447/2 1248/434/2 1357/442/2
f 1247/447/2 1357/442/2 1358/448/2
f 1371/444/2 1316/445/2 1317/449/2
f 1370/450/2 1371/444/2 1317/449/2
f 1334/451/2 1335/446/2 1339/439/2
f 1370/450/2 1317/449/2 1318/452/2
f 1369/453/2 1370/450/2 1318/452/2
f 1333/454/2 1334/451/2 1339/439/2
f 1247/447/2 1358/448/2 1359/455/2
f 1369/453/2 1318/452/2 1319/456/2
f 1332/457/2 1333/454/2 1339/439/2
f 1368/458/2 1369/453/2 1319/456/2
f 1368/458/2 1319/456/2 1320/459/2
f 1331/460/2 1332/457/2 1339/439/2
f 1247/447/2 1359/455/2 1360/461/2
f 1368/458/2 1320/459/2 1321/462/2
f 1367/463/2 1368/458/2 1321/462/2
f 1330/464/2 1331/460/2 1339/439/2
f 1367/463/2 1321/462/2 1322/465/2
f 1246/466/2 1247/447/2 1360/461/2
f 1329/467/2 1330/464/2 1339/439/2
f 1246/466/2 1360/461/2 1361/468/2
f 1366/469/2 1367/463/2 1322/465/2
f 1366/469/2 1322/465/2 1323/470/2
f 1328/471/2 1329/467/2 1339/439/2
f 1366/469/2 1323/470/2 1324/472/2
f 1327/473/2 1328/471/2 1339/439/2
f 1365/474/2 1366/469/2 1324/472/2
f 1365/474/2 1324/472/2 1325/475/2
f 1326/476/2 1327/473/2 1339/439/2
f 1365/474/2 1325/475/2 1326/476/2
f 1246/466/2 1361/468/2 1362/477/2
f 1365/474/2 1326/476/2 1339/439/2
f 1364/478/2 1365/474/2 1339/439/2
f 1246/466/2 1362/477/2 1363/479/2
f 1363/479/2 1364/478/2 1339/439/2
f 1246/466/2 1363/479/2 1226/480/2
f 1226/480/2 1363/479/2 1339/439/2
f 1245/481/2 1246/466/2 1226/480/2
f 1245/481/2 1226/480/2 1227/482/2
f 1225/483/2 1226/480/2 1339/439/2
f 1244/484/2 1245/481/2 1227/482/2
f 1244/484/2 1227/482/2 1228/485/2
f 1224/486/2 1225/483/2 1339/439/2
f 1224/486/2 1339/439/2 1203/15/2
f 1243/487/2 1244/484/2 1228/485/2
f 1243/487/2 1228/485/2 1229/488/2
f 1223/489/2 1224/486/2 1203/15/2
f 1223/489/2 1203/15/2 1204/490/2
f 1243/487/2 1229/488/2 1230/491/2
f 1222/492/2 1223/489/2 1204/490/2
f 1242/493/2 1243/487/2 1230/491/2
f 1222/492/2 1204/490/2 1205/494/2
f 1242/493/2 1230/491/2 1231/495/2
f 1221/496/2 1222/492/2 1205/494/2
f 1221/496/2 1205/494/2 1206/497/2
f 1241/498/2 1242/493/2 1231/495/2
f 1241/498/2 1231/495/2 1232/499/2
f 1220/500/2 1221/496/2 1206/497/2
f 1220/500/2 1206/497/2 1207/501/2
f 1241/498/2 1232/499/2 1233/502/2
f 1219/503/2 1220/500/2 1207/501/2
f 1219/503/2 1207/501/2 1208/504/2
f 1240/505/2 1241/498/2 1233/502/2
f 1240/505/2 1233/502/2 1234/506/2
f 1218/507/2 1219/503/2 1208/504/2
f 1218/507/2 1208/504/2 1209/508/2
f 1240/505/2 1234/506/2 1235/509/2
f 1218/507/2 1209/508/2 1210/510/2
f 1217/511/2 1218/507/2 1210/510/2
f 1239/512/2 1240/505/2 1235/509/2
f 1217/511/2 1210/510/2 1211/513/2
f 1239/512/2 1235/509/2 1236/514/2
f 1216/515/2 1217/511/2 1211/513/2
f 1216/515/2 1211/513/2 1212/516/2
f 1239/512/2 1236/514/2 1237/517/2
f 1215/518/2 1216/515/2 1212/516/2
f 1238/519/2 1239/512/2 1237/517/2
f 1215/518/2 1212/516/2 1213/520/2
f 1214/521/2 1215/518/2 1213/520/2
f 1411/522/2 1412/524/2 1413/523/2
f 1411/522/2 1413/523/2 1414/525/2
f 1411/522/2 1414/525/2 1415/526/2
f 1411/522/2 1415/526/2 1416/527/2
f 1410/528/2 1411/522/2 1416/527/2
f 1410/528/2 1416/527/2 1417/529/2
f 1410/528/2 1417/529/2 1418/530/2
f 1410/528/2 1418/530/2 1419/531/2
f 1409/532/2 1410/528/2 1419/531/2
f 1409/532/2 1419/531/2 1420/533/2
f 1409/532/2 1420/533/2 1421/534/2
f 1408/535/2 1409/532/2 1421/534/2
f 1408/535/2 1421/534/2 1422/536/2
f 1408/535/2 1422/536/2 1423/537/2
f 1407/538/2 1408/535/2 1423/537/2
f 1407/538/2 1423/537/2 1424/539/2
f 1407/538/2 1424/539/2 1435/540/2
f 1435/540/2 1424/539/2 1434/541/2
f 1434/541/2 1424/539/2 1433/542/2
f 1433/542/2 1424/539/2 1432/543/2
f 1432/543/2 1424/539/2 1431/544/2
f 1431/544/2 1424/539/2 1430/545/2
f 1430/545/2 1424/539/2 1429/546/2
f 1429/546/2 1424/539/2 1428/547/2
f 1428/547/2 1424/539/2 1427/548/2
f 1427/548/2 1424/539/2 1426/549/2
f 1426/549/2 1424/539/2 1425/550/2
f 1406/551/2 1407/538/2 1437/552/2
f 1437/552/2 1407/538/2 1436/553/2
f 1436/553/2 1407/538/2 1435/540/2
f 1406/551/2 1437/552/2 1438/554/2
f 1406/551/2 1438/554/2 1439/555/2
f 1406/551/2 1439/555/2 1440/556/2
f 1405/557/2 1406/551/2 1440/556/2
f 1405/557/2 1440/556/2 1441/558/2
f 1405/557/2 1441/558/2 1442/559/2
f 1404/560/2 1405/557/2 1442/559/2
f 1404/560/2 1442/559/2 1443/561/2
f 1404/560/2 1443/561/2 1444/562/2
f 1403/563/2 1404/560/2 1444/562/2
f 1403/563/2 1444/562/2 1445/564/2
f 1402/565/2 1403/563/2 1445/564/2
f 1402/565/2 1445/564/2 1446/566/2
f 1402/565/2 1446/566/2 1447/567/2
f 1401/568/2 1402/565/2 1447/567/2
f 1401/568/2 1447/567/2 1448/569/2
f 1400/570/2 1401/568/2 1448/569/2
f 1400/570/2 1448/569/2 1449/571/2
f 1400/570/2 1449/571/2 1450/572/2
f 1399/573/2 1400/570/2 1450/572/2
f 1475/574/2 1476/576/2 1477/575/2
f 1475/574/2 1477/575/2 1474/577/2
f 1474/577/2 1477/575/2 1478/13/2
f 1399/573/2 1450/572/2 1451/578/2
f 1398/579/2 1399/573/2 1451/578/2
f 1398/579/2 1451/578/2 1452/580/2
f 1473/581/2 1474/577/2 1478/13/2
f 1397/582/2 1398/579/2 1452/580/2
f 1397/582/2 1452/580/2 1453/583/2
f 1397/582/2 1453/583/2 1454/584/2
f 1396/585/2 1397/582/2 1454/584/2
f 1396/585/2 1454/584/2 1455/586/2
f 1395/587/2 1396/585/2 1455/586/2
f 1395/587/2 1455/586/2 1456/588/2
f 1395/587/2 1456/588/2 1457/589/2
f 1394/590/2 1395/587/2 1457/589/2
f 1394/590/2 1457/589/2 1458/591/2
f 1472/592/2 1473/581/2 1478/13/2
f 1471/593/2 1472/592/2 1478/13/2
f 1470/594/2 1471/593/2 1478/13/2
f 1394/590/2 1458/591/2 1459/595/2
f 1469/596/2 1470/594/2 1478/13/2
f 1468/597/2 1469/596/2 1478/13/2
f 1467/598/2 1468/597/2 1478/13/2
f 1394/590/2 1459/595/2 1460/599/2
f 1393/600/2 1394/590/2 1460/599/2
f 1466/601/2 1467/598/2 1478/13/2
f 1465/602/2 1466/601/2 1478/13/2
f 1464/603/2 1465/602/2 1478/13/2
f 1393/600/2 1460/599/2 1461/604/2
f 1463/605/2 1464/603/2 1478/13/2
f 1462/606/2 1463/605/2 1478/13/2
f 1461/604/2 1462/606/2 1478/13/2
f 1393/600/2 1461/604/2 1478/13/2
f 1392/607/2 1393/600/2 1478/13/2
f 1392/607/2 1478/13/2 1377/15/2
f 1392/607/2 1377/15/2 1378/608/2
f 1391/609/2 1392/607/2 1378/608/2
f 1391/609/2 1378/608/2 1379/610/2
f 1391/609/2 1379/610/2 1380/611/2
f 1390/612/2 1391/609/2 1380/611/2
f 1390/612/2 1380/611/2 1381/613/2
f 1390/612/2 1381/613/2 1382/614/2
f 1390/612/2 1382/614/2 1383/615/2
f 1389/616/2 1390/612/2 1383/615/2
f 1389/616/2 1383/615/2 1384/617/2
f 1389/616/2 1384/617/2 1385/618/2
f 1389/616/2 1385/618/2 1386/619/2
f 1388/620/2 1389/616/2 1386/619/2
f 1388/620/2 1386/619/2 1387/621/2
s 1
f 1482/622/3 1479/15/4 1480/623/4
f 1484/624/5 1481/625/3 1482/622/3
f 1486/626/6 1483/627/5 1484/624/5
f 1488/628/7 1485/629/6 1486/626/6
f 1490/630/8 1487/631/7 1488/628/7
f 1492/632/9 1489/633/8 1490/630/8
f 1494/634/10 1491/635/9 1492/632/9
f 1496/636/11 1493/637/10 1494/634/10
f 1498/638/12 1495/639/11 1496/636/11
f 1500/640/13 1497/641/12 1498/638/12
f 1502/642/14 1499/643/13 1500/640/13
f 1504/644/15 1501/645/14 1502/642/14
f 1506/646/16 1503/647/15 1504/644/15
f 1508/648/17 1505/649/16 1506/646/16
f 1510/650/18 1507/651/17 1508/648/17
f 1512/652/19 1509/653/18 1510/650/18
f 1514/654/20 1511/655/19 1512/652/19
f 1516/656/21 1513/10/20 1514/654/20
f 1518/657/22 1515/658/21 1516/656/21
f 1520/659/23 1517/660/22 1518/657/22
f 1522/661/24 1519/662/23 1520/659/23
f 1524/663/25 1521/664/24 1522/661/24
f 1526/665/26 1523/666/25 1524/663/25
f 1528/667/27 1525/668/26 1526/665/26
f 1530/669/28 1527/670/27 1528/667/27
f 1532/671/29 1529/672/28 1530/669/28
f 1534/673/30 1531/674/29 1532/671/29
f 1536/675/31 1533/676/30 1534/673/30
f 1538/677/32 1535/678/31 1536/675/31
f 1540/679/33 1537/680/32 1538/677/32
f 1542/681/34 1539/682/33 1540/679/33
f 1544/683/35 1541/684/34 1542/681/34
f 1546/685/36 1543/686/35 1544/683/35
f 1548/687/37 1545/688/36 1546/685/36
f 1550/689/38 1547/9/37 1548/687/37
f 1552/690/39 1549/691/38 1550/689/38
f 1554/692/40 1551/693/39 1552/690/39
f 1556/694/41 1553/695/40 1554/692/40
f 1558/696/42 1555/697/41 1556/694/41
f 1560/698/43 1557/699/42 1558/696/42
f 1562/700/44 1559/701/43 1560/698/43
f 1564/702/45 1561/703/44 1562/700/44
f 1566/704/46 1563/705/45 1564/702/45
f 1568/706/47 1565/707/46 1566/704/46
f 1570/708/48 1567/709/47 1568/706/47
f 1572/710/49 1569/711/48 1570/708/48
f 1574/712/50 1571/713/49 1572/710/49
f 1576/714/51 1573/715/50 1574/712/50
f 1578/716/52 1575/717/51 1576/714/51
f 1580/718/53 1577/719/52 1578/716/52
f 1582/720/54 1579/721/53 1580/718/53
f 1584/722/55 1581/35/56 1582/720/54
f 1586/723/57 1583/724/55 1584/722/55
f 1588/725/58 1585/726/57 1586/723/57
f 1590/727/59 1587/728/58 1588/725/58
f 1592/729/60 1589/730/59 1590/727/59
f 1594/731/61 1591/732/60 1592/729/60
f 1596/733/62 1593/734/61 1594/731/61
f 1598/735/63 1595/736/62 1596/733/62
f 1600/737/64 1597/738/63 1598/735/63
f 1602/739/65 1599/740/64 1600/737/64
f 1604/741/66 1601/742/65 1602/739/65
f 1606/743/67 1603/744/66 1604/741/66
f 1608/745/68 1605/746/67 1606/743/67
f 1610/747/69 1607/748/70 1608/745/68
f 1612/749/71 1609/750/69 1610/747/69
f 1614/751/72 1611/752/71 1612/749/71
f 1616/753/73 1613/754/74 1614/751/72
f 1618/755/75 1615/39/73 1616/753/73
f 1620/756/76 1617/757/75 1618/755/75
f 1622/758/77 1619/759/78 1620/756/76
f 1624/760/79 1621/761/77 1622/758/77
f 1626/762/80 1623/763/79 1624/760/79
f 1628/764/81 1625/765/80 1626/762/80
f 1630/766/82 1627/767/81 1628/764/81
f 1632/768/83 1629/769/82 1630/766/82
f 1634/770/84 1631/771/83 1632/768/83
f 1636/772/85 1633/773/84 1634/770/84
f 1638/774/86 1635/775/85 1636/772/85
f 1640/776/87 1637/777/86 1638/774/86
f 1642/778/88 1639/779/87 1640/776/87
f 1644/780/89 1641/781/88 1642/778/88
f 1646/782/90 1643/783/89 1644/780/89
f 1648/784/91 1645/785/90 1646/782/90
f 1650/786/92 1647/787/91 1648/784/91
f 1652/788/93 1649/50/92 1650/786/92
f 1654/789/94 1651/790/93 1652/788/93
f 1656/791/95 1653/792/94 1654/789/94
f 1658/793/96 1655/794/95 1656/791/95
f 1660/795/97 1657/796/98 1658/793/96
f 1662/797/99 1659/798/100 1660/795/97
f 1664/799/101 1661/800/99 1662/797/99
f 1666/801/102 1663/802/101 1664/799/101
f 1668/803/103 1665/804/102 1666/801/102
f 1670/805/104 1667/806/103 1668/803/103
f 1672/807/105 1669/808/104 1670/805/104
f 1674/809/106 1671/810/107 1672/807/105
f 1676/811/106 1673/812/106 1674/809/106
f 1678/813/108 1675/814/106 1676/811/106
f 1680/815/109 1677/816/108 1678/813/108
f 1682/817/110 1679/818/109 1680/815/109
f 1480/819/4 1681/820/110 1682/817/110
f 1686/821/111 1683/15/112 1684/623/112
f 1688/822/113 1685/823/111 1686/821/111
f 1690/824/114 1687/825/113 1688/822/113
f 1692/826/115 1689/827/114 1690/824/114
f 1694/828/116 1691/829/115 1692/826/115
f 1696/830/117 1693/831/116 1694/828/116
f 1698/832/118 1695/833/117 1696/830/117
f 1700/834/119 1697/835/118 1698/832/118
f 1702/836/120 1699/837/121 1700/834/119
f 1704/838/122 1701/839/120 1702/836/120
f 1706/840/123 1703/841/122 1704/838/122
f 1708/842/124 1705/843/123 1706/840/123
f 1710/844/125 1707/845/124 1708/842/124
f 1712/846/126 1709/847/125 1710/844/125
f 1714/848/127 1711/849/128 1712/846/126
f 1716/850/129 1713/851/127 1714/848/127
f 1718/852/130 1715/853/131 1716/850/129
f 1720/854/132 1717/855/130 1718/852/130
f 1722/856/133 1719/857/132 1720/854/132
f 1724/858/134 1721/859/133 1722/856/133
f 1726/860/135 1723/861/134 1724/858/134
f 1728/862/136 1725/863/137 1726/860/135
f 1730/864/138 1727/865/139 1728/862/136
f 1732/866/140 1729/867/138 1730/864/138
f 1734/868/141 1731/869/140 1732/866/140
f 1736/870/142 1733/871/141 1734/868/141
f 1738/872/143 1735/873/142 1736/870/142
f 1740/874/144 1737/875/143 1738/872/143
f 1742/876/145 1739/877/144 1740/874/144
f 1744/878/146 1741/879/145 1742/876/145
f 1746/880/147 1743/881/146 1744/878/146
f 1748/882/148 1745/883/147 1746/880/147
f 1750/884/149 1747/885/148 1748/882/148
f 1752/886/150 1749/887/149 1750/884/149
f 1754/888/151 1751/889/150 1752/886/150
f 1756/890/152 1753/891/151 1754/888/151
f 1758/892/153 1755/893/152 1756/890/152
f 1760/894/154 1757/895/153 1758/892/153
f 1762/896/155 1759/897/154 1760/894/154
f 1764/898/156 1761/899/155 1762/896/155
f 1766/900/157 1763/901/156 1764/898/156
f 1768/902/158 1765/903/157 1766/900/157
f 1770/904/159 1767/905/158 1768/902/158
f 1772/906/160 1769/907/159 1770/904/159
f 1774/908/161 1771/909/160 1772/906/160
f 1776/910/162 1773/911/161 1774/908/161
f 1778/912/163 1775/913/164 1776/910/162
f 1780/914/165 1777/915/163 1778/912/163
f 1782/916/166 1779/917/165 1780/914/165
f 1784/918/167 1781/919/166 1782/916/166
f 1786/920/168 1783/921/167 1784/918/167
f 1788/922/169 1785/923/168 1786/920/168
f 1790/924/170 1787/925/169 1788/922/169
f 1792/926/171 1789/927/170 1790/924/170
f 1794/928/172 1791/929/171 1792/926/171
f 1796/930/173 1793/931/172 1794/928/172
f 1798/932/174 1795/933/173 1796/930/173
f 1800/934/175 1797/935/174 1798/932/174
f 1802/936/176 1799/937/175 1800/934/175
f 1804/938/177 1801/939/176 1802/936/176
f 1806/940/178 1803/941/177 1804/938/177
f 1808/942/179 1805/943/178 1806/940/178
f 1810/944/180 1807/945/179 1808/942/179
f 1812/946/181 1809/947/180 1810/944/180
f 1814/948/182 1811/949/181 1812/946/181
f 1816/950/183 1813/951/182 1814/948/182
f 1818/952/184 1815/953/183 1816/950/183
f 1820/954/185 1817/955/184 1818/952/184
f 1822/956/186 1819/957/185 1820/954/185
f 1824/958/187 1821/959/186 1822/956/186
f 1826/960/188 1823/961/187 1824/958/187
f 1828/962/189 1825/963/188 1826/960/188
f 1830/964/190 1827/965/189 1828/962/189
f 1832/966/191 1829/967/190 1830/964/190
f 1834/968/192 1831/969/191 1832/966/191
f 1836/970/193 1833/971/192 1834/968/192
f 1838/972/194 1835/973/195 1836/970/193
f 1840/974/196 1837/975/194 1838/972/194
f 1842/976/197 1839/977/196 1840/974/196
f 1844/978/198 1841/979/197 1842/976/197
f 1846/980/199 1843/981/198 1844/978/198
f 1848/982/200 1845/983/199 1846/980/199
f 1850/984/201 1847/985/202 1848/982/200
f 1852/986/203 1849/987/201 1850/984/201
f 1854/988/204 1851/989/203 1852/986/203
f 1856/990/205 1853/991/204 1854/988/204
f 1858/992/206 1855/993/205 1856/990/205
f 1860/994/207 1857/995/206 1858/992/206
f 1862/996/208 1859/997/207 1860/994/207
f 1864/998/209 1861/999/208 1862/996/208
f 1866/1000/210 1863/1001/209 1864/998/209
f 1868/1002/211 1865/1003/210 1866/1000/210
f 1870/1004/212 1867/1005/211 1868/1002/211
f 1872/1006/213 1869/1007/212 1870/1004/212
f 1874/1008/214 1871/1009/213 1872/1006/213
f 1876/1010/215 1873/1011/214 1874/1008/214
f 1878/1012/216 1875/1013/215 1876/1010/215
f 1880/1014/217 1877/1015/216 1878/1012/216
f 1882/1016/218 1879/1017/217 1880/1014/217
f 1884/1018/219 1881/1019/218 1882/1016/218
f 1886/1020/220 1883/1021/219 1884/1018/219
f 1888/1022/221 1885/1023/220 1886/1020/220
f 1890/1024/222 1887/1025/221 1888/1022/221
f 1892/1026/223 1889/1027/222 1890/1024/222
f 1894/1028/224 1891/1029/223 1892/1026/223
f 1896/1030/225 1893/1031/224 1894/1028/224
f 1898/1032/226 1895/1033/225 1896/1030/225
f 1900/1034/227 1897/1035/226 1898/1032/226
f 1902/1036/228 1899/1037/227 1900/1034/227
f 1904/1038/229 1901/1039/228 1902/1036/228
f 1906/1040/230 1903/1041/229 1904/1038/229
f 1908/1042/231 1905/1043/230 1906/1040/230
f 1910/1044/232 1907/1045/231 1908/1042/231
f 1912/1046/233 1909/1047/234 1910/1044/232
f 1914/1048/235 1911/1049/236 1912/1046/233
f 1916/1050/237 1913/1051/238 1914/1048/235
f 1918/1052/239 1915/1053/240 1916/1050/237
f 1920/1054/241 1917/1055/239 1918/1052/239
f 1922/1056/242 1919/1057/243 1920/1054/241
f 1924/1058/244 1921/1059/245 1922/1056/242
f 1926/1060/246 1923/1061/247 1924/1058/244
f 1928/1062/248 1925/1063/249 1926/1060/246
f 1930/1064/250 1927/1065/248 1928/1062/248
f 1932/1066/251 1929/1067/250 1930/1064/250
f 1934/1068/252 1931/1069/251 1932/1066/251
f 1936/1070/253 1933/1071/252 1934/1068/252
f 1938/1072/35 1935/1073/254 1936/1070/253
f 1940/1074/255 1937/1075/256 1938/1072/35
f 1942/1076/257 1939/1077/255 1940/1074/255
f 1944/1078/258 1941/1079/257 1942/1076/257
f 1946/1080/259 1943/1081/260 1944/1078/258
f 1948/1082/261 1945/1083/259 1946/1080/259
f 1950/1084/262 1947/1085/261 1948/1082/261
f 1952/1086/263 1949/1087/262 1950/1084/262
f 1954/1088/264 1951/1089/263 1952/1086/263
f 1956/1090/265 1953/1091/264 1954/1088/264
f 1684/819/112 1955/1092/265 1956/1090/265
f 1960/1093/266 1957/15/267 1958/623/267
f 1962/1094/268 1959/1095/266 1960/1093/266
f 1964/1096/269 1961/1097/268 1962/1094/268
f 1966/1098/270 1963/1099/269 1964/1096/269
f 1968/1100/271 1965/1101/270 1966/1098/270
f 1970/1102/272 1967/1103/271 1968/1100/271
f 1972/1104/273 1969/1105/272 1970/1102/272
f 1974/1106/274 1971/1107/273 1972/1104/273
f 1976/1108/275 1973/1109/274 1974/1106/274
f 1978/1110/276 1975/1111/275 1976/1108/275
f 1980/1112/277 1977/1113/276 1978/1110/276
f 1982/1114/278 1979/1115/277 1980/1112/277
f 1984/1116/279 1981/1117/278 1982/1114/278
f 1986/1118/280 1983/1119/279 1984/1116/279
f 1988/1120/281 1985/1121/280 1986/1118/280
f 1990/1122/282 1987/1123/281 1988/1120/281
f 1992/1124/283 1989/1125/282 1990/1122/282
f 1994/1126/284 1991/1127/283 1992/1124/283
f 1996/1128/285 1993/1129/284 1994/1126/284
f 1998/1130/286 1995/1131/285 1996/1128/285
f 2000/1132/287 1997/1133/286 1998/1130/286
f 2002/1134/288 1999/1135/287 2000/1132/287
f 2004/1136/289 2001/1137/288 2002/1134/288
f 2006/1138/290 2003/1139/289 2004/1136/289
f 2008/1140/291 2005/1141/290 2006/1138/290
f 2010/1142/292 2007/1143/291 2008/1140/291
f 2012/1144/293 2009/1145/292 2010/1142/292
f 2014/1146/294 2011/1147/293 2012/1144/293
f 2016/1148/295 2013/1149/294 2014/1146/294
f 2018/1150/296 2015/1151/295 2016/1148/295
f 2020/1152/297 2017/1153/296 2018/1150/296
f 2022/1154/298 2019/1155/297 2020/1152/297
f 2024/1156/299 2021/1157/298 2022/1154/298
f 2026/1158/300 2023/1159/301 2024/1156/299
f 2028/1160/302 2025/1161/300 2026/1158/300
f 2030/1162/303 2027/1163/302 2028/1160/302
f 1958/819/267 2029/1164/303 2030/1162/303
f 2034/1165/304 2031/15/305 2032/623/305
f 2036/1166/306 2033/1167/304 2034/1165/304
f 2038/1168/307 2035/1169/306 2036/1166/306
f 2040/1170/308 2037/1171/307 2038/1168/307
f 2042/1172/309 2039/1173/308 2040/1170/308
f 2044/1174/310 2041/1175/309 2042/1172/309
f 2046/1176/311 2043/1177/310 2044/1174/310
f 2048/1178/312 2045/1179/311 2046/1176/311
f 2050/1180/313 2047/1181/312 2048/1178/312
f 2052/1182/314 2049/1183/313 2050/1180/313
f 2054/1184/315 2051/1185/314 2052/1182/314
f 2056/1186/316 2053/1187/315 2054/1184/315
f 2058/1188/317 2055/1189/316 2056/1186/316
f 2060/1190/318 2057/1191/317 2058/1188/317
f 2062/1192/319 2059/1193/318 2060/1190/318
f 2064/1194/320 2061/1195/319 2062/1192/319
f 2066/1196/321 2063/1197/320 2064/1194/320
f 2068/1198/322 2065/1199/323 2066/1196/321
f 2070/1200/324 2067/1201/322 2068/1198/322
f 2072/1202/325 2069/1203/324 2070/1200/324
f 2074/1204/326 2071/1205/325 2072/1202/325
f 2076/1206/327 2073/1207/326 2074/1204/326
f 2078/1208/328 2075/1209/327 2076/1206/327
f 2080/1210/329 2077/1211/328 2078/1208/328
f 2082/1212/330 2079/1213/329 2080/1210/329
f 2084/1214/331 2081/1215/330 2082/1212/330
f 2086/1216/332 2083/1217/331 2084/1214/331
f 2088/1218/333 2085/1219/332 2086/1216/332
f 2090/1220/334 2087/1221/333 2088/1218/333
f 2092/1222/335 2089/1223/334 2090/1220/334
f 2094/1224/336 2091/1225/335 2092/1222/335
f 2096/1226/337 2093/1227/336 2094/1224/336
f 2098/1228/338 2095/1229/337 2096/1226/337
f 2100/1230/339 2097/1231/338 2098/1228/338
f 2102/1232/340 2099/1233/339 2100/1230/339
f 2104/1234/217 2101/1235/340 2102/1232/340
f 2106/1236/341 2103/1237/217 2104/1234/217
f 2108/1238/342 2105/1239/341 2106/1236/341
f 2110/1240/343 2107/1241/342 2108/1238/342
f 2112/1242/344 2109/1243/343 2110/1240/343
f 2114/1244/345 2111/1245/344 2112/1242/344
f 2116/1246/346 2113/1247/345 2114/1244/345
f 2118/1248/347 2115/1249/346 2116/1246/346
f 2120/1250/348 2117/1251/347 2118/1248/347
f 2122/1252/349 2119/1253/348 2120/1250/348
f 2124/1254/350 2121/1255/349 2122/1252/349
f 2126/1256/351 2123/1257/350 2124/1254/350
f 2128/1258/352 2125/1259/351 2126/1256/351
f 2130/1260/353 2127/1261/352 2128/1258/352
f 2132/1262/106 2129/1263/353 2130/1260/353
f 2134/1264/354 2131/1265/106 2132/1262/106
f 2136/1266/355 2133/1267/354 2134/1264/354
f 2138/1268/356 2135/1269/355 2136/1266/355
f 2140/1270/357 2137/1271/356 2138/1268/356
f 2142/1272/358 2139/1273/357 2140/1270/357
f 2144/1274/359 2141/1275/358 2142/1272/358
f 2146/1276/360 2143/1277/359 2144/1274/359
f 2148/1278/361 2145/1279/360 2146/1276/360
f 2150/1280/362 2147/1281/361 2148/1278/361
f 2152/1282/363 2149/1283/362 2150/1280/362
f 2154/1284/364 2151/1285/363 2152/1282/363
f 2156/1286/365 2153/1287/364 2154/1284/364
f 2158/1288/366 2155/1289/365 2156/1286/365
f 2160/1290/367 2157/1291/366 2158/1288/366
f 2162/1292/368 2159/1293/367 2160/1290/367
f 2164/1294/369 2161/1295/368 2162/1292/368
f 2166/1296/370 2163/1297/369 2164/1294/369
f 2168/1298/371 2165/1299/370 2166/1296/370
f 2170/1300/372 2167/1301/371 2168/1298/371
f 2172/1302/373 2169/1303/372 2170/1300/372
f 2174/1304/374 2171/1305/373 2172/1302/373
f 2176/1306/375 2173/1307/374 2174/1304/374
f 2178/1308/376 2175/1309/375 2176/1306/375
f 2180/1310/377 2177/1311/376 2178/1308/376
f 2182/1312/378 2179/1313/377 2180/1310/377
f 2184/1314/353 2181/1315/378 2182/1312/378
f 2186/1316/106 2183/1317/353 2184/1314/353
f 2188/1318/379 2185/1319/106 2186/1316/106
f 2190/1320/179 2187/1321/379 2188/1318/379
f 2192/1322/380 2189/1323/179 2190/1320/179
f 2194/1324/381 2191/1325/380 2192/1322/380
f 2196/1326/382 2193/1327/381 2194/1324/381
f 2198/1328/383 2195/1329/382 2196/1326/382
f 2200/1330/384 2197/1331/383 2198/1328/383
f 2202/1332/385 2199/1333/384 2200/1330/384
f 2204/1334/386 2201/1335/385 2202/1332/385
f 2206/1336/387 2203/1337/388 2204/1334/386
f 2208/1338/389 2205/1339/387 2206/1336/387
f 2210/1340/390 2207/1341/389 2208/1338/389
f 2212/1342/391 2209/1343/390 2210/1340/390
f 2214/1344/392 2211/1345/391 2212/1342/391
f 2216/1346/393 2213/1347/392 2214/1344/392
f 2218/1348/394 2215/1349/393 2216/1346/393
f 2220/1350/395 2217/1351/394 2218/1348/394
f 2222/1352/396 2219/1353/395 2220/1350/395
f 2224/1354/397 2221/1355/396 2222/1352/396
f 2226/1356/398 2223/1357/397 2224/1354/397
f 2228/1358/399 2225/1359/398 2226/1356/398
f 2230/1360/400 2227/1361/399 2228/1358/399
f 2232/1362/401 2229/1363/400 2230/1360/400
f 2234/1364/402 2231/1365/401 2232/1362/401
f 2236/1366/403 2233/1367/402 2234/1364/402
f 2238/1368/353 2235/1369/403 2236/1366/403
f 2240/1370/106 2237/1371/353 2238/1368/353
f 2242/1372/108 2239/1373/106 2240/1370/106
f 2244/1374/109 2241/1375/108 2242/1372/108
f 2032/819/305 2243/1376/109 2244/1374/109
f 2248/1377/404 2245/15/405 2246/623/405
f 2250/1093/406 2247/1378/404 2248/1377/404
f 2252/1379/407 2249/1095/406 2250/1093/406
f 2254/1094/408 2251/1380/407 2252/1379/407
f 2256/1381/409 2253/1097/408 2254/1094/408
f 2258/1096/410 2255/1382/409 2256/1381/409
f 2260/1383/411 2257/1099/410 2258/1096/410
f 2262/1098/412 2259/1384/411 2260/1383/411
f 2264/1385/413 2261/1101/412 2262/1098/412
f 2266/1100/414 2263/1386/413 2264/1385/413
f 2268/1387/415 2265/1103/414 2266/1100/414
f 2270/1102/416 2267/1388/415 2268/1387/415
f 2272/1389/417 2269/1105/416 2270/1102/416
f 2274/1104/418 2271/1390/417 2272/1389/417
f 2276/1391/419 2273/1107/418 2274/1104/418
f 2278/1106/420 2275/1392/419 2276/1391/419
f 2280/1393/421 2277/1109/420 2278/1106/420
f 2282/1108/422 2279/1394/421 2280/1393/421
f 2284/1395/423 2281/1111/422 2282/1108/422
f 2286/1110/424 2283/1396/423 2284/1395/423
f 2288/1397/425 2285/1113/424 2286/1110/424
f 2290/1112/426 2287/1398/425 2288/1397/425
f 2292/1399/427 2289/1115/426 2290/1112/426
f 2294/1114/428 2291/1400/427 2292/1399/427
f 2296/1401/429 2293/1117/428 2294/1114/428
f 2298/1116/430 2295/1402/429 2296/1401/429
f 2300/1403/431 2297/1119/430 2298/1116/430
f 2302/1118/432 2299/1404/431 2300/1403/431
f 2304/1405/433 2301/1121/432 2302/1118/432
f 2306/1120/434 2303/1406/433 2304/1405/433
f 2308/1407/309 2305/1123/434 2306/1120/434
f 2310/1122/435 2307/1408/309 2308/1407/309
f 2312/1409/436 2309/1125/435 2310/1122/435
f 2314/1124/437 2311/1410/436 2312/1409/436
f 2316/1411/438 2313/1127/437 2314/1124/437
f 2318/1126/439 2315/1412/438 2316/1411/438
f 2320/720/440 2317/1129/439 2318/1126/439
f 2322/1128/441 2319/35/440 2320/720/440
f 2324/1413/442 2321/1131/441 2322/1128/441
f 2326/1130/443 2323/1414/442 2324/1413/442
f 2328/1415/444 2325/1133/443 2326/1130/443
f 2330/1132/445 2327/1416/444 2328/1415/444
f 2332/1417/446 2329/1135/445 2330/1132/445
f 2334/1134/447 2331/1418/446 2332/1417/446
f 2336/1419/448 2333/1137/447 2334/1134/447
f 2338/1136/449 2335/1420/448 2336/1419/448
f 2340/1421/450 2337/1139/449 2338/1136/449
f 2342/1138/451 2339/1422/450 2340/1421/450
f 2344/1423/452 2341/1141/451 2342/1138/451
f 2346/1140/453 2343/1424/452 2344/1423/452
f 2348/1425/454 2345/1143/453 2346/1140/453
f 2350/1142/455 2347/1426/454 2348/1425/454
f 2352/1427/456 2349/1145/455 2350/1142/455
f 2354/1144/457 2351/1428/456 2352/1427/456
f 2356/1429/458 2353/1147/457 2354/1144/457
f 2358/1146/459 2355/1430/458 2356/1429/458
f 2360/1431/460 2357/1149/459 2358/1146/459
f 2362/1148/461 2359/1432/460 2360/1431/460
f 2364/1433/462 2361/1151/461 2362/1148/461
f 2366/1150/463 2363/1434/462 2364/1433/462
f 2368/1435/464 2365/1153/463 2366/1150/463
f 2370/1152/465 2367/1436/464 2368/1435/464
f 2372/1437/466 2369/1155/465 2370/1152/465
f 2374/1154/467 2371/1438/466 2372/1437/466
f 2376/1439/468 2373/1157/467 2374/1154/467
f 2378/1156/469 2375/1440/468 2376/1439/468
f 2380/1441/470 2377/1159/469 2378/1156/469
f 2382/1158/471 2379/1442/470 2380/1441/470
f 2384/1443/472 2381/1161/471 2382/1158/471
f 2386/1160/473 2383/1444/472 2384/1443/472
f 2388/1445/474 2385/1163/473 2386/1160/473
f 2390/1162/475 2387/1446/474 2388/1445/474
f 2392/1447/476 2389/1164/475 2390/1162/475
f 2246/819/405 2391/1448/476 2392/1447/476
f 2396/1449/477 2393/15/478 2394/623/478
f 2398/1450/479 2395/1451/480 2396/1449/477
f 2400/1452/481 2397/1453/479 2398/1450/479
f 2402/1454/482 2399/1455/481 2400/1452/481
f 2404/1456/483 2401/1457/482 2402/1454/482
f 2406/1458/484 2403/237/483 2404/1456/483
f 2408/1459/485 2405/1460/484 2406/1458/484
f 2410/1461/486 2407/1462/485 2408/1459/485
f 2412/1463/487 2409/1464/486 2410/1461/486
f 2414/1465/488 2411/1466/487 2412/1463/487
f 2416/1467/489 2413/184/488 2414/1465/488
f 2418/1468/490 2415/1469/489 2416/1467/489
f 2420/1470/491 2417/1471/490 2418/1468/490
f 2422/1472/492 2419/1473/491 2420/1470/491
f 2424/1474/493 2421/1475/492 2422/1472/492
f 2426/1476/494 2423/205/493 2424/1474/493
f 2428/1477/495 2425/1478/494 2426/1476/494
f 2430/1479/496 2427/1480/495 2428/1477/495
f 2432/1481/497 2429/1482/498 2430/1479/496
f 2434/1483/499 2431/1484/497 2432/1481/497
f 2436/1485/500 2433/175/499 2434/1483/499
f 2438/1486/501 2435/1487/500 2436/1485/500
f 2440/1488/502 2437/1489/501 2438/1486/501
f 2442/1490/503 2439/1491/502 2440/1488/502
f 2394/819/478 2441/1492/503 2442/1490/503
f 2446/1493/504 2443/15/505 2444/623/505
f 2448/1494/506 2445/1495/504 2446/1493/504
f 2450/1496/507 2447/1497/506 2448/1494/506
f 2452/1498/508 2449/1499/507 2450/1496/507
f 2454/1500/509 2451/1501/508 2452/1498/508
f 2456/1502/510 2453/1503/509 2454/1500/509
f 2458/1504/511 2455/1505/510 2456/1502/510
f 2460/654/512 2457/1506/511 2458/1504/511
f 2462/1507/279 2459/10/512 2460/654/512
f 2464/1508/513 2461/1509/279 2462/1507/279
f 2466/1510/514 2463/1511/513 2464/1508/513
f 2468/1512/515 2465/1513/514 2466/1510/514
f 2470/1514/516 2467/1515/515 2468/1512/515
f 2472/1516/517 2469/1517/516 2470/1514/516
f 2474/1518/518 2471/1519/517 2472/1516/517
f 2476/687/519 2473/1520/518 2474/1518/518
f 2478/1521/520 2475/9/519 2476/687/519
f 2480/1522/521 2477/1523/520 2478/1521/520
f 2482/1524/522 2479/1525/521 2480/1522/521
f 2484/1526/523 2481/1527/522 2482/1524/522
f 2486/1528/524 2483/1529/523 2484/1526/523
f 2488/1530/525 2485/1531/524 2486/1528/524
f 2490/1532/526 2487/1533/525 2488/1530/525
f 2492/720/527 2489/1534/526 2490/1532/526
f 2494/1535/528 2491/35/527 2492/720/527
f 2496/1536/529 2493/1537/528 2494/1535/528
f 2498/1538/530 2495/1539/529 2496/1536/529
f 2500/1540/531 2497/1541/530 2498/1538/530
f 2502/1542/532 2499/1543/531 2500/1540/531
f 2504/1544/533 2501/1545/532 2502/1542/532
f 2506/1546/534 2503/1547/533 2504/1544/533
f 2508/753/535 2505/1548/534 2506/1546/534
f 2510/1549/536 2507/39/535 2508/753/535
f 2512/1550/537 2509/1551/536 2510/1549/536
f 2514/1552/538 2511/1553/537 2512/1550/537
f 2516/1554/539 2513/1555/538 2514/1552/538
f 2518/1556/540 2515/1557/539 2516/1554/539
f 2520/1558/541 2517/1559/540 2518/1556/540
f 2522/1560/542 2519/1561/541 2520/1558/541
f 2524/786/543 2521/1562/542 2522/1560/542
f 2526/1563/544 2523/50/543 2524/786/543
f 2528/1564/545 2525/1565/544 2526/1563/544
f 2530/1566/546 2527/1567/545 2528/1564/545
f 2532/1568/547 2529/1569/546 2530/1566/546
f 2534/1570/548 2531/1571/547 2532/1568/547
f 2536/1572/549 2533/1573/548 2534/1570/548
f 2538/1574/550 2535/1575/549 2536/1572/549
f 2444/819/505 2537/1576/550 2538/1574/550
f 2542/1493/551 2539/15/552 2540/623/552
f 2544/1494/553 2541/1495/551 2542/1493/551
f 2546/1496/554 2543/1497/553 2544/1494/553
f 2548/1498/555 2545/1499/554 2546/1496/554
f 2550/1500/556 2547/1501/555 2548/1498/555
f 2552/1502/557 2549/1503/556 2550/1500/556
f 2554/1504/558 2551/1505/557 2552/1502/557
f 2556/654/559 2553/1506/558 2554/1504/558
f 2558/1507/560 2555/10/559 2556/654/559
f 2560/1508/561 2557/1509/560 2558/1507/560
f 2562/1510/562 2559/1511/561 2560/1508/561
f 2564/1512/563 2561/1513/562 2562/1510/562
f 2566/1514/564 2563/1515/563 2564/1512/563
f 2568/1516/565 2565/1517/564 2566/1514/564
f 2570/1518/566 2567/1519/565 2568/1516/565
f 2572/687/567 2569/1520/566 2570/1518/566
f 2574/1521/568 2571/9/567 2572/687/567
f 2576/1522/569 2573/1523/568 2574/1521/568
f 2578/1524/570 2575/1525/569 2576/1522/569
f 2580/1526/571 2577/1527/570 2578/1524/570
f 2582/1528/572 2579/1529/571 2580/1526/571
f 2584/1530/573 2581/1531/572 2582/1528/572
f 2586/1532/574 2583/1533/573 2584/1530/573
f 2588/720/575 2585/1534/574 2586/1532/574
f 2590/1535/576 2587/35/575 2588/720/575
f 2592/1536/577 2589/1537/576 2590/1535/576
f 2594/1538/578 2591/1539/577 2592/1536/577
f 2596/1540/579 2593/1541/578 2594/1538/578
f 2598/1542/580 2595/1543/579 2596/1540/579
f 2600/1544/581 2597/1545/580 2598/1542/580
f 2602/1546/582 2599/1547/581 2600/1544/581
f 2604/753/583 2601/1548/582 2602/1546/582
f 2606/1549/584 2603/39/583 2604/753/583
f 2608/1550/585 2605/1551/584 2606/1549/584
f 2610/1552/586 2607/1553/585 2608/1550/585
f 2612/1554/587 2609/1555/586 2610/1552/586
f 2614/1556/588 2611/1557/587 2612/1554/587
f 2616/1558/589 2613/1559/588 2614/1556/588
f 2618/1560/590 2615/1561/589 2616/1558/589
f 2620/786/591 2617/1562/590 2618/1560/590
f 2622/1563/592 2619/50/591 2620/786/591
f 2624/1564/593 2621/1565/592 2622/1563/592
f 2626/1566/594 2623/1567/593 2624/1564/593
f 2628/1568/595 2625/1569/594 2626/1566/594
f 2630/1570/596 2627/1571/595 2628/1568/595
f 2632/1572/597 2629/1573/596 2630/1570/596
f 2634/1574/598 2631/1575/597 2632/1572/597
f 2540/819/552 2633/1576/598 2634/1574/598
f 2638/1577/599 2635/15/600 2636/623/600
f 2640/1578/601 2637/140/602 2638/1577/599
f 2642/1579/603 2639/70/601 2640/1578/601
f 2644/1580/604 2641/69/603 2642/1579/603
f 2646/1581/605 2643/124/604 2644/1580/604
f 2648/1582/606 2645/118/605 2646/1581/605
f 2636/819/600 2647/73/606 2648/1582/606
f 2652/1377/404 2649/15/405 2650/623/405
f 2654/1093/406 2651/1378/404 2652/1377/404
f 2656/1379/407 2653/1095/406 2654/1093/406
f 2658/1094/408 2655/1380/407 2656/1379/407
f 2660/1381/409 2657/1097/408 2658/1094/408
f 2662/1096/410 2659/1382/409 2660/1381/409
f 2664/1383/411 2661/1099/410 2662/1096/410
f 2666/1098/412 2663/1384/411 2664/1383/411
f 2668/1385/413 2665/1101/412 2666/1098/412
f 2670/1100/414 2667/1386/413 2668/1385/413
f 2672/1387/415 2669/1103/414 2670/1100/414
f 2674/1102/416 2671/1388/415 2672/1387/415
f 2676/1389/417 2673/1105/416 2674/1102/416
f 2678/1104/418 2675/1390/417 2676/1389/417
f 2680/1391/419 2677/1107/418 2678/1104/418
f 2682/1106/420 2679/1392/419 2680/1391/419
f 2684/1393/421 2681/1109/420 2682/1106/420
f 2686/1108/422 2683/1394/421 2684/1393/421
f 2688/1395/423 2685/1111/422 2686/1108/422
f 2690/1110/424 2687/1396/423 2688/1395/423
f 2692/1397/425 2689/1113/424 2690/1110/424
f 2694/1112/426 2691/1398/425 2692/1397/425
f 2696/1399/427 2693/1115/426 2694/1112/426
f 2698/1114/428 2695/1400/427 2696/1399/427
f 2700/1401/429 2697/1117/428 2698/1114/428
f 2702/1116/430 2699/1402/429 2700/1401/429
f 2704/1403/431 2701/1119/430 2702/1116/430
f 2706/1118/432 2703/1404/431 2704/1403/431
f 2708/1405/433 2705/1121/432 2706/1118/432
f 2710/1120/434 2707/1406/433 2708/1405/433
f 2712/1407/309 2709/1123/434 2710/1120/434
f 2714/1122/435 2711/1408/309 2712/1407/309
f 2716/1409/436 2713/1125/435 2714/1122/435
f 2718/1124/437 2715/1410/436 2716/1409/436
f 2720/1411/438 2717/1127/437 2718/1124/437
f 2722/1126/439 2719/1412/438 2720/1411/438
f 2724/720/440 2721/1129/439 2722/1126/439
f 2726/1128/441 2723/35/440 2724/720/440
f 2728/1413/442 2725/1131/441 2726/1128/441
f 2730/1130/443 2727/1414/442 2728/1413/442
f 2732/1415/444 2729/1133/443 2730/1130/443
f 2734/1132/445 2731/1416/444 2732/1415/444
f 2736/1417/446 2733/1135/445 2734/1132/445
f 2738/1134/447 2735/1418/446 2736/1417/446
f 2740/1419/448 2737/1137/447 2738/1134/447
f 2742/1136/449 2739/1420/448 2740/1419/448
f 2744/1421/450 2741/1139/449 2742/1136/449
f 2746/1138/451 2743/1422/450 2744/1421/450
f 2748/1423/452 2745/1141/451 2746/1138/451
f 2750/1140/453 2747/1424/452 2748/1423/452
f 2752/1425/454 2749/1143/453 2750/1140/453
f 2754/1142/455 2751/1426/454 2752/1425/454
f 2756/1427/456 2753/1145/455 2754/1142/455
f 2758/1144/457 2755/1428/456 2756/1427/456
f 2760/1429/458 2757/1147/457 2758/1144/457
f 2762/1146/459 2759/1430/458 2760/1429/458
f 2764/1431/460 2761/1149/459 2762/1146/459
f 2766/1148/461 2763/1432/460 2764/1431/460
f 2768/1433/462 2765/1151/461 2766/1148/461
f 2770/1150/463 2767/1434/462 2768/1433/462
f 2772/1435/464 2769/1153/463 2770/1150/463
f 2774/1152/465 2771/1436/464 2772/1435/464
f 2776/1437/466 2773/1155/465 2774/1152/465
f 2778/1154/467 2775/1438/466 2776/1437/466
f 2780/1439/468 2777/1157/467 2778/1154/467
f 2782/1156/469 2779/1440/468 2780/1439/468
f 2784/1441/470 2781/1159/469 2782/1156/469
f 2786/1158/471 2783/1442/470 2784/1441/470
f 2788/1443/472 2785/1161/471 2786/1158/471
f 2790/1160/473 2787/1444/472 2788/1443/472
f 2792/1445/607 2789/1163/473 2790/1160/473
f 2794/1162/475 2791/1446/474 2792/1445/607
f 2796/1447/476 2793/1164/475 2794/1162/475
f 2650/819/405 2795/1448/476 2796/1447/476
f 2800/1449/480 2797/15/478 2798/623/478
f 2802/1450/479 2799/1451/477 2800/1449/480
f 2804/1452/481 2801/1453/479 2802/1450/479
f 2806/1454/482 2803/1455/481 2804/1452/481
f 2808/1456/483 2805/1457/482 2806/1454/482
f 2810/1458/484 2807/237/483 2808/1456/483
f 2812/1459/485 2809/1460/484 2810/1458/484
f 2814/1461/486 2811/1462/608 2812/1459/485
f 2816/1463/487 2813/1464/486 2814/1461/486
f 2818/1465/488 2815/1466/487 2816/1463/487
f 2820/1467/489 2817/184/488 2818/1465/488
f 2822/1468/490 2819/1469/489 2820/1467/489
f 2824/1470/491 2821/1471/490 2822/1468/490
f 2826/1472/492 2823/1473/491 2824/1470/491
f 2828/1474/493 2825/1475/492 2826/1472/492
f 2830/1476/494 2827/205/493 2828/1474/493
f 2832/1477/495 2829/1478/494 2830/1476/494
f 2834/1479/496 2831/1480/495 2832/1477/495
f 2836/1481/497 2833/1482/496 2834/1479/496
f 2838/1483/499 2835/1484/497 2836/1481/497
f 2840/1485/500 2837/175/499 2838/1483/499
f 2842/1486/501 2839/1487/500 2840/1485/500
f 2844/1488/502 2841/1489/501 2842/1486/501
f 2846/1490/503 2843/1491/502 2844/1488/502
f 2798/819/478 2845/1492/503 2846/1490/503
f 2850/1583/609 2847/15/109 2848/623/109
f 2852/1584/610 2849/1585/609 2850/1583/609
f 2854/1586/611 2851/1587/610 2852/1584/610
f 2856/1588/612 2853/1589/611 2854/1586/611
f 2858/1590/613 2855/1591/612 2856/1588/612
f 2860/1592/614 2857/1593/613 2858/1590/613
f 2862/1594/615 2859/1595/614 2860/1592/614
f 2864/1596/616 2861/1597/615 2862/1594/615
f 2866/1598/617 2863/1599/616 2864/1596/616
f 2868/1600/618 2865/1601/617 2866/1598/617
f 2870/1456/619 2867/1602/618 2868/1600/618
f 2872/1603/620 2869/237/619 2870/1456/619
f 2874/1604/621 2871/1605/620 2872/1603/620
f 2876/1606/622 2873/1607/621 2874/1604/621
f 2878/1608/623 2875/1609/622 2876/1606/622
f 2880/1610/624 2877/1611/623 2878/1608/623
f 2882/1612/625 2879/1613/624 2880/1610/624
f 2884/1614/626 2881/1615/625 2882/1612/625
f 2886/1616/627 2883/1617/626 2884/1614/626
f 2888/1618/628 2885/1619/627 2886/1616/627
f 2890/1620/629 2887/1621/628 2888/1618/628
f 2892/1465/630 2889/1622/629 2890/1620/629
f 2894/1623/631 2891/184/632 2892/1465/630
f 2896/1624/633 2893/1625/631 2894/1623/631
f 2898/1626/634 2895/1627/633 2896/1624/633
f 2900/1628/635 2897/1629/634 2898/1626/634
f 2902/1630/636 2899/1631/635 2900/1628/635
f 2904/1632/637 2901/1633/638 2902/1630/636
f 2906/1634/639 2903/1635/637 2904/1632/637
f 2908/1636/640 2905/1637/639 2906/1634/639
f 2910/1638/641 2907/1639/642 2908/1636/640
f 2912/1640/643 2909/1641/641 2910/1638/641
f 2914/1474/644 2911/1642/643 2912/1640/643
f 2916/1643/645 2913/205/644 2914/1474/644
f 2918/1644/646 2915/1645/645 2916/1643/645
f 2920/1646/647 2917/1647/646 2918/1644/646
f 2922/1648/648 2919/1649/647 2920/1646/647
f 2924/1650/649 2921/1651/648 2922/1648/648
f 2926/1652/650 2923/1653/649 2924/1650/649
f 2928/1654/651 2925/1655/650 2926/1652/650
f 2930/1656/652 2927/1657/651 2928/1654/651
f 2932/1658/653 2929/1659/652 2930/1656/652
f 2934/1660/654 2931/1661/653 2932/1658/653
f 2936/1483/655 2933/1662/654 2934/1660/654
f 2938/1663/656 2935/175/655 2936/1483/655
f 2940/1664/657 2937/1665/656 2938/1663/656
f 2942/1666/658 2939/1667/657 2940/1664/657
f 2944/1668/659 2941/1669/658 2942/1666/658
f 2946/1670/660 2943/1671/659 2944/1668/659
f 2948/1672/661 2945/1673/660 2946/1670/660
f 2950/1674/353 2947/1675/661 2948/1672/661
f 2952/1676/106 2949/1677/353 2950/1674/353
f 2954/1678/108 2951/1679/106 2952/1676/106
f 2956/1680/109 2953/1681/108 2954/1678/108
f 2848/819/109 2955/1682/109 2956/1680/109
f 1482/622/3 1481/625/3 1479/15/4
f 1484/624/5 1483/627/5 1481/625/3
f 1486/626/6 1485/629/6 1483/627/5
f 1488/628/7 1487/631/7 1485/629/6
f 1490/630/8 1489/633/8 1487/631/7
f 1492/632/9 1491/635/9 1489/633/8
f 1494/634/10 1493/637/10 1491/635/9
f 1496/636/11 1495/639/11 1493/637/10
f 1498/638/12 1497/641/12 1495/639/11
f 1500/640/13 1499/643/13 1497/641/12
f 1502/642/14 1501/645/14 1499/643/13
f 1504/644/15 1503/647/15 1501/645/14
f 1506/646/16 1505/649/16 1503/647/15
f 1508/648/17 1507/651/17 1505/649/16
f 1510/650/18 1509/653/18 1507/651/17
f 1512/652/19 1511/655/19 1509/653/18
f 1514/654/20 1513/10/20 1511/655/19
f 1516/656/21 1515/658/21 1513/10/20
f 1518/657/22 1517/660/22 1515/658/21
f 1520/659/23 1519/662/23 1517/660/22
f 1522/661/24 1521/664/24 1519/662/23
f 1524/663/25 1523/666/25 1521/664/24
f 1526/665/26 1525/668/26 1523/666/25
f 1528/667/27 1527/670/27 1525/668/26
f 1530/669/28 1529/672/28 1527/670/27
f 1532/671/29 1531/674/29 1529/672/28
f 1534/673/30 1533/676/30 1531/674/29
f 1536/675/31 1535/678/31 1533/676/30
f 1538/677/32 1537/680/32 1535/678/31
f 1540/679/33 1539/682/33 1537/680/32
f 1542/681/34 1541/684/34 1539/682/33
f 1544/683/35 1543/686/35 1541/684/34
f 1546/685/36 1545/688/36 1543/686/35
f 1548/687/37 1547/9/37 1545/688/36
f 1550/689/38 1549/691/38 1547/9/37
f 1552/690/39 1551/693/39 1549/691/38
f 1554/692/40 1553/695/40 1551/693/39
f 1556/694/41 1555/697/41 1553/695/40
f 1558/696/42 1557/699/42 1555/697/41
f 1560/698/43 1559/701/43 1557/699/42
f 1562/700/44 1561/703/44 1559/701/43
f 1564/702/45 1563/705/45 1561/703/44
f 1566/704/46 1565/707/46 1563/705/45
f 1568/706/47 1567/709/47 1565/707/46
f 1570/708/48 1569/711/48 1567/709/47
f 1572/710/49 1571/713/49 1569/711/48
f 1574/712/50 1573/715/50 1571/713/49
f 1576/714/51 1575/717/51 1573/715/50
f 1578/716/52 1577/719/52 1575/717/51
f 1580/718/53 1579/721/53 1577/719/52
f 1582/720/54 1581/35/56 1579/721/53
f 1584/722/55 1583/724/55 1581/35/56
f 1586/723/57 1585/726/57 1583/724/55
f 1588/725/58 1587/728/58 1585/726/57
f 1590/727/59 1589/730/59 1587/728/58
f 1592/729/60 1591/732/60 1589/730/59
f 1594/731/61 1593/734/61 1591/732/60
f 1596/733/62 1595/736/62 1593/734/61
f 1598/735/63 1597/738/63 1595/736/62
f 1600/737/64 1599/740/64 1597/738/63
f 1602/739/65 1601/742/65 1599/740/64
f 1604/741/66 1603/744/66 1601/742/65
f 1606/743/67 1605/746/67 1603/744/66
f 1608/745/68 1607/748/70 1605/746/67
f 1610/747/69 1609/750/69 1607/748/70
f 1612/749/71 1611/752/71 1609/750/69
f 1614/751/72 1613/754/74 1611/752/71
f 1616/753/73 1615/39/73 1613/754/74
f 1618/755/75 1617/757/75 1615/39/73
f 1620/756/76 1619/759/78 1617/757/75
f 1622/758/77 1621/761/77 1619/759/78
f 1624/760/79 1623/763/79 1621/761/77
f 1626/762/80 1625/765/80 1623/763/79
f 1628/764/81 1627/767/81 1625/765/80
f 1630/766/82 1629/769/82 1627/767/81
f 1632/768/83 1631/771/83 1629/769/82
f 1634/770/84 1633/773/84 1631/771/83
f 1636/772/85 1635/775/85 1633/773/84
f 1638/774/86 1637/777/86 1635/775/85
f 1640/776/87 1639/779/87 1637/777/86
f 1642/778/88 1641/781/88 1639/779/87
f 1644/780/89 1643/783/89 1641/781/88
f 1646/782/90 1645/785/90 1643/783/89
f 1648/784/91 1647/787/91 1645/785/90
f 1650/786/92 1649/50/92 1647/787/91
f 1652/788/93 1651/790/93 1649/50/92
f 1654/789/94 1653/792/94 1651/790/93
f 1656/791/95 1655/794/95 1653/792/94
f 1658/793/96 1657/796/98 1655/794/95
f 1660/795/97 1659/798/100 1657/796/98
f 1662/797/99 1661/800/99 1659/798/100
f 1664/799/101 1663/802/101 1661/800/99
f 1666/801/102 1665/804/102 1663/802/101
f 1668/803/103 1667/806/103 1665/804/102
f 1670/805/104 1669/808/104 1667/806/103
f 1672/807/105 1671/810/107 1669/808/104
f 1674/809/106 1673/812/106 1671/810/107
f 1676/811/106 1675/814/106 1673/812/106
f 1678/813/108 1677/816/108 1675/814/106
f 1680/815/109 1679/818/109 1677/816/108
f 1682/817/110 1681/820/110 1679/818/109
f 1480/819/4 1479/13/4 1681/820/110
f 1686/821/111 1685/823/111 1683/15/112
f 1688/822/113 1687/825/113 1685/823/111
f 1690/824/114 1689/827/114 1687/825/113
f 1692/826/115 1691/829/115 1689/827/114
f 1694/828/116 1693/831/116 1691/829/115
f 1696/830/117 1695/833/117 1693/831/116
f 1698/832/118 1697/835/118 1695/833/117
f 1700/834/119 1699/837/121 1697/835/118
f 1702/836/120 1701/839/120 1699/837/121
f 1704/838/122 1703/841/122 1701/839/120
f 1706/840/123 1705/843/123 1703/841/122
f 1708/842/124 1707/845/124 1705/843/123
f 1710/844/125 1709/847/125 1707/845/124
f 1712/846/126 1711/849/128 1709/847/125
f 1714/848/127 1713/851/127 1711/849/128
f 1716/850/129 1715/853/131 1713/851/127
f 1718/852/130 1717/855/130 1715/853/131
f 1720/854/132 1719/857/132 1717/855/130
f 1722/856/133 1721/859/133 1719/857/132
f 1724/858/134 1723/861/134 1721/859/133
f 1726/860/135 1725/863/137 1723/861/134
f 1728/862/136 1727/865/139 1725/863/137
f 1730/864/138 1729/867/138 1727/865/139
f 1732/866/140 1731/869/140 1729/867/138
f 1734/868/141 1733/871/141 1731/869/140
f 1736/870/142 1735/873/142 1733/871/141
f 1738/872/143 1737/875/143 1735/873/142
f 1740/874/144 1739/877/144 1737/875/143
f 1742/876/145 1741/879/145 1739/877/144
f 1744/878/146 1743/881/146 1741/879/145
f 1746/880/147 1745/883/147 1743/881/146
f 1748/882/148 1747/885/148 1745/883/147
f 1750/884/149 1749/887/149 1747/885/148
f 1752/886/150 1751/889/150 1749/887/149
f 1754/888/151 1753/891/151 1751/889/150
f 1756/890/152 1755/893/152 1753/891/151
f 1758/892/153 1757/895/153 1755/893/152
f 1760/894/154 1759/897/154 1757/895/153
f 1762/896/155 1761/899/155 1759/897/154
f 1764/898/156 1763/901/156 1761/899/155
f 1766/900/157 1765/903/157 1763/901/156
f 1768/902/158 1767/905/158 1765/903/157
f 1770/904/159 1769/907/159 1767/905/158
f 1772/906/160 1771/909/160 1769/907/159
f 1774/908/161 1773/911/161 1771/909/160
f 1776/910/162 1775/913/164 1773/911/161
f 1778/912/163 1777/915/163 1775/913/164
f 1780/914/165 1779/917/165 1777/915/163
f 1782/916/166 1781/919/166 1779/917/165
f 1784/918/167 1783/921/167 1781/919/166
f 1786/920/168 1785/923/168 1783/921/167
f 1788/922/169 1787/925/169 1785/923/168
f 1790/924/170 1789/927/170 1787/925/169
f 1792/926/171 1791/929/171 1789/927/170
f 1794/928/172 1793/931/172 1791/929/171
f 1796/930/173 1795/933/173 1793/931/172
f 1798/932/174 1797/935/174 1795/933/173
f 1800/934/175 1799/937/175 1797/935/174
f 1802/936/176 1801/939/176 1799/937/175
f 1804/938/177 1803/941/177 1801/939/176
f 1806/940/178 1805/943/178 1803/941/177
f 1808/942/179 1807/945/179 1805/943/178
f 1810/944/180 1809/947/180 1807/945/179
f 1812/946/181 1811/949/181 1809/947/180
f 1814/948/182 1813/951/182 1811/949/181
f 1816/950/183 1815/953/183 1813/951/182
f 1818/952/184 1817/955/184 1815/953/183
f 1820/954/185 1819/957/185 1817/955/184
f 1822/956/186 1821/959/186 1819/957/185
f 1824/958/187 1823/961/187 1821/959/186
f 1826/960/188 1825/963/188 1823/961/187
f 1828/962/189 1827/965/189 1825/963/188
f 1830/964/190 1829/967/190 1827/965/189
f 1832/966/191 1831/969/191 1829/967/190
f 1834/968/192 1833/971/192 1831/969/191
f 1836/970/193 1835/973/195 1833/971/192
f 1838/972/194 1837/975/194 1835/973/195
f 1840/974/196 1839/977/196 1837/975/194
f 1842/976/197 1841/979/197 1839/977/196
f 1844/978/198 1843/981/198 1841/979/197
f 1846/980/199 1845/983/199 1843/981/198
f 1848/982/200 1847/985/202 1845/983/199
f 1850/984/201 1849/987/201 1847/985/202
f 1852/986/203 1851/989/203 1849/987/201
f 1854/988/204 1853/991/204 1851/989/203
f 1856/990/205 1855/993/205 1853/991/204
f 1858/992/206 1857/995/206 1855/993/205
f 1860/994/207 1859/997/207 1857/995/206
f 1862/996/208 1861/999/208 1859/997/207
f 1864/998/209 1863/1001/209 1861/999/208
f 1866/1000/210 1865/1003/210 1863/1001/209
f 1868/1002/211 1867/1005/211 1865/1003/210
f 1870/1004/212 1869/1007/212 1867/1005/211
f 1872/1006/213 1871/1009/213 1869/1007/212
f 1874/1008/214 1873/1011/214 1871/1009/213
f 1876/1010/215 1875/1013/215 1873/1011/214
f 1878/1012/216 1877/1015/216 1875/1013/215
f 1880/1014/217 1879/1017/217 1877/1015/216
f 1882/1016/218 1881/1019/218 1879/1017/217
f 1884/1018/219 1883/1021/219 1881/1019/218
f 1886/1020/220 1885/1023/220 1883/1021/219
f 1888/1022/221 1887/1025/221 1885/1023/220
f 1890/1024/222 1889/1027/222 1887/1025/221
f 1892/1026/223 1891/1029/223 1889/1027/222
f 1894/1028/224 1893/1031/224 1891/1029/223
f 1896/1030/225 1895/1033/225 1893/1031/224
f 1898/1032/226 1897/1035/226 1895/1033/225
f 1900/1034/227 1899/1037/227 1897/1035/226
f 1902/1036/228 1901/1039/228 1899/1037/227
f 1904/1038/229 1903/1041/229 1901/1039/228
f 1906/1040/230 1905/1043/230 1903/1041/229
f 1908/1042/231 1907/1045/231 1905/1043/230
f 1910/1044/232 1909/1047/234 1907/1045/231
f 1912/1046/233 1911/1049/236 1909/1047/234
f 1914/1048/235 1913/1051/238 1911/1049/236
f 1916/1050/237 1915/1053/240 1913/1051/238
f 1918/1052/239 1917/1055/239 1915/1053/240
f 1920/1054/241 1919/1057/243 1917/1055/239
f 1922/1056/242 1921/1059/245 1919/1057/243
f 1924/1058/244 1923/1061/247 1921/1059/245
f 1926/1060/246 1925/1063/249 1923/1061/247
f 1928/1062/248 1927/1065/248 1925/1063/249
f 1930/1064/250 1929/1067/250 1927/1065/248
f 1932/1066/251 1931/1069/251 1929/1067/250
f 1934/1068/252 1933/1071/252 1931/1069/251
f 1936/1070/253 1935/1073/254 1933/1071/252
f 1938/1072/35 1937/1075/256 1935/1073/254
f 1940/1074/255 1939/1077/255 1937/1075/256
f 1942/1076/257 1941/1079/257 1939/1077/255
f 1944/1078/258 1943/1081/260 1941/1079/257
f 1946/1080/259 1945/1083/259 1943/1081/260
f 1948/1082/261 1947/1085/261 1945/1083/259
f 1950/1084/262 1949/1087/262 1947/1085/261
f 1952/1086/263 1951/1089/263 1949/1087/262
f 1954/1088/264 1953/1091/264 1951/1089/263
f 1956/1090/265 1955/1092/265 1953/1091/264
f 1684/819/112 1683/13/112 1955/1092/265
f 1960/1093/266 1959/1095/266 1957/15/267
f 1962/1094/268 1961/1097/268 1959/1095/266
f 1964/1096/269 1963/1099/269 1961/1097/268
f 1966/1098/270 1965/1101/270 1963/1099/269
f 1968/1100/271 1967/1103/271 1965/1101/270
f 1970/1102/272 1969/1105/272 1967/1103/271
f 1972/1104/273 1971/1107/273 1969/1105/272
f 1974/1106/274 1973/1109/274 1971/1107/273
f 1976/1108/275 1975/1111/275 1973/1109/274
f 1978/1110/276 1977/1113/276 1975/1111/275
f 1980/1112/277 1979/1115/277 1977/1113/276
f 1982/1114/278 1981/1117/278 1979/1115/277
f 1984/1116/279 1983/1119/279 1981/1117/278
f 1986/1118/280 1985/1121/280 1983/1119/279
f 1988/1120/281 1987/1123/281 1985/1121/280
f 1990/1122/282 1989/1125/282 1987/1123/281
f 1992/1124/283 1991/1127/283 1989/1125/282
f 1994/1126/284 1993/1129/284 1991/1127/283
f 1996/1128/285 1995/1131/285 1993/1129/284
f 1998/1130/286 1997/1133/286 1995/1131/285
f 2000/1132/287 1999/1135/287 1997/1133/286
f 2002/1134/288 2001/1137/288 1999/1135/287
f 2004/1136/289 2003/1139/289 2001/1137/288
f 2006/1138/290 2005/1141/290 2003/1139/289
f 2008/1140/291 2007/1143/291 2005/1141/290
f 2010/1142/292 2009/1145/292 2007/1143/291
f 2012/1144/293 2011/1147/293 2009/1145/292
f 2014/1146/294 2013/1149/294 2011/1147/293
f 2016/1148/295 2015/1151/295 2013/1149/294
f 2018/1150/296 2017/1153/296 2015/1151/295
f 2020/1152/297 2019/1155/297 2017/1153/296
f 2022/1154/298 2021/1157/298 2019/1155/297
f 2024/1156/299 2023/1159/301 2021/1157/298
f 2026/1158/300 2025/1161/300 2023/1159/301
f 2028/1160/302 2027/1163/302 2025/1161/300
f 2030/1162/303 2029/1164/303 2027/1163/302
f 1958/819/267 1957/13/267 2029/1164/303
f 2034/1165/304 2033/1167/304 2031/15/305
f 2036/1166/306 2035/1169/306 2033/1167/304
f 2038/1168/307 2037/1171/307 2035/1169/306
f 2040/1170/308 2039/1173/308 2037/1171/307
f 2042/1172/309 2041/1175/309 2039/1173/308
f 2044/1174/310 2043/1177/310 2041/1175/309
f 2046/1176/311 2045/1179/311 2043/1177/310
f 2048/1178/312 2047/1181/312 2045/1179/311
f 2050/1180/313 2049/1183/313 2047/1181/312
f 2052/1182/314 2051/1185/314 2049/1183/313
f 2054/1184/315 2053/1187/315 2051/1185/314
f 2056/1186/316 2055/1189/316 2053/1187/315
f 2058/1188/317 2057/1191/317 2055/1189/316
f 2060/1190/318 2059/1193/318 2057/1191/317
f 2062/1192/319 2061/1195/319 2059/1193/318
f 2064/1194/320 2063/1197/320 2061/1195/319
f 2066/1196/321 2065/1199/323 2063/1197/320
f 2068/1198/322 2067/1201/322 2065/1199/323
f 2070/1200/324 2069/1203/324 2067/1201/322
f 2072/1202/325 2071/1205/325 2069/1203/324
f 2074/1204/326 2073/1207/326 2071/1205/325
f 2076/1206/327 2075/1209/327 2073/1207/326
f 2078/1208/328 2077/1211/328 2075/1209/327
f 2080/1210/329 2079/1213/329 2077/1211/328
f 2082/1212/330 2081/1215/330 2079/1213/329
f 2084/1214/331 2083/1217/331 2081/1215/330
f 2086/1216/332 2085/1219/332 2083/1217/331
f 2088/1218/333 2087/1221/333 2085/1219/332
f 2090/1220/334 2089/1223/334 2087/1221/333
f 2092/1222/335 2091/1225/335 2089/1223/334
f 2094/1224/336 2093/1227/336 2091/1225/335
f 2096/1226/337 2095/1229/337 2093/1227/336
f 2098/1228/338 2097/1231/338 2095/1229/337
f 2100/1230/339 2099/1233/339 2097/1231/338
f 2102/1232/340 2101/1235/340 2099/1233/339
f 2104/1234/217 2103/1237/217 2101/1235/340
f 2106/1236/341 2105/1239/341 2103/1237/217
f 2108/1238/342 2107/1241/342 2105/1239/341
f 2110/1240/343 2109/1243/343 2107/1241/342
f 2112/1242/344 2111/1245/344 2109/1243/343
f 2114/1244/345 2113/1247/345 2111/1245/344
f 2116/1246/346 2115/1249/346 2113/1247/345
f 2118/1248/347 2117/1251/347 2115/1249/346
f 2120/1250/348 2119/1253/348 2117/1251/347
f 2122/1252/349 2121/1255/349 2119/1253/348
f 2124/1254/350 2123/1257/350 2121/1255/349
f 2126/1256/351 2125/1259/351 2123/1257/350
f 2128/1258/352 2127/1261/352 2125/1259/351
f 2130/1260/353 2129/1263/353 2127/1261/352
f 2132/1262/106 2131/1265/106 2129/1263/353
f 2134/1264/354 2133/1267/354 2131/1265/106
f 2136/1266/355 2135/1269/355 2133/1267/354
f 2138/1268/356 2137/1271/356 2135/1269/355
f 2140/1270/357 2139/1273/357 2137/1271/356
f 2142/1272/358 2141/1275/358 2139/1273/357
f 2144/1274/359 2143/1277/359 2141/1275/358
f 2146/1276/360 2145/1279/360 2143/1277/359
f 2148/1278/361 2147/1281/361 2145/1279/360
f 2150/1280/362 2149/1283/362 2147/1281/361
f 2152/1282/363 2151/1285/363 2149/1283/362
f 2154/1284/364 2153/1287/364 2151/1285/363
f 2156/1286/365 2155/1289/365 2153/1287/364
f 2158/1288/366 2157/1291/366 2155/1289/365
f 2160/1290/367 2159/1293/367 2157/1291/366
f 2162/1292/368 2161/1295/368 2159/1293/367
f 2164/1294/369 2163/1297/369 2161/1295/368
f 2166/1296/370 2165/1299/370 2163/1297/369
f 2168/1298/371 2167/1301/371 2165/1299/370
f 2170/1300/372 2169/1303/372 2167/1301/371
f 2172/1302/373 2171/1305/373 2169/1303/372
f 2174/1304/374 2173/1307/374 2171/1305/373
f 2176/1306/375 2175/1309/375 2173/1307/374
f 2178/1308/376 2177/1311/376 2175/1309/375
f 2180/1310/377 2179/1313/377 2177/1311/376
f 2182/1312/378 2181/1315/378 2179/1313/377
f 2184/1314/353 2183/1317/353 2181/1315/378
f 2186/1316/106 2185/1319/106 2183/1317/353
f 2188/1318/379 2187/1321/379 2185/1319/106
f 2190/1320/179 2189/1323/179 2187/1321/379
f 2192/1322/380 2191/1325/380 2189/1323/179
f 2194/1324/381 2193/1327/381 2191/1325/380
f 2196/1326/382 2195/1329/382 2193/1327/381
f 2198/1328/383 2197/1331/383 2195/1329/382
f 2200/1330/384 2199/1333/384 2197/1331/383
f 2202/1332/385 2201/1335/385 2199/1333/384
f 2204/1334/386 2203/1337/388 2201/1335/385
f 2206/1336/387 2205/1339/387 2203/1337/388
f 2208/1338/389 2207/1341/389 2205/1339/387
f 2210/1340/390 2209/1343/390 2207/1341/389
f 2212/1342/391 2211/1345/391 2209/1343/390
f 2214/1344/392 2213/1347/392 2211/1345/391
f 2216/1346/393 2215/1349/393 2213/1347/392
f 2218/1348/394 2217/1351/394 2215/1349/393
f 2220/1350/395 2219/1353/395 2217/1351/394
f 2222/1352/396 2221/1355/396 2219/1353/395
f 2224/1354/397 2223/1357/397 2221/1355/396
f 2226/1356/398 2225/1359/398 2223/1357/397
f 2228/1358/399 2227/1361/399 2225/1359/398
f 2230/1360/400 2229/1363/400 2227/1361/399
f 2232/1362/401 2231/1365/401 2229/1363/400
f 2234/1364/402 2233/1367/402 2231/1365/401
f 2236/1366/403 2235/1369/403 2233/1367/402
f 2238/1368/353 2237/1371/353 2235/1369/403
f 2240/1370/106 2239/1373/106 2237/1371/353
f 2242/1372/108 2241/1375/108 2239/1373/106
f 2244/1374/109 2243/1376/109 2241/1375/108
f 2032/819/305 2031/13/305 2243/1376/109
f 2248/1377/404 2247/1378/404 2245/15/405
f 2250/1093/406 2249/1095/406 2247/1378/404
f 2252/1379/407 2251/1380/407 2249/1095/406
f 2254/1094/408 2253/1097/408 2251/1380/407
f 2256/1381/409 2255/1382/409 2253/1097/408
f 2258/1096/410 2257/1099/410 2255/1382/409
f 2260/1383/411 2259/1384/411 2257/1099/410
f 2262/1098/412 2261/1101/412 2259/1384/411
f 2264/1385/413 2263/1386/413 2261/1101/412
f 2266/1100/414 2265/1103/414 2263/1386/413
f 2268/1387/415 2267/1388/415 2265/1103/414
f 2270/1102/416 2269/1105/416 2267/1388/415
f 2272/1389/417 2271/1390/417 2269/1105/416
f 2274/1104/418 2273/1107/418 2271/1390/417
f 2276/1391/419 2275/1392/419 2273/1107/418
f 2278/1106/420 2277/1109/420 2275/1392/419
f 2280/1393/421 2279/1394/421 2277/1109/420
f 2282/1108/422 2281/1111/422 2279/1394/421
f 2284/1395/423 2283/1396/423 2281/1111/422
f 2286/1110/424 2285/1113/424 2283/1396/423
f 2288/1397/425 2287/1398/425 2285/1113/424
f 2290/1112/426 2289/1115/426 2287/1398/425
f 2292/1399/427 2291/1400/427 2289/1115/426
f 2294/1114/428 2293/1117/428 2291/1400/427
f 2296/1401/429 2295/1402/429 2293/1117/428
f 2298/1116/430 2297/1119/430 2295/1402/429
f 2300/1403/431 2299/1404/431 2297/1119/430
f 2302/1118/432 2301/1121/432 2299/1404/431
f 2304/1405/433 2303/1406/433 2301/1121/432
f 2306/1120/434 2305/1123/434 2303/1406/433
f 2308/1407/309 2307/1408/309 2305/1123/434
f 2310/1122/435 2309/1125/435 2307/1408/309
f 2312/1409/436 2311/1410/436 2309/1125/435
f 2314/1124/437 2313/1127/437 2311/1410/436
f 2316/1411/438 2315/1412/438 2313/1127/437
f 2318/1126/439 2317/1129/439 2315/1412/438
f 2320/720/440 2319/35/440 2317/1129/439
f 2322/1128/441 2321/1131/441 2319/35/440
f 2324/1413/442 2323/1414/442 2321/1131/441
f 2326/1130/443 2325/1133/443 2323/1414/442
f 2328/1415/444 2327/1416/444 2325/1133/443
f 2330/1132/445 2329/1135/445 2327/1416/444
f 2332/1417/446 2331/1418/446 2329/1135/445
f 2334/1134/447 2333/1137/447 2331/1418/446
f 2336/1419/448 2335/1420/448 2333/1137/447
f 2338/1136/449 2337/1139/449 2335/1420/448
f 2340/1421/450 2339/1422/450 2337/1139/449
f 2342/1138/451 2341/1141/451 2339/1422/450
f 2344/1423/452 2343/1424/452 2341/1141/451
f 2346/1140/453 2345/1143/453 2343/1424/452
f 2348/1425/454 2347/1426/454 2345/1143/453
f 2350/1142/455 2349/1145/455 2347/1426/454
f 2352/1427/456 2351/1428/456 2349/1145/455
f 2354/1144/457 2353/1147/457 2351/1428/456
f 2356/1429/458 2355/1430/458 2353/1147/457
f 2358/1146/459 2357/1149/459 2355/1430/458
f 2360/1431/460 2359/1432/460 2357/1149/459
f 2362/1148/461 2361/1151/461 2359/1432/460
f 2364/1433/462 2363/1434/462 2361/1151/461
f 2366/1150/463 2365/1153/463 2363/1434/462
f 2368/1435/464 2367/1436/464 2365/1153/463
f 2370/1152/465 2369/1155/465 2367/1436/464
f 2372/1437/466 2371/1438/466 2369/1155/465
f 2374/1154/467 2373/1157/467 2371/1438/466
f 2376/1439/468 2375/1440/468 2373/1157/467
f 2378/1156/469 2377/1159/469 2375/1440/468
f 2380/1441/470 2379/1442/470 2377/1159/469
f 2382/1158/471 2381/1161/471 2379/1442/470
f 2384/1443/472 2383/1444/472 2381/1161/471
f 2386/1160/473 2385/1163/473 2383/1444/472
f 2388/1445/474 2387/1446/474 2385/1163/473
f 2390/1162/475 2389/1164/475 2387/1446/474
f 2392/1447/476 2391/1448/476 2389/1164/475
f 2246/819/405 2245/13/405 2391/1448/476
f 2396/1449/477 2395/1451/480 2393/15/478
f 2398/1450/479 2397/1453/479 2395/1451/480
f 2400/1452/481 2399/1455/481 2397/1453/479
f 2402/1454/482 2401/1457/482 2399/1455/481
f 2404/1456/483 2403/237/483 2401/1457/482
f 2406/1458/484 2405/1460/484 2403/237/483
f 2408/1459/485 2407/1462/485 2405/1460/484
f 2410/1461/486 2409/1464/486 2407/1462/485
f 2412/1463/487 2411/1466/487 2409/1464/486
f 2414/1465/488 2413/184/488 2411/1466/487
f 2416/1467/489 2415/1469/489 2413/184/488
f 2418/1468/490 2417/1471/490 2415/1469/489
f 2420/1470/491 2419/1473/491 2417/1471/490
f 2422/1472/492 2421/1475/492 2419/1473/491
f 2424/1474/493 2423/205/493 2421/1475/492
f 2426/1476/494 2425/1478/494 2423/205/493
f 2428/1477/495 2427/1480/495 2425/1478/494
f 2430/1479/496 2429/1482/498 2427/1480/495
f 2432/1481/497 2431/1484/497 2429/1482/498
f 2434/1483/499 2433/175/499 2431/1484/497
f 2436/1485/500 2435/1487/500 2433/175/499
f 2438/1486/501 2437/1489/501 2435/1487/500
f 2440/1488/502 2439/1491/502 2437/1489/501
f 2442/1490/503 2441/1492/503 2439/1491/502
f 2394/819/478 2393/13/478 2441/1492/503
f 2446/1493/504 2445/1495/504 2443/15/505
f 2448/1494/506 2447/1497/506 2445/1495/504
f 2450/1496/507 2449/1499/507 2447/1497/506
f 2452/1498/508 2451/1501/508 2449/1499/507
f 2454/1500/509 2453/1503/509 2451/1501/508
f 2456/1502/510 2455/1505/510 2453/1503/509
f 2458/1504/511 2457/1506/511 2455/1505/510
f 2460/654/512 2459/10/512 2457/1506/511
f 2462/1507/279 2461/1509/279 2459/10/512
f 2464/1508/513 2463/1511/513 2461/1509/279
f 2466/1510/514 2465/1513/514 2463/1511/513
f 2468/1512/515 2467/1515/515 2465/1513/514
f 2470/1514/516 2469/1517/516 2467/1515/515
f 2472/1516/517 2471/1519/517 2469/1517/516
f 2474/1518/518 2473/1520/518 2471/1519/517
f 2476/687/519 2475/9/519 2473/1520/518
f 2478/1521/520 2477/1523/520 2475/9/519
f 2480/1522/521 2479/1525/521 2477/1523/520
f 2482/1524/522 2481/1527/522 2479/1525/521
f 2484/1526/523 2483/1529/523 2481/1527/522
f 2486/1528/524 2485/1531/524 2483/1529/523
f 2488/1530/525 2487/1533/525 2485/1531/524
f 2490/1532/526 2489/1534/526 2487/1533/525
f 2492/720/527 2491/35/527 2489/1534/526
f 2494/1535/528 2493/1537/528 2491/35/527
f 2496/1536/529 2495/1539/529 2493/1537/528
f 2498/1538/530 2497/1541/530 2495/1539/529
f 2500/1540/531 2499/1543/531 2497/1541/530
f 2502/1542/532 2501/1545/532 2499/1543/531
f 2504/1544/533 2503/1547/533 2501/1545/532
f 2506/1546/534 2505/1548/534 2503/1547/533
f 2508/753/535 2507/39/535 2505/1548/534
f 2510/1549/536 2509/1551/536 2507/39/535
f 2512/1550/537 2511/1553/537 2509/1551/536
f 2514/1552/538 2513/1555/538 2511/1553/537
f 2516/1554/539 2515/1557/539 2513/1555/538
f 2518/1556/540 2517/1559/540 2515/1557/539
f 2520/1558/541 2519/1561/541 2517/1559/540
f 2522/1560/542 2521/1562/542 2519/1561/541
f 2524/786/543 2523/50/543 2521/1562/542
f 2526/1563/544 2525/1565/544 2523/50/543
f 2528/1564/545 2527/1567/545 2525/1565/544
f 2530/1566/546 2529/1569/546 2527/1567/545
f 2532/1568/547 2531/1571/547 2529/1569/546
f 2534/1570/548 2533/1573/548 2531/1571/547
f 2536/1572/549 2535/1575/549 2533/1573/548
f 2538/1574/550 2537/1576/550 2535/1575/549
f 2444/819/505 2443/13/505 2537/1576/550
f 2542/1493/551 2541/1495/551 2539/15/552
f 2544/1494/553 2543/1497/553 2541/1495/551
f 2546/1496/554 2545/1499/554 2543/1497/553
f 2548/1498/555 2547/1501/555 2545/1499/554
f 2550/1500/556 2549/1503/556 2547/1501/555
f 2552/1502/557 2551/1505/557 2549/1503/556
f 2554/1504/558 2553/1506/558 2551/1505/557
f 2556/654/559 2555/10/559 2553/1506/558
f 2558/1507/560 2557/1509/560 2555/10/559
f 2560/1508/561 2559/1511/561 2557/1509/560
f 2562/1510/562 2561/1513/562 2559/1511/561
f 2564/1512/563 2563/1515/563 2561/1513/562
f 2566/1514/564 2565/1517/564 2563/1515/563
f 2568/1516/565 2567/1519/565 2565/1517/564
f 2570/1518/566 2569/1520/566 2567/1519/565
f 2572/687/567 2571/9/567 2569/1520/566
f 2574/1521/568 2573/1523/568 2571/9/567
f 2576/1522/569 2575/1525/569 2573/1523/568
f 2578/1524/570 2577/1527/570 2575/1525/569
f 2580/1526/571 2579/1529/571 2577/1527/570
f 2582/1528/572 2581/1531/572 2579/1529/571
f 2584/1530/573 2583/1533/573 2581/1531/572
f 2586/1532/574 2585/1534/574 2583/1533/573
f 2588/720/575 2587/35/575 2585/1534/574
f 2590/1535/576 2589/1537/576 2587/35/575
f 2592/1536/577 2591/1539/577 2589/1537/576
f 2594/1538/578 2593/1541/578 2591/1539/577
f 2596/1540/579 2595/1543/579 2593/1541/578
f 2598/1542/580 2597/1545/580 2595/1543/579
f 2600/1544/581 2599/1547/581 2597/1545/580
f 2602/1546/582 2601/1548/582 2599/1547/581
f 2604/753/583 2603/39/583 2601/1548/582
f 2606/1549/584 2605/1551/584 2603/39/583
f 2608/1550/585 2607/1553/585 2605/1551/584
f 2610/1552/586 2609/1555/586 2607/1553/585
f 2612/1554/587 2611/1557/587 2609/1555/586
f 2614/1556/588 2613/1559/588 2611/1557/587
f 2616/1558/589 2615/1561/589 2613/1559/588
f 2618/1560/590 2617/1562/590 2615/1561/589
f 2620/786/591 2619/50/591 2617/1562/590
f 2622/1563/592 2621/1565/592 2619/50/591
f 2624/1564/593 2623/1567/593 2621/1565/592
f 2626/1566/594 2625/1569/594 2623/1567/593
f 2628/1568/595 2627/1571/595 2625/1569/594
f 2630/1570/596 2629/1573/596 2627/1571/595
f 2632/1572/597 2631/1575/597 2629/1573/596
f 2634/1574/598 2633/1576/598 2631/1575/597
f 2540/819/552 2539/13/552 2633/1576/598
f 2638/1577/599 2637/140/602 2635/15/600
f 2640/1578/601 2639/70/601 2637/140/602
f 2642/1579/603 2641/69/603 2639/70/601
f 2644/1580/604 2643/124/604 2641/69/603
f 2646/1581/605 2645/118/605 2643/124/604
f 2648/1582/606 2647/73/606 2645/118/605
f 2636/819/600 2635/13/600 2647/73/606
f 2652/1377/404 2651/1378/404 2649/15/405
f 2654/1093/406 2653/1095/406 2651/1378/404
f 2656/1379/407 2655/1380/407 2653/1095/406
f 2658/1094/408 2657/1097/408 2655/1380/407
f 2660/1381/409 2659/1382/409 2657/1097/408
f 2662/1096/410 2661/1099/410 2659/1382/409
f 2664/1383/411 2663/1384/411 2661/1099/410
f 2666/1098/412 2665/1101/412 2663/1384/411
f 2668/1385/413 2667/1386/413 2665/1101/412
f 2670/1100/414 2669/1103/414 2667/1386/413
f 2672/1387/415 2671/1388/415 2669/1103/414
f 2674/1102/416 2673/1105/416 2671/1388/415
f 2676/1389/417 2675/1390/417 2673/1105/416
f 2678/1104/418 2677/1107/418 2675/1390/417
f 2680/1391/419 2679/1392/419 2677/1107/418
f 2682/1106/420 2681/1109/420 2679/1392/419
f 2684/1393/421 2683/1394/421 2681/1109/420
f 2686/1108/422 2685/1111/422 2683/1394/421
f 2688/1395/423 2687/1396/423 2685/1111/422
f 2690/1110/424 2689/1113/424 2687/1396/423
f 2692/1397/425 2691/1398/425 2689/1113/424
f 2694/1112/426 2693/1115/426 2691/1398/425
f 2696/1399/427 2695/1400/427 2693/1115/426
f 2698/1114/428 2697/1117/428 2695/1400/427
f 2700/1401/429 2699/1402/429 2697/1117/428
f 2702/1116/430 2701/1119/430 2699/1402/429
f 2704/1403/431 2703/1404/431 2701/1119/430
f 2706/1118/432 2705/1121/432 2703/1404/431
f 2708/1405/433 2707/1406/433 2705/1121/432
f 2710/1120/434 2709/1123/434 2707/1406/433
f 2712/1407/309 2711/1408/309 2709/1123/434
f 2714/1122/435 2713/1125/435 2711/1408/309
f 2716/1409/436 2715/1410/436 2713/1125/435
f 2718/1124/437 2717/1127/437 2715/1410/436
f 2720/1411/438 2719/1412/438 2717/1127/437
f 2722/1126/439 2721/1129/439 2719/1412/438
f 2724/720/440 2723/35/440 2721/1129/439
f 2726/1128/441 2725/1131/441 2723/35/440
f 2728/1413/442 2727/1414/442 2725/1131/441
f 2730/1130/443 2729/1133/443 2727/1414/442
f 2732/1415/444 2731/1416/444 2729/1133/443
f 2734/1132/445 2733/1135/445 2731/1416/444
f 2736/1417/446 2735/1418/446 2733/1135/445
f 2738/1134/447 2737/1137/447 2735/1418/446
f 2740/1419/448 2739/1420/448 2737/1137/447
f 2742/1136/449 2741/1139/449 2739/1420/448
f 2744/1421/450 2743/1422/450 2741/1139/449
f 2746/1138/451 2745/1141/451 2743/1422/450
f 2748/1423/452 2747/1424/452 2745/1141/451
f 2750/1140/453 2749/1143/453 2747/1424/452
f 2752/1425/454 2751/1426/454 2749/1143/453
f 2754/1142/455 2753/1145/455 2751/1426/454
f 2756/1427/456 2755/1428/456 2753/1145/455
f 2758/1144/457 2757/1147/457 2755/1428/456
f 2760/1429/458 2759/1430/458 2757/1147/457
f 2762/1146/459 2761/1149/459 2759/1430/458
f 2764/1431/460 2763/1432/460 2761/1149/459
f 2766/1148/461 2765/1151/461 2763/1432/460
f 2768/1433/462 2767/1434/462 2765/1151/461
f 2770/1150/463 2769/1153/463 2767/1434/462
f 2772/1435/464 2771/1436/464 2769/1153/463
f 2774/1152/465 2773/1155/465 2771/1436/464
f 2776/1437/466 2775/1438/466 2773/1155/465
f 2778/1154/467 2777/1157/467 2775/1438/466
f 2780/1439/468 2779/1440/468 2777/1157/467
f 2782/1156/469 2781/1159/469 2779/1440/468
f 2784/1441/470 2783/1442/470 2781/1159/469
f 2786/1158/471 2785/1161/471 2783/1442/470
f 2788/1443/472 2787/1444/472 2785/1161/471
f 2790/1160/473 2789/1163/473 2787/1444/472
f 2792/1445/607 2791/1446/474 2789/1163/473
f 2794/1162/475 2793/1164/475 2791/1446/474
f 2796/1447/476 2795/1448/476 2793/1164/475
f 2650/819/405 2649/13/405 2795/1448/476
f 2800/1449/480 2799/1451/477 2797/15/478
f 2802/1450/479 2801/1453/479 2799/1451/477
f 2804/1452/481 2803/1455/481 2801/1453/479
f 2806/1454/482 2805/1457/482 2803/1455/481
f 2808/1456/483 2807/237/483 2805/1457/482
f 2810/1458/484 2809/1460/484 2807/237/483
f 2812/1459/485 2811/1462/608 2809/1460/484
f 2814/1461/486 2813/1464/486 2811/1462/608
f 2816/1463/487 2815/1466/487 2813/1464/486
f 2818/1465/488 2817/184/488 2815/1466/487
f 2820/1467/489 2819/1469/489 2817/184/488
f 2822/1468/490 2821/1471/490 2819/1469/489
f 2824/1470/491 2823/1473/491 2821/1471/490
f 2826/1472/492 2825/1475/492 2823/1473/491
f 2828/1474/493 2827/205/493 2825/1475/492
f 2830/1476/494 2829/1478/494 2827/205/493
f 2832/1477/495 2831/1480/495 2829/1478/494
f 2834/1479/496 2833/1482/496 2831/1480/495
f 2836/1481/497 2835/1484/497 2833/1482/496
f 2838/1483/499 2837/175/499 2835/1484/497
f 2840/1485/500 2839/1487/500 2837/175/499
f 2842/1486/501 2841/1489/501 2839/1487/500
f 2844/1488/502 2843/1491/502 2841/1489/501
f 2846/1490/503 2845/1492/503 2843/1491/502
f 2798/819/478 2797/13/478 2845/1492/503
f 2850/1583/609 2849/1585/609 2847/15/109
f 2852/1584/610 2851/1587/610 2849/1585/609
f 2854/1586/611 2853/1589/611 2851/1587/610
f 2856/1588/612 2855/1591/612 2853/1589/611
f 2858/1590/613 2857/1593/613 2855/1591/612
f 2860/1592/614 2859/1595/614 2857/1593/613
f 2862/1594/615 2861/1597/615 2859/1595/614
f 2864/1596/616 2863/1599/616 2861/1597/615
f 2866/1598/617 2865/1601/617 2863/1599/616
f 2868/1600/618 2867/1602/618 2865/1601/617
f 2870/1456/619 2869/237/619 2867/1602/618
f 2872/1603/620 2871/1605/620 2869/237/619
f 2874/1604/621 2873/1607/621 2871/1605/620
f 2876/1606/622 2875/1609/622 2873/1607/621
f 2878/1608/623 2877/1611/623 2875/1609/622
f 2880/1610/624 2879/1613/624 2877/1611/623
f 2882/1612/625 2881/1615/625 2879/1613/624
f 2884/1614/626 2883/1617/626 2881/1615/625
f 2886/1616/627 2885/1619/627 2883/1617/626
f 2888/1618/628 2887/1621/628 2885/1619/627
f 2890/1620/629 2889/1622/629 2887/1621/628
f 2892/1465/630 2891/184/632 2889/1622/629
f 2894/1623/631 2893/1625/631 2891/184/632
f 2896/1624/633 2895/1627/633 2893/1625/631
f 2898/1626/634 2897/1629/634 2895/1627/633
f 2900/1628/635 2899/1631/635 2897/1629/634
f 2902/1630/636 2901/1633/638 2899/1631/635
f 2904/1632/637 2903/1635/637 2901/1633/638
f 2906/1634/639 2905/1637/639 2903/1635/637
f 2908/1636/640 2907/1639/642 2905/1637/639
f 2910/1638/641 2909/1641/641 2907/1639/642
f 2912/1640/643 2911/1642/643 2909/1641/641
f 2914/1474/644 2913/205/644 2911/1642/643
f 2916/1643/645 2915/1645/645 2913/205/644
f 2918/1644/646 2917/1647/646 2915/1645/645
f 2920/1646/647 2919/1649/647 2917/1647/646
f 2922/1648/648 2921/1651/648 2919/1649/647
f 2924/1650/649 2923/1653/649 2921/1651/648
f 2926/1652/650 2925/1655/650 2923/1653/649
f 2928/1654/651 2927/1657/651 2925/1655/650
f 2930/1656/652 2929/1659/652 2927/1657/651
f 2932/1658/653 2931/1661/653 2929/1659/652
f 2934/1660/654 2933/1662/654 2931/1661/653
f 2936/1483/655 2935/175/655 2933/1662/654
f 2938/1663/656 2937/1665/656 2935/175/655
f 2940/1664/657 2939/1667/657 2937/1665/656
f 2942/1666/658 2941/1669/658 2939/1667/657
f 2944/1668/659 2943/1671/659 2941/1669/658
f 2946/1670/660 2945/1673/660 2943/1671/659
f 2948/1672/661 2947/1675/661 2945/1673/660
f 2950/1674/353 2949/1677/353 2947/1675/661
f 2952/1676/106 2951/1679/106 2949/1677/353
f 2954/1678/108 2953/1681/108 2951/1679/106
f 2956/1680/109 2955/1682/109 2953/1681/108
f 2848/819/109 2847/13/109 2955/1682/109
o SPACE
v -1.641750 0.400000 -7.559000
v -1.641750 0.400000 -7.868000
v -2.060250 0.400000 -7.868000
v -2.060250 0.400000 -8.000000
v -1.641750 0.400000 -8.000000
v -1.641750 0.400000 -8.318000
v -2.088750 0.400000 -8.318000
v -2.088750 0.400000 -8.450000
v -1.494750 0.400000 -8.450000
v -1.494750 0.400000 -7.427000
v -2.075250 0.400000 -7.427000
v -2.075250 0.400000 -7.559000
v -1.273109 0.400000 -7.637465
v -1.242618 0.400000 -7.621590
v -1.212680 0.400000 -7.607351
v -1.183195 0.400000 -7.594722
v -1.154063 0.400000 -7.583676
v -1.125188 0.400000 -7.574187
v -1.096468 0.400000 -7.566230
v -1.067806 0.400000 -7.559778
v -1.039102 0.400000 -7.554805
v -1.010257 0.400000 -7.551285
v -0.981173 0.400000 -7.549192
v -0.951750 0.400000 -7.548500
v -0.894566 0.400000 -7.551906
v -0.840278 0.400000 -7.561875
v -0.789281 0.400000 -7.578031
v -0.741972 0.400000 -7.600000
v -0.698747 0.400000 -7.627406
v -0.660000 0.400000 -7.659875
v -0.626129 0.400000 -7.697031
v -0.597528 0.400000 -7.738500
v -0.574594 0.400000 -7.783906
v -0.557722 0.400000 -7.832875
v -0.547309 0.400000 -7.885031
v -0.543750 0.400000 -7.940000
v -0.547198 0.400000 -7.995855
v -0.557333 0.400000 -8.048466
v -0.573844 0.400000 -8.097524
v -0.596417 0.400000 -8.142722
v -0.624740 0.400000 -8.183754
v -0.658500 0.400000 -8.220312
v -0.697385 0.400000 -8.252090
v -0.741083 0.400000 -8.278778
v -0.789281 0.400000 -8.300071
v -0.841667 0.400000 -8.315660
v -0.897927 0.400000 -8.325239
v -0.957750 0.400000 -8.328500
v -0.986832 0.400000 -8.327660
v -1.016278 0.400000 -8.325152
v -1.046016 0.400000 -8.321000
v -1.075972 0.400000 -8.315222
v -1.106075 0.400000 -8.307840
v -1.136250 0.400000 -8.298875
v -1.166425 0.400000 -8.288347
v -1.196528 0.400000 -8.276278
v -1.226485 0.400000 -8.262688
v -1.256222 0.400000 -8.247597
v -1.285668 0.400000 -8.231028
v -1.314750 0.400000 -8.213000
v -1.314750 0.400000 -8.373500
v -1.289413 0.400000 -8.386299
v -1.263556 0.400000 -8.398396
v -1.237031 0.400000 -8.409711
v -1.209695 0.400000 -8.420167
v -1.181399 0.400000 -8.429685
v -1.152000 0.400000 -8.438188
v -1.121351 0.400000 -8.445597
v -1.089306 0.400000 -8.451834
v -1.055719 0.400000 -8.456820
v -1.020444 0.400000 -8.460479
v -0.983337 0.400000 -8.462731
v -0.944250 0.400000 -8.463500
v -0.852722 0.400000 -8.457561
v -0.770028 0.400000 -8.440619
v -0.696000 0.400000 -8.413977
v -0.630472 0.400000 -8.378944
v -0.573278 0.400000 -8.336829
v -0.524250 0.400000 -8.288938
v -0.483222 0.400000 -8.236577
v -0.450028 0.400000 -8.181056
v -0.424500 0.400000 -8.123680
v -0.406472 0.400000 -8.065757
v -0.395778 0.400000 -8.008595
v -0.392250 0.400000 -7.953500
v -0.397072 0.400000 -7.877333
v -0.411201 0.400000 -7.805167
v -0.434133 0.400000 -7.737500
v -0.465361 0.400000 -7.674833
v -0.504381 0.400000 -7.617667
v -0.550687 0.400000 -7.566500
v -0.603775 0.400000 -7.521833
v -0.663139 0.400000 -7.484167
v -0.728274 0.400000 -7.454000
v -0.798674 0.400000 -7.431833
v -0.873834 0.400000 -7.418167
v -0.953250 0.400000 -7.413500
v -0.979550 0.400000 -7.414036
v -1.006021 0.400000 -7.415660
v -1.032773 0.400000 -7.418398
v -1.059917 0.400000 -7.422277
v -1.087560 0.400000 -7.427324
v -1.115813 0.400000 -7.433562
v -1.144784 0.400000 -7.441020
v -1.174583 0.400000 -7.449722
v -1.205320 0.400000 -7.459695
v -1.237104 0.400000 -7.470965
v -1.270044 0.400000 -7.483558
v -1.304250 0.400000 -7.497500
v -1.304250 0.400000 -7.655000
v -0.170250 0.400000 -8.450000
v -0.033750 0.400000 -8.148500
v 0.401250 0.400000 -8.148500
v 0.530250 0.400000 -8.450000
v 0.680250 0.400000 -8.450000
v 0.240750 0.400000 -7.421000
v 0.137250 0.400000 -7.421000
v -0.320250 0.400000 -8.450000
v 0.026250 0.400000 -8.016500
v 0.191250 0.400000 -7.646000
v 0.344250 0.400000 -8.016500
v 0.967395 0.400000 -7.429691
v 0.919035 0.400000 -7.437528
v 0.875602 0.400000 -7.450156
v 0.837028 0.400000 -7.467222
v 0.803246 0.400000 -7.488371
v 0.774187 0.400000 -7.513250
v 0.749786 0.400000 -7.541503
v 0.729972 0.400000 -7.572778
v 0.714680 0.400000 -7.606719
v 0.703840 0.400000 -7.642972
v 0.697386 0.400000 -7.681184
v 0.695250 0.400000 -7.721000
v 0.697512 0.400000 -7.760353
v 0.704347 0.400000 -7.797951
v 0.715828 0.400000 -7.833477
v 0.732028 0.400000 -7.866611
v 0.753019 0.400000 -7.897038
v 0.778875 0.400000 -7.924438
v 0.809668 0.400000 -7.948494
v 0.845472 0.400000 -7.968889
v 0.886359 0.400000 -7.985305
v 0.932403 0.400000 -7.997424
v 0.983675 0.400000 -8.004928
v 1.040250 0.400000 -8.007500
v 1.193250 0.400000 -8.007500
v 1.193250 0.400000 -8.450000
v 1.340250 0.400000 -8.450000
v 1.340250 0.400000 -7.427000
v 1.020750 0.400000 -7.427000
v 1.026750 0.400000 -7.875500
v 1.000206 0.400000 -7.874290
v 0.975396 0.400000 -7.870695
v 0.952430 0.400000 -7.864766
v 0.931417 0.400000 -7.856555
v 0.912466 0.400000 -7.846116
v 0.895688 0.400000 -7.833500
v 0.881190 0.400000 -7.818758
v 0.869083 0.400000 -7.801944
v 0.859477 0.400000 -7.783109
v 0.852479 0.400000 -7.762306
v 0.848201 0.400000 -7.739585
v 0.846750 0.400000 -7.715000
v 0.847624 0.400000 -7.696176
v 0.850368 0.400000 -7.677403
v 0.855164 0.400000 -7.658984
v 0.862194 0.400000 -7.641222
v 0.871642 0.400000 -7.624418
v 0.883688 0.400000 -7.608875
v 0.898515 0.400000 -7.594894
v 0.916306 0.400000 -7.582778
v 0.937242 0.400000 -7.572828
v 0.961507 0.400000 -7.565347
v 0.989282 0.400000 -7.560637
v 1.020750 0.400000 -7.559000
v 1.193250 0.400000 -7.559000
v 1.193250 0.400000 -7.875500
v 1.555431 0.400000 -7.632574
v 1.576945 0.400000 -7.615465
v 1.598250 0.400000 -7.600554
v 1.619306 0.400000 -7.587722
v 1.640070 0.400000 -7.576848
v 1.660500 0.400000 -7.567812
v 1.680556 0.400000 -7.560496
v 1.700195 0.400000 -7.554778
v 1.719375 0.400000 -7.550539
v 1.738056 0.400000 -7.547660
v 1.756195 0.400000 -7.546020
v 1.773750 0.400000 -7.545500
v 1.796789 0.400000 -7.546515
v 1.818563 0.400000 -7.549500
v 1.838930 0.400000 -7.554359
v 1.857750 0.400000 -7.561000
v 1.874883 0.400000 -7.569328
v 1.890188 0.400000 -7.579250
v 1.903524 0.400000 -7.590672
v 1.914750 0.400000 -7.603500
v 1.923727 0.400000 -7.617640
v 1.930313 0.400000 -7.633000
v 1.934367 0.400000 -7.649484
v 1.935750 0.400000 -7.667000
v 1.927044 0.400000 -7.712275
v 1.902973 0.400000 -7.751070
v 1.866610 0.400000 -7.785219
v 1.821028 0.400000 -7.816556
v 1.769301 0.400000 -7.846913
v 1.714500 0.400000 -7.878125
v 1.659700 0.400000 -7.912024
v 1.607973 0.400000 -7.950444
v 1.562391 0.400000 -7.995219
v 1.526028 0.400000 -8.048181
v 1.501957 0.400000 -8.111163
v 1.493250 0.400000 -8.186000
v 1.495736 0.400000 -8.225176
v 1.503014 0.400000 -8.262285
v 1.514813 0.400000 -8.297071
v 1.530861 0.400000 -8.329278
v 1.550889 0.400000 -8.358652
v 1.574625 0.400000 -8.384937
v 1.601799 0.400000 -8.407879
v 1.632139 0.400000 -8.427222
v 1.665375 0.400000 -8.442711
v 1.701236 0.400000 -8.454090
v 1.739452 0.400000 -8.461105
v 1.779750 0.400000 -8.463500
v 1.807072 0.400000 -8.462873
v 1.833577 0.400000 -8.460979
v 1.859321 0.400000 -8.457805
v 1.884361 0.400000 -8.453333
v 1.908756 0.400000 -8.447550
v 1.932563 0.400000 -8.440437
v 1.955838 0.400000 -8.431982
v 1.978639 0.400000 -8.422167
v 2.001024 0.400000 -8.410976
v 2.023049 0.400000 -8.398396
v 2.044772 0.400000 -8.384409
v 2.066250 0.400000 -8.369000
v 2.066250 0.400000 -8.183000
v 2.047102 0.400000 -8.206089
v 2.027188 0.400000 -8.227333
v 2.006555 0.400000 -8.246703
v 1.985250 0.400000 -8.264167
v 1.963321 0.400000 -8.279693
v 1.940813 0.400000 -8.293250
v 1.917774 0.400000 -8.304808
v 1.894250 0.400000 -8.314333
v 1.870289 0.400000 -8.321796
v 1.845938 0.400000 -8.327167
v 1.821242 0.400000 -8.330412
v 1.796250 0.400000 -8.331500
v 1.769026 0.400000 -8.330050
v 1.744334 0.400000 -8.325903
v 1.722141 0.400000 -8.319360
v 1.702417 0.400000 -8.310722
v 1.685130 0.400000 -8.300293
v 1.670250 0.400000 -8.288375
v 1.657745 0.400000 -8.275270
v 1.647583 0.400000 -8.261278
v 1.639735 0.400000 -8.246703
v 1.634167 0.400000 -8.231847
v 1.630849 0.400000 -8.217012
v 1.629750 0.400000 -8.202500
v 1.638456 0.400000 -8.153275
v 1.662528 0.400000 -8.110319
v 1.698890 0.400000 -8.072094
v 1.744472 0.400000 -8.037056
v 1.796200 0.400000 -8.003663
v 1.851000 0.400000 -7.970375
v 1.905800 0.400000 -7.935649
v 1.957528 0.400000 -7.897944
v 2.003109 0.400000 -7.855719
v 2.039472 0.400000 -7.807431
v 2.063544 0.400000 -7.751538
v 2.072250 0.400000 -7.686500
v 2.069721 0.400000 -7.646152
v 2.062271 0.400000 -7.608465
v 2.050102 0.400000 -7.573602
v 2.033417 0.400000 -7.541722
v 2.012419 0.400000 -7.512989
v 1.987313 0.400000 -7.487563
v 1.958300 0.400000 -7.465605
v 1.925583 0.400000 -7.447278
v 1.889367 0.400000 -7.432742
v 1.849854 0.400000 -7.422160
v 1.807248 0.400000 -7.415692
v 1.761750 0.400000 -7.413500
v 1.742254 0.400000 -7.414000
v 1.722778 0.400000 -7.415500
v 1.703344 0.400000 -7.418000
v 1.683972 0.400000 -7.421500
v 1.664684 0.400000 -7.426000
v 1.645500 0.400000 -7.431500
v 1.626441 0.400000 -7.438000
v 1.607528 0.400000 -7.445500
v 1.588781 0.400000 -7.454000
v 1.570222 0.400000 -7.463500
v 1.551872 0.400000 -7.474000
v 1.533750 0.400000 -7.485500
v 1.533750 0.400000 -7.652000
v -1.641750 -0.400000 -7.559000
v -1.641750 -0.400000 -7.868000
v -2.060250 -0.400000 -7.868000
v -2.060250 -0.400000 -8.000000
v -1.641750 -0.400000 -8.000000
v -1.641750 -0.400000 -8.318000
v -2.088750 -0.400000 -8.318000
v -2.088750 -0.400000 -8.450000
v -1.494750 -0.400000 -8.450000
v -1.494750 -0.400000 -7.427000
v -2.075250 -0.400000 -7.427000
v -2.075250 -0.400000 -7.559000
v -1.273109 -0.400000 -7.637465
v -1.242618 -0.400000 -7.621590
v -1.212680 -0.400000 -7.607351
v -1.183195 -0.400000 -7.594722
v -1.154063 -0.400000 -7.583676
v -1.125188 -0.400000 -7.574187
v -1.096468 -0.400000 -7.566230
v -1.067806 -0.400000 -7.559778
v -1.039102 -0.400000 -7.554805
v -1.010257 -0.400000 -7.551285
v -0.981173 -0.400000 -7.549192
v -0.951750 -0.400000 -7.548500
v -0.894566 -0.400000 -7.551906
v -0.840278 -0.400000 -7.561875
v -0.789281 -0.400000 -7.578031
v -0.741972 -0.400000 -7.600000
v -0.698747 -0.400000 -7.627406
v -0.660000 -0.400000 -7.659875
v -0.626129 -0.400000 -7.697031
v -0.597528 -0.400000 -7.738500
v -0.574594 -0.400000 -7.783906
v -0.557722 -0.400000 -7.832875
v -0.547309 -0.400000 -7.885031
v -0.543750 -0.400000 -7.940000
v -0.547198 -0.400000 -7.995855
v -0.557333 -0.400000 -8.048466
v -0.573844 -0.400000 -8.097524
v -0.596417 -0.400000 -8.142722
v -0.624740 -0.400000 -8.183754
v -0.658500 -0.400000 -8.220312
v -0.697385 -0.400000 -8.252090
v -0.741083 -0.400000 -8.278778
v -0.789281 -0.400000 -8.300071
v -0.841667 -0.400000 -8.315660
v -0.897927 -0.400000 -8.325239
v -0.957750 -0.400000 -8.328500
v -0.986832 -0.400000 -8.327660
v -1.016278 -0.400000 -8.325152
v -1.046016 -0.400000 -8.321000
v -1.075972 -0.400000 -8.315222
v -1.106075 -0.400000 -8.307840
v -1.136250 -0.400000 -8.298875
v -1.166425 -0.400000 -8.288347
v -1.196528 -0.400000 -8.276278
v -1.226485 -0.400000 -8.262688
v -1.256222 -0.400000 -8.247597
v -1.285668 -0.400000 -8.231028
v -1.314750 -0.400000 -8.213000
v -1.314750 -0.400000 -8.373500
v -1.289413 -0.400000 -8.386299
v -1.263556 -0.400000 -8.398396
v -1.237031 -0.400000 -8.409711
v -1.209695 -0.400000 -8.420167
v -1.181399 -0.400000 -8.429685
v -1.152000 -0.400000 -8.438188
v -1.121351 -0.400000 -8.445597
v -1.089306 -0.400000 -8.451834
v -1.055719 -0.400000 -8.456820
v -1.020444 -0.400000 -8.460479
v -0.983337 -0.400000 -8.462731
v -0.944250 -0.400000 -8.463500
v -0.852722 -0.400000 -8.457561
v -0.770028 -0.400000 -8.440619
v -0.696000 -0.400000 -8.413977
v -0.630472 -0.400000 -8.378944
v -0.573278 -0.400000 -8.336829
v -0.524250 -0.400000 -8.288938
v -0.483222 -0.400000 -8.236577
v -0.450028 -0.400000 -8.181056
v -0.424500 -0.400000 -8.123680
v -0.406472 -0.400000 -8.065757
v -0.395778 -0.400000 -8.008595
v -0.392250 -0.400000 -7.953500
v -0.397072 -0.400000 -7.877333
v -0.411201 -0.400000 -7.805167
v -0.434133 -0.400000 -7.737500
v -0.465361 -0.400000 -7.674833
v -0.504381 -0.400000 -7.617667
v -0.550687 -0.400000 -7.566500
v -0.603775 -0.400000 -7.521833
v -0.663139 -0.400000 -7.484167
v -0.728274 -0.400000 -7.454000
v -0.798674 -0.400000 -7.431833
v -0.873834 -0.400000 -7.418167
v -0.953250 -0.400000 -7.413500
v -0.979550 -0.400000 -7.414036
v -1.006021 -0.400000 -7.415660
v -1.032773 -0.400000 -7.418398
v -1.059917 -0.400000 -7.422277
v -1.087560 -0.400000 -7.427324
v -1.115813 -0.400000 -7.433562
v -1.144784 -0.400000 -7.441020
v -1.174583 -0.400000 -7.449722
v -1.205320 -0.400000 -7.459695
v -1.237104 -0.400000 -7.470965
v -1.270044 -0.400000 -7.483558
v -1.304250 -0.400000 -7.497500
v -1.304250 -0.400000 -7.655000
v -0.170250 -0.400000 -8.450000
v -0.033750 -0.400000 -8.148500
v 0.401250 -0.400000 -8.148500
v 0.530250 -0.400000 -8.450000
v 0.680250 -0.400000 -8.450000
v 0.240750 -0.400000 -7.421000
v 0.137250 -0.400000 -7.421000
v -0.320250 -0.400000 -8.450000
v 0.026250 -0.400000 -8.016500
v 0.191250 -0.400000 -7.646000
v 0.344250 -0.400000 -8.016500
v 0.967395 -0.400000 -7.429691
v 0.919035 -0.400000 -7.437528
v 0.875602 -0.400000 -7.450156
v 0.837028 -0.400000 -7.467222
v 0.803246 -0.400000 -7.488371
v 0.774187 -0.400000 -7.513250
v 0.749786 -0.400000 -7.541503
v 0.729972 -0.400000 -7.572778
v 0.714680 -0.400000 -7.606719
v 0.703840 -0.400000 -7.642972
v 0.697386 -0.400000 -7.681184
v 0.695250 -0.400000 -7.721000
v 0.697512 -0.400000 -7.760353
v 0.704347 -0.400000 -7.797951
v 0.715828 -0.400000 -7.833477
v 0.732028 -0.400000 -7.866611
v 0.753019 -0.400000 -7.897038
v 0.778875 -0.400000 -7.924438
v 0.809668 -0.400000 -7.948494
v 0.845472 -0.400000 -7.968889
v 0.886359 -0.400000 -7.985305
v 0.932403 -0.400000 -7.997424
v 0.983675 -0.400000 -8.004928
v 1.040250 -0.400000 -8.007500
v 1.193250 -0.400000 -8.007500
v 1.193250 -0.400000 -8.450000
v 1.340250 -0.400000 -8.450000
v 1.340250 -0.400000 -7.427000
v 1.020750 -0.400000 -7.427000
v 1.026750 -0.400000 -7.875500
v 1.000206 -0.400000 -7.874290
v 0.975396 -0.400000 -7.870695
v 0.952430 -0.400000 -7.864766
v 0.931417 -0.400000 -7.856555
v 0.912466 -0.400000 -7.846116
v 0.895688 -0.400000 -7.833500
v 0.881190 -0.400000 -7.818758
v 0.869083 -0.400000 -7.801944
v 0.859477 -0.400000 -7.783109
v 0.852479 -0.400000 -7.762306
v 0.848201 -0.400000 -7.739585
v 0.846750 -0.400000 -7.715000
v 0.847624 -0.400000 -7.696176
v 0.850368 -0.400000 -7.677403
v 0.855164 -0.400000 -7.658984
v 0.862194 -0.400000 -7.641222
v 0.871642 -0.400000 -7.624418
v 0.883688 -0.400000 -7.608875
v 0.898515 -0.400000 -7.594894
v 0.916306 -0.400000 -7.582778
v 0.937242 -0.400000 -7.572828
v 0.961507 -0.400000 -7.565347
v 0.989282 -0.400000 -7.560637
v 1.020750 -0.400000 -7.559000
v 1.193250 -0.400000 -7.559000
v 1.193250 -0.400000 -7.875500
v 1.555431 -0.400000 -7.632574
v 1.576945 -0.400000 -7.615465
v 1.598250 -0.400000 -7.600554
v 1.619306 -0.400000 -7.587722
v 1.640070 -0.400000 -7.576848
v 1.660500 -0.400000 -7.567812
v 1.680556 -0.400000 -7.560496
v 1.700195 -0.400000 -7.554778
v 1.719375 -0.400000 -7.550539
v 1.738056 -0.400000 -7.547660
v 1.756195 -0.400000 -7.546020
v 1.773750 -0.400000 -7.545500
v 1.796789 -0.400000 -7.546515
v 1.818563 -0.400000 -7.549500
v 1.838930 -0.400000 -7.554359
v 1.857750 -0.400000 -7.561000
v 1.874883 -0.400000 -7.569328
v 1.890188 -0.400000 -7.579250
v 1.903524 -0.400000 -7.590672
v 1.914750 -0.400000 -7.603500
v 1.923727 -0.400000 -7.617640
v 1.930313 -0.400000 -7.633000
v 1.934367 -0.400000 -7.649484
v 1.935750 -0.400000 -7.667000
v 1.927044 -0.400000 -7.712275
v 1.902973 -0.400000 -7.751070
v 1.866610 -0.400000 -7.785219
v 1.821028 -0.400000 -7.816556
v 1.769301 -0.400000 -7.846913
v 1.714500 -0.400000 -7.878125
v 1.659700 -0.400000 -7.912024
v 1.607973 -0.400000 -7.950444
v 1.562391 -0.400000 -7.995219
v 1.526028 -0.400000 -8.048181
v 1.501957 -0.400000 -8.111163
v 1.493250 -0.400000 -8.186000
v 1.495736 -0.400000 -8.225176
v 1.503014 -0.400000 -8.262285
v 1.514813 -0.400000 -8.297071
v 1.530861 -0.400000 -8.329278
v 1.550889 -0.400000 -8.358652
v 1.574625 -0.400000 -8.384937
v 1.601799 -0.400000 -8.407879
v 1.632139 -0.400000 -8.427222
v 1.665375 -0.400000 -8.442711
v 1.701236 -0.400000 -8.454090
v 1.739452 -0.400000 -8.461105
v 1.779750 -0.400000 -8.463500
v 1.807072 -0.400000 -8.462873
v 1.833577 -0.400000 -8.460979
v 1.859321 -0.400000 -8.457805
v 1.884361 -0.400000 -8.453333
v 1.908756 -0.400000 -8.447550
v 1.932563 -0.400000 -8.440437
v 1.955838 -0.400000 -8.431982
v 1.978639 -0.400000 -8.422167
v 2.001024 -0.400000 -8.410976
v 2.023049 -0.400000 -8.398396
v 2.044772 -0.400000 -8.384409
v 2.066250 -0.400000 -8.369000
v 2.066250 -0.400000 -8.183000
v 2.047102 -0.400000 -8.206089
v 2.027188 -0.400000 -8.227333
v 2.006555 -0.400000 -8.246703
v 1.985250 -0.400000 -8.264167
v 1.963321 -0.400000 -8.279693
v 1.940813 -0.400000 -8.293250
v 1.917774 -0.400000 -8.304808
v 1.894250 -0.400000 -8.314333
v 1.870289 -0.400000 -8.321796
v 1.845938 -0.400000 -8.327167
v 1.821242 -0.400000 -8.330412
v 1.796250 -0.400000 -8.331500
v 1.769026 -0.400000 -8.330050
v 1.744334 -0.400000 -8.325903
v 1.722141 -0.400000 -8.319360
v 1.702417 -0.400000 -8.310722
v 1.685130 -0.400000 -8.300293
v 1.670250 -0.400000 -8.288375
v 1.657745 -0.400000 -8.275270
v 1.647583 -0.400000 -8.261278
v 1.639735 -0.400000 -8.246703
v 1.634167 -0.400000 -8.231847
v 1.630849 -0.400000 -8.217012
v 1.629750 -0.400000 -8.202500
v 1.638456 -0.400000 -8.153275
v 1.662528 -0.400000 -8.110319
v 1.698890 -0.400000 -8.072094
v 1.744472 -0.400000 -8.037056
v 1.796200 -0.400000 -8.003663
v 1.851000 -0.400000 -7.970375
v 1.905800 -0.400000 -7.935649
v 1.957528 -0.400000 -7.897944
v 2.003109 -0.400000 -7.855719
v 2.039472 -0.400000 -7.807431
v 2.063544 -0.400000 -7.751538
v 2.072250 -0.400000 -7.686500
v 2.069721 -0.400000 -7.646152
v 2.062271 -0.400000 -7.608465
v 2.050102 -0.400000 -7.573602
v 2.033417 -0.400000 -7.541722
v 2.012419 -0.400000 -7.512989
v 1.987313 -0.400000 -7.487563
v 1.958300 -0.400000 -7.465605
v 1.925583 -0.400000 -7.447278
v 1.889367 -0.400000 -7.432742
v 1.849854 -0.400000 -7.422160
v 1.807248 -0.400000 -7.415692
v 1.761750 -0.400000 -7.413500
v 1.742254 -0.400000 -7.414000
v 1.722778 -0.400000 -7.415500
v 1.703344 -0.400000 -7.418000
v 1.683972 -0.400000 -7.421500
v 1.664684 -0.400000 -7.426000
v 1.645500 -0.400000 -7.431500
v 1.626441 -0.400000 -7.438000
v 1.607528 -0.400000 -7.445500
v 1.588781 -0.400000 -7.454000
v 1.570222 -0.400000 -7.463500
v 1.551872 -0.400000 -7.474000
v 1.533750 -0.400000 -7.485500
v 1.533750 -0.400000 -7.652000
v 1.555431 -0.400000 -7.632574
v 1.555431 0.400000 -7.632574
v 1.576945 -0.400000 -7.615465
v 1.576945 0.400000 -7.615465
v 1.598250 -0.400000 -7.600554
v 1.598250 0.400000 -7.600554
v 1.619306 -0.400000 -7.587722
v 1.619306 0.400000 -7.587722
v 1.640070 -0.400000 -7.576848
v 1.640070 0.400000 -7.576848
v 1.660500 -0.400000 -7.567812
v 1.660500 0.400000 -7.567812
v 1.680556 -0.400000 -7.560496
v 1.680556 0.400000 -7.560496
v 1.700195 -0.400000 -7.554778
v 1.700195 0.400000 -7.554778
v 1.719375 -0.400000 -7.550539
v 1.719375 0.400000 -7.550539
v 1.738056 -0.400000 -7.547660
v 1.738056 0.400000 -7.547660
v 1.756195 -0.400000 -7.546020
v 1.756195 0.400000 -7.546020
v 1.773750 -0.400000 -7.545500
v 1.773750 0.400000 -7.545500
v 1.796789 -0.400000 -7.546515
v 1.796789 0.400000 -7.546515
v 1.818563 -0.400000 -7.549500
v 1.818563 0.400000 -7.549500
v 1.838930 -0.400000 -7.554359
v 1.838930 0.400000 -7.554359
v 1.857750 -0.400000 -7.561000
v 1.857750 0.400000 -7.561000
v 1.874883 -0.400000 -7.569328
v 1.874883 0.400000 -7.569328
v 1.890188 -0.400000 -7.579250
v 1.890188 0.400000 -7.579250
v 1.903524 -0.400000 -7.590672
v 1.903524 0.400000 -7.590672
v 1.914750 -0.400000 -7.603500
v 1.914750 0.400000 -7.603500
v 1.923727 -0.400000 -7.617640
v 1.923727 0.400000 -7.617640
v 1.930313 -0.400000 -7.633000
v 1.930313 0.400000 -7.633000
v 1.934367 -0.400000 -7.649484
v 1.934367 0.400000 -7.649484
v 1.935750 -0.400000 -7.667000
v 1.935750 0.400000 -7.667000
v 1.927044 -0.400000 -7.712275
v 1.927044 0.400000 -7.712275
v 1.902973 -0.400000 -7.751070
v 1.902973 0.400000 -7.751070
v 1.866610 -0.400000 -7.785219
v 1.866610 0.400000 -7.785219
v 1.821028 -0.400000 -7.816556
v 1.821028 0.400000 -7.816556
v 1.769301 -0.400000 -7.846913
v 1.769301 0.400000 -7.846913
v 1.714500 -0.400000 -7.878125
v 1.714500 0.400000 -7.878125
v 1.659700 -0.400000 -7.912024
v 1.659700 0.400000 -7.912024
v 1.607973 -0.400000 -7.950444
v 1.607973 0.400000 -7.950444
v 1.562391 -0.400000 -7.995219
v 1.562391 0.400000 -7.995219
v 1.526028 -0.400000 -8.048181
v 1.526028 0.400000 -8.048181
v 1.501957 -0.400000 -8.111163
v 1.501957 0.400000 -8.111163
v 1.493250 -0.400000 -8.186000
v 1.493250 0.400000 -8.186000
v 1.495736 -0.400000 -8.225176
v 1.495736 0.400000 -8.225176
v 1.503014 -0.400000 -8.262285
v 1.503014 0.400000 -8.262285
v 1.514813 -0.400000 -8.297071
v 1.514813 0.400000 -8.297071
v 1.530861 -0.400000 -8.329278
v 1.530861 0.400000 -8.329278
v 1.550889 -0.400000 -8.358652
v 1.550889 0.400000 -8.358652
v 1.574625 -0.400000 -8.384937
v 1.574625 0.400000 -8.384937
v 1.601799 -0.400000 -8.407879
v 1.601799 0.400000 -8.407879
v 1.632139 -0.400000 -8.427222
v 1.632139 0.400000 -8.427222
v 1.665375 -0.400000 -8.442711
v 1.665375 0.400000 -8.442711
v 1.701236 -0.400000 -8.454090
v 1.701236 0.400000 -8.454090
v 1.739452 -0.400000 -8.461105
v 1.739452 0.400000 -8.461105
v 1.779750 -0.400000 -8.463500
v 1.779750 0.400000 -8.463500
v 1.807072 -0.400000 -8.462873
v 1.807072 0.400000 -8.462873
v 1.833577 -0.400000 -8.460979
v 1.833577 0.400000 -8.460979
v 1.859321 -0.400000 -8.457805
v 1.859321 0.400000 -8.457805
v 1.884361 -0.400000 -8.453333
v 1.884361 0.400000 -8.453333
v 1.908756 -0.400000 -8.447550
v 1.908756 0.400000 -8.447550
v 1.932563 -0.400000 -8.440437
v 1.932563 0.400000 -8.440437
v 1.955838 -0.400000 -8.431982
v 1.955838 0.400000 -8.431982
v 1.978639 -0.400000 -8.422167
v 1.978639 0.400000 -8.422167
v 2.001024 -0.400000 -8.410976
v 2.001024 0.400000 -8.410976
v 2.023049 -0.400000 -8.398396
v 2.023049 0.400000 -8.398396
v 2.044772 -0.400000 -8.384409
v 2.044772 0.400000 -8.384409
v 2.066250 -0.400000 -8.369000
v 2.066250 0.400000 -8.369000
v 2.066250 -0.400000 -8.183000
v 2.066250 0.400000 -8.183000
v 2.047102 -0.400000 -8.206089
v 2.047102 0.400000 -8.206089
v 2.027188 -0.400000 -8.227333
v 2.027188 0.400000 -8.227333
v 2.006555 -0.400000 -8.246703
v 2.006555 0.400000 -8.246703
v 1.985250 -0.400000 -8.264167
v 1.985250 0.400000 -8.264167
v 1.963321 -0.400000 -8.279693
v 1.963321 0.400000 -8.279693
v 1.940813 -0.400000 -8.293250
v 1.940813 0.400000 -8.293250
v 1.917774 -0.400000 -8.304808
v 1.917774 0.400000 -8.304808
v 1.894250 -0.400000 -8.314333
v 1.894250 0.400000 -8.314333
v 1.870289 -0.400000 -8.321796
v 1.870289 0.400000 -8.321796
v 1.845938 -0.400000 -8.327167
v 1.845938 0.400000 -8.327167
v 1.821242 -0.400000 -8.330412
v 1.821242 0.400000 -8.330412
v 1.796250 -0.400000 -8.331500
v 1.796250 0.400000 -8.331500
v 1.769026 -0.400000 -8.330050
v 1.769026 0.400000 -8.330050
v 1.744334 -0.400000 -8.325903
v 1.744334 0.400000 -8.325903
v 1.722141 -0.400000 -8.319360
v 1.722141 0.400000 -8.319360
v 1.702417 -0.400000 -8.310722
v 1.702417 0.400000 -8.310722
v 1.685130 -0.400000 -8.300293
v 1.685130 0.400000 -8.300293
v 1.670250 -0.400000 -8.288375
v 1.670250 0.400000 -8.288375
v 1.657745 -0.400000 -8.275270
v 1.657745 0.400000 -8.275270
v 1.647583 -0.400000 -8.261278
v 1.647583 0.400000 -8.261278
v 1.639735 -0.400000 -8.246703
v 1.639735 0.400000 -8.246703
v 1.634167 -0.400000 -8.231847
v 1.634167 0.400000 -8.231847
v 1.630849 -0.400000 -8.217012
v 1.630849 0.400000 -8.217012
v 1.629750 -0.400000 -8.202500
v 1.629750 0.400000 -8.202500
v 1.638456 -0.400000 -8.153275
v 1.638456 0.400000 -8.153275
v 1.662528 -0.400000 -8.110319
v 1.662528 0.400000 -8.110319
v 1.698890 -0.400000 -8.072094
v 1.698890 0.400000 -8.072094
v 1.744472 -0.400000 -8.037056
v 1.744472 0.400000 -8.037056
v 1.796200 -0.400000 -8.003663
v 1.796200 0.400000 -8.003663
v 1.851000 -0.400000 -7.970375
v 1.851000 0.400000 -7.970375
v 1.905800 -0.400000 -7.935649
v 1.905800 0.400000 -7.935649
v 1.957528 -0.400000 -7.897944
v 1.957528 0.400000 -7.897944
v 2.003109 -0.400000 -7.855719
v 2.003109 0.400000 -7.855719
v 2.039472 -0.400000 -7.807431
v 2.039472 0.400000 -7.807431
v 2.063544 -0.400000 -7.751538
v 2.063544 0.400000 -7.751538
v 2.072250 -0.400000 -7.686500
v 2.072250 0.400000 -7.686500
v 2.069721 -0.400000 -7.646152
v 2.069721 0.400000 -7.646152
v 2.062271 -0.400000 -7.608465
v 2.062271 0.400000 -7.608465
v 2.050102 -0.400000 -7.573602
v 2.050102 0.400000 -7.573602
v 2.033417 -0.400000 -7.541722
v 2.033417 0.400000 -7.541722
v 2.012419 -0.400000 -7.512989
v 2.012419 0.400000 -7.512989
v 1.987313 -0.400000 -7.487563
v 1.987313 0.400000 -7.487563
v 1.958300 -0.400000 -7.465605
v 1.958300 0.400000 -7.465605
v 1.925583 -0.400000 -7.447278
v 1.925583 0.400000 -7.447278
v 1.889367 -0.400000 -7.432742
v 1.889367 0.400000 -7.432742
v 1.849854 -0.400000 -7.422160
v 1.849854 0.400000 -7.422160
v 1.807248 -0.400000 -7.415692
v 1.807248 0.400000 -7.415692
v 1.761750 -0.400000 -7.413500
v 1.761750 0.400000 -7.413500
v 1.742254 -0.400000 -7.414000
v 1.742254 0.400000 -7.414000
v 1.722778 -0.400000 -7.415500
v 1.722778 0.400000 -7.415500
v 1.703344 -0.400000 -7.418000
v 1.703344 0.400000 -7.418000
v 1.683972 -0.400000 -7.421500
v 1.683972 0.400000 -7.421500
v 1.664684 -0.400000 -7.426000
v 1.664684 0.400000 -7.426000
v 1.645500 -0.400000 -7.431500
v 1.645500 0.400000 -7.431500
v 1.626441 -0.400000 -7.438000
v 1.626441 0.400000 -7.438000
v 1.607528 -0.400000 -7.445500
v 1.607528 0.400000 -7.445500
v 1.588781 -0.400000 -7.454000
v 1.588781 0.400000 -7.454000
v 1.570222 -0.400000 -7.463500
v 1.570222 0.400000 -7.463500
v 1.551872 -0.400000 -7.474000
v 1.551872 0.400000 -7.474000
v 1.533750 -0.400000 -7.485500
v 1.533750 0.400000 -7.485500
v 1.533750 -0.400000 -7.652000
v 1.533750 0.400000 -7.652000
v 0.967395 -0.400000 -7.429691
v 0.967395 0.400000 -7.429691
v 0.919035 -0.400000 -7.437528
v 0.919035 0.400000 -7.437528
v 0.875602 -0.400000 -7.450156
v 0.875602 0.400000 -7.450156
v 0.837028 -0.400000 -7.467222
v 0.837028 0.400000 -7.467222
v 0.803246 -0.400000 -7.488371
v 0.803246 0.400000 -7.488371
v 0.774187 -0.400000 -7.513250
v 0.774187 0.400000 -7.513250
v 0.749786 -0.400000 -7.541503
v 0.749786 0.400000 -7.541503
v 0.729972 -0.400000 -7.572778
v 0.729972 0.400000 -7.572778
v 0.714680 -0.400000 -7.606719
v 0.714680 0.400000 -7.606719
v 0.703840 -0.400000 -7.642972
v 0.703840 0.400000 -7.642972
v 0.697386 -0.400000 -7.681184
v 0.697386 0.400000 -7.681184
v 0.695250 -0.400000 -7.721000
v 0.695250 0.400000 -7.721000
v 0.697512 -0.400000 -7.760353
v 0.697512 0.400000 -7.760353
v 0.704347 -0.400000 -7.797951
v 0.704347 0.400000 -7.797951
v 0.715828 -0.400000 -7.833477
v 0.715828 0.400000 -7.833477
v 0.732028 -0.400000 -7.866611
v 0.732028 0.400000 -7.866611
v 0.753019 -0.400000 -7.897038
v 0.753019 0.400000 -7.897038
v 0.778875 -0.400000 -7.924438
v 0.778875 0.400000 -7.924438
v 0.809668 -0.400000 -7.948494
v 0.809668 0.400000 -7.948494
v 0.845472 -0.400000 -7.968889
v 0.845472 0.400000 -7.968889
v 0.886359 -0.400000 -7.985305
v 0.886359 0.400000 -7.985305
v 0.932403 -0.400000 -7.997424
v 0.932403 0.400000 -7.997424
v 0.983675 -0.400000 -8.004928
v 0.983675 0.400000 -8.004928
v 1.040250 -0.400000 -8.007500
v 1.040250 0.400000 -8.007500
v 1.193250 -0.400000 -8.007500
v 1.193250 0.400000 -8.007500
v 1.193250 -0.400000 -8.450000
v 1.193250 0.400000 -8.450000
v 1.340250 -0.400000 -8.450000
v 1.340250 0.400000 -8.450000
v 1.340250 -0.400000 -7.427000
v 1.340250 0.400000 -7.427000
v 1.020750 -0.400000 -7.427000
v 1.020750 0.400000 -7.427000
v 1.026750 -0.400000 -7.875500
v 1.026750 0.400000 -7.875500
v 1.000206 -0.400000 -7.874290
v 1.000206 0.400000 -7.874290
v 0.975396 -0.400000 -7.870695
v 0.975396 0.400000 -7.870695
v 0.952430 -0.400000 -7.864766
v 0.952430 0.400000 -7.864766
v 0.931417 -0.400000 -7.856555
v 0.931417 0.400000 -7.856555
v 0.912466 -0.400000 -7.846116
v 0.912466 0.400000 -7.846116
v 0.895688 -0.400000 -7.833500
v 0.895688 0.400000 -7.833500
v 0.881190 -0.400000 -7.818758
v 0.881190 0.400000 -7.818758
v 0.869083 -0.400000 -7.801944
v 0.869083 0.400000 -7.801944
v 0.859477 -0.400000 -7.783109
v 0.859477 0.400000 -7.783109
v 0.852479 -0.400000 -7.762306
v 0.852479 0.400000 -7.762306
v 0.848201 -0.400000 -7.739585
v 0.848201 0.400000 -7.739585
v 0.846750 -0.400000 -7.715000
v 0.846750 0.400000 -7.715000
v 0.847624 -0.400000 -7.696176
v 0.847624 0.400000 -7.696176
v 0.850368 -0.400000 -7.677403
v 0.850368 0.400000 -7.677403
v 0.855164 -0.400000 -7.658984
v 0.855164 0.400000 -7.658984
v 0.862194 -0.400000 -7.641222
v 0.862194 0.400000 -7.641222
v 0.871642 -0.400000 -7.624418
v 0.871642 0.400000 -7.624418
v 0.883688 -0.400000 -7.608875
v 0.883688 0.400000 -7.608875
v 0.898515 -0.400000 -7.594894
v 0.898515 0.400000 -7.594894
v 0.916306 -0.400000 -7.582778
v 0.916306 0.400000 -7.582778
v 0.937242 -0.400000 -7.572828
v 0.937242 0.400000 -7.572828
v 0.961507 -0.400000 -7.565347
v 0.961507 0.400000 -7.565347
v 0.989282 -0.400000 -7.560637
v 0.989282 0.400000 -7.560637
v 1.020750 -0.400000 -7.559000
v 1.020750 0.400000 -7.559000
v 1.193250 -0.400000 -7.559000
v 1.193250 0.400000 -7.559000
v 1.193250 -0.400000 -7.875500
v 1.193250 0.400000 -7.875500
v -0.170250 -0.400000 -8.450000
v -0.170250 0.400000 -8.450000
v -0.033750 -0.400000 -8.148500
v -0.033750 0.400000 -8.148500
v 0.401250 -0.400000 -8.148500
v 0.401250 0.400000 -8.148500
v 0.530250 -0.400000 -8.450000
v 0.530250 0.400000 -8.450000
v 0.680250 -0.400000 -8.450000
v 0.680250 0.400000 -8.450000
v 0.240750 -0.400000 -7.421000
v 0.240750 0.400000 -7.421000
v 0.137250 -0.400000 -7.421000
v 0.137250 0.400000 -7.421000
v -0.320250 -0.400000 -8.450000
v -0.320250 0.400000 -8.450000
v 0.026250 -0.400000 -8.016500
v 0.026250 0.400000 -8.016500
v 0.191250 -0.400000 -7.646000
v 0.191250 0.400000 -7.646000
v 0.344250 -0.400000 -8.016500
v 0.344250 0.400000 -8.016500
v -1.273109 -0.400000 -7.637465
v -1.273109 0.400000 -7.637465
v -1.242618 -0.400000 -7.621590
v -1.242618 0.400000 -7.621590
v -1.212680 -0.400000 -7.607351
v -1.212680 0.400000 -7.607351
v -1.183195 -0.400000 -7.594722
v -1.183195 0.400000 -7.594722
v -1.154063 -0.400000 -7.583676
v -1.154063 0.400000 -7.583676
v -1.125188 -0.400000 -7.574187
v -1.125188 0.400000 -7.574187
v -1.096468 -0.400000 -7.566230
v -1.096468 0.400000 -7.566230
v -1.067806 -0.400000 -7.559778
v -1.067806 0.400000 -7.559778
v -1.039102 -0.400000 -7.554805
v -1.039102 0.400000 -7.554805
v -1.010257 -0.400000 -7.551285
v -1.010257 0.400000 -7.551285
v -0.981173 -0.400000 -7.549192
v -0.981173 0.400000 -7.549192
v -0.951750 -0.400000 -7.548500
v -0.951750 0.400000 -7.548500
v -0.894566 -0.400000 -7.551906
v -0.894566 0.400000 -7.551906
v -0.840278 -0.400000 -7.561875
v -0.840278 0.400000 -7.561875
v -0.789281 -0.400000 -7.578031
v -0.789281 0.400000 -7.578031
v -0.741972 -0.400000 -7.600000
v -0.741972 0.400000 -7.600000
v -0.698747 -0.400000 -7.627406
v -0.698747 0.400000 -7.627406
v -0.660000 -0.400000 -7.659875
v -0.660000 0.400000 -7.659875
v -0.626129 -0.400000 -7.697031
v -0.626129 0.400000 -7.697031
v -0.597528 -0.400000 -7.738500
v -0.597528 0.400000 -7.738500
v -0.574594 -0.400000 -7.783906
v -0.574594 0.400000 -7.783906
v -0.557722 -0.400000 -7.832875
v -0.557722 0.400000 -7.832875
v -0.547309 -0.400000 -7.885031
v -0.547309 0.400000 -7.885031
v -0.543750 -0.400000 -7.940000
v -0.543750 0.400000 -7.940000
v -0.547198 -0.400000 -7.995855
v -0.547198 0.400000 -7.995855
v -0.557333 -0.400000 -8.048466
v -0.557333 0.400000 -8.048466
v -0.573844 -0.400000 -8.097524
v -0.573844 0.400000 -8.097524
v -0.596417 -0.400000 -8.142722
v -0.596417 0.400000 -8.142722
v -0.624740 -0.400000 -8.183754
v -0.624740 0.400000 -8.183754
v -0.658500 -0.400000 -8.220312
v -0.658500 0.400000 -8.220312
v -0.697385 -0.400000 -8.252090
v -0.697385 0.400000 -8.252090
v -0.741083 -0.400000 -8.278778
v -0.741083 0.400000 -8.278778
v -0.789281 -0.400000 -8.300071
v -0.789281 0.400000 -8.300071
v -0.841667 -0.400000 -8.315660
v -0.841667 0.400000 -8.315660
v -0.897927 -0.400000 -8.325239
v -0.897927 0.400000 -8.325239
v -0.957750 -0.400000 -8.328500
v -0.957750 0.400000 -8.328500
v -0.986832 -0.400000 -8.327660
v -0.986832 0.400000 -8.327660
v -1.016278 -0.400000 -8.325152
v -1.016278 0.400000 -8.325152
v -1.046016 -0.400000 -8.321000
v -1.046016 0.400000 -8.321000
v -1.075972 -0.400000 -8.315222
v -1.075972 0.400000 -8.315222
v -1.106075 -0.400000 -8.307840
v -1.106075 0.400000 -8.307840
v -1.136250 -0.400000 -8.298875
v -1.136250 0.400000 -8.298875
v -1.166425 -0.400000 -8.288347
v -1.166425 0.400000 -8.288347
v -1.196528 -0.400000 -8.276278
v -1.196528 0.400000 -8.276278
v -1.226485 -0.400000 -8.262688
v -1.226485 0.400000 -8.262688
v -1.256222 -0.400000 -8.247597
v -1.256222 0.400000 -8.247597
v -1.285668 -0.400000 -8.231028
v -1.285668 0.400000 -8.231028
v -1.314750 -0.400000 -8.213000
v -1.314750 0.400000 -8.213000
v -1.314750 -0.400000 -8.373500
v -1.314750 0.400000 -8.373500
v -1.289413 -0.400000 -8.386299
v -1.289413 0.400000 -8.386299
v -1.263556 -0.400000 -8.398396
v -1.263556 0.400000 -8.398396
v -1.237031 -0.400000 -8.409711
v -1.237031 0.400000 -8.409711
v -1.209695 -0.400000 -8.420167
v -1.209695 0.400000 -8.420167
v -1.181399 -0.400000 -8.429685
v -1.181399 0.400000 -8.429685
v -1.152000 -0.400000 -8.438188
v -1.152000 0.400000 -8.438188
v -1.121351 -0.400000 -8.445597
v -1.121351 0.400000 -8.445597
v -1.089306 -0.400000 -8.451834
v -1.089306 0.400000 -8.451834
v -1.055719 -0.400000 -8.456820
v -1.055719 0.400000 -8.456820
v -1.020444 -0.400000 -8.460479
v -1.020444 0.400000 -8.460479
v -0.983337 -0.400000 -8.462731
v -0.983337 0.400000 -8.462731
v -0.944250 -0.400000 -8.463500
v -0.944250 0.400000 -8.463500
v -0.852722 -0.400000 -8.457561
v -0.852722 0.400000 -8.457561
v -0.770028 -0.400000 -8.440619
v -0.770028 0.400000 -8.440619
v -0.696000 -0.400000 -8.413977
v -0.696000 0.400000 -8.413977
v -0.630472 -0.400000 -8.378944
v -0.630472 0.400000 -8.378944
v -0.573278 -0.400000 -8.336829
v -0.573278 0.400000 -8.336829
v -0.524250 -0.400000 -8.288938
v -0.524250 0.400000 -8.288938
v -0.483222 -0.400000 -8.236577
v -0.483222 0.400000 -8.236577
v -0.450028 -0.400000 -8.181056
v -0.450028 0.400000 -8.181056
v -0.424500 -0.400000 -8.123680
v -0.424500 0.400000 -8.123680
v -0.406472 -0.400000 -8.065757
v -0.406472 0.400000 -8.065757
v -0.395778 -0.400000 -8.008595
v -0.395778 0.400000 -8.008595
v -0.392250 -0.400000 -7.953500
v -0.392250 0.400000 -7.953500
v -0.397072 -0.400000 -7.877333
v -0.397072 0.400000 -7.877333
v -0.411201 -0.400000 -7.805167
v -0.411201 0.400000 -7.805167
v -0.434133 -0.400000 -7.737500
v -0.434133 0.400000 -7.737500
v -0.465361 -0.400000 -7.674833
v -0.465361 0.400000 -7.674833
v -0.504381 -0.400000 -7.617667
v -0.504381 0.400000 -7.617667
v -0.550687 -0.400000 -7.566500
v -0.550687 0.400000 -7.566500
v -0.603775 -0.400000 -7.521833
v -0.603775 0.400000 -7.521833
v -0.663139 -0.400000 -7.484167
v -0.663139 0.400000 -7.484167
v -0.728274 -0.400000 -7.454000
v -0.728274 0.400000 -7.454000
v -0.798674 -0.400000 -7.431833
v -0.798674 0.400000 -7.431833
v -0.873834 -0.400000 -7.418167
v -0.873834 0.400000 -7.418167
v -0.953250 -0.400000 -7.413500
v -0.953250 0.400000 -7.413500
v -0.979550 -0.400000 -7.414036
v -0.979550 0.400000 -7.414036
v -1.006021 -0.400000 -7.415660
v -1.006021 0.400000 -7.415660
v -1.032773 -0.400000 -7.418398
v -1.032773 0.400000 -7.418398
v -1.059917 -0.400000 -7.422277
v -1.059917 0.400000 -7.422277
v -1.087560 -0.400000 -7.427324
v -1.087560 0.400000 -7.427324
v -1.115813 -0.400000 -7.433562
v -1.115813 0.400000 -7.433562
v -1.144784 -0.400000 -7.441020
v -1.144784 0.400000 -7.441020
v -1.174583 -0.400000 -7.449722
v -1.174583 0.400000 -7.449722
v -1.205320 -0.400000 -7.459695
v -1.205320 0.400000 -7.459695
v -1.237104 -0.400000 -7.470965
v -1.237104 0.400000 -7.470965
v -1.270044 -0.400000 -7.483558
v -1.270044 0.400000 -7.483558
v -1.304250 -0.400000 -7.497500
v -1.304250 0.400000 -7.497500
v -1.304250 -0.400000 -7.655000
v -1.304250 0.400000 -7.655000
v -1.641750 -0.400000 -7.559000
v -1.641750 0.400000 -7.559000
v -1.641750 -0.400000 -7.868000
v -1.641750 0.400000 -7.868000
v -2.060250 -0.400000 -7.868000
v -2.060250 0.400000 -7.868000
v -2.060250 -0.400000 -8.000000
v -2.060250 0.400000 -8.000000
v -1.641750 -0.400000 -8.000000
v -1.641750 0.400000 -8.000000
v -1.641750 -0.400000 -8.318000
v -1.641750 0.400000 -8.318000
v -2.088750 -0.400000 -8.318000
v -2.088750 0.400000 -8.318000
v -2.088750 -0.400000 -8.450000
v -2.088750 0.400000 -8.450000
v -1.494750 -0.400000 -8.450000
v -1.494750 0.400000 -8.450000
v -1.494750 -0.400000 -7.427000
v -1.494750 0.400000 -7.427000
v -2.075250 -0.400000 -7.427000
v -2.075250 0.400000 -7.427000
v -2.075250 -0.400000 -7.559000
v -2.075250 0.400000 -7.559000
vn -0.0000 1.0000 -0.0000
vn -0.0001 1.0000 -0.0000
vn -0.0000 -1.0000 -0.0000
vn -0.0001 -1.0000 -0.0000
vn 0.5982 -0.0000 -0.8014
vn 0.6451 -0.0000 -0.7641
vn 0.5472 -0.0000 -0.8370
vn 0.4924 -0.0000 -0.8703
vn 0.4344 -0.0000 -0.9007
vn 0.3738 -0.0000 -0.9275
vn 0.3113 -0.0000 -0.9503
vn 0.2478 -0.0000 -0.9688
vn 0.1842 -0.0000 -0.9829
vn 0.1212 -0.0000 -0.9926
vn 0.0598 -0.0000 -0.9982
vn -0.0072 -0.0000 -1.0000
vn -0.0900 -0.0000 -0.9959
vn -0.1842 -0.0000 -0.9829
vn -0.2828 -0.0000 -0.9592
vn -0.3856 -0.0000 -0.9227
vn -0.4915 -0.0000 -0.8709
vn -0.5986 -0.0000 -0.8011
vn -0.7033 -0.0000 -0.7109
vn -0.8007 -0.0000 -0.5990
vn -0.8845 -0.0000 -0.4665
vn -0.9482 -0.0000 -0.3175
vn -0.9872 -0.0000 -0.1593
vn -0.9985 -0.0000 0.0556
vn -0.9314 -0.0000 0.3641
vn -0.7738 -0.0000 0.6335
vn -0.6274 -0.0000 0.7787
vn -0.7737 -0.0000 0.6335
vn -0.5367 -0.0000 0.8438
vn -0.6273 -0.0000 0.7787
vn -0.5005 -0.0000 0.8657
vn -0.5106 -0.0000 0.8598
vn -0.5617 -0.0000 0.8274
vn -0.6500 -0.0000 0.7599
vn -0.7661 -0.0000 0.6427
vn -0.6501 -0.0000 0.7599
vn -0.8854 -0.0000 0.4648
vn -0.9712 -0.0000 0.2381
vn -0.9997 -0.0000 0.0262
vn -0.9918 -0.0000 -0.1282
vn -0.9663 -0.0000 -0.2574
vn -0.9231 -0.0000 -0.3845
vn -0.8626 -0.0000 -0.5058
vn -0.7860 -0.0000 -0.6182
vn -0.6952 -0.0000 -0.7188
vn -0.5927 -0.0000 -0.8055
vn -0.4810 -0.0000 -0.8767
vn -0.3632 -0.0000 -0.9317
vn -0.2420 -0.0000 -0.9703
vn -0.1202 -0.0000 -0.9928
vn -0.0182 -0.0000 -0.9998
vn 0.0471 -0.0000 -0.9989
vn 0.0968 -0.0000 -0.9953
vn 0.1491 -0.0000 -0.9888
vn 0.2033 -0.0000 -0.9791
vn 0.2586 -0.0000 -0.9660
vn 0.3140 -0.0000 -0.9494
vn 0.3686 -0.0000 -0.9296
vn 0.4214 -0.0000 -0.9069
vn 0.4717 -0.0000 -0.8817
vn 0.5189 -0.0000 -0.8549
vn 0.5623 -0.0000 -0.8269
vn 0.8896 -0.0000 -0.4567
vn 0.3392 -0.0000 0.9407
vn -0.7500 -0.0000 0.6614
vn 0.3393 -0.0000 0.9407
vn -0.7074 -0.0000 0.7068
vn -0.6596 -0.0000 0.7516
vn -0.6063 -0.0000 0.7953
vn -0.6596 -0.0000 0.7517
vn -0.5473 -0.0000 0.8370
vn -0.4825 -0.0000 0.8759
vn -0.4122 -0.0000 0.9111
vn -0.3367 -0.0000 0.9416
vn -0.2566 -0.0000 0.9665
vn -0.1730 -0.0000 0.9849
vn -0.0870 -0.0000 0.9962
vn 0.0048 -0.0000 1.0000
vn 0.1096 -0.0000 0.9940
vn 0.2246 -0.0000 0.9744
vn 0.3426 -0.0000 0.9395
vn 0.4598 -0.0000 0.8880
vn 0.3427 -0.0000 0.9395
vn 0.5721 -0.0000 0.8202
vn 0.6758 -0.0000 0.7371
vn 0.7680 -0.0000 0.6404
vn 0.8467 -0.0000 0.5321
vn 0.9105 -0.0000 0.4135
vn 0.9584 -0.0000 0.2853
vn 0.9891 -0.0000 0.1473
vn 0.9988 -0.0000 -0.0497
vn 0.9418 -0.0000 -0.3362
vn 0.8047 -0.0000 -0.5937
vn 0.6690 -0.0000 -0.7433
vn 0.5764 -0.0000 -0.8172
vn 0.5308 -0.0000 -0.8475
vn 0.5272 -0.0000 -0.8497
vn 0.5624 -0.0000 -0.8268
vn 0.6354 -0.0000 -0.7722
vn 0.7422 -0.0000 -0.6702
vn 0.8648 -0.0000 -0.5021
vn 0.9638 -0.0000 -0.2666
vn 0.9994 -0.0000 -0.0352
vn 0.9917 -0.0000 0.1285
vn 0.9650 -0.0000 0.2624
vn 0.9175 -0.0000 0.3977
vn 0.8490 -0.0000 0.5283
vn 0.7616 -0.0000 0.6481
vn 0.6592 -0.0000 0.7519
vn 0.5474 -0.0000 0.8369
vn 0.6592 -0.0000 0.7520
vn 0.4315 -0.0000 0.9021
vn 0.3162 -0.0000 0.9487
vn 0.2047 -0.0000 0.9788
vn 0.0992 -0.0000 0.9951
vn 0.0112 -0.0000 0.9999
vn -0.0512 -0.0000 0.9987
vn -0.1022 -0.0000 0.9948
vn -0.1527 -0.0000 0.9883
vn -0.2026 -0.0000 0.9793
vn -0.2515 -0.0000 0.9679
vn -0.2993 -0.0000 0.9542
vn -0.3458 -0.0000 0.9383
vn -0.3909 -0.0000 0.9204
vn -0.4344 -0.0000 0.9007
vn -0.4763 -0.0000 0.8793
vn -0.5164 -0.0000 0.8564
vn -0.8763 -0.0000 0.4818
vn -0.4078 -0.0000 -0.9131
vn -0.2200 -0.0000 0.9755
vn -0.1053 -0.0000 0.9944
vn -0.3427 -0.0000 0.9395
vn -0.4688 -0.0000 0.8833
vn -0.5921 -0.0000 0.8058
vn -0.7056 -0.0000 0.7086
vn -0.8030 -0.0000 0.5960
vn -0.8804 -0.0000 0.4742
vn -0.9370 -0.0000 0.3494
vn -0.9739 -0.0000 0.2269
vn -0.9939 -0.0000 0.1102
vn -1.0000 -0.0000 -0.0019
vn -0.9930 -0.0000 -0.1183
vn -0.9698 -0.0000 -0.2437
vn -0.9273 -0.0000 -0.3743
vn -0.8631 -0.0000 -0.5050
vn -0.7775 -0.0000 -0.6289
vn -0.6734 -0.0000 -0.7393
vn -0.5568 -0.0000 -0.8307
vn -0.4348 -0.0000 -0.9005
vn -0.3142 -0.0000 -0.9494
vn -0.2000 -0.0000 -0.9798
vn -0.0952 -0.0000 -0.9955
vn -0.0227 -0.0000 -0.9997
vn -0.7071 -0.0000 -0.7071
vn 0.7071 -0.0000 -0.7071
vn 0.7071 -0.0000 0.7071
vn -0.0252 -0.0000 0.9997
vn 0.0946 -0.0000 0.9955
vn 0.0228 -0.0000 0.9997
vn 0.1970 -0.0000 0.9804
vn 0.3075 -0.0000 0.9516
vn 0.4241 -0.0000 0.9056
vn 0.5431 -0.0000 0.8397
vn 0.6588 -0.0000 0.7523
vn 0.7645 -0.0000 0.6446
vn 0.8536 -0.0000 0.5209
vn 0.9218 -0.0000 0.3876
vn 0.9676 -0.0000 0.2525
vn 0.9925 -0.0000 0.1222
vn 1.0000 -0.0000 0.0063
vn 0.9954 -0.0000 -0.0956
vn 0.9801 -0.0000 -0.1986
vn 0.9505 -0.0000 -0.3106
vn 0.9028 -0.0000 -0.4300
vn 0.8333 -0.0000 -0.5528
vn 0.7405 -0.0000 -0.6721
vn 0.6264 -0.0000 -0.7795
vn 0.4975 -0.0000 -0.8674
vn 0.3629 -0.0000 -0.9318
vn 0.2314 -0.0000 -0.9729
vn 0.1098 -0.0000 -0.9940
vn 0.0260 -0.0000 -0.9997
vn -0.7071 -0.0000 0.7071
vn 0.5420 -0.0000 -0.8404
vn -0.5507 -0.0000 -0.8347
vn 0.8345 -0.0000 -0.5510
vn -0.5508 -0.0000 -0.8347
vn 0.5510 -0.0000 0.8345
vn -0.5449 -0.0000 0.8385
vn -0.8385 -0.0000 -0.5449
vn -0.8385 -0.0000 -0.5448
vn -0.0137 -0.0000 -0.9999
vn 0.8387 -0.0000 0.5446
vn -0.8312 -0.0000 0.5560
vn 0.4457 -0.0000 -0.8952
vn 0.4763 -0.0000 -0.8793
vn 0.4117 -0.0000 -0.9113
vn 0.3742 -0.0000 -0.9273
vn 0.3334 -0.0000 -0.9428
vn 0.2897 -0.0000 -0.9571
vn 0.3335 -0.0000 -0.9428
vn 0.2434 -0.0000 -0.9699
vn 0.1952 -0.0000 -0.9808
vn 0.1460 -0.0000 -0.9893
vn 0.0965 -0.0000 -0.9953
vn 0.0477 -0.0000 -0.9989
vn -0.0180 -0.0000 -0.9998
vn -0.1203 -0.0000 -0.9927
vn -0.2418 -0.0000 -0.9703
vn -0.3623 -0.0000 -0.9320
vn -0.4793 -0.0000 -0.8776
vn -0.5902 -0.0000 -0.8073
vn -0.6922 -0.0000 -0.7217
vn -0.7829 -0.0000 -0.6221
vn -0.8599 -0.0000 -0.5105
vn -0.9212 -0.0000 -0.3892
vn -0.9652 -0.0000 -0.2614
vn -0.9915 -0.0000 -0.1305
vn -1.0000 -0.0000 -0.0015
vn -0.9921 -0.0000 0.1257
vn -0.9670 -0.0000 0.2546
vn -0.9234 -0.0000 0.3838
vn -0.8609 -0.0000 0.5087
vn -0.7808 -0.0000 0.6248
vn -0.6854 -0.0000 0.7282
vn -0.5784 -0.0000 0.8158
vn -0.4637 -0.0000 0.8860
vn -0.3454 -0.0000 0.9385
vn -0.2270 -0.0000 0.9739
vn -0.1113 -0.0000 0.9938
vn -0.2269 -0.0000 0.9739
vn -0.0128 -0.0000 0.9999
vn 0.0569 -0.0000 0.9984
vn 0.1116 -0.0000 0.9938
vn 0.1639 -0.0000 0.9865
vn 0.2138 -0.0000 0.9769
vn 0.2616 -0.0000 0.9652
vn 0.3072 -0.0000 0.9516
vn 0.3509 -0.0000 0.9364
vn 0.3927 -0.0000 0.9196
vn 0.4329 -0.0000 0.9014
vn 0.4716 -0.0000 0.8818
vn 0.5088 -0.0000 0.8609
vn -0.4864 -0.0000 0.8738
vn -0.8517 -0.0000 -0.5240
vn -0.4863 -0.0000 0.8738
vn -0.4374 -0.0000 -0.8993
vn -0.4081 -0.0000 -0.9129
vn -0.3749 -0.0000 -0.9271
vn -0.3381 -0.0000 -0.9411
vn -0.2984 -0.0000 -0.9544
vn -0.2565 -0.0000 -0.9666
vn -0.2131 -0.0000 -0.9770
vn -0.1690 -0.0000 -0.9856
vn -0.1251 -0.0000 -0.9922
vn -0.0819 -0.0000 -0.9966
vn -0.0401 -0.0000 -0.9992
vn 0.0226 -0.0000 -0.9997
vn 0.1330 -0.0000 -0.9911
vn 0.2704 -0.0000 -0.9628
vn 0.4061 -0.0000 -0.9138
vn 0.5336 -0.0000 -0.8457
vn 0.6474 -0.0000 -0.7621
vn 0.7446 -0.0000 -0.6675
vn 0.8243 -0.0000 -0.5661
vn 0.8876 -0.0000 -0.4607
vn 0.9358 -0.0000 -0.3524
vn 0.9705 -0.0000 -0.2409
vn 0.9923 -0.0000 -0.1241
vn 1.0000 -0.0000 -0.0004
vn 0.9918 -0.0000 0.1279
vn 0.9664 -0.0000 0.2571
vn 0.9232 -0.0000 0.3844
vn 0.8625 -0.0000 0.5061
vn 0.7855 -0.0000 0.6188
vn 0.6942 -0.0000 0.7198
vn 0.5911 -0.0000 0.8066
vn 0.4790 -0.0000 0.8778
vn 0.3610 -0.0000 0.9325
vn 0.2401 -0.0000 0.9708
vn 0.1190 -0.0000 0.9929
vn 0.0192 -0.0000 0.9998
vn -0.0408 -0.0000 0.9992
vn -0.0816 -0.0000 0.9967
vn -0.1217 -0.0000 0.9926
vn -0.1606 -0.0000 0.9870
vn -0.1976 -0.0000 0.9803
vn -0.2325 -0.0000 0.9726
vn -0.2648 -0.0000 0.9643
vn -0.2945 -0.0000 0.9556
vn -0.3214 -0.0000 0.9469
vn -0.2945 -0.0000 0.9557
vn -0.3457 -0.0000 0.9384
vn -0.3673 -0.0000 0.9301
vn -0.8299 -0.0000 0.5579
vn -0.5046 -0.0000 -0.8633
vt 0.727273 0.000000
vt 0.000000 0.000000
vt 0.818182 0.000000
vt 0.909091 0.000000
vt 1.000000 0.000000
vt 0.090909 0.000000
vt 0.363636 0.000000
vt 0.181818 0.000000
vt 0.272727 0.000000
vt 0.454545 0.000000
vt 0.545455 0.000000
vt 0.636364 0.000000
vt 0.855670 0.000000
vt 0.876289 0.000000
vt 0.865979 0.000000
vt 0.886598 0.000000
vt 0.896907 0.000000
vt 0.845361 0.000000
vt 0.907216 0.000000
vt 0.917526 0.000000
vt 0.927835 0.000000
vt 0.835052 0.000000
vt 0.938144 0.000000
vt 0.948454 0.000000
vt 0.958763 0.000000
vt 0.824742 0.000000
vt 0.969072 0.000000
vt 0.979381 0.000000
vt 0.989691 0.000000
vt 0.814433 0.000000
vt 0.092784 0.000000
vt 0.082474 0.000000
vt 0.072165 0.000000
vt 0.061856 0.000000
vt 0.051546 0.000000
vt 0.041237 0.000000
vt 0.030928 0.000000
vt 0.020619 0.000000
vt 0.010309 0.000000
vt 0.804124 0.000000
vt 0.113402 0.000000
vt 0.103093 0.000000
vt 0.123711 0.000000
vt 0.134021 0.000000
vt 0.144330 0.000000
vt 0.793814 0.000000
vt 0.154639 0.000000
vt 0.164948 0.000000
vt 0.783505 0.000000
vt 0.175258 0.000000
vt 0.185567 0.000000
vt 0.773196 0.000000
vt 0.195876 0.000000
vt 0.762887 0.000000
vt 0.206186 0.000000
vt 0.216495 0.000000
vt 0.752577 0.000000
vt 0.226804 0.000000
vt 0.742268 0.000000
vt 0.237113 0.000000
vt 0.247423 0.000000
vt 0.731959 0.000000
vt 0.257732 0.000000
vt 0.721649 0.000000
vt 0.268041 0.000000
vt 0.711340 0.000000
vt 0.278351 0.000000
vt 0.701031 0.000000
vt 0.288660 0.000000
vt 0.690722 0.000000
vt 0.298969 0.000000
vt 0.474227 0.000000
vt 0.494845 0.000000
vt 0.484536 0.000000
vt 0.309278 0.000000
vt 0.463918 0.000000
vt 0.680412 0.000000
vt 0.453608 0.000000
vt 0.319588 0.000000
vt 0.443299 0.000000
vt 0.432990 0.000000
vt 0.329897 0.000000
vt 0.422680 0.000000
vt 0.670103 0.000000
vt 0.412371 0.000000
vt 0.340206 0.000000
vt 0.402062 0.000000
vt 0.391753 0.000000
vt 0.350515 0.000000
vt 0.381443 0.000000
vt 0.371134 0.000000
vt 0.360825 0.000000
vt 0.659794 0.000000
vt 0.505155 0.000000
vt 0.649485 0.000000
vt 0.515464 0.000000
vt 0.525773 0.000000
vt 0.536082 0.000000
vt 0.639175 0.000000
vt 0.546392 0.000000
vt 0.556701 0.000000
vt 0.567010 0.000000
vt 0.628866 0.000000
vt 0.577320 0.000000
vt 0.587629 0.000000
vt 0.597938 0.000000
vt 0.618557 0.000000
vt 0.608247 0.000000
vt 0.400000 0.000000
vt 0.600000 0.000000
vt 0.500000 0.000000
vt 0.900000 0.000000
vt 0.700000 0.000000
vt 0.800000 0.000000
vt 0.200000 0.000000
vt 0.100000 0.000000
vt 0.300000 0.000000
vt 0.472727 0.000000
vt 0.981818 0.000000
vt 0.490909 0.000000
vt 0.509091 0.000000
vt 0.018182 0.000000
vt 0.036364 0.000000
vt 0.054545 0.000000
vt 0.072727 0.000000
vt 0.109091 0.000000
vt 0.963636 0.000000
vt 0.127273 0.000000
vt 0.945455 0.000000
vt 0.927273 0.000000
vt 0.145455 0.000000
vt 0.890909 0.000000
vt 0.872727 0.000000
vt 0.854545 0.000000
vt 0.163636 0.000000
vt 0.836364 0.000000
vt 0.781818 0.000000
vt 0.763636 0.000000
vt 0.745455 0.000000
vt 0.218182 0.000000
vt 0.709091 0.000000
vt 0.236364 0.000000
vt 0.690909 0.000000
vt 0.672727 0.000000
vt 0.254545 0.000000
vt 0.654545 0.000000
vt 0.618182 0.000000
vt 0.581818 0.000000
vt 0.563636 0.000000
vt 0.290909 0.000000
vt 0.527273 0.000000
vt 0.436364 0.000000
vt 0.309091 0.000000
vt 0.327273 0.000000
vt 0.345455 0.000000
vt 0.381818 0.000000
vt 0.418182 0.000000
vt 0.884298 0.000000
vt 0.900826 0.000000
vt 0.892562 0.000000
vt 0.917355 0.000000
vt 0.876033 0.000000
vt 0.925620 0.000000
vt 0.933884 0.000000
vt 0.867769 0.000000
vt 0.942149 0.000000
vt 0.950413 0.000000
vt 0.859504 0.000000
vt 0.958678 0.000000
vt 0.966942 0.000000
vt 0.851240 0.000000
vt 0.975207 0.000000
vt 0.983471 0.000000
vt 0.842975 0.000000
vt 0.991736 0.000000
vt 0.057851 0.000000
vt 0.049587 0.000000
vt 0.041322 0.000000
vt 0.033058 0.000000
vt 0.024793 0.000000
vt 0.016529 0.000000
vt 0.008264 0.000000
vt 0.834711 0.000000
vt 0.074380 0.000000
vt 0.066116 0.000000
vt 0.826446 0.000000
vt 0.082645 0.000000
vt 0.099174 0.000000
vt 0.107438 0.000000
vt 0.115702 0.000000
vt 0.123967 0.000000
vt 0.132231 0.000000
vt 0.140496 0.000000
vt 0.809917 0.000000
vt 0.148760 0.000000
vt 0.157025 0.000000
vt 0.165289 0.000000
vt 0.801653 0.000000
vt 0.173554 0.000000
vt 0.793388 0.000000
vt 0.190083 0.000000
vt 0.198347 0.000000
vt 0.785124 0.000000
vt 0.206612 0.000000
vt 0.214876 0.000000
vt 0.776860 0.000000
vt 0.223140 0.000000
vt 0.768595 0.000000
vt 0.231405 0.000000
vt 0.239669 0.000000
vt 0.760331 0.000000
vt 0.247934 0.000000
vt 0.752066 0.000000
vt 0.256198 0.000000
vt 0.743802 0.000000
vt 0.264463 0.000000
vt 0.735537 0.000000
vt 0.719008 0.000000
vt 0.280992 0.000000
vt 0.710744 0.000000
vt 0.702479 0.000000
vt 0.289256 0.000000
vt 0.694215 0.000000
vt 0.487603 0.000000
vt 0.504132 0.000000
vt 0.495868 0.000000
vt 0.297521 0.000000
vt 0.685950 0.000000
vt 0.512397 0.000000
vt 0.677686 0.000000
vt 0.305785 0.000000
vt 0.520661 0.000000
vt 0.669421 0.000000
vt 0.528926 0.000000
vt 0.661157 0.000000
vt 0.652893 0.000000
vt 0.314050 0.000000
vt 0.537190 0.000000
vt 0.644628 0.000000
vt 0.553719 0.000000
vt 0.322314 0.000000
vt 0.628099 0.000000
vt 0.561983 0.000000
vt 0.619835 0.000000
vt 0.570248 0.000000
vt 0.611570 0.000000
vt 0.578512 0.000000
vt 0.603306 0.000000
vt 0.586777 0.000000
vt 0.330579 0.000000
vt 0.595041 0.000000
vt 0.338843 0.000000
vt 0.479339 0.000000
vt 0.471074 0.000000
vt 0.347107 0.000000
vt 0.462810 0.000000
vt 0.355372 0.000000
vt 0.446281 0.000000
vt 0.438017 0.000000
vt 0.429752 0.000000
vt 0.371901 0.000000
vt 0.421488 0.000000
vt 0.413223 0.000000
vt 0.380165 0.000000
vt 0.404959 0.000000
vt 0.396694 0.000000
vt 0.388430 0.000000
vt 0.008197 1.000000
vt 0.000000 1.000000
vt 0.016393 1.000000
vt 0.008197 0.000000
vt 0.024590 1.000000
vt 0.016393 0.000000
vt 0.032787 1.000000
vt 0.024590 0.000000
vt 0.040984 1.000000
vt 0.032787 0.000000
vt 0.049180 1.000000
vt 0.040984 0.000000
vt 0.057377 1.000000
vt 0.049180 0.000000
vt 0.065574 1.000000
vt 0.057377 0.000000
vt 0.073770 1.000000
vt 0.065574 0.000000
vt 0.081967 1.000000
vt 0.073770 0.000000
vt 0.090164 1.000000
vt 0.081967 0.000000
vt 0.098361 1.000000
vt 0.090164 0.000000
vt 0.106557 1.000000
vt 0.098361 0.000000
vt 0.114754 1.000000
vt 0.106557 0.000000
vt 0.122951 1.000000
vt 0.114754 0.000000
vt 0.131148 1.000000
vt 0.122951 0.000000
vt 0.139344 1.000000
vt 0.131148 0.000000
vt 0.147541 1.000000
vt 0.139344 0.000000
vt 0.155738 1.000000
vt 0.147541 0.000000
vt 0.163934 1.000000
vt 0.155738 0.000000
vt 0.172131 1.000000
vt 0.163934 0.000000
vt 0.180328 1.000000
vt 0.172131 0.000000
vt 0.188525 1.000000
vt 0.180328 0.000000
vt 0.196721 1.000000
vt 0.188525 0.000000
vt 0.204918 1.000000
vt 0.196721 0.000000
vt 0.213115 1.000000
vt 0.204918 0.000000
vt 0.221311 1.000000
vt 0.213115 0.000000
vt 0.229508 1.000000
vt 0.221311 0.000000
vt 0.237705 1.000000
vt 0.229508 0.000000
vt 0.245902 1.000000
vt 0.237705 0.000000
vt 0.254098 1.000000
vt 0.245902 0.000000
vt 0.262295 1.000000
vt 0.254098 0.000000
vt 0.270492 1.000000
vt 0.262295 0.000000
vt 0.278689 1.000000
vt 0.270492 0.000000
vt 0.286885 1.000000
vt 0.278689 0.000000
vt 0.295082 1.000000
vt 0.286885 0.000000
vt 0.303279 1.000000
vt 0.295082 0.000000
vt 0.311475 1.000000
vt 0.303279 0.000000
vt 0.319672 1.000000
vt 0.311475 0.000000
vt 0.327869 1.000000
vt 0.319672 0.000000
vt 0.336066 1.000000
vt 0.327869 0.000000
vt 0.344262 1.000000
vt 0.336066 0.000000
vt 0.352459 1.000000
vt 0.344262 0.000000
vt 0.360656 1.000000
vt 0.352459 0.000000
vt 0.368852 1.000000
vt 0.360656 0.000000
vt 0.377049 1.000000
vt 0.368852 0.000000
vt 0.385246 1.000000
vt 0.377049 0.000000
vt 0.393443 1.000000
vt 0.385246 0.000000
vt 0.401639 1.000000
vt 0.393443 0.000000
vt 0.409836 1.000000
vt 0.401639 0.000000
vt 0.418033 1.000000
vt 0.409836 0.000000
vt 0.426230 1.000000
vt 0.418033 0.000000
vt 0.434426 1.000000
vt 0.426230 0.000000
vt 0.442623 1.000000
vt 0.434426 0.000000
vt 0.450820 1.000000
vt 0.442623 0.000000
vt 0.459016 1.000000
vt 0.450820 0.000000
vt 0.467213 1.000000
vt 0.459016 0.000000
vt 0.475410 1.000000
vt 0.467213 0.000000
vt 0.483607 1.000000
vt 0.475410 0.000000
vt 0.491803 1.000000
vt 0.483607 0.000000
vt 0.500000 1.000000
vt 0.491803 0.000000
vt 0.508197 1.000000
vt 0.516393 1.000000
vt 0.508197 0.000000
vt 0.524590 1.000000
vt 0.516393 0.000000
vt 0.532787 1.000000
vt 0.524590 0.000000
vt 0.540984 1.000000
vt 0.532787 0.000000
vt 0.549180 1.000000
vt 0.540984 0.000000
vt 0.557377 1.000000
vt 0.549180 0.000000
vt 0.565574 1.000000
vt 0.557377 0.000000
vt 0.573770 1.000000
vt 0.565574 0.000000
vt 0.581967 1.000000
vt 0.573770 0.000000
vt 0.590164 1.000000
vt 0.581967 0.000000
vt 0.598361 1.000000
vt 0.590164 0.000000
vt 0.606557 1.000000
vt 0.598361 0.000000
vt 0.614754 1.000000
vt 0.606557 0.000000
vt 0.622951 1.000000
vt 0.614754 0.000000
vt 0.631148 1.000000
vt 0.622951 0.000000
vt 0.639344 1.000000
vt 0.631148 0.000000
vt 0.647541 1.000000
vt 0.639344 0.000000
vt 0.655738 1.000000
vt 0.647541 0.000000
vt 0.663934 1.000000
vt 0.655738 0.000000
vt 0.672131 1.000000
vt 0.663934 0.000000
vt 0.680328 1.000000
vt 0.672131 0.000000
vt 0.688525 1.000000
vt 0.680328 0.000000
vt 0.696721 1.000000
vt 0.688525 0.000000
vt 0.704918 1.000000
vt 0.696721 0.000000
vt 0.713115 1.000000
vt 0.704918 0.000000
vt 0.721311 1.000000
vt 0.713115 0.000000
vt 0.729508 1.000000
vt 0.721311 0.000000
vt 0.737705 1.000000
vt 0.729508 0.000000
vt 0.745902 1.000000
vt 0.737705 0.000000
vt 0.754098 1.000000
vt 0.745902 0.000000
vt 0.762295 1.000000
vt 0.754098 0.000000
vt 0.770492 1.000000
vt 0.762295 0.000000
vt 0.778689 1.000000
vt 0.770492 0.000000
vt 0.786885 1.000000
vt 0.778689 0.000000
vt 0.795082 1.000000
vt 0.786885 0.000000
vt 0.803279 1.000000
vt 0.795082 0.000000
vt 0.811475 1.000000
vt 0.803279 0.000000
vt 0.819672 1.000000
vt 0.811475 0.000000
vt 0.827869 1.000000
vt 0.819672 0.000000
vt 0.836066 1.000000
vt 0.827869 0.000000
vt 0.844262 1.000000
vt 0.836066 0.000000
vt 0.852459 1.000000
vt 0.844262 0.000000
vt 0.860656 1.000000
vt 0.852459 0.000000
vt 0.868852 1.000000
vt 0.860656 0.000000
vt 0.877049 1.000000
vt 0.868852 0.000000
vt 0.885246 1.000000
vt 0.877049 0.000000
vt 0.893443 1.000000
vt 0.885246 0.000000
vt 0.901639 1.000000
vt 0.893443 0.000000
vt 0.909836 1.000000
vt 0.901639 0.000000
vt 0.918033 1.000000
vt 0.909836 0.000000
vt 0.926230 1.000000
vt 0.918033 0.000000
vt 0.934426 1.000000
vt 0.926230 0.000000
vt 0.942623 1.000000
vt 0.934426 0.000000
vt 0.950820 1.000000
vt 0.942623 0.000000
vt 0.959016 1.000000
vt 0.950820 0.000000
vt 0.967213 1.000000
vt 0.959016 0.000000
vt 0.975410 1.000000
vt 0.967213 0.000000
vt 0.983607 1.000000
vt 0.975410 0.000000
vt 0.991803 1.000000
vt 0.983607 0.000000
vt 1.000000 1.000000
vt 0.991803 0.000000
vt 0.034483 1.000000
vt 0.068966 1.000000
vt 0.034483 0.000000
vt 0.103448 1.000000
vt 0.068966 0.000000
vt 0.137931 1.000000
vt 0.103448 0.000000
vt 0.172414 1.000000
vt 0.137931 0.000000
vt 0.206897 1.000000
vt 0.172414 0.000000
vt 0.241379 1.000000
vt 0.206897 0.000000
vt 0.275862 1.000000
vt 0.241379 0.000000
vt 0.310345 1.000000
vt 0.275862 0.000000
vt 0.344828 1.000000
vt 0.310345 0.000000
vt 0.379310 1.000000
vt 0.344828 0.000000
vt 0.413793 1.000000
vt 0.379310 0.000000
vt 0.448276 1.000000
vt 0.413793 0.000000
vt 0.482759 1.000000
vt 0.448276 0.000000
vt 0.517241 1.000000
vt 0.482759 0.000000
vt 0.551724 1.000000
vt 0.517241 0.000000
vt 0.586207 1.000000
vt 0.551724 0.000000
vt 0.620690 1.000000
vt 0.586207 0.000000
vt 0.655172 1.000000
vt 0.620690 0.000000
vt 0.689655 1.000000
vt 0.655172 0.000000
vt 0.724138 1.000000
vt 0.689655 0.000000
vt 0.758621 1.000000
vt 0.724138 0.000000
vt 0.793103 1.000000
vt 0.758621 0.000000
vt 0.827586 1.000000
vt 0.793103 0.000000
vt 0.862069 1.000000
vt 0.827586 0.000000
vt 0.896552 1.000000
vt 0.862069 0.000000
vt 0.931035 1.000000
vt 0.896552 0.000000
vt 0.965517 1.000000
vt 0.931035 0.000000
vt 0.965517 0.000000
vt 0.037037 1.000000
vt 0.074074 1.000000
vt 0.037037 0.000000
vt 0.111111 1.000000
vt 0.074074 0.000000
vt 0.148148 1.000000
vt 0.111111 0.000000
vt 0.185185 1.000000
vt 0.148148 0.000000
vt 0.222222 1.000000
vt 0.185185 0.000000
vt 0.259259 1.000000
vt 0.222222 0.000000
vt 0.296296 1.000000
vt 0.259259 0.000000
vt 0.333333 1.000000
vt 0.296296 0.000000
vt 0.370370 1.000000
vt 0.333333 0.000000
vt 0.407407 1.000000
vt 0.370370 0.000000
vt 0.444444 1.000000
vt 0.407407 0.000000
vt 0.481481 1.000000
vt 0.444444 0.000000
vt 0.518519 1.000000
vt 0.481481 0.000000
vt 0.555556 1.000000
vt 0.518519 0.000000
vt 0.592593 1.000000
vt 0.555556 0.000000
vt 0.629630 1.000000
vt 0.592593 0.000000
vt 0.666667 1.000000
vt 0.629630 0.000000
vt 0.703704 1.000000
vt 0.666667 0.000000
vt 0.740741 1.000000
vt 0.703704 0.000000
vt 0.777778 1.000000
vt 0.740741 0.000000
vt 0.814815 1.000000
vt 0.777778 0.000000
vt 0.851852 1.000000
vt 0.814815 0.000000
vt 0.888889 1.000000
vt 0.851852 0.000000
vt 0.925926 1.000000
vt 0.888889 0.000000
vt 0.962963 1.000000
vt 0.925926 0.000000
vt 0.962963 0.000000
vt 0.125000 1.000000
vt 0.250000 1.000000
vt 0.125000 0.000000
vt 0.375000 1.000000
vt 0.250000 0.000000
vt 0.375000 0.000000
vt 0.625000 1.000000
vt 0.750000 1.000000
vt 0.625000 0.000000
vt 0.875000 1.000000
vt 0.750000 0.000000
vt 0.875000 0.000000
vt 0.010204 1.000000
vt 0.020408 1.000000
vt 0.010204 0.000000
vt 0.030612 1.000000
vt 0.020408 0.000000
vt 0.040816 1.000000
vt 0.030612 0.000000
vt 0.051020 1.000000
vt 0.040816 0.000000
vt 0.061224 1.000000
vt 0.051020 0.000000
vt 0.071429 1.000000
vt 0.061224 0.000000
vt 0.081633 1.000000
vt 0.071429 0.000000
vt 0.091837 1.000000
vt 0.081633 0.000000
vt 0.102041 1.000000
vt 0.091837 0.000000
vt 0.112245 1.000000
vt 0.102041 0.000000
vt 0.122449 1.000000
vt 0.112245 0.000000
vt 0.132653 1.000000
vt 0.122449 0.000000
vt 0.142857 1.000000
vt 0.132653 0.000000
vt 0.153061 1.000000
vt 0.142857 0.000000
vt 0.163265 1.000000
vt 0.153061 0.000000
vt 0.173469 1.000000
vt 0.163265 0.000000
vt 0.183673 1.000000
vt 0.173469 0.000000
vt 0.193878 1.000000
vt 0.183673 0.000000
vt 0.204082 1.000000
vt 0.193878 0.000000
vt 0.214286 1.000000
vt 0.204082 0.000000
vt 0.224490 1.000000
vt 0.214286 0.000000
vt 0.234694 1.000000
vt 0.224490 0.000000
vt 0.244898 1.000000
vt 0.234694 0.000000
vt 0.255102 1.000000
vt 0.244898 0.000000
vt 0.265306 1.000000
vt 0.255102 0.000000
vt 0.275510 1.000000
vt 0.265306 0.000000
vt 0.285714 1.000000
vt 0.275510 0.000000
vt 0.295918 1.000000
vt 0.285714 0.000000
vt 0.306122 1.000000
vt 0.295918 0.000000
vt 0.316327 1.000000
vt 0.306122 0.000000
vt 0.326531 1.000000
vt 0.316327 0.000000
vt 0.336735 1.000000
vt 0.326531 0.000000
vt 0.346939 1.000000
vt 0.336735 0.000000
vt 0.357143 1.000000
vt 0.346939 0.000000
vt 0.367347 1.000000
vt 0.357143 0.000000
vt 0.377551 1.000000
vt 0.367347 0.000000
vt 0.387755 1.000000
vt 0.377551 0.000000
vt 0.397959 1.000000
vt 0.387755 0.000000
vt 0.408163 1.000000
vt 0.397959 0.000000
vt 0.418367 1.000000
vt 0.408163 0.000000
vt 0.428571 1.000000
vt 0.418367 0.000000
vt 0.438776 1.000000
vt 0.428571 0.000000
vt 0.448980 1.000000
vt 0.438776 0.000000
vt 0.459184 1.000000
vt 0.448980 0.000000
vt 0.469388 1.000000
vt 0.459184 0.000000
vt 0.479592 1.000000
vt 0.469388 0.000000
vt 0.489796 1.000000
vt 0.479592 0.000000
vt 0.489796 0.000000
vt 0.510204 1.000000
vt 0.520408 1.000000
vt 0.510204 0.000000
vt 0.530612 1.000000
vt 0.520408 0.000000
vt 0.540816 1.000000
vt 0.530612 0.000000
vt 0.551020 1.000000
vt 0.540816 0.000000
vt 0.561224 1.000000
vt 0.551020 0.000000
vt 0.571429 1.000000
vt 0.561224 0.000000
vt 0.581633 1.000000
vt 0.571429 0.000000
vt 0.591837 1.000000
vt 0.581633 0.000000
vt 0.602041 1.000000
vt 0.591837 0.000000
vt 0.612245 1.000000
vt 0.602041 0.000000
vt 0.622449 1.000000
vt 0.612245 0.000000
vt 0.632653 1.000000
vt 0.622449 0.000000
vt 0.642857 1.000000
vt 0.632653 0.000000
vt 0.653061 1.000000
vt 0.642857 0.000000
vt 0.663265 1.000000
vt 0.653061 0.000000
vt 0.673469 1.000000
vt 0.663265 0.000000
vt 0.683673 1.000000
vt 0.673469 0.000000
vt 0.693878 1.000000
vt 0.683673 0.000000
vt 0.704082 1.000000
vt 0.693878 0.000000
vt 0.714286 1.000000
vt 0.704082 0.000000
vt 0.724490 1.000000
vt 0.714286 0.000000
vt 0.734694 1.000000
vt 0.724490 0.000000
vt 0.744898 1.000000
vt 0.734694 0.000000
vt 0.755102 1.000000
vt 0.744898 0.000000
vt 0.765306 1.000000
vt 0.755102 0.000000
vt 0.775510 1.000000
vt 0.765306 0.000000
vt 0.785714 1.000000
vt 0.775510 0.000000
vt 0.795918 1.000000
vt 0.785714 0.000000
vt 0.806122 1.000000
vt 0.795918 0.000000
vt 0.816327 1.000000
vt 0.806122 0.000000
vt 0.826531 1.000000
vt 0.816327 0.000000
vt 0.836735 1.000000
vt 0.826531 0.000000
vt 0.846939 1.000000
vt 0.836735 0.000000
vt 0.857143 1.000000
vt 0.846939 0.000000
vt 0.867347 1.000000
vt 0.857143 0.000000
vt 0.877551 1.000000
vt 0.867347 0.000000
vt 0.887755 1.000000
vt 0.877551 0.000000
vt 0.897959 1.000000
vt 0.887755 0.000000
vt 0.908163 1.000000
vt 0.897959 0.000000
vt 0.918367 1.000000
vt 0.908163 0.000000
vt 0.928571 1.000000
vt 0.918367 0.000000
vt 0.938776 1.000000
vt 0.928571 0.000000
vt 0.948980 1.000000
vt 0.938776 0.000000
vt 0.959184 1.000000
vt 0.948980 0.000000
vt 0.969388 1.000000
vt 0.959184 0.000000
vt 0.979592 1.000000
vt 0.969388 0.000000
vt 0.989796 1.000000
vt 0.979592 0.000000
vt 0.989796 0.000000
vt 0.083333 1.000000
vt 0.166667 1.000000
vt 0.083333 0.000000
vt 0.166667 0.000000
vt 0.416667 1.000000
vt 0.416667 0.000000
vt 0.583333 1.000000
vt 0.583333 0.000000
vt 0.833333 1.000000
vt 0.916667 1.000000
vt 0.833333 0.000000
vt 0.916667 0.000000
s 0
f 2965/1683/662 2957/1684/662 2966/1685/662
f 2957/1684/662 2967/1686/662 2966/1685/662
f 2957/1684/662 2968/1687/662 2967/1686/662
f 2965/1683/662 2958/1688/662 2957/1684/662
f 2965/1683/662 2961/1689/662 2958/1688/662
f 2961/1689/662 2959/1690/662 2958/1688/662
f 2961/1689/662 2960/1691/662 2959/1690/662
f 2965/1683/662 2962/1692/662 2961/1689/662
f 2965/1683/662 2963/1693/662 2962/1692/662
f 2965/1683/662 2964/1694/662 2963/1693/662
f 3052/1695/662 3054/1696/662 3053/1697/662
f 3052/1695/662 3055/1698/662 3054/1696/662
f 3052/1695/662 3056/1699/662 3055/1698/662
f 3051/1700/662 3056/1699/662 3052/1695/662
f 3051/1700/662 3057/1701/662 3056/1699/662
f 3051/1700/662 3058/1702/662 3057/1701/662
f 3051/1700/662 3059/1703/662 3058/1702/662
f 3050/1704/662 3059/1703/662 3051/1700/662
f 3050/1704/662 3060/1705/662 3059/1703/662
f 3050/1704/662 3061/1706/662 3060/1705/662
f 3050/1704/662 3062/1707/662 3061/1706/662
f 3049/1708/662 3062/1707/662 3050/1704/662
f 3049/1708/662 3063/1709/662 3062/1707/662
f 3049/1708/662 3064/1710/662 3063/1709/662
f 3049/1708/662 3065/1711/662 3064/1710/662
f 3048/1712/662 3065/1711/662 3049/1708/662
f 3048/1712/662 2978/1713/662 3065/1711/662
f 2978/1713/662 2977/1714/662 3065/1711/662
f 2977/1714/662 2976/1715/662 3065/1711/662
f 2976/1715/662 2975/1716/662 3065/1711/662
f 2975/1716/662 2974/1717/662 3065/1711/662
f 2974/1717/662 2973/1718/662 3065/1711/662
f 2973/1718/662 2972/1719/662 3065/1711/662
f 2972/1719/662 2971/1720/662 3065/1711/662
f 2971/1720/662 2970/1721/662 3065/1711/662
f 2970/1721/662 2969/1684/662 3065/1711/662
f 2969/1684/662 3066/1687/662 3065/1711/662
f 3047/1722/662 2980/1723/662 3048/1712/662
f 2980/1723/662 2979/1724/662 3048/1712/662
f 2979/1724/662 2978/1713/662 3048/1712/662
f 3047/1722/662 2981/1725/662 2980/1723/662
f 3047/1722/662 2982/1726/662 2981/1725/662
f 3047/1722/662 2983/1727/662 2982/1726/662
f 3046/1728/662 2983/1727/662 3047/1722/662
f 3046/1728/662 2984/1729/662 2983/1727/662
f 3046/1728/662 2985/1730/662 2984/1729/662
f 3045/1731/662 2985/1730/662 3046/1728/662
f 3045/1731/662 2986/1732/662 2985/1730/662
f 3045/1731/662 2987/1733/662 2986/1732/662
f 3044/1734/662 2987/1733/662 3045/1731/662
f 3044/1734/662 2988/1735/662 2987/1733/662
f 3043/1736/662 2988/1735/662 3044/1734/662
f 3043/1736/662 2989/1737/662 2988/1735/662
f 3043/1736/662 2990/1738/662 2989/1737/662
f 3042/1739/662 2990/1738/662 3043/1736/662
f 3042/1739/662 2991/1740/662 2990/1738/662
f 3041/1741/662 2991/1740/662 3042/1739/662
f 3041/1741/662 2992/1742/662 2991/1740/662
f 3041/1741/662 2993/1743/662 2992/1742/662
f 3040/1744/662 2993/1743/662 3041/1741/662
f 3040/1744/662 2994/1745/662 2993/1743/662
f 3039/1746/662 2994/1745/662 3040/1744/662
f 3039/1746/662 2995/1747/662 2994/1745/662
f 3038/1748/662 2995/1747/662 3039/1746/662
f 3038/1748/662 2996/1749/662 2995/1747/662
f 3037/1750/662 2996/1749/662 3038/1748/662
f 3037/1750/662 2997/1751/662 2996/1749/662
f 3036/1752/662 2997/1751/662 3037/1750/662
f 3036/1752/662 2998/1753/662 2997/1751/662
f 3015/1754/662 3017/1755/662 3016/1756/662
f 3036/1752/662 2999/1757/662 2998/1753/662
f 3014/1758/662 3017/1755/662 3015/1754/662
f 3035/1759/662 2999/1757/662 3036/1752/662
f 3013/1760/662 3017/1755/662 3014/1758/662
f 3035/1759/662 3000/1761/662 2999/1757/662
f 3012/1762/662 3017/1755/662 3013/1760/662
f 3011/1763/662 3017/1755/662 3012/1762/662
f 3035/1759/662 3001/1764/662 3000/1761/662
f 3010/1765/662 3017/1755/662 3011/1763/662
f 3034/1766/662 3001/1764/662 3035/1759/662
f 3009/1767/662 3017/1755/662 3010/1765/662
f 3034/1766/662 3002/1768/662 3001/1764/662
f 3008/1769/662 3017/1755/662 3009/1767/662
f 3007/1770/662 3017/1755/662 3008/1769/662
f 3034/1766/662 3003/1771/662 3002/1768/662
f 3006/1772/662 3017/1755/662 3007/1770/662
f 3005/1773/662 3017/1755/662 3006/1772/662
f 3034/1766/662 3004/1774/662 3003/1771/662
f 3004/1774/662 3017/1755/662 3005/1773/662
f 3034/1766/662 3017/1755/662 3004/1774/662
f 3033/1775/662 3017/1755/662 3034/1766/662
f 3033/1775/662 3018/1776/662 3017/1755/662
f 3032/1777/662 3018/1776/662 3033/1775/662
f 3032/1777/662 3019/1778/662 3018/1776/662
f 3032/1777/662 3020/1779/662 3019/1778/662
f 3032/1777/662 3021/1780/662 3020/1779/662
f 3031/1781/662 3021/1780/662 3032/1777/662
f 3031/1781/662 3022/1782/662 3021/1780/662
f 3031/1781/662 3023/1783/662 3022/1782/662
f 3031/1781/662 3024/1784/662 3023/1783/662
f 3030/1785/662 3024/1784/662 3031/1781/662
f 3030/1785/662 3025/1786/662 3024/1784/662
f 3030/1785/662 3026/1787/662 3025/1786/662
f 3030/1785/662 3027/1788/662 3026/1787/662
f 3029/1789/662 3027/1788/662 3030/1785/662
f 3029/1789/662 3028/1790/662 3027/1788/662
f 3071/1791/662 3073/1792/662 3072/1793/662
f 3071/1791/662 3076/1794/662 3073/1792/662
f 3076/1794/662 3074/1795/662 3073/1792/662
f 3071/1791/662 3077/1687/662 3076/1794/662
f 3075/1796/662 3074/1795/662 3076/1794/662
f 3071/1791/662 3069/1797/662 3077/1687/662
f 3069/1797/662 3075/1796/662 3077/1687/662
f 3069/1797/662 3068/1798/662 3075/1796/662
f 3068/1798/662 3074/1795/662 3075/1796/662
f 3071/1791/662 3070/1799/662 3069/1797/662
f 3067/1684/662 3074/1795/662 3068/1798/662
f 3104/1800/662 3132/1801/662 3105/1802/662
f 3132/1801/662 3106/1803/662 3105/1802/662
f 3132/1801/662 3078/1684/662 3106/1803/662
f 3132/1801/662 3079/1804/662 3078/1684/662
f 3132/1801/662 3080/1805/662 3079/1804/662
f 3132/1801/662 3081/1806/662 3080/1805/662
f 3132/1801/662 3082/1807/662 3081/1806/662
f 3132/1801/662 3083/1688/662 3082/1807/662
f 3132/1801/662 3084/1808/662 3083/1688/662
f 3132/1801/662 3131/1809/662 3084/1808/662
f 3131/1809/662 3085/1810/662 3084/1808/662
f 3104/1800/662 3133/1687/662 3132/1801/662
f 3130/1811/662 3085/1810/662 3131/1809/662
f 3129/1812/662 3085/1810/662 3130/1811/662
f 3128/1686/662 3085/1810/662 3129/1812/662
f 3128/1686/662 3086/1813/662 3085/1810/662
f 3127/1814/662 3086/1813/662 3128/1686/662
f 3126/1815/662 3086/1813/662 3127/1814/662
f 3125/1816/662 3086/1813/662 3126/1815/662
f 3125/1816/662 3087/1817/662 3086/1813/662
f 3124/1818/662 3087/1817/662 3125/1816/662
f 3123/1685/662 3087/1817/662 3124/1818/662
f 3122/1796/662 3087/1817/662 3123/1685/662
f 3122/1796/662 3088/1690/662 3087/1817/662
f 3121/1819/662 3088/1690/662 3122/1796/662
f 3120/1820/662 3088/1690/662 3121/1819/662
f 3120/1820/662 3089/1797/662 3088/1690/662
f 3119/1821/662 3089/1797/662 3120/1820/662
f 3118/1683/662 3089/1797/662 3119/1821/662
f 3118/1683/662 3090/1822/662 3089/1797/662
f 3117/1823/662 3090/1822/662 3118/1683/662
f 3117/1823/662 3091/1824/662 3090/1822/662
f 3116/1825/662 3091/1824/662 3117/1823/662
f 3115/1826/662 3091/1824/662 3116/1825/662
f 3115/1826/662 3092/1827/662 3091/1824/662
f 3114/1828/662 3092/1827/662 3115/1826/662
f 3113/1694/662 3092/1827/662 3114/1828/662
f 3113/1694/662 3093/1691/662 3092/1827/662
f 3112/1829/662 3093/1691/662 3113/1694/662
f 3111/1792/662 3093/1691/662 3112/1829/662
f 3110/1830/662 3093/1691/662 3111/1792/662
f 3109/1831/662 3093/1691/662 3110/1830/662
f 3109/1831/662 3094/1832/662 3093/1691/662
f 3108/1693/662 3094/1832/662 3109/1831/662
f 3107/1833/662 3094/1832/662 3108/1693/662
f 3104/1800/662 3102/1834/662 3133/1687/662
f 3102/1834/662 3107/1833/662 3133/1687/662
f 3102/1834/662 3094/1832/662 3107/1833/662
f 3102/1834/662 3095/1835/662 3094/1832/662
f 3102/1834/662 3096/1836/662 3095/1835/662
f 3102/1834/662 3097/1837/662 3096/1836/662
f 3102/1834/662 3098/1689/662 3097/1837/662
f 3102/1834/662 3099/1838/662 3098/1689/662
f 3102/1834/662 3100/1791/662 3099/1838/662
f 3102/1834/662 3101/1839/662 3100/1791/662
f 3104/1800/662 3103/1692/662 3102/1834/662
f 3241/1840/662 3243/1841/662 3242/1842/662
f 3241/1840/662 3244/1686/662 3243/1841/662
f 3241/1840/662 3245/1843/662 3244/1686/662
f 3240/1844/662 3245/1843/662 3241/1840/662
f 3240/1844/662 3246/1845/662 3245/1843/662
f 3240/1844/662 3247/1846/662 3246/1845/662
f 3239/1847/662 3247/1846/662 3240/1844/662
f 3239/1847/662 3248/1848/662 3247/1846/662
f 3239/1847/662 3249/1849/662 3248/1848/662
f 3238/1850/662 3249/1849/662 3239/1847/662
f 3238/1850/662 3250/1851/662 3249/1849/662
f 3238/1850/662 3251/1852/662 3250/1851/662
f 3237/1853/662 3251/1852/662 3238/1850/662
f 3237/1853/662 3252/1854/662 3251/1852/662
f 3237/1853/662 3253/1855/662 3252/1854/662
f 3236/1856/662 3253/1855/662 3237/1853/662
f 3236/1856/662 3254/1857/662 3253/1855/662
f 3236/1856/662 3141/1858/662 3254/1857/662
f 3141/1858/662 3140/1859/662 3254/1857/662
f 3140/1859/662 3139/1860/662 3254/1857/662
f 3139/1860/662 3138/1861/662 3254/1857/662
f 3138/1861/662 3137/1862/662 3254/1857/662
f 3137/1862/662 3136/1863/662 3254/1857/662
f 3136/1863/662 3135/1864/662 3254/1857/662
f 3135/1864/662 3134/1684/662 3254/1857/662
f 3134/1684/662 3255/1687/662 3254/1857/662
f 3235/1865/662 3143/1866/662 3236/1856/662
f 3143/1866/662 3142/1867/662 3236/1856/662
f 3142/1867/663 3141/1858/663 3236/1856/663
f 3234/1868/662 3145/1688/662 3235/1865/662
f 3145/1688/662 3144/1869/662 3235/1865/662
f 3144/1869/662 3143/1866/662 3235/1865/662
f 3233/1685/662 3146/1870/662 3234/1868/662
f 3146/1870/662 3145/1688/662 3234/1868/662
f 3233/1685/662 3147/1871/662 3146/1870/662
f 3233/1685/662 3148/1872/662 3147/1871/662
f 3233/1685/662 3149/1873/662 3148/1872/662
f 3233/1685/662 3150/1874/662 3149/1873/662
f 3233/1685/662 3151/1875/662 3150/1874/662
f 3232/1876/662 3151/1875/662 3233/1685/662
f 3232/1876/662 3152/1877/662 3151/1875/662
f 3232/1876/662 3153/1878/662 3152/1877/662
f 3232/1876/662 3154/1879/662 3153/1878/662
f 3231/1880/662 3154/1879/662 3232/1876/662
f 3231/1880/662 3155/1881/662 3154/1879/662
f 3231/1880/662 3156/1690/662 3155/1881/662
f 3230/1882/662 3156/1690/662 3231/1880/662
f 3230/1882/662 3157/1883/662 3156/1690/662
f 3230/1882/662 3158/1884/662 3157/1883/662
f 3229/1885/662 3158/1884/662 3230/1882/662
f 3229/1885/662 3159/1886/662 3158/1884/662
f 3229/1885/662 3160/1887/662 3159/1886/662
f 3228/1888/662 3160/1887/662 3229/1885/662
f 3228/1888/662 3161/1889/662 3160/1887/662
f 3227/1890/662 3161/1889/662 3228/1888/662
f 3227/1890/662 3162/1891/662 3161/1889/662
f 3227/1890/662 3163/1892/662 3162/1891/662
f 3226/1893/662 3163/1892/662 3227/1890/662
f 3226/1893/662 3164/1894/662 3163/1892/662
f 3225/1895/662 3164/1894/662 3226/1893/662
f 3225/1895/662 3165/1896/662 3164/1894/662
f 3224/1897/662 3165/1896/662 3225/1895/662
f 3224/1897/662 3166/1898/662 3165/1896/662
f 3223/1899/662 3166/1898/662 3224/1897/662
f 3223/1899/662 3167/1691/662 3166/1898/662
f 3222/1683/662 3167/1691/662 3223/1899/662
f 3221/1900/662 3167/1691/662 3222/1683/662
f 3221/1900/662 3168/1901/662 3167/1691/662
f 3220/1902/662 3168/1901/662 3221/1900/662
f 3219/1903/662 3168/1901/662 3220/1902/662
f 3219/1903/662 3169/1904/662 3168/1901/662
f 3218/1905/662 3169/1904/662 3219/1903/662
f 3193/1906/662 3195/1907/662 3194/1908/662
f 3218/1905/662 3170/1909/662 3169/1904/662
f 3217/1910/662 3170/1909/662 3218/1905/662
f 3193/1906/662 3196/1911/662 3195/1907/662
f 3216/1912/662 3170/1909/662 3217/1910/662
f 3216/1912/662 3171/1913/662 3170/1909/662
f 3193/1906/662 3197/1914/662 3196/1911/662
f 3215/1915/662 3171/1913/662 3216/1912/662
f 3193/1906/662 3198/1916/662 3197/1914/662
f 3214/1917/662 3171/1913/662 3215/1915/662
f 3213/1918/662 3171/1913/662 3214/1917/662
f 3213/1918/662 3172/1919/662 3171/1913/662
f 3193/1906/662 3199/1920/662 3198/1916/662
f 3212/1921/662 3172/1919/662 3213/1918/662
f 3193/1906/662 3200/1693/662 3199/1920/662
f 3211/1694/662 3172/1919/662 3212/1921/662
f 3193/1906/662 3201/1922/662 3200/1693/662
f 3211/1694/662 3173/1923/662 3172/1919/662
f 3210/1924/662 3173/1923/662 3211/1694/662
f 3193/1906/662 3202/1925/662 3201/1922/662
f 3209/1926/662 3173/1923/662 3210/1924/662
f 3193/1906/662 3203/1927/662 3202/1925/662
f 3208/1928/662 3173/1923/662 3209/1926/662
f 3193/1906/662 3204/1929/662 3203/1927/662
f 3207/1930/662 3173/1923/662 3208/1928/662
f 3193/1906/662 3205/1931/662 3204/1929/662
f 3207/1930/662 3174/1932/662 3173/1923/662
f 3206/1933/662 3174/1932/662 3207/1930/662
f 3193/1906/662 3206/1933/662 3205/1931/662
f 3193/1906/662 3174/1932/662 3206/1933/662
f 3193/1906/662 3175/1934/662 3174/1932/662
f 3192/1935/662 3175/1934/662 3193/1906/662
f 3191/1936/662 3175/1934/662 3192/1935/662
f 3191/1936/662 3176/1937/662 3175/1934/662
f 3190/1938/662 3176/1937/662 3191/1936/662
f 3190/1938/662 3177/1939/662 3176/1937/662
f 3189/1692/662 3177/1939/662 3190/1938/662
f 3188/1940/662 3177/1939/662 3189/1692/662
f 3188/1940/662 3178/1689/662 3177/1939/662
f 3187/1941/662 3178/1689/662 3188/1940/662
f 3186/1942/662 3178/1689/662 3187/1941/662
f 3186/1942/662 3179/1943/662 3178/1689/662
f 3185/1944/662 3179/1943/662 3186/1942/662
f 3184/1945/662 3179/1943/662 3185/1944/662
f 3184/1945/662 3180/1946/662 3179/1943/662
f 3183/1947/662 3180/1946/662 3184/1945/662
f 3182/1948/662 3180/1946/662 3183/1947/662
f 3182/1948/662 3181/1949/662 3180/1946/662
f 3264/1683/664 3265/1685/664 3256/1684/664
f 3256/1684/664 3265/1685/664 3266/1686/664
f 3256/1684/664 3266/1686/664 3267/1687/664
f 3264/1683/664 3256/1684/664 3257/1688/664
f 3264/1683/664 3257/1688/664 3260/1689/664
f 3260/1689/664 3257/1688/664 3258/1690/664
f 3260/1689/664 3258/1690/664 3259/1691/664
f 3264/1683/664 3260/1689/664 3261/1692/664
f 3264/1683/664 3261/1692/664 3262/1693/664
f 3264/1683/664 3262/1693/664 3263/1694/664
f 3351/1695/664 3352/1697/664 3353/1696/664
f 3351/1695/664 3353/1696/664 3354/1698/664
f 3351/1695/664 3354/1698/664 3355/1699/664
f 3350/1700/664 3351/1695/664 3355/1699/664
f 3350/1700/664 3355/1699/664 3356/1701/664
f 3350/1700/664 3356/1701/664 3357/1702/664
f 3350/1700/664 3357/1702/664 3358/1703/664
f 3349/1704/664 3350/1700/664 3358/1703/664
f 3349/1704/664 3358/1703/664 3359/1705/664
f 3349/1704/664 3359/1705/664 3360/1706/664
f 3349/1704/664 3360/1706/664 3361/1707/664
f 3348/1708/664 3349/1704/664 3361/1707/664
f 3348/1708/664 3361/1707/664 3362/1709/664
f 3348/1708/664 3362/1709/664 3363/1710/664
f 3348/1708/664 3363/1710/664 3364/1711/664
f 3347/1712/664 3348/1708/664 3364/1711/664
f 3347/1712/664 3364/1711/664 3277/1713/664
f 3277/1713/664 3364/1711/664 3276/1714/664
f 3276/1714/664 3364/1711/664 3275/1715/664
f 3275/1715/664 3364/1711/664 3274/1716/664
f 3274/1716/664 3364/1711/664 3273/1717/664
f 3273/1717/664 3364/1711/664 3272/1718/664
f 3272/1718/664 3364/1711/664 3271/1719/664
f 3271/1719/664 3364/1711/664 3270/1720/664
f 3270/1720/664 3364/1711/664 3269/1721/664
f 3269/1721/664 3364/1711/664 3268/1684/664
f 3268/1684/664 3364/1711/664 3365/1687/664
f 3346/1722/664 3347/1712/664 3279/1723/664
f 3279/1723/664 3347/1712/664 3278/1724/664
f 3278/1724/664 3347/1712/664 3277/1713/664
f 3346/1722/664 3279/1723/664 3280/1725/664
f 3346/1722/664 3280/1725/664 3281/1726/664
f 3346/1722/664 3281/1726/664 3282/1727/664
f 3345/1728/664 3346/1722/664 3282/1727/664
f 3345/1728/664 3282/1727/664 3283/1729/664
f 3345/1728/664 3283/1729/664 3284/1730/664
f 3344/1731/664 3345/1728/664 3284/1730/664
f 3344/1731/664 3284/1730/664 3285/1732/664
f 3344/1731/664 3285/1732/664 3286/1733/664
f 3343/1734/664 3344/1731/664 3286/1733/664
f 3343/1734/664 3286/1733/664 3287/1735/664
f 3342/1736/664 3343/1734/664 3287/1735/664
f 3342/1736/664 3287/1735/664 3288/1737/664
f 3342/1736/664 3288/1737/664 3289/1738/664
f 3341/1739/664 3342/1736/664 3289/1738/664
f 3341/1739/664 3289/1738/664 3290/1740/664
f 3340/1741/664 3341/1739/664 3290/1740/664
f 3340/1741/664 3290/1740/664 3291/1742/664
f 3340/1741/664 3291/1742/664 3292/1743/664
f 3339/1744/664 3340/1741/664 3292/1743/664
f 3339/1744/664 3292/1743/664 3293/1745/664
f 3338/1746/664 3339/1744/664 3293/1745/664
f 3338/1746/664 3293/1745/664 3294/1747/664
f 3337/1748/664 3338/1746/664 3294/1747/664
f 3337/1748/664 3294/1747/664 3295/1749/664
f 3336/1750/664 3337/1748/664 3295/1749/664
f 3336/1750/664 3295/1749/664 3296/1751/664
f 3335/1752/664 3336/1750/664 3296/1751/664
f 3335/1752/664 3296/1751/664 3297/1753/664
f 3314/1754/664 3315/1756/664 3316/1755/664
f 3335/1752/664 3297/1753/664 3298/1757/664
f 3313/1758/664 3314/1754/664 3316/1755/664
f 3334/1759/664 3335/1752/664 3298/1757/664
f 3312/1760/664 3313/1758/664 3316/1755/664
f 3334/1759/664 3298/1757/664 3299/1761/664
f 3311/1762/664 3312/1760/664 3316/1755/664
f 3310/1763/664 3311/1762/664 3316/1755/664
f 3334/1759/664 3299/1761/664 3300/1764/664
f 3309/1765/664 3310/1763/664 3316/1755/664
f 3333/1766/664 3334/1759/664 3300/1764/664
f 3308/1767/664 3309/1765/664 3316/1755/664
f 3333/1766/664 3300/1764/664 3301/1768/664
f 3307/1769/664 3308/1767/664 3316/1755/664
f 3306/1770/664 3307/1769/664 3316/1755/664
f 3333/1766/664 3301/1768/664 3302/1771/664
f 3305/1772/664 3306/1770/664 3316/1755/664
f 3304/1773/664 3305/1772/664 3316/1755/664
f 3333/1766/664 3302/1771/664 3303/1774/664
f 3303/1774/664 3304/1773/664 3316/1755/664
f 3333/1766/664 3303/1774/664 3316/1755/664
f 3332/1775/664 3333/1766/664 3316/1755/664
f 3332/1775/664 3316/1755/664 3317/1776/664
f 3331/1777/664 3332/1775/664 3317/1776/664
f 3331/1777/664 3317/1776/664 3318/1778/664
f 3331/1777/664 3318/1778/664 3319/1779/664
f 3331/1777/664 3319/1779/664 3320/1780/664
f 3330/1781/664 3331/1777/664 3320/1780/664
f 3330/1781/664 3320/1780/664 3321/1782/664
f 3330/1781/664 3321/1782/664 3322/1783/664
f 3330/1781/664 3322/1783/664 3323/1784/664
f 3329/1785/664 3330/1781/664 3323/1784/664
f 3329/1785/664 3323/1784/664 3324/1786/664
f 3329/1785/664 3324/1786/664 3325/1787/664
f 3329/1785/664 3325/1787/664 3326/1788/664
f 3328/1789/664 3329/1785/664 3326/1788/664
f 3328/1789/664 3326/1788/664 3327/1790/664
f 3370/1791/664 3371/1793/664 3372/1792/664
f 3370/1791/664 3372/1792/664 3375/1794/664
f 3375/1794/664 3372/1792/664 3373/1795/664
f 3370/1791/664 3375/1794/664 3376/1687/664
f 3374/1796/664 3375/1794/664 3373/1795/664
f 3370/1791/664 3376/1687/664 3368/1797/664
f 3368/1797/664 3376/1687/664 3374/1796/664
f 3368/1797/664 3374/1796/664 3367/1798/664
f 3367/1798/664 3374/1796/664 3373/1795/664
f 3370/1791/664 3368/1797/664 3369/1799/664
f 3366/1684/664 3367/1798/664 3373/1795/664
f 3403/1800/664 3404/1802/664 3431/1801/664
f 3431/1801/664 3404/1802/664 3405/1803/664
f 3431/1801/664 3405/1803/664 3377/1684/664
f 3431/1801/664 3377/1684/664 3378/1804/664
f 3431/1801/664 3378/1804/664 3379/1805/664
f 3431/1801/664 3379/1805/664 3380/1806/664
f 3431/1801/664 3380/1806/664 3381/1807/664
f 3431/1801/664 3381/1807/664 3382/1688/664
f 3431/1801/664 3382/1688/664 3383/1808/664
f 3431/1801/664 3383/1808/664 3430/1809/664
f 3430/1809/664 3383/1808/664 3384/1810/664
f 3403/1800/664 3431/1801/664 3432/1687/664
f 3429/1811/664 3430/1809/664 3384/1810/664
f 3428/1812/664 3429/1811/664 3384/1810/664
f 3427/1686/664 3428/1812/664 3384/1810/664
f 3427/1686/664 3384/1810/664 3385/1813/664
f 3426/1814/664 3427/1686/664 3385/1813/664
f 3425/1815/664 3426/1814/664 3385/1813/664
f 3424/1816/664 3425/1815/664 3385/1813/664
f 3424/1816/664 3385/1813/664 3386/1817/664
f 3423/1818/664 3424/1816/664 3386/1817/664
f 3422/1685/664 3423/1818/664 3386/1817/664
f 3421/1796/664 3422/1685/664 3386/1817/664
f 3421/1796/664 3386/1817/664 3387/1690/664
f 3420/1819/664 3421/1796/664 3387/1690/664
f 3419/1820/664 3420/1819/664 3387/1690/664
f 3419/1820/664 3387/1690/664 3388/1797/664
f 3418/1821/664 3419/1820/664 3388/1797/664
f 3417/1683/664 3418/1821/664 3388/1797/664
f 3417/1683/664 3388/1797/664 3389/1822/664
f 3416/1823/664 3417/1683/664 3389/1822/664
f 3416/1823/664 3389/1822/664 3390/1824/664
f 3415/1825/664 3416/1823/664 3390/1824/664
f 3414/1826/664 3415/1825/664 3390/1824/664
f 3414/1826/664 3390/1824/664 3391/1827/664
f 3413/1828/664 3414/1826/664 3391/1827/664
f 3412/1694/664 3413/1828/664 3391/1827/664
f 3412/1694/664 3391/1827/664 3392/1691/664
f 3411/1829/664 3412/1694/664 3392/1691/664
f 3410/1792/664 3411/1829/664 3392/1691/664
f 3409/1830/664 3410/1792/664 3392/1691/664
f 3408/1831/664 3409/1830/664 3392/1691/664
f 3408/1831/664 3392/1691/664 3393/1832/664
f 3407/1693/664 3408/1831/664 3393/1832/664
f 3406/1833/664 3407/1693/664 3393/1832/664
f 3403/1800/664 3432/1687/664 3401/1834/664
f 3401/1834/664 3432/1687/664 3406/1833/664
f 3401/1834/664 3406/1833/664 3393/1832/664
f 3401/1834/664 3393/1832/664 3394/1835/664
f 3401/1834/664 3394/1835/664 3395/1836/664
f 3401/1834/664 3395/1836/664 3396/1837/664
f 3401/1834/664 3396/1837/664 3397/1689/664
f 3401/1834/664 3397/1689/664 3398/1838/664
f 3401/1834/664 3398/1838/664 3399/1791/664
f 3401/1834/664 3399/1791/664 3400/1839/664
f 3403/1800/664 3401/1834/664 3402/1692/664
f 3540/1840/664 3541/1842/664 3542/1841/664
f 3540/1840/664 3542/1841/664 3543/1686/664
f 3540/1840/664 3543/1686/664 3544/1843/664
f 3539/1844/664 3540/1840/664 3544/1843/664
f 3539/1844/664 3544/1843/664 3545/1845/664
f 3539/1844/664 3545/1845/664 3546/1846/664
f 3538/1847/664 3539/1844/664 3546/1846/664
f 3538/1847/664 3546/1846/664 3547/1848/664
f 3538/1847/664 3547/1848/664 3548/1849/664
f 3537/1850/664 3538/1847/664 3548/1849/664
f 3537/1850/664 3548/1849/664 3549/1851/664
f 3537/1850/664 3549/1851/664 3550/1852/664
f 3536/1853/664 3537/1850/664 3550/1852/664
f 3536/1853/664 3550/1852/664 3551/1854/664
f 3536/1853/664 3551/1854/664 3552/1855/664
f 3535/1856/664 3536/1853/664 3552/1855/664
f 3535/1856/664 3552/1855/664 3553/1857/664
f 3535/1856/664 3553/1857/664 3440/1858/664
f 3440/1858/664 3553/1857/664 3439/1859/664
f 3439/1859/664 3553/1857/664 3438/1860/664
f 3438/1860/664 3553/1857/664 3437/1861/664
f 3437/1861/664 3553/1857/664 3436/1862/664
f 3436/1862/664 3553/1857/664 3435/1863/664
f 3435/1863/664 3553/1857/664 3434/1864/664
f 3434/1864/664 3553/1857/664 3433/1684/664
f 3433/1684/664 3553/1857/664 3554/1687/664
f 3534/1865/664 3535/1856/664 3442/1866/664
f 3442/1866/664 3535/1856/664 3441/1867/664
f 3441/1867/665 3535/1856/665 3440/1858/665
f 3533/1868/664 3534/1865/664 3444/1688/664
f 3444/1688/664 3534/1865/664 3443/1869/664
f 3443/1869/664 3534/1865/664 3442/1866/664
f 3532/1685/664 3533/1868/664 3445/1870/664
f 3445/1870/664 3533/1868/664 3444/1688/664
f 3532/1685/664 3445/1870/664 3446/1871/664
f 3532/1685/664 3446/1871/664 3447/1872/664
f 3532/1685/664 3447/1872/664 3448/1873/664
f 3532/1685/664 3448/1873/664 3449/1874/664
f 3532/1685/664 3449/1874/664 3450/1875/664
f 3531/1876/664 3532/1685/664 3450/1875/664
f 3531/1876/664 3450/1875/664 3451/1877/664
f 3531/1876/664 3451/1877/664 3452/1878/664
f 3531/1876/664 3452/1878/664 3453/1879/664
f 3530/1880/664 3531/1876/664 3453/1879/664
f 3530/1880/664 3453/1879/664 3454/1881/664
f 3530/1880/664 3454/1881/664 3455/1690/664
f 3529/1882/664 3530/1880/664 3455/1690/664
f 3529/1882/664 3455/1690/664 3456/1883/664
f 3529/1882/664 3456/1883/664 3457/1884/664
f 3528/1885/664 3529/1882/664 3457/1884/664
f 3528/1885/664 3457/1884/664 3458/1886/664
f 3528/1885/664 3458/1886/664 3459/1887/664
f 3527/1888/664 3528/1885/664 3459/1887/664
f 3527/1888/664 3459/1887/664 3460/1889/664
f 3526/1890/664 3527/1888/664 3460/1889/664
f 3526/1890/664 3460/1889/664 3461/1891/664
f 3526/1890/664 3461/1891/664 3462/1892/664
f 3525/1893/664 3526/1890/664 3462/1892/664
f 3525/1893/664 3462/1892/664 3463/1894/664
f 3524/1895/664 3525/1893/664 3463/1894/664
f 3524/1895/664 3463/1894/664 3464/1896/664
f 3523/1897/664 3524/1895/664 3464/1896/664
f 3523/1897/664 3464/1896/664 3465/1898/664
f 3522/1899/664 3523/1897/664 3465/1898/664
f 3522/1899/664 3465/1898/664 3466/1691/664
f 3521/1683/664 3522/1899/664 3466/1691/664
f 3520/1900/664 3521/1683/664 3466/1691/664
f 3520/1900/664 3466/1691/664 3467/1901/664
f 3519/1902/664 3520/1900/664 3467/1901/664
f 3518/1903/664 3519/1902/664 3467/1901/664
f 3518/1903/664 3467/1901/664 3468/1904/664
f 3517/1905/664 3518/1903/664 3468/1904/664
f 3492/1906/664 3493/1908/664 3494/1907/664
f 3517/1905/664 3468/1904/664 3469/1909/664
f 3516/1910/664 3517/1905/664 3469/1909/664
f 3492/1906/664 3494/1907/664 3495/1911/664
f 3515/1912/664 3516/1910/664 3469/1909/664
f 3515/1912/664 3469/1909/664 3470/1913/664
f 3492/1906/664 3495/1911/664 3496/1914/664
f 3514/1915/664 3515/1912/664 3470/1913/664
f 3492/1906/664 3496/1914/664 3497/1916/664
f 3513/1917/664 3514/1915/664 3470/1913/664
f 3512/1918/664 3513/1917/664 3470/1913/664
f 3512/1918/664 3470/1913/664 3471/1919/664
f 3492/1906/664 3497/1916/664 3498/1920/664
f 3511/1921/664 3512/1918/664 3471/1919/664
f 3492/1906/664 3498/1920/664 3499/1693/664
f 3510/1694/664 3511/1921/664 3471/1919/664
f 3492/1906/664 3499/1693/664 3500/1922/664
f 3510/1694/664 3471/1919/664 3472/1923/664
f 3509/1924/664 3510/1694/664 3472/1923/664
f 3492/1906/664 3500/1922/664 3501/1925/664
f 3508/1926/664 3509/1924/664 3472/1923/664
f 3492/1906/664 3501/1925/664 3502/1927/664
f 3507/1928/664 3508/1926/664 3472/1923/664
f 3492/1906/664 3502/1927/664 3503/1929/664
f 3506/1930/664 3507/1928/664 3472/1923/664
f 3492/1906/664 3503/1929/664 3504/1931/664
f 3506/1930/664 3472/1923/664 3473/1932/664
f 3505/1933/664 3506/1930/664 3473/1932/664
f 3492/1906/664 3504/1931/664 3505/1933/664
f 3492/1906/664 3505/1933/664 3473/1932/664
f 3492/1906/664 3473/1932/664 3474/1934/664
f 3491/1935/664 3492/1906/664 3474/1934/664
f 3490/1936/664 3491/1935/664 3474/1934/664
f 3490/1936/664 3474/1934/664 3475/1937/664
f 3489/1938/664 3490/1936/664 3475/1937/664
f 3489/1938/664 3475/1937/664 3476/1939/664
f 3488/1692/664 3489/1938/664 3476/1939/664
f 3487/1940/664 3488/1692/664 3476/1939/664
f 3487/1940/664 3476/1939/664 3477/1689/664
f 3486/1941/664 3487/1940/664 3477/1689/664
f 3485/1942/664 3486/1941/664 3477/1689/664
f 3485/1942/664 3477/1689/664 3478/1943/664
f 3484/1944/664 3485/1942/664 3478/1943/664
f 3483/1945/664 3484/1944/664 3478/1943/664
f 3483/1945/664 3478/1943/664 3479/1946/664
f 3482/1947/664 3483/1945/664 3479/1946/664
f 3481/1948/664 3482/1947/664 3479/1946/664
f 3481/1948/664 3479/1946/664 3480/1949/664
s 1
f 3558/1950/666 3555/1684/667 3556/1951/667
f 3560/1952/668 3557/1953/666 3558/1950/666
f 3562/1954/669 3559/1955/668 3560/1952/668
f 3564/1956/670 3561/1957/669 3562/1954/669
f 3566/1958/671 3563/1959/670 3564/1956/670
f 3568/1960/672 3565/1961/671 3566/1958/671
f 3570/1962/673 3567/1963/672 3568/1960/672
f 3572/1964/674 3569/1965/673 3570/1962/673
f 3574/1966/675 3571/1967/674 3572/1964/674
f 3576/1968/676 3573/1969/675 3574/1966/675
f 3578/1970/677 3575/1971/676 3576/1968/676
f 3580/1972/678 3577/1973/677 3578/1970/677
f 3582/1974/679 3579/1975/678 3580/1972/678
f 3584/1976/680 3581/1977/679 3582/1974/679
f 3586/1978/681 3583/1979/680 3584/1976/680
f 3588/1980/682 3585/1981/681 3586/1978/681
f 3590/1982/683 3587/1983/682 3588/1980/682
f 3592/1984/684 3589/1985/683 3590/1982/683
f 3594/1986/685 3591/1987/684 3592/1984/684
f 3596/1988/686 3593/1989/685 3594/1986/685
f 3598/1990/687 3595/1991/686 3596/1988/686
f 3600/1992/688 3597/1993/687 3598/1990/687
f 3602/1994/689 3599/1995/688 3600/1992/688
f 3604/1996/690 3601/1997/689 3602/1994/689
f 3606/1998/691 3603/1999/690 3604/1996/690
f 3608/2000/692 3605/2001/693 3606/1998/691
f 3610/2002/694 3607/2003/695 3608/2000/692
f 3612/2004/696 3609/2005/694 3610/2002/694
f 3614/2006/697 3611/2007/696 3612/2004/696
f 3616/2008/698 3613/2009/697 3614/2006/697
f 3618/2010/699 3615/2011/698 3616/2008/698
f 3620/2012/700 3617/2013/701 3618/2010/699
f 3622/2014/702 3619/2015/700 3620/2012/700
f 3624/2016/703 3621/2017/702 3622/2014/702
f 3626/2018/704 3623/2019/703 3624/2016/703
f 3628/2020/705 3625/2021/704 3626/2018/704
f 3630/2022/706 3627/2023/705 3628/2020/705
f 3632/2024/707 3629/2025/706 3630/2022/706
f 3634/2026/708 3631/2027/707 3632/2024/707
f 3636/2028/709 3633/2029/708 3634/2026/708
f 3638/2030/710 3635/2031/709 3636/2028/709
f 3640/2032/711 3637/2033/710 3638/2030/710
f 3642/2034/712 3639/2035/711 3640/2032/711
f 3644/2036/713 3641/2037/712 3642/2034/712
f 3646/2038/714 3643/2039/713 3644/2036/713
f 3648/2040/715 3645/2041/714 3646/2038/714
f 3650/2042/716 3647/2043/715 3648/2040/715
f 3652/2044/717 3649/2045/716 3650/2042/716
f 3654/2046/718 3651/2047/717 3652/2044/717
f 3656/2048/719 3653/2049/718 3654/2046/718
f 3658/2050/720 3655/2051/719 3656/2048/719
f 3660/2052/721 3657/2053/720 3658/2050/720
f 3662/2054/722 3659/2055/721 3660/2052/721
f 3664/2056/723 3661/2057/722 3662/2054/722
f 3666/2058/724 3663/2059/723 3664/2056/723
f 3668/2060/725 3665/2061/724 3666/2058/724
f 3670/2062/726 3667/2063/725 3668/2060/725
f 3672/2064/727 3669/2065/726 3670/2062/726
f 3674/2066/728 3671/2067/727 3672/2064/727
f 3676/2068/729 3673/2069/728 3674/2066/728
f 3678/2070/730 3675/2071/731 3676/2068/729
f 3680/2072/732 3677/1793/730 3678/2070/730
f 3682/2073/733 3679/2074/732 3680/2072/732
f 3684/2075/734 3681/2076/735 3682/2073/733
f 3686/2077/736 3683/2078/734 3684/2075/734
f 3688/2079/737 3685/2080/736 3686/2077/736
f 3690/2081/738 3687/2082/737 3688/2079/737
f 3692/2083/739 3689/2084/738 3690/2081/738
f 3694/2085/740 3691/2086/739 3692/2083/739
f 3696/2087/741 3693/2088/740 3694/2085/740
f 3698/2089/742 3695/2090/741 3696/2087/741
f 3700/2091/743 3697/2092/742 3698/2089/742
f 3702/2093/744 3699/2094/743 3700/2091/743
f 3704/2095/745 3701/2096/744 3702/2093/744
f 3706/2097/746 3703/2098/745 3704/2095/745
f 3708/2099/747 3705/2100/748 3706/2097/746
f 3710/2101/749 3707/2102/747 3708/2099/747
f 3712/2103/750 3709/2104/749 3710/2101/749
f 3714/2105/751 3711/2106/750 3712/2103/750
f 3716/2107/752 3713/2108/751 3714/2105/751
f 3718/2109/753 3715/2110/752 3716/2107/752
f 3720/2111/754 3717/2112/753 3718/2109/753
f 3722/2113/755 3719/2114/754 3720/2111/754
f 3724/2115/756 3721/2116/755 3722/2113/755
f 3726/2117/757 3723/2118/756 3724/2115/756
f 3728/2119/758 3725/2120/757 3726/2117/757
f 3730/2121/759 3727/2122/758 3728/2119/758
f 3732/2123/760 3729/2124/759 3730/2121/759
f 3734/2125/761 3731/2126/760 3732/2123/760
f 3736/2127/762 3733/2128/761 3734/2125/761
f 3738/2129/763 3735/2130/762 3736/2127/762
f 3740/2131/764 3737/2132/763 3738/2129/763
f 3742/2133/765 3739/2134/764 3740/2131/764
f 3744/2135/766 3741/2136/765 3742/2133/765
f 3746/2137/767 3743/2138/766 3744/2135/766
f 3748/2139/768 3745/2140/767 3746/2137/767
f 3750/2141/769 3747/2142/768 3748/2139/768
f 3752/2143/770 3749/2144/769 3750/2141/769
f 3754/2145/771 3751/2146/770 3752/2143/770
f 3756/2147/772 3753/2148/771 3754/2145/771
f 3758/2149/773 3755/2150/772 3756/2147/772
f 3760/2151/774 3757/2152/773 3758/2149/773
f 3762/2153/775 3759/2154/776 3760/2151/774
f 3764/2155/777 3761/2156/775 3762/2153/775
f 3766/2157/778 3763/2158/777 3764/2155/777
f 3768/2159/779 3765/2160/778 3766/2157/778
f 3770/2161/780 3767/2162/779 3768/2159/779
f 3772/2163/781 3769/2164/780 3770/2161/780
f 3774/2165/782 3771/2166/781 3772/2163/781
f 3776/2167/783 3773/2168/782 3774/2165/782
f 3778/2169/784 3775/2170/783 3776/2167/783
f 3780/2171/785 3777/2172/784 3778/2169/784
f 3782/2173/786 3779/2174/785 3780/2171/785
f 3784/2175/787 3781/2176/786 3782/2173/786
f 3786/2177/788 3783/2178/787 3784/2175/787
f 3788/2179/789 3785/2180/788 3786/2177/788
f 3790/2181/790 3787/2182/789 3788/2179/789
f 3792/2183/791 3789/2184/790 3790/2181/790
f 3794/2185/792 3791/2186/791 3792/2183/791
f 3796/2187/793 3793/2188/792 3794/2185/792
f 3798/2189/794 3795/2190/793 3796/2187/793
f 3556/2191/667 3797/2192/794 3798/2189/794
f 3802/2193/795 3799/1684/796 3800/1951/796
f 3804/2194/797 3801/2195/795 3802/2193/795
f 3806/2196/798 3803/2197/797 3804/2194/797
f 3808/2198/799 3805/2199/798 3806/2196/798
f 3810/2200/800 3807/2201/799 3808/2198/799
f 3812/2202/801 3809/2203/800 3810/2200/800
f 3814/2204/802 3811/2205/801 3812/2202/801
f 3816/2206/803 3813/2207/802 3814/2204/802
f 3818/2208/804 3815/2209/803 3816/2206/803
f 3820/2210/805 3817/2211/804 3818/2208/804
f 3822/2212/806 3819/2213/805 3820/2210/805
f 3824/2214/807 3821/2215/806 3822/2212/806
f 3826/2216/808 3823/2217/807 3824/2214/807
f 3828/2218/809 3825/2219/808 3826/2216/808
f 3830/2220/810 3827/2221/809 3828/2218/809
f 3832/2222/811 3829/2223/810 3830/2220/810
f 3834/2224/812 3831/2225/811 3832/2222/811
f 3836/2226/813 3833/2227/812 3834/2224/812
f 3838/2228/814 3835/2229/813 3836/2226/813
f 3840/2230/815 3837/2231/814 3838/2228/814
f 3842/2232/816 3839/2233/815 3840/2230/815
f 3844/2234/817 3841/2235/816 3842/2232/816
f 3846/2236/818 3843/2237/817 3844/2234/817
f 3848/2238/819 3845/2239/818 3846/2236/818
f 3850/2240/819 3847/2241/819 3848/2238/819
f 3852/2242/820 3849/2243/819 3850/2240/819
f 3854/2244/821 3851/2245/820 3852/2242/820
f 3856/2246/822 3853/2247/821 3854/2244/821
f 3800/2191/796 3855/2248/822 3856/2246/822
f 3860/2249/823 3857/1684/824 3858/1951/824
f 3862/2250/825 3859/2251/823 3860/2249/823
f 3864/2252/826 3861/2253/825 3862/2250/825
f 3866/2254/827 3863/2255/826 3864/2252/826
f 3868/2256/828 3865/2257/827 3866/2254/827
f 3870/2258/829 3867/2259/828 3868/2256/828
f 3872/2260/830 3869/2261/829 3870/2258/829
f 3874/2262/831 3871/2263/830 3872/2260/830
f 3876/2264/832 3873/2265/831 3874/2262/831
f 3878/2266/833 3875/2267/832 3876/2264/832
f 3880/2268/834 3877/2269/833 3878/2266/833
f 3882/2270/835 3879/2271/834 3880/2268/834
f 3884/2272/836 3881/2273/835 3882/2270/835
f 3886/2274/837 3883/2275/836 3884/2272/836
f 3888/2276/838 3885/2277/837 3886/2274/837
f 3890/2278/839 3887/2279/838 3888/2276/838
f 3892/2280/840 3889/2281/839 3890/2278/839
f 3894/2282/841 3891/2283/840 3892/2280/840
f 3896/2284/842 3893/2285/841 3894/2282/841
f 3898/2286/843 3895/2287/842 3896/2284/842
f 3900/2288/844 3897/2289/843 3898/2286/843
f 3902/2290/845 3899/2291/844 3900/2288/844
f 3904/2292/846 3901/2293/845 3902/2290/845
f 3906/2294/847 3903/2295/846 3904/2292/846
f 3908/2296/819 3905/2297/847 3906/2294/847
f 3910/2298/848 3907/2299/819 3908/2296/819
f 3858/2191/824 3909/2300/848 3910/2298/848
f 3914/2301/849 3911/1684/849 3912/1951/849
f 3916/2302/850 3913/2303/849 3914/2301/849
f 3918/2304/850 3915/2305/850 3916/2302/850
f 3920/2070/851 3917/2306/852 3918/2304/850
f 3922/2307/853 3919/1793/851 3920/2070/851
f 3924/2308/854 3921/2309/853 3922/2307/853
f 3926/2310/855 3923/2311/854 3924/2308/854
f 3912/2191/849 3925/2312/856 3926/2310/855
f 3930/2264/857 3927/1684/858 3928/1951/858
f 3932/2282/859 3929/2267/857 3930/2264/857
f 3928/2191/858 3931/2285/859 3932/2282/859
f 3936/2313/860 3933/1684/861 3934/1951/861
f 3938/2314/862 3935/2315/860 3936/2313/860
f 3940/2316/863 3937/2317/862 3938/2314/862
f 3942/2318/864 3939/2319/863 3940/2316/863
f 3944/2320/865 3941/2321/866 3942/2318/864
f 3946/2322/867 3943/2323/865 3944/2320/865
f 3948/2324/868 3945/2325/867 3946/2322/867
f 3950/2326/869 3947/2327/868 3948/2324/868
f 3952/2328/870 3949/2329/869 3950/2326/869
f 3954/2330/871 3951/2331/870 3952/2328/870
f 3956/2332/872 3953/2333/871 3954/2330/871
f 3958/2334/873 3955/2335/872 3956/2332/872
f 3960/2336/874 3957/2337/873 3958/2334/873
f 3962/2338/875 3959/2339/874 3960/2336/874
f 3964/2340/876 3961/2341/875 3962/2338/875
f 3966/2342/877 3963/2343/876 3964/2340/876
f 3968/2344/878 3965/2345/877 3966/2342/877
f 3970/2346/879 3967/2347/878 3968/2344/878
f 3972/2348/880 3969/2349/879 3970/2346/879
f 3974/2350/881 3971/2351/880 3972/2348/880
f 3976/2352/882 3973/2353/881 3974/2350/881
f 3978/2354/883 3975/2355/882 3976/2352/882
f 3980/2356/884 3977/2357/883 3978/2354/883
f 3982/2358/885 3979/2359/884 3980/2356/884
f 3984/2360/886 3981/2361/885 3982/2358/885
f 3986/2362/887 3983/2363/886 3984/2360/886
f 3988/2364/888 3985/2365/887 3986/2362/887
f 3990/2366/889 3987/2367/888 3988/2364/888
f 3992/2368/890 3989/2369/889 3990/2366/889
f 3994/2370/891 3991/2371/890 3992/2368/890
f 3996/2372/892 3993/2373/891 3994/2370/891
f 3998/2374/893 3995/2375/892 3996/2372/892
f 4000/2376/894 3997/2377/893 3998/2374/893
f 4002/2378/895 3999/2379/896 4000/2376/894
f 4004/2380/897 4001/2381/895 4002/2378/895
f 4006/2382/898 4003/2383/897 4004/2380/897
f 4008/2384/899 4005/2385/898 4006/2382/898
f 4010/2386/900 4007/2387/899 4008/2384/899
f 4012/2388/901 4009/2389/900 4010/2386/900
f 4014/2390/902 4011/2391/901 4012/2388/901
f 4016/2392/903 4013/2393/902 4014/2390/902
f 4018/2394/904 4015/2395/903 4016/2392/903
f 4020/2396/905 4017/2397/904 4018/2394/904
f 4022/2398/906 4019/2399/905 4020/2396/905
f 4024/2400/907 4021/2401/906 4022/2398/906
f 4026/2402/908 4023/2403/907 4024/2400/907
f 4028/2404/909 4025/2405/908 4026/2402/908
f 4030/2406/910 4027/2407/911 4028/2404/909
f 4032/2070/912 4029/2408/910 4030/2406/910
f 4034/2409/913 4031/1793/912 4032/2070/912
f 4036/2410/914 4033/2411/913 4034/2409/913
f 4038/2412/915 4035/2413/914 4036/2410/914
f 4040/2414/916 4037/2415/915 4038/2412/915
f 4042/2416/917 4039/2417/916 4040/2414/916
f 4044/2418/918 4041/2419/917 4042/2416/917
f 4046/2420/919 4043/2421/918 4044/2418/918
f 4048/2422/920 4045/2423/919 4046/2420/919
f 4050/2424/921 4047/2425/920 4048/2422/920
f 4052/2426/922 4049/2427/921 4050/2424/921
f 4054/2428/923 4051/2429/922 4052/2426/922
f 4056/2430/924 4053/2431/923 4054/2428/923
f 4058/2432/925 4055/2433/924 4056/2430/924
f 4060/2434/926 4057/2435/925 4058/2432/925
f 4062/2436/927 4059/2437/926 4060/2434/926
f 4064/2438/928 4061/2439/927 4062/2436/927
f 4066/2440/929 4063/2441/928 4064/2438/928
f 4068/2442/930 4065/2443/929 4066/2440/929
f 4070/2444/931 4067/2445/930 4068/2442/930
f 4072/2446/932 4069/2447/931 4070/2444/931
f 4074/2448/933 4071/2449/932 4072/2446/932
f 4076/2450/934 4073/2451/933 4074/2448/933
f 4078/2452/935 4075/2453/934 4076/2450/934
f 4080/2454/936 4077/2455/935 4078/2452/935
f 4082/2456/937 4079/2457/936 4080/2454/936
f 4084/2458/938 4081/2459/937 4082/2456/937
f 4086/2460/939 4083/2461/938 4084/2458/938
f 4088/2462/940 4085/2463/939 4086/2460/939
f 4090/2464/941 4087/2465/940 4088/2462/940
f 4092/2466/942 4089/2467/941 4090/2464/941
f 4094/2468/943 4091/2469/942 4092/2466/942
f 4096/2470/944 4093/2471/943 4094/2468/943
f 4098/2472/945 4095/2473/944 4096/2470/944
f 4100/2474/946 4097/2475/945 4098/2472/945
f 4102/2476/947 4099/2477/946 4100/2474/946
f 4104/2478/948 4101/2479/947 4102/2476/947
f 4106/2480/949 4103/2481/948 4104/2478/948
f 4108/2482/950 4105/2483/949 4106/2480/949
f 4110/2484/951 4107/2485/950 4108/2482/950
f 4112/2486/952 4109/2487/951 4110/2484/951
f 4114/2488/953 4111/2489/952 4112/2486/952
f 4116/2490/954 4113/2491/953 4114/2488/953
f 4118/2492/955 4115/2493/954 4116/2490/954
f 4120/2494/956 4117/2495/957 4118/2492/955
f 4122/2496/958 4119/2497/956 4120/2494/956
f 4124/2498/959 4121/2499/958 4122/2496/958
f 4126/2500/960 4123/2501/959 4124/2498/959
f 4128/2502/961 4125/2503/960 4126/2500/960
f 3934/2191/861 4127/2504/961 4128/2502/961
f 4132/2505/848 4129/1684/819 4130/1951/819
f 4134/2506/848 4131/2507/848 4132/2505/848
f 4136/2302/819 4133/2508/848 4134/2506/848
f 4138/2264/819 4135/2305/819 4136/2302/819
f 4140/2509/848 4137/2267/819 4138/2264/819
f 4142/2070/848 4139/2510/848 4140/2509/848
f 4144/2511/819 4141/1793/848 4142/2070/848
f 4146/2282/820 4143/2512/819 4144/2511/819
f 4148/2308/821 4145/2285/820 4146/2282/820
f 4150/2513/848 4147/2311/821 4148/2308/821
f 4152/2514/819 4149/2515/848 4150/2513/848
f 4130/2191/819 4151/2516/819 4152/2514/819
f 3558/1950/666 3557/1953/666 3555/1684/667
f 3560/1952/668 3559/1955/668 3557/1953/666
f 3562/1954/669 3561/1957/669 3559/1955/668
f 3564/1956/670 3563/1959/670 3561/1957/669
f 3566/1958/671 3565/1961/671 3563/1959/670
f 3568/1960/672 3567/1963/672 3565/1961/671
f 3570/1962/673 3569/1965/673 3567/1963/672
f 3572/1964/674 3571/1967/674 3569/1965/673
f 3574/1966/675 3573/1969/675 3571/1967/674
f 3576/1968/676 3575/1971/676 3573/1969/675
f 3578/1970/677 3577/1973/677 3575/1971/676
f 3580/1972/678 3579/1975/678 3577/1973/677
f 3582/1974/679 3581/1977/679 3579/1975/678
f 3584/1976/680 3583/1979/680 3581/1977/679
f 3586/1978/681 3585/1981/681 3583/1979/680
f 3588/1980/682 3587/1983/682 3585/1981/681
f 3590/1982/683 3589/1985/683 3587/1983/682
f 3592/1984/684 3591/1987/684 3589/1985/683
f 3594/1986/685 3593/1989/685 3591/1987/684
f 3596/1988/686 3595/1991/686 3593/1989/685
f 3598/1990/687 3597/1993/687 3595/1991/686
f 3600/1992/688 3599/1995/688 3597/1993/687
f 3602/1994/689 3601/1997/689 3599/1995/688
f 3604/1996/690 3603/1999/690 3601/1997/689
f 3606/1998/691 3605/2001/693 3603/1999/690
f 3608/2000/692 3607/2003/695 3605/2001/693
f 3610/2002/694 3609/2005/694 3607/2003/695
f 3612/2004/696 3611/2007/696 3609/2005/694
f 3614/2006/697 3613/2009/697 3611/2007/696
f 3616/2008/698 3615/2011/698 3613/2009/697
f 3618/2010/699 3617/2013/701 3615/2011/698
f 3620/2012/700 3619/2015/700 3617/2013/701
f 3622/2014/702 3621/2017/702 3619/2015/700
f 3624/2016/703 3623/2019/703 3621/2017/702
f 3626/2018/704 3625/2021/704 3623/2019/703
f 3628/2020/705 3627/2023/705 3625/2021/704
f 3630/2022/706 3629/2025/706 3627/2023/705
f 3632/2024/707 3631/2027/707 3629/2025/706
f 3634/2026/708 3633/2029/708 3631/2027/707
f 3636/2028/709 3635/2031/709 3633/2029/708
f 3638/2030/710 3637/2033/710 3635/2031/709
f 3640/2032/711 3639/2035/711 3637/2033/710
f 3642/2034/712 3641/2037/712 3639/2035/711
f 3644/2036/713 3643/2039/713 3641/2037/712
f 3646/2038/714 3645/2041/714 3643/2039/713
f 3648/2040/715 3647/2043/715 3645/2041/714
f 3650/2042/716 3649/2045/716 3647/2043/715
f 3652/2044/717 3651/2047/717 3649/2045/716
f 3654/2046/718 3653/2049/718 3651/2047/717
f 3656/2048/719 3655/2051/719 3653/2049/718
f 3658/2050/720 3657/2053/720 3655/2051/719
f 3660/2052/721 3659/2055/721 3657/2053/720
f 3662/2054/722 3661/2057/722 3659/2055/721
f 3664/2056/723 3663/2059/723 3661/2057/722
f 3666/2058/724 3665/2061/724 3663/2059/723
f 3668/2060/725 3667/2063/725 3665/2061/724
f 3670/2062/726 3669/2065/726 3667/2063/725
f 3672/2064/727 3671/2067/727 3669/2065/726
f 3674/2066/728 3673/2069/728 3671/2067/727
f 3676/2068/729 3675/2071/731 3673/2069/728
f 3678/2070/730 3677/1793/730 3675/2071/731
f 3680/2072/732 3679/2074/732 3677/1793/730
f 3682/2073/733 3681/2076/735 3679/2074/732
f 3684/2075/734 3683/2078/734 3681/2076/735
f 3686/2077/736 3685/2080/736 3683/2078/734
f 3688/2079/737 3687/2082/737 3685/2080/736
f 3690/2081/738 3689/2084/738 3687/2082/737
f 3692/2083/739 3691/2086/739 3689/2084/738
f 3694/2085/740 3693/2088/740 3691/2086/739
f 3696/2087/741 3695/2090/741 3693/2088/740
f 3698/2089/742 3697/2092/742 3695/2090/741
f 3700/2091/743 3699/2094/743 3697/2092/742
f 3702/2093/744 3701/2096/744 3699/2094/743
f 3704/2095/745 3703/2098/745 3701/2096/744
f 3706/2097/746 3705/2100/748 3703/2098/745
f 3708/2099/747 3707/2102/747 3705/2100/748
f 3710/2101/749 3709/2104/749 3707/2102/747
f 3712/2103/750 3711/2106/750 3709/2104/749
f 3714/2105/751 3713/2108/751 3711/2106/750
f 3716/2107/752 3715/2110/752 3713/2108/751
f 3718/2109/753 3717/2112/753 3715/2110/752
f 3720/2111/754 3719/2114/754 3717/2112/753
f 3722/2113/755 3721/2116/755 3719/2114/754
f 3724/2115/756 3723/2118/756 3721/2116/755
f 3726/2117/757 3725/2120/757 3723/2118/756
f 3728/2119/758 3727/2122/758 3725/2120/757
f 3730/2121/759 3729/2124/759 3727/2122/758
f 3732/2123/760 3731/2126/760 3729/2124/759
f 3734/2125/761 3733/2128/761 3731/2126/760
f 3736/2127/762 3735/2130/762 3733/2128/761
f 3738/2129/763 3737/2132/763 3735/2130/762
f 3740/2131/764 3739/2134/764 3737/2132/763
f 3742/2133/765 3741/2136/765 3739/2134/764
f 3744/2135/766 3743/2138/766 3741/2136/765
f 3746/2137/767 3745/2140/767 3743/2138/766
f 3748/2139/768 3747/2142/768 3745/2140/767
f 3750/2141/769 3749/2144/769 3747/2142/768
f 3752/2143/770 3751/2146/770 3749/2144/769
f 3754/2145/771 3753/2148/771 3751/2146/770
f 3756/2147/772 3755/2150/772 3753/2148/771
f 3758/2149/773 3757/2152/773 3755/2150/772
f 3760/2151/774 3759/2154/776 3757/2152/773
f 3762/2153/775 3761/2156/775 3759/2154/776
f 3764/2155/777 3763/2158/777 3761/2156/775
f 3766/2157/778 3765/2160/778 3763/2158/777
f 3768/2159/779 3767/2162/779 3765/2160/778
f 3770/2161/780 3769/2164/780 3767/2162/779
f 3772/2163/781 3771/2166/781 3769/2164/780
f 3774/2165/782 3773/2168/782 3771/2166/781
f 3776/2167/783 3775/2170/783 3773/2168/782
f 3778/2169/784 3777/2172/784 3775/2170/783
f 3780/2171/785 3779/2174/785 3777/2172/784
f 3782/2173/786 3781/2176/786 3779/2174/785
f 3784/2175/787 3783/2178/787 3781/2176/786
f 3786/2177/788 3785/2180/788 3783/2178/787
f 3788/2179/789 3787/2182/789 3785/2180/788
f 3790/2181/790 3789/2184/790 3787/2182/789
f 3792/2183/791 3791/2186/791 3789/2184/790
f 3794/2185/792 3793/2188/792 3791/2186/791
f 3796/2187/793 3795/2190/793 3793/2188/792
f 3798/2189/794 3797/2192/794 3795/2190/793
f 3556/2191/667 3555/1687/667 3797/2192/794
f 3802/2193/795 3801/2195/795 3799/1684/796
f 3804/2194/797 3803/2197/797 3801/2195/795
f 3806/2196/798 3805/2199/798 3803/2197/797
f 3808/2198/799 3807/2201/799 3805/2199/798
f 3810/2200/800 3809/2203/800 3807/2201/799
f 3812/2202/801 3811/2205/801 3809/2203/800
f 3814/2204/802 3813/2207/802 3811/2205/801
f 3816/2206/803 3815/2209/803 3813/2207/802
f 3818/2208/804 3817/2211/804 3815/2209/803
f 3820/2210/805 3819/2213/805 3817/2211/804
f 3822/2212/806 3821/2215/806 3819/2213/805
f 3824/2214/807 3823/2217/807 3821/2215/806
f 3826/2216/808 3825/2219/808 3823/2217/807
f 3828/2218/809 3827/2221/809 3825/2219/808
f 3830/2220/810 3829/2223/810 3827/2221/809
f 3832/2222/811 3831/2225/811 3829/2223/810
f 3834/2224/812 3833/2227/812 3831/2225/811
f 3836/2226/813 3835/2229/813 3833/2227/812
f 3838/2228/814 3837/2231/814 3835/2229/813
f 3840/2230/815 3839/2233/815 3837/2231/814
f 3842/2232/816 3841/2235/816 3839/2233/815
f 3844/2234/817 3843/2237/817 3841/2235/816
f 3846/2236/818 3845/2239/818 3843/2237/817
f 3848/2238/819 3847/2241/819 3845/2239/818
f 3850/2240/819 3849/2243/819 3847/2241/819
f 3852/2242/820 3851/2245/820 3849/2243/819
f 3854/2244/821 3853/2247/821 3851/2245/820
f 3856/2246/822 3855/2248/822 3853/2247/821
f 3800/2191/796 3799/1687/796 3855/2248/822
f 3860/2249/823 3859/2251/823 3857/1684/824
f 3862/2250/825 3861/2253/825 3859/2251/823
f 3864/2252/826 3863/2255/826 3861/2253/825
f 3866/2254/827 3865/2257/827 3863/2255/826
f 3868/2256/828 3867/2259/828 3865/2257/827
f 3870/2258/829 3869/2261/829 3867/2259/828
f 3872/2260/830 3871/2263/830 3869/2261/829
f 3874/2262/831 3873/2265/831 3871/2263/830
f 3876/2264/832 3875/2267/832 3873/2265/831
f 3878/2266/833 3877/2269/833 3875/2267/832
f 3880/2268/834 3879/2271/834 3877/2269/833
f 3882/2270/835 3881/2273/835 3879/2271/834
f 3884/2272/836 3883/2275/836 3881/2273/835
f 3886/2274/837 3885/2277/837 3883/2275/836
f 3888/2276/838 3887/2279/838 3885/2277/837
f 3890/2278/839 3889/2281/839 3887/2279/838
f 3892/2280/840 3891/2283/840 3889/2281/839
f 3894/2282/841 3893/2285/841 3891/2283/840
f 3896/2284/842 3895/2287/842 3893/2285/841
f 3898/2286/843 3897/2289/843 3895/2287/842
f 3900/2288/844 3899/2291/844 3897/2289/843
f 3902/2290/845 3901/2293/845 3899/2291/844
f 3904/2292/846 3903/2295/846 3901/2293/845
f 3906/2294/847 3905/2297/847 3903/2295/846
f 3908/2296/819 3907/2299/819 3905/2297/847
f 3910/2298/848 3909/2300/848 3907/2299/819
f 3858/2191/824 3857/1687/824 3909/2300/848
f 3914/2301/849 3913/2303/849 3911/1684/849
f 3916/2302/850 3915/2305/850 3913/2303/849
f 3918/2304/850 3917/2306/852 3915/2305/850
f 3920/2070/851 3919/1793/851 3917/2306/852
f 3922/2307/853 3921/2309/853 3919/1793/851
f 3924/2308/854 3923/2311/854 3921/2309/853
f 3926/2310/855 3925/2312/856 3923/2311/854
f 3912/2191/849 3911/1687/849 3925/2312/856
f 3930/2264/857 3929/2267/857 3927/1684/858
f 3932/2282/859 3931/2285/859 3929/2267/857
f 3928/2191/858 3927/1687/858 3931/2285/859
f 3936/2313/860 3935/2315/860 3933/1684/861
f 3938/2314/862 3937/2317/862 3935/2315/860
f 3940/2316/863 3939/2319/863 3937/2317/862
f 3942/2318/864 3941/2321/866 3939/2319/863
f 3944/2320/865 3943/2323/865 3941/2321/866
f 3946/2322/867 3945/2325/867 3943/2323/865
f 3948/2324/868 3947/2327/868 3945/2325/867
f 3950/2326/869 3949/2329/869 3947/2327/868
f 3952/2328/870 3951/2331/870 3949/2329/869
f 3954/2330/871 3953/2333/871 3951/2331/870
f 3956/2332/872 3955/2335/872 3953/2333/871
f 3958/2334/873 3957/2337/873 3955/2335/872
f 3960/2336/874 3959/2339/874 3957/2337/873
f 3962/2338/875 3961/2341/875 3959/2339/874
f 3964/2340/876 3963/2343/876 3961/2341/875
f 3966/2342/877 3965/2345/877 3963/2343/876
f 3968/2344/878 3967/2347/878 3965/2345/877
f 3970/2346/879 3969/2349/879 3967/2347/878
f 3972/2348/880 3971/2351/880 3969/2349/879
f 3974/2350/881 3973/2353/881 3971/2351/880
f 3976/2352/882 3975/2355/882 3973/2353/881
f 3978/2354/883 3977/2357/883 3975/2355/882
f 3980/2356/884 3979/2359/884 3977/2357/883
f 3982/2358/885 3981/2361/885 3979/2359/884
f 3984/2360/886 3983/2363/886 3981/2361/885
f 3986/2362/887 3985/2365/887 3983/2363/886
f 3988/2364/888 3987/2367/888 3985/2365/887
f 3990/2366/889 3989/2369/889 3987/2367/888
f 3992/2368/890 3991/2371/890 3989/2369/889
f 3994/2370/891 3993/2373/891 3991/2371/890
f 3996/2372/892 3995/2375/892 3993/2373/891
f 3998/2374/893 3997/2377/893 3995/2375/892
f 4000/2376/894 3999/2379/896 3997/2377/893
f 4002/2378/895 4001/2381/895 3999/2379/896
f 4004/2380/897 4003/2383/897 4001/2381/895
f 4006/2382/898 4005/2385/898 4003/2383/897
f 4008/2384/899 4007/2387/899 4005/2385/898
f 4010/2386/900 4009/2389/900 4007/2387/899
f 4012/2388/901 4011/2391/901 4009/2389/900
f 4014/2390/902 4013/2393/902 4011/2391/901
f 4016/2392/903 4015/2395/903 4013/2393/902
f 4018/2394/904 4017/2397/904 4015/2395/903
f 4020/2396/905 4019/2399/905 4017/2397/904
f 4022/2398/906 4021/2401/906 4019/2399/905
f 4024/2400/907 4023/2403/907 4021/2401/906
f 4026/2402/908 4025/2405/908 4023/2403/907
f 4028/2404/909 4027/2407/911 4025/2405/908
f 4030/2406/910 4029/2408/910 4027/2407/911
f 4032/2070/912 4031/1793/912 4029/2408/910
f 4034/2409/913 4033/2411/913 4031/1793/912
f 4036/2410/914 4035/2413/914 4033/2411/913
f 4038/2412/915 4037/2415/915 4035/2413/914
f 4040/2414/916 4039/2417/916 4037/2415/915
f 4042/2416/917 4041/2419/917 4039/2417/916
f 4044/2418/918 4043/2421/918 4041/2419/917
f 4046/2420/919 4045/2423/919 4043/2421/918
f 4048/2422/920 4047/2425/920 4045/2423/919
f 4050/2424/921 4049/2427/921 4047/2425/920
f 4052/2426/922 4051/2429/922 4049/2427/921
f 4054/2428/923 4053/2431/923 4051/2429/922
f 4056/2430/924 4055/2433/924 4053/2431/923
f 4058/2432/925 4057/2435/925 4055/2433/924
f 4060/2434/926 4059/2437/926 4057/2435/925
f 4062/2436/927 4061/2439/927 4059/2437/926
f 4064/2438/928 4063/2441/928 4061/2439/927
f 4066/2440/929 4065/2443/929 4063/2441/928
f 4068/2442/930 4067/2445/930 4065/2443/929
f 4070/2444/931 4069/2447/931 4067/2445/930
f 4072/2446/932 4071/2449/932 4069/2447/931
f 4074/2448/933 4073/2451/933 4071/2449/932
f 4076/2450/934 4075/2453/934 4073/2451/933
f 4078/2452/935 4077/2455/935 4075/2453/934
f 4080/2454/936 4079/2457/936 4077/2455/935
f 4082/2456/937 4081/2459/937 4079/2457/936
f 4084/2458/938 4083/2461/938 4081/2459/937
f 4086/2460/939 4085/2463/939 4083/2461/938
f 4088/2462/940 4087/2465/940 4085/2463/939
f 4090/2464/941 4089/2467/941 4087/2465/940
f 4092/2466/942 4091/2469/942 4089/2467/941
f 4094/2468/943 4093/2471/943 4091/2469/942
f 4096/2470/944 4095/2473/944 4093/2471/943
f 4098/2472/945 4097/2475/945 4095/2473/944
f 4100/2474/946 4099/2477/946 4097/2475/945
f 4102/2476/947 4101/2479/947 4099/2477/946
f 4104/2478/948 4103/2481/948 4101/2479/947
f 4106/2480/949 4105/2483/949 4103/2481/948
f 4108/2482/950 4107/2485/950 4105/2483/949
f 4110/2484/951 4109/2487/951 4107/2485/950
f 4112/2486/952 4111/2489/952 4109/2487/951
f 4114/2488/953 4113/2491/953 4111/2489/952
f 4116/2490/954 4115/2493/954 4113/2491/953
f 4118/2492/955 4117/2495/957 4115/2493/954
f 4120/2494/956 4119/2497/956 4117/2495/957
f 4122/2496/958 4121/2499/958 4119/2497/956
f 4124/2498/959 4123/2501/959 4121/2499/958
f 4126/2500/960 4125/2503/960 4123/2501/959
f 4128/2502/961 4127/2504/961 4125/2503/960
f 3934/2191/861 3933/1687/861 4127/2504/961
f 4132/2505/848 4131/2507/848 4129/1684/819
f 4134/2506/848 4133/2508/848 4131/2507/848
f 4136/2302/819 4135/2305/819 4133/2508/848
f 4138/2264/819 4137/2267/819 4135/2305/819
f 4140/2509/848 4139/2510/848 4137/2267/819
f 4142/2070/848 4141/1793/848 4139/2510/848
f 4144/2511/819 4143/2512/819 4141/1793/848
f 4146/2282/820 4145/2285/820 4143/2512/819
f 4148/2308/821 4147/2311/821 4145/2285/820
f 4150/2513/848 4149/2515/848 4147/2311/821
f 4152/2514/819 4151/2516/819 4149/2515/848
f 4130/2191/819 4129/1687/819 4151/2516/819
o テキスト.001
v -2.242500 0.400000 -4.400972
v -2.242500 0.400000 -4.915972
v -2.940000 0.400000 -4.915972
v -2.940000 0.400000 -5.135972
v -2.242500 0.400000 -5.135972
v -2.242500 0.400000 -5.665972
v -2.987500 0.400000 -5.665972
v -2.987500 0.400000 -5.885972
v -1.997500 0.400000 -5.885972
v -1.997500 0.400000 -4.180972
v -2.965000 0.400000 -4.180972
v -2.965000 0.400000 -4.400972
v -1.785000 0.400000 -5.665972
v -1.785000 0.400000 -5.885972
v -0.770000 0.400000 -5.885972
v -0.770000 0.400000 -4.180972
v -1.015000 0.400000 -4.180972
v -1.015000 0.400000 -5.665972
v 0.047500 0.400000 -4.400972
v 0.047500 0.400000 -5.885972
v 0.292500 0.400000 -5.885972
v 0.292500 0.400000 -4.400972
v 0.882500 0.400000 -4.400972
v 0.882500 0.400000 -4.180972
v -0.542500 0.400000 -4.180972
v -0.542500 0.400000 -4.400972
v 1.360000 0.400000 -5.885972
v 1.360000 0.400000 -4.180972
v 1.115000 0.400000 -4.180972
v 1.115000 0.400000 -5.885972
v 2.182500 0.400000 -4.400972
v 2.182500 0.400000 -5.885972
v 2.427500 0.400000 -5.885972
v 2.427500 0.400000 -4.400972
v 3.017500 0.400000 -4.400972
v 3.017500 0.400000 -4.180972
v 1.592500 0.400000 -4.180972
v 1.592500 0.400000 -4.400972
v -2.242500 -0.400000 -4.400972
v -2.242500 -0.400000 -4.915972
v -2.940000 -0.400000 -4.915972
v -2.940000 -0.400000 -5.135972
v -2.242500 -0.400000 -5.135972
v -2.242500 -0.400000 -5.665972
v -2.987500 -0.400000 -5.665972
v -2.987500 -0.400000 -5.885972
v -1.997500 -0.400000 -5.885972
v -1.997500 -0.400000 -4.180972
v -2.965000 -0.400000 -4.180972
v -2.965000 -0.400000 -4.400972
v -1.785000 -0.400000 -5.665972
v -1.785000 -0.400000 -5.885972
v -0.770000 -0.400000 -5.885972
v -0.770000 -0.400000 -4.180972
v -1.015000 -0.400000 -4.180972
v -1.015000 -0.400000 -5.665972
v 0.047500 -0.400000 -4.400972
v 0.047500 -0.400000 -5.885972
v 0.292500 -0.400000 -5.885972
v 0.292500 -0.400000 -4.400972
v 0.882500 -0.400000 -4.400972
v 0.882500 -0.400000 -4.180972
v -0.542500 -0.400000 -4.180972
v -0.542500 -0.400000 -4.400972
v 1.360000 -0.400000 -5.885972
v 1.360000 -0.400000 -4.180972
v 1.115000 -0.400000 -4.180972
v 1.115000 -0.400000 -5.885972
v 2.182500 -0.400000 -4.400972
v 2.182500 -0.400000 -5.885972
v 2.427500 -0.400000 -5.885972
v 2.427500 -0.400000 -4.400972
v 3.017500 -0.400000 -4.400972
v 3.017500 -0.400000 -4.180972
v 1.592500 -0.400000 -4.180972
v 1.592500 -0.400000 -4.400972
v 2.182500 -0.400000 -4.400972
v 2.182500 0.400000 -4.400972
v 2.182500 -0.400000 -5.885972
v 2.182500 0.400000 -5.885972
v 2.427500 -0.400000 -5.885972
v 2.427500 0.400000 -5.885972
v 2.427500 -0.400000 -4.400972
v 2.427500 0.400000 -4.400972
v 3.017500 -0.400000 -4.400972
v 3.017500 0.400000 -4.400972
v 3.017500 -0.400000 -4.180972
v 3.017500 0.400000 -4.180972
v 1.592500 -0.400000 -4.180972
v 1.592500 0.400000 -4.180972
v 1.592500 -0.400000 -4.400972
v 1.592500 0.400000 -4.400972
v 1.360000 -0.400000 -5.885972
v 1.360000 0.400000 -5.885972
v 1.360000 -0.400000 -4.180972
v 1.360000 0.400000 -4.180972
v 1.115000 -0.400000 -4.180972
v 1.115000 0.400000 -4.180972
v 1.115000 -0.400000 -5.885972
v 1.115000 0.400000 -5.885972
v 0.047500 -0.400000 -4.400972
v 0.047500 0.400000 -4.400972
v 0.047500 -0.400000 -5.885972
v 0.047500 0.400000 -5.885972
v 0.292500 -0.400000 -5.885972
v 0.292500 0.400000 -5.885972
v 0.292500 -0.400000 -4.400972
v 0.292500 0.400000 -4.400972
v 0.882500 -0.400000 -4.400972
v 0.882500 0.400000 -4.400972
v 0.882500 -0.400000 -4.180972
v 0.882500 0.400000 -4.180972
v -0.542500 -0.400000 -4.180972
v -0.542500 0.400000 -4.180972
v -0.542500 -0.400000 -4.400972
v -0.542500 0.400000 -4.400972
v -1.785000 -0.400000 -5.665972
v -1.785000 0.400000 -5.665972
v -1.785000 -0.400000 -5.885972
v -1.785000 0.400000 -5.885972
v -0.770000 -0.400000 -5.885972
v -0.770000 0.400000 -5.885972
v -0.770000 -0.400000 -4.180972
v -0.770000 0.400000 -4.180972
v -1.015000 -0.400000 -4.180972
v -1.015000 0.400000 -4.180972
v -1.015000 -0.400000 -5.665972
v -1.015000 0.400000 -5.665972
v -2.242500 -0.400000 -4.400972
v -2.242500 0.400000 -4.400972
v -2.242500 -0.400000 -4.915972
v -2.242500 0.400000 -4.915972
v -2.940000 -0.400000 -4.915972
v -2.940000 0.400000 -4.915972
v -2.940000 -0.400000 -5.135972
v -2.940000 0.400000 -5.135972
v -2.242500 -0.400000 -5.135972
v -2.242500 0.400000 -5.135972
v -2.242500 -0.400000 -5.665972
v -2.242500 0.400000 -5.665972
v -2.987500 -0.400000 -5.665972
v -2.987500 0.400000 -5.665972
v -2.987500 -0.400000 -5.885972
v -2.987500 0.400000 -5.885972
v -1.997500 -0.400000 -5.885972
v -1.997500 0.400000 -5.885972
v -1.997500 -0.400000 -4.180972
v -1.997500 0.400000 -4.180972
v -2.965000 -0.400000 -4.180972
v -2.965000 0.400000 -4.180972
v -2.965000 -0.400000 -4.400972
v -2.965000 0.400000 -4.400972
vn -0.0000 1.0000 -0.0000
vn -0.0000 -1.0000 -0.0000
vn -0.7071 -0.0000 -0.7071
vn 0.7071 -0.0000 -0.7071
vn 0.7071 -0.0000 0.7071
vn -0.7071 -0.0000 0.7071
vt 0.727273 0.000000
vt 0.000000 0.000000
vt 0.818182 0.000000
vt 0.909091 0.000000
vt 1.000000 0.000000
vt 0.090909 0.000000
vt 0.363636 0.000000
vt 0.181818 0.000000
vt 0.272727 0.000000
vt 0.454545 0.000000
vt 0.545455 0.000000
vt 0.636364 0.000000
vt 0.400000 0.000000
vt 0.800000 0.000000
vt 0.600000 0.000000
vt 0.200000 0.000000
vt 0.571429 0.000000
vt 0.857143 0.000000
vt 0.714286 0.000000
vt 0.428571 0.000000
vt 0.285714 0.000000
vt 0.142857 0.000000
vt 0.666667 0.000000
vt 0.333333 0.000000
vt 0.125000 1.000000
vt 0.000000 1.000000
vt 0.250000 1.000000
vt 0.125000 0.000000
vt 0.375000 1.000000
vt 0.250000 0.000000
vt 0.500000 1.000000
vt 0.375000 0.000000
vt 0.625000 1.000000
vt 0.500000 0.000000
vt 0.750000 1.000000
vt 0.625000 0.000000
vt 0.875000 1.000000
vt 0.750000 0.000000
vt 1.000000 1.000000
vt 0.875000 0.000000
vt 0.166667 1.000000
vt 0.333333 1.000000
vt 0.166667 0.000000
vt 0.666667 1.000000
vt 0.833333 1.000000
vt 0.833333 0.000000
vt 0.083333 1.000000
vt 0.083333 0.000000
vt 0.416667 1.000000
vt 0.416667 0.000000
vt 0.583333 1.000000
vt 0.583333 0.000000
vt 0.916667 1.000000
vt 0.916667 0.000000
s 0
f 4161/2517/962 4153/2518/962 4162/2519/962
f 4153/2518/962 4163/2520/962 4162/2519/962
f 4153/2518/962 4164/2521/962 4163/2520/962
f 4161/2517/962 4154/2522/962 4153/2518/962
f 4161/2517/962 4157/2523/962 4154/2522/962
f 4157/2523/962 4155/2524/962 4154/2522/962
f 4157/2523/962 4156/2525/962 4155/2524/962
f 4161/2517/962 4158/2526/962 4157/2523/962
f 4161/2517/962 4159/2527/962 4158/2526/962
f 4161/2517/962 4160/2528/962 4159/2527/962
f 4167/2529/962 4169/2530/962 4168/2531/962
f 4167/2529/962 4170/2521/962 4169/2530/962
f 4167/2529/962 4165/2518/962 4170/2521/962
f 4167/2529/962 4166/2532/962 4165/2518/962
f 4175/2533/962 4177/2534/962 4176/2535/962
f 4175/2533/962 4178/2521/962 4177/2534/962
f 4174/2536/962 4178/2521/962 4175/2533/962
f 4173/2537/962 4171/2518/962 4174/2536/962
f 4171/2518/962 4178/2521/962 4174/2536/962
f 4173/2537/962 4172/2538/962 4171/2518/962
f 4179/2518/962 4181/2539/962 4180/2540/962
f 4179/2518/962 4182/2521/962 4181/2539/962
f 4187/2533/962 4189/2534/962 4188/2535/962
f 4187/2533/962 4190/2521/962 4189/2534/962
f 4186/2536/962 4190/2521/962 4187/2533/962
f 4185/2537/962 4183/2518/962 4186/2536/962
f 4183/2518/962 4190/2521/962 4186/2536/962
f 4185/2537/962 4184/2538/962 4183/2518/962
f 4199/2517/963 4200/2519/963 4191/2518/963
f 4191/2518/963 4200/2519/963 4201/2520/963
f 4191/2518/963 4201/2520/963 4202/2521/963
f 4199/2517/963 4191/2518/963 4192/2522/963
f 4199/2517/963 4192/2522/963 4195/2523/963
f 4195/2523/963 4192/2522/963 4193/2524/963
f 4195/2523/963 4193/2524/963 4194/2525/963
f 4199/2517/963 4195/2523/963 4196/2526/963
f 4199/2517/963 4196/2526/963 4197/2527/963
f 4199/2517/963 4197/2527/963 4198/2528/963
f 4205/2529/963 4206/2531/963 4207/2530/963
f 4205/2529/963 4207/2530/963 4208/2521/963
f 4205/2529/963 4208/2521/963 4203/2518/963
f 4205/2529/963 4203/2518/963 4204/2532/963
f 4213/2533/963 4214/2535/963 4215/2534/963
f 4213/2533/963 4215/2534/963 4216/2521/963
f 4212/2536/963 4213/2533/963 4216/2521/963
f 4211/2537/963 4212/2536/963 4209/2518/963
f 4209/2518/962 4212/2536/962 4216/2521/962
f 4211/2537/963 4209/2518/963 4210/2538/963
f 4217/2518/963 4218/2540/963 4219/2539/963
f 4217/2518/963 4219/2539/963 4220/2521/963
f 4225/2533/963 4226/2535/963 4227/2534/963
f 4225/2533/963 4227/2534/963 4228/2521/963
f 4224/2536/962 4225/2533/962 4228/2521/962
f 4223/2537/963 4224/2536/963 4221/2518/963
f 4221/2518/962 4224/2536/962 4228/2521/962
f 4223/2537/963 4221/2518/963 4222/2538/963
s 1
f 4232/2541/964 4229/2518/964 4230/2542/964
f 4234/2543/965 4231/2544/964 4232/2541/964
f 4236/2545/965 4233/2546/965 4234/2543/965
f 4238/2547/965 4235/2548/965 4236/2545/965
f 4240/2549/966 4237/2550/965 4238/2547/965
f 4242/2551/967 4239/2552/966 4240/2549/966
f 4244/2553/964 4241/2554/967 4242/2551/967
f 4230/2555/964 4243/2556/964 4244/2553/964
f 4248/2543/966 4245/2518/965 4246/2542/965
f 4250/2547/967 4247/2546/966 4248/2543/966
f 4252/2551/964 4249/2550/967 4250/2547/967
f 4246/2555/965 4251/2554/964 4252/2551/964
f 4256/2541/964 4253/2518/964 4254/2542/964
f 4258/2543/965 4255/2544/964 4256/2541/964
f 4260/2545/965 4257/2546/965 4258/2543/965
f 4262/2547/965 4259/2548/965 4260/2545/965
f 4264/2549/966 4261/2550/965 4262/2547/965
f 4266/2551/967 4263/2552/966 4264/2549/966
f 4268/2553/964 4265/2554/967 4266/2551/967
f 4254/2555/964 4267/2556/964 4268/2553/964
f 4272/2557/964 4269/2518/967 4270/2542/967
f 4274/2558/965 4271/2559/964 4272/2557/964
f 4276/2547/966 4273/2540/965 4274/2558/965
f 4278/2560/967 4275/2550/966 4276/2547/966
f 4280/2561/967 4277/2539/967 4278/2560/967
f 4270/2555/967 4279/2562/967 4280/2561/967
f 4284/2563/967 4281/2518/964 4282/2542/964
f 4286/2557/967 4283/2564/967 4284/2563/967
f 4288/2543/964 4285/2559/967 4286/2557/967
f 4290/2558/964 4287/2546/964 4288/2543/964
f 4292/2565/967 4289/2540/964 4290/2558/964
f 4294/2547/967 4291/2566/967 4292/2565/967
f 4296/2567/964 4293/2550/967 4294/2547/967
f 4298/2560/965 4295/2568/964 4296/2567/964
f 4300/2551/966 4297/2539/965 4298/2560/965
f 4302/2561/967 4299/2554/966 4300/2551/966
f 4304/2569/964 4301/2562/967 4302/2561/967
f 4282/2555/964 4303/2570/964 4304/2569/964
f 4232/2541/964 4231/2544/964 4229/2518/964
f 4234/2543/965 4233/2546/965 4231/2544/964
f 4236/2545/965 4235/2548/965 4233/2546/965
f 4238/2547/965 4237/2550/965 4235/2548/965
f 4240/2549/966 4239/2552/966 4237/2550/965
f 4242/2551/967 4241/2554/967 4239/2552/966
f 4244/2553/964 4243/2556/964 4241/2554/967
f 4230/2555/964 4229/2521/964 4243/2556/964
f 4248/2543/966 4247/2546/966 4245/2518/965
f 4250/2547/967 4249/2550/967 4247/2546/966
f 4252/2551/964 4251/2554/964 4249/2550/967
f 4246/2555/965 4245/2521/965 4251/2554/964
f 4256/2541/964 4255/2544/964 4253/2518/964
f 4258/2543/965 4257/2546/965 4255/2544/964
f 4260/2545/965 4259/2548/965 4257/2546/965
f 4262/2547/965 4261/2550/965 4259/2548/965
f 4264/2549/966 4263/2552/966 4261/2550/965
f 4266/2551/967 4265/2554/967 4263/2552/966
f 4268/2553/964 4267/2556/964 4265/2554/967
f 4254/2555/964 4253/2521/964 4267/2556/964
f 4272/2557/964 4271/2559/964 4269/2518/967
f 4274/2558/965 4273/2540/965 4271/2559/964
f 4276/2547/966 4275/2550/966 4273/2540/965
f 4278/2560/967 4277/2539/967 4275/2550/966
f 4280/2561/967 4279/2562/967 4277/2539/967
f 4270/2555/967 4269/2521/967 4279/2562/967
f 4284/2563/967 4283/2564/967 4281/2518/964
f 4286/2557/967 4285/2559/967 4283/2564/967
f 4288/2543/964 4287/2546/964 4285/2559/967
f 4290/2558/964 4289/2540/964 4287/2546/964
f 4292/2565/967 4291/2566/967 4289/2540/964
f 4294/2547/967 4293/2550/967 4291/2566/967
f 4296/2567/964 4295/2568/964 4293/2550/967
f 4298/2560/965 4297/2539/965 4295/2568/964
f 4300/2551/966 4299/2554/966 4297/2539/965
f 4302/2561/967 4301/2562/967 4299/2554/966
f 4304/2569/964 4303/2570/964 4301/2562/967
f 4282/2555/964 4281/2521/964 4303/2570/964
